ISO-10303-21;
HEADER;
FILE_DESCRIPTION(('Open CASCADE Model'),'2;1');
FILE_NAME('Open CASCADE Shape Model','2026-09-12T04:05:25',('Author'),(
    'Open CASCADE'),'Open CASCADE STEP processor 7.9','build123d',
  'Unknown');
FILE_SCHEMA(('AUTOMOTIVE_DESIGN { 1 0 10303 214 1 1 1 1 }'));
ENDSEC;
DATA;
#1 = APPLICATION_PROTOCOL_DEFINITION('international standard',
  'automotive_design',2000,#2);
#2 = APPLICATION_CONTEXT(
  'core data for automotive mechanical design processes');
#3 = SHAPE_DEFINITION_REPRESENTATION(#4,#10);
#4 = PRODUCT_DEFINITION_SHAPE('','',#5);
#5 = PRODUCT_DEFINITION('design','',#6,#9);
#6 = PRODUCT_DEFINITION_FORMATION('','',#7);
#7 = PRODUCT('COMPOUND','COMPOUND','',(#8));
#8 = PRODUCT_CONTEXT('',#2,'mechanical');
#9 = PRODUCT_DEFINITION_CONTEXT('part definition',#2,'design');
#10 = ADVANCED_BREP_SHAPE_REPRESENTATION('',(#11,#15),#8961);
#11 = AXIS2_PLACEMENT_3D('',#12,#13,#14);
#12 = CARTESIAN_POINT('',(0.,0.,0.));
#13 = DIRECTION('',(0.,0.,1.));
#14 = DIRECTION('',(1.,0.,-0.));
#15 = MANIFOLD_SOLID_BREP('',#16);
#16 = CLOSED_SHELL('',(#17,#137,#213,#3437,#3486,#6173,#6180,#6207,#6234
    ,#6261,#6288,#6315,#6342,#6369,#6396,#6423,#6450,#6477,#6504,#6531,
    #6558,#6585,#6612,#6639,#6666,#6693,#6720,#6747,#6774,#6801,#6828,
    #6855,#6882,#6909,#6936,#6963,#6990,#7017,#7044,#7071,#7098,#7125,
    #7152,#7179,#7206,#7233,#7260,#7287,#7314,#7341,#7368,#7395,#7422,
    #7449,#7476,#7503,#7530,#7557,#7584,#7611,#7638,#7665,#7692,#7719,
    #7746,#7773,#7800,#7827,#7854,#7881,#7908,#7935,#7962,#7989,#8016,
    #8043,#8070,#8097,#8124,#8151,#8178,#8205,#8232,#8259,#8286,#8313,
    #8340,#8367,#8414,#8441,#8468,#8475,#8502,#8529,#8556,#8583,#8610,
    #8637,#8664,#8691,#8718,#8745,#8772,#8799,#8826,#8853,#8880,#8907,
    #8934));
#17 = ADVANCED_FACE('',(#18),#32,.F.);
#18 = FACE_BOUND('',#19,.F.);
#19 = EDGE_LOOP('',(#20,#55,#83,#111));
#20 = ORIENTED_EDGE('',*,*,#21,.F.);
#21 = EDGE_CURVE('',#22,#24,#26,.T.);
#22 = VERTEX_POINT('',#23);
#23 = CARTESIAN_POINT('',(0.,0.,0.));
#24 = VERTEX_POINT('',#25);
#25 = CARTESIAN_POINT('',(0.,0.,6.));
#26 = SURFACE_CURVE('',#27,(#31,#43),.PCURVE_S1.);
#27 = LINE('',#28,#29);
#28 = CARTESIAN_POINT('',(0.,0.,0.));
#29 = VECTOR('',#30,1.);
#30 = DIRECTION('',(0.,0.,1.));
#31 = PCURVE('',#32,#37);
#32 = PLANE('',#33);
#33 = AXIS2_PLACEMENT_3D('',#34,#35,#36);
#34 = CARTESIAN_POINT('',(0.,0.,0.));
#35 = DIRECTION('',(1.,0.,-0.));
#36 = DIRECTION('',(0.,0.,1.));
#37 = DEFINITIONAL_REPRESENTATION('',(#38),#42);
#38 = LINE('',#39,#40);
#39 = CARTESIAN_POINT('',(0.,0.));
#40 = VECTOR('',#41,1.);
#41 = DIRECTION('',(1.,0.));
#42 = ( GEOMETRIC_REPRESENTATION_CONTEXT(2) 
PARAMETRIC_REPRESENTATION_CONTEXT() REPRESENTATION_CONTEXT('2D SPACE',''
  ) );
#43 = PCURVE('',#44,#49);
#44 = PLANE('',#45);
#45 = AXIS2_PLACEMENT_3D('',#46,#47,#48);
#46 = CARTESIAN_POINT('',(0.,0.,0.));
#47 = DIRECTION('',(-0.,1.,0.));
#48 = DIRECTION('',(0.,0.,1.));
#49 = DEFINITIONAL_REPRESENTATION('',(#50),#54);
#50 = LINE('',#51,#52);
#51 = CARTESIAN_POINT('',(0.,0.));
#52 = VECTOR('',#53,1.);
#53 = DIRECTION('',(1.,0.));
#54 = ( GEOMETRIC_REPRESENTATION_CONTEXT(2) 
PARAMETRIC_REPRESENTATION_CONTEXT() REPRESENTATION_CONTEXT('2D SPACE',''
  ) );
#55 = ORIENTED_EDGE('',*,*,#56,.T.);
#56 = EDGE_CURVE('',#22,#57,#59,.T.);
#57 = VERTEX_POINT('',#58);
#58 = CARTESIAN_POINT('',(0.,130.,0.));
#59 = SURFACE_CURVE('',#60,(#64,#71),.PCURVE_S1.);
#60 = LINE('',#61,#62);
#61 = CARTESIAN_POINT('',(0.,0.,0.));
#62 = VECTOR('',#63,1.);
#63 = DIRECTION('',(-0.,1.,0.));
#64 = PCURVE('',#32,#65);
#65 = DEFINITIONAL_REPRESENTATION('',(#66),#70);
#66 = LINE('',#67,#68);
#67 = CARTESIAN_POINT('',(0.,0.));
#68 = VECTOR('',#69,1.);
#69 = DIRECTION('',(0.,-1.));
#70 = ( GEOMETRIC_REPRESENTATION_CONTEXT(2) 
PARAMETRIC_REPRESENTATION_CONTEXT() REPRESENTATION_CONTEXT('2D SPACE',''
  ) );
#71 = PCURVE('',#72,#77);
#72 = PLANE('',#73);
#73 = AXIS2_PLACEMENT_3D('',#74,#75,#76);
#74 = CARTESIAN_POINT('',(0.,0.,0.));
#75 = DIRECTION('',(0.,0.,1.));
#76 = DIRECTION('',(1.,0.,-0.));
#77 = DEFINITIONAL_REPRESENTATION('',(#78),#82);
#78 = LINE('',#79,#80);
#79 = CARTESIAN_POINT('',(0.,0.));
#80 = VECTOR('',#81,1.);
#81 = DIRECTION('',(0.,1.));
#82 = ( GEOMETRIC_REPRESENTATION_CONTEXT(2) 
PARAMETRIC_REPRESENTATION_CONTEXT() REPRESENTATION_CONTEXT('2D SPACE',''
  ) );
#83 = ORIENTED_EDGE('',*,*,#84,.T.);
#84 = EDGE_CURVE('',#57,#85,#87,.T.);
#85 = VERTEX_POINT('',#86);
#86 = CARTESIAN_POINT('',(0.,130.,6.));
#87 = SURFACE_CURVE('',#88,(#92,#99),.PCURVE_S1.);
#88 = LINE('',#89,#90);
#89 = CARTESIAN_POINT('',(0.,130.,0.));
#90 = VECTOR('',#91,1.);
#91 = DIRECTION('',(0.,0.,1.));
#92 = PCURVE('',#32,#93);
#93 = DEFINITIONAL_REPRESENTATION('',(#94),#98);
#94 = LINE('',#95,#96);
#95 = CARTESIAN_POINT('',(0.,-130.));
#96 = VECTOR('',#97,1.);
#97 = DIRECTION('',(1.,0.));
#98 = ( GEOMETRIC_REPRESENTATION_CONTEXT(2) 
PARAMETRIC_REPRESENTATION_CONTEXT() REPRESENTATION_CONTEXT('2D SPACE',''
  ) );
#99 = PCURVE('',#100,#105);
#100 = PLANE('',#101);
#101 = AXIS2_PLACEMENT_3D('',#102,#103,#104);
#102 = CARTESIAN_POINT('',(0.,130.,0.));
#103 = DIRECTION('',(-0.,1.,0.));
#104 = DIRECTION('',(0.,0.,1.));
#105 = DEFINITIONAL_REPRESENTATION('',(#106),#110);
#106 = LINE('',#107,#108);
#107 = CARTESIAN_POINT('',(0.,0.));
#108 = VECTOR('',#109,1.);
#109 = DIRECTION('',(1.,0.));
#110 = ( GEOMETRIC_REPRESENTATION_CONTEXT(2) 
PARAMETRIC_REPRESENTATION_CONTEXT() REPRESENTATION_CONTEXT('2D SPACE',''
  ) );
#111 = ORIENTED_EDGE('',*,*,#112,.F.);
#112 = EDGE_CURVE('',#24,#85,#113,.T.);
#113 = SURFACE_CURVE('',#114,(#118,#125),.PCURVE_S1.);
#114 = LINE('',#115,#116);
#115 = CARTESIAN_POINT('',(0.,0.,6.));
#116 = VECTOR('',#117,1.);
#117 = DIRECTION('',(-0.,1.,0.));
#118 = PCURVE('',#32,#119);
#119 = DEFINITIONAL_REPRESENTATION('',(#120),#124);
#120 = LINE('',#121,#122);
#121 = CARTESIAN_POINT('',(6.,0.));
#122 = VECTOR('',#123,1.);
#123 = DIRECTION('',(0.,-1.));
#124 = ( GEOMETRIC_REPRESENTATION_CONTEXT(2) 
PARAMETRIC_REPRESENTATION_CONTEXT() REPRESENTATION_CONTEXT('2D SPACE',''
  ) );
#125 = PCURVE('',#126,#131);
#126 = PLANE('',#127);
#127 = AXIS2_PLACEMENT_3D('',#128,#129,#130);
#128 = CARTESIAN_POINT('',(0.,0.,6.));
#129 = DIRECTION('',(0.,0.,1.));
#130 = DIRECTION('',(1.,0.,-0.));
#131 = DEFINITIONAL_REPRESENTATION('',(#132),#136);
#132 = LINE('',#133,#134);
#133 = CARTESIAN_POINT('',(0.,0.));
#134 = VECTOR('',#135,1.);
#135 = DIRECTION('',(0.,1.));
#136 = ( GEOMETRIC_REPRESENTATION_CONTEXT(2) 
PARAMETRIC_REPRESENTATION_CONTEXT() REPRESENTATION_CONTEXT('2D SPACE',''
  ) );
#137 = ADVANCED_FACE('',(#138),#44,.F.);
#138 = FACE_BOUND('',#139,.F.);
#139 = EDGE_LOOP('',(#140,#163,#164,#187));
#140 = ORIENTED_EDGE('',*,*,#141,.F.);
#141 = EDGE_CURVE('',#22,#142,#144,.T.);
#142 = VERTEX_POINT('',#143);
#143 = CARTESIAN_POINT('',(125.,0.,0.));
#144 = SURFACE_CURVE('',#145,(#149,#156),.PCURVE_S1.);
#145 = LINE('',#146,#147);
#146 = CARTESIAN_POINT('',(0.,0.,0.));
#147 = VECTOR('',#148,1.);
#148 = DIRECTION('',(1.,0.,-0.));
#149 = PCURVE('',#44,#150);
#150 = DEFINITIONAL_REPRESENTATION('',(#151),#155);
#151 = LINE('',#152,#153);
#152 = CARTESIAN_POINT('',(0.,0.));
#153 = VECTOR('',#154,1.);
#154 = DIRECTION('',(0.,1.));
#155 = ( GEOMETRIC_REPRESENTATION_CONTEXT(2) 
PARAMETRIC_REPRESENTATION_CONTEXT() REPRESENTATION_CONTEXT('2D SPACE',''
  ) );
#156 = PCURVE('',#72,#157);
#157 = DEFINITIONAL_REPRESENTATION('',(#158),#162);
#158 = LINE('',#159,#160);
#159 = CARTESIAN_POINT('',(0.,0.));
#160 = VECTOR('',#161,1.);
#161 = DIRECTION('',(1.,0.));
#162 = ( GEOMETRIC_REPRESENTATION_CONTEXT(2) 
PARAMETRIC_REPRESENTATION_CONTEXT() REPRESENTATION_CONTEXT('2D SPACE',''
  ) );
#163 = ORIENTED_EDGE('',*,*,#21,.T.);
#164 = ORIENTED_EDGE('',*,*,#165,.T.);
#165 = EDGE_CURVE('',#24,#166,#168,.T.);
#166 = VERTEX_POINT('',#167);
#167 = CARTESIAN_POINT('',(125.,0.,6.));
#168 = SURFACE_CURVE('',#169,(#173,#180),.PCURVE_S1.);
#169 = LINE('',#170,#171);
#170 = CARTESIAN_POINT('',(0.,0.,6.));
#171 = VECTOR('',#172,1.);
#172 = DIRECTION('',(1.,0.,-0.));
#173 = PCURVE('',#44,#174);
#174 = DEFINITIONAL_REPRESENTATION('',(#175),#179);
#175 = LINE('',#176,#177);
#176 = CARTESIAN_POINT('',(6.,0.));
#177 = VECTOR('',#178,1.);
#178 = DIRECTION('',(0.,1.));
#179 = ( GEOMETRIC_REPRESENTATION_CONTEXT(2) 
PARAMETRIC_REPRESENTATION_CONTEXT() REPRESENTATION_CONTEXT('2D SPACE',''
  ) );
#180 = PCURVE('',#126,#181);
#181 = DEFINITIONAL_REPRESENTATION('',(#182),#186);
#182 = LINE('',#183,#184);
#183 = CARTESIAN_POINT('',(0.,0.));
#184 = VECTOR('',#185,1.);
#185 = DIRECTION('',(1.,0.));
#186 = ( GEOMETRIC_REPRESENTATION_CONTEXT(2) 
PARAMETRIC_REPRESENTATION_CONTEXT() REPRESENTATION_CONTEXT('2D SPACE',''
  ) );
#187 = ORIENTED_EDGE('',*,*,#188,.F.);
#188 = EDGE_CURVE('',#142,#166,#189,.T.);
#189 = SURFACE_CURVE('',#190,(#194,#201),.PCURVE_S1.);
#190 = LINE('',#191,#192);
#191 = CARTESIAN_POINT('',(125.,0.,0.));
#192 = VECTOR('',#193,1.);
#193 = DIRECTION('',(0.,0.,1.));
#194 = PCURVE('',#44,#195);
#195 = DEFINITIONAL_REPRESENTATION('',(#196),#200);
#196 = LINE('',#197,#198);
#197 = CARTESIAN_POINT('',(0.,125.));
#198 = VECTOR('',#199,1.);
#199 = DIRECTION('',(1.,0.));
#200 = ( GEOMETRIC_REPRESENTATION_CONTEXT(2) 
PARAMETRIC_REPRESENTATION_CONTEXT() REPRESENTATION_CONTEXT('2D SPACE',''
  ) );
#201 = PCURVE('',#202,#207);
#202 = PLANE('',#203);
#203 = AXIS2_PLACEMENT_3D('',#204,#205,#206);
#204 = CARTESIAN_POINT('',(125.,0.,0.));
#205 = DIRECTION('',(1.,0.,-0.));
#206 = DIRECTION('',(0.,0.,1.));
#207 = DEFINITIONAL_REPRESENTATION('',(#208),#212);
#208 = LINE('',#209,#210);
#209 = CARTESIAN_POINT('',(0.,0.));
#210 = VECTOR('',#211,1.);
#211 = DIRECTION('',(1.,0.));
#212 = ( GEOMETRIC_REPRESENTATION_CONTEXT(2) 
PARAMETRIC_REPRESENTATION_CONTEXT() REPRESENTATION_CONTEXT('2D SPACE',''
  ) );
#213 = ADVANCED_FACE('',(#214,#262,#293,#324,#355,#386,#417,#448,#479,
    #510,#541,#572,#603,#634,#665,#696,#727,#758,#789,#820,#851,#882,
    #913,#944,#975,#1006,#1037,#1068,#1099,#1130,#1161,#1192,#1223,#1254
    ,#1285,#1316,#1347,#1378,#1409,#1440,#1471,#1502,#1533,#1564,#1595,
    #1626,#1657,#1688,#1719,#1750,#1781,#1812,#1843,#1874,#1905,#1936,
    #1967,#1998,#2029,#2060,#2091,#2122,#2153,#2184,#2215,#2246,#2277,
    #2308,#2339,#2370,#2401,#2432,#2463,#2494,#2525,#2556,#2587,#2618,
    #2649,#2680,#2711,#2742,#2773,#2879,#2910,#2941,#2972,#3003,#3034,
    #3065,#3096,#3127,#3158,#3189,#3220,#3251,#3282,#3313,#3344,#3375,
    #3406),#126,.T.);
#214 = FACE_BOUND('',#215,.T.);
#215 = EDGE_LOOP('',(#216,#217,#218,#241));
#216 = ORIENTED_EDGE('',*,*,#112,.F.);
#217 = ORIENTED_EDGE('',*,*,#165,.T.);
#218 = ORIENTED_EDGE('',*,*,#219,.T.);
#219 = EDGE_CURVE('',#166,#220,#222,.T.);
#220 = VERTEX_POINT('',#221);
#221 = CARTESIAN_POINT('',(125.,130.,6.));
#222 = SURFACE_CURVE('',#223,(#227,#234),.PCURVE_S1.);
#223 = LINE('',#224,#225);
#224 = CARTESIAN_POINT('',(125.,0.,6.));
#225 = VECTOR('',#226,1.);
#226 = DIRECTION('',(-0.,1.,0.));
#227 = PCURVE('',#126,#228);
#228 = DEFINITIONAL_REPRESENTATION('',(#229),#233);
#229 = LINE('',#230,#231);
#230 = CARTESIAN_POINT('',(125.,0.));
#231 = VECTOR('',#232,1.);
#232 = DIRECTION('',(0.,1.));
#233 = ( GEOMETRIC_REPRESENTATION_CONTEXT(2) 
PARAMETRIC_REPRESENTATION_CONTEXT() REPRESENTATION_CONTEXT('2D SPACE',''
  ) );
#234 = PCURVE('',#202,#235);
#235 = DEFINITIONAL_REPRESENTATION('',(#236),#240);
#236 = LINE('',#237,#238);
#237 = CARTESIAN_POINT('',(6.,0.));
#238 = VECTOR('',#239,1.);
#239 = DIRECTION('',(0.,-1.));
#240 = ( GEOMETRIC_REPRESENTATION_CONTEXT(2) 
PARAMETRIC_REPRESENTATION_CONTEXT() REPRESENTATION_CONTEXT('2D SPACE',''
  ) );
#241 = ORIENTED_EDGE('',*,*,#242,.F.);
#242 = EDGE_CURVE('',#85,#220,#243,.T.);
#243 = SURFACE_CURVE('',#244,(#248,#255),.PCURVE_S1.);
#244 = LINE('',#245,#246);
#245 = CARTESIAN_POINT('',(0.,130.,6.));
#246 = VECTOR('',#247,1.);
#247 = DIRECTION('',(1.,0.,-0.));
#248 = PCURVE('',#126,#249);
#249 = DEFINITIONAL_REPRESENTATION('',(#250),#254);
#250 = LINE('',#251,#252);
#251 = CARTESIAN_POINT('',(0.,130.));
#252 = VECTOR('',#253,1.);
#253 = DIRECTION('',(1.,0.));
#254 = ( GEOMETRIC_REPRESENTATION_CONTEXT(2) 
PARAMETRIC_REPRESENTATION_CONTEXT() REPRESENTATION_CONTEXT('2D SPACE',''
  ) );
#255 = PCURVE('',#100,#256);
#256 = DEFINITIONAL_REPRESENTATION('',(#257),#261);
#257 = LINE('',#258,#259);
#258 = CARTESIAN_POINT('',(6.,0.));
#259 = VECTOR('',#260,1.);
#260 = DIRECTION('',(0.,1.));
#261 = ( GEOMETRIC_REPRESENTATION_CONTEXT(2) 
PARAMETRIC_REPRESENTATION_CONTEXT() REPRESENTATION_CONTEXT('2D SPACE',''
  ) );
#262 = FACE_BOUND('',#263,.T.);
#263 = EDGE_LOOP('',(#264));
#264 = ORIENTED_EDGE('',*,*,#265,.F.);
#265 = EDGE_CURVE('',#266,#266,#268,.T.);
#266 = VERTEX_POINT('',#267);
#267 = CARTESIAN_POINT('',(11.7,10.,6.));
#268 = SURFACE_CURVE('',#269,(#274,#281),.PCURVE_S1.);
#269 = CIRCLE('',#270,1.7);
#270 = AXIS2_PLACEMENT_3D('',#271,#272,#273);
#271 = CARTESIAN_POINT('',(10.,10.,6.));
#272 = DIRECTION('',(0.,0.,1.));
#273 = DIRECTION('',(1.,0.,-0.));
#274 = PCURVE('',#126,#275);
#275 = DEFINITIONAL_REPRESENTATION('',(#276),#280);
#276 = CIRCLE('',#277,1.7);
#277 = AXIS2_PLACEMENT_2D('',#278,#279);
#278 = CARTESIAN_POINT('',(10.,10.));
#279 = DIRECTION('',(1.,0.));
#280 = ( GEOMETRIC_REPRESENTATION_CONTEXT(2) 
PARAMETRIC_REPRESENTATION_CONTEXT() REPRESENTATION_CONTEXT('2D SPACE',''
  ) );
#281 = PCURVE('',#282,#287);
#282 = CYLINDRICAL_SURFACE('',#283,1.7);
#283 = AXIS2_PLACEMENT_3D('',#284,#285,#286);
#284 = CARTESIAN_POINT('',(10.,10.,-1.));
#285 = DIRECTION('',(0.,0.,1.));
#286 = DIRECTION('',(1.,0.,-0.));
#287 = DEFINITIONAL_REPRESENTATION('',(#288),#292);
#288 = LINE('',#289,#290);
#289 = CARTESIAN_POINT('',(0.,7.));
#290 = VECTOR('',#291,1.);
#291 = DIRECTION('',(1.,0.));
#292 = ( GEOMETRIC_REPRESENTATION_CONTEXT(2) 
PARAMETRIC_REPRESENTATION_CONTEXT() REPRESENTATION_CONTEXT('2D SPACE',''
  ) );
#293 = FACE_BOUND('',#294,.T.);
#294 = EDGE_LOOP('',(#295));
#295 = ORIENTED_EDGE('',*,*,#296,.F.);
#296 = EDGE_CURVE('',#297,#297,#299,.T.);
#297 = VERTEX_POINT('',#298);
#298 = CARTESIAN_POINT('',(21.7,10.,6.));
#299 = SURFACE_CURVE('',#300,(#305,#312),.PCURVE_S1.);
#300 = CIRCLE('',#301,1.7);
#301 = AXIS2_PLACEMENT_3D('',#302,#303,#304);
#302 = CARTESIAN_POINT('',(20.,10.,6.));
#303 = DIRECTION('',(0.,0.,1.));
#304 = DIRECTION('',(1.,0.,-0.));
#305 = PCURVE('',#126,#306);
#306 = DEFINITIONAL_REPRESENTATION('',(#307),#311);
#307 = CIRCLE('',#308,1.7);
#308 = AXIS2_PLACEMENT_2D('',#309,#310);
#309 = CARTESIAN_POINT('',(20.,10.));
#310 = DIRECTION('',(1.,0.));
#311 = ( GEOMETRIC_REPRESENTATION_CONTEXT(2) 
PARAMETRIC_REPRESENTATION_CONTEXT() REPRESENTATION_CONTEXT('2D SPACE',''
  ) );
#312 = PCURVE('',#313,#318);
#313 = CYLINDRICAL_SURFACE('',#314,1.7);
#314 = AXIS2_PLACEMENT_3D('',#315,#316,#317);
#315 = CARTESIAN_POINT('',(20.,10.,-1.));
#316 = DIRECTION('',(0.,0.,1.));
#317 = DIRECTION('',(1.,0.,-0.));
#318 = DEFINITIONAL_REPRESENTATION('',(#319),#323);
#319 = LINE('',#320,#321);
#320 = CARTESIAN_POINT('',(0.,7.));
#321 = VECTOR('',#322,1.);
#322 = DIRECTION('',(1.,0.));
#323 = ( GEOMETRIC_REPRESENTATION_CONTEXT(2) 
PARAMETRIC_REPRESENTATION_CONTEXT() REPRESENTATION_CONTEXT('2D SPACE',''
  ) );
#324 = FACE_BOUND('',#325,.T.);
#325 = EDGE_LOOP('',(#326));
#326 = ORIENTED_EDGE('',*,*,#327,.F.);
#327 = EDGE_CURVE('',#328,#328,#330,.T.);
#328 = VERTEX_POINT('',#329);
#329 = CARTESIAN_POINT('',(11.7,20.,6.));
#330 = SURFACE_CURVE('',#331,(#336,#343),.PCURVE_S1.);
#331 = CIRCLE('',#332,1.7);
#332 = AXIS2_PLACEMENT_3D('',#333,#334,#335);
#333 = CARTESIAN_POINT('',(10.,20.,6.));
#334 = DIRECTION('',(0.,0.,1.));
#335 = DIRECTION('',(1.,0.,-0.));
#336 = PCURVE('',#126,#337);
#337 = DEFINITIONAL_REPRESENTATION('',(#338),#342);
#338 = CIRCLE('',#339,1.7);
#339 = AXIS2_PLACEMENT_2D('',#340,#341);
#340 = CARTESIAN_POINT('',(10.,20.));
#341 = DIRECTION('',(1.,0.));
#342 = ( GEOMETRIC_REPRESENTATION_CONTEXT(2) 
PARAMETRIC_REPRESENTATION_CONTEXT() REPRESENTATION_CONTEXT('2D SPACE',''
  ) );
#343 = PCURVE('',#344,#349);
#344 = CYLINDRICAL_SURFACE('',#345,1.7);
#345 = AXIS2_PLACEMENT_3D('',#346,#347,#348);
#346 = CARTESIAN_POINT('',(10.,20.,-1.));
#347 = DIRECTION('',(0.,0.,1.));
#348 = DIRECTION('',(1.,0.,-0.));
#349 = DEFINITIONAL_REPRESENTATION('',(#350),#354);
#350 = LINE('',#351,#352);
#351 = CARTESIAN_POINT('',(0.,7.));
#352 = VECTOR('',#353,1.);
#353 = DIRECTION('',(1.,0.));
#354 = ( GEOMETRIC_REPRESENTATION_CONTEXT(2) 
PARAMETRIC_REPRESENTATION_CONTEXT() REPRESENTATION_CONTEXT('2D SPACE',''
  ) );
#355 = FACE_BOUND('',#356,.T.);
#356 = EDGE_LOOP('',(#357));
#357 = ORIENTED_EDGE('',*,*,#358,.F.);
#358 = EDGE_CURVE('',#359,#359,#361,.T.);
#359 = VERTEX_POINT('',#360);
#360 = CARTESIAN_POINT('',(21.7,20.,6.));
#361 = SURFACE_CURVE('',#362,(#367,#374),.PCURVE_S1.);
#362 = CIRCLE('',#363,1.7);
#363 = AXIS2_PLACEMENT_3D('',#364,#365,#366);
#364 = CARTESIAN_POINT('',(20.,20.,6.));
#365 = DIRECTION('',(0.,0.,1.));
#366 = DIRECTION('',(1.,0.,-0.));
#367 = PCURVE('',#126,#368);
#368 = DEFINITIONAL_REPRESENTATION('',(#369),#373);
#369 = CIRCLE('',#370,1.7);
#370 = AXIS2_PLACEMENT_2D('',#371,#372);
#371 = CARTESIAN_POINT('',(20.,20.));
#372 = DIRECTION('',(1.,0.));
#373 = ( GEOMETRIC_REPRESENTATION_CONTEXT(2) 
PARAMETRIC_REPRESENTATION_CONTEXT() REPRESENTATION_CONTEXT('2D SPACE',''
  ) );
#374 = PCURVE('',#375,#380);
#375 = CYLINDRICAL_SURFACE('',#376,1.7);
#376 = AXIS2_PLACEMENT_3D('',#377,#378,#379);
#377 = CARTESIAN_POINT('',(20.,20.,-1.));
#378 = DIRECTION('',(0.,0.,1.));
#379 = DIRECTION('',(1.,0.,-0.));
#380 = DEFINITIONAL_REPRESENTATION('',(#381),#385);
#381 = LINE('',#382,#383);
#382 = CARTESIAN_POINT('',(0.,7.));
#383 = VECTOR('',#384,1.);
#384 = DIRECTION('',(1.,0.));
#385 = ( GEOMETRIC_REPRESENTATION_CONTEXT(2) 
PARAMETRIC_REPRESENTATION_CONTEXT() REPRESENTATION_CONTEXT('2D SPACE',''
  ) );
#386 = FACE_BOUND('',#387,.T.);
#387 = EDGE_LOOP('',(#388));
#388 = ORIENTED_EDGE('',*,*,#389,.F.);
#389 = EDGE_CURVE('',#390,#390,#392,.T.);
#390 = VERTEX_POINT('',#391);
#391 = CARTESIAN_POINT('',(31.7,10.,6.));
#392 = SURFACE_CURVE('',#393,(#398,#405),.PCURVE_S1.);
#393 = CIRCLE('',#394,1.7);
#394 = AXIS2_PLACEMENT_3D('',#395,#396,#397);
#395 = CARTESIAN_POINT('',(30.,10.,6.));
#396 = DIRECTION('',(0.,0.,1.));
#397 = DIRECTION('',(1.,0.,-0.));
#398 = PCURVE('',#126,#399);
#399 = DEFINITIONAL_REPRESENTATION('',(#400),#404);
#400 = CIRCLE('',#401,1.7);
#401 = AXIS2_PLACEMENT_2D('',#402,#403);
#402 = CARTESIAN_POINT('',(30.,10.));
#403 = DIRECTION('',(1.,0.));
#404 = ( GEOMETRIC_REPRESENTATION_CONTEXT(2) 
PARAMETRIC_REPRESENTATION_CONTEXT() REPRESENTATION_CONTEXT('2D SPACE',''
  ) );
#405 = PCURVE('',#406,#411);
#406 = CYLINDRICAL_SURFACE('',#407,1.7);
#407 = AXIS2_PLACEMENT_3D('',#408,#409,#410);
#408 = CARTESIAN_POINT('',(30.,10.,-1.));
#409 = DIRECTION('',(0.,0.,1.));
#410 = DIRECTION('',(1.,0.,-0.));
#411 = DEFINITIONAL_REPRESENTATION('',(#412),#416);
#412 = LINE('',#413,#414);
#413 = CARTESIAN_POINT('',(0.,7.));
#414 = VECTOR('',#415,1.);
#415 = DIRECTION('',(1.,0.));
#416 = ( GEOMETRIC_REPRESENTATION_CONTEXT(2) 
PARAMETRIC_REPRESENTATION_CONTEXT() REPRESENTATION_CONTEXT('2D SPACE',''
  ) );
#417 = FACE_BOUND('',#418,.T.);
#418 = EDGE_LOOP('',(#419));
#419 = ORIENTED_EDGE('',*,*,#420,.F.);
#420 = EDGE_CURVE('',#421,#421,#423,.T.);
#421 = VERTEX_POINT('',#422);
#422 = CARTESIAN_POINT('',(31.7,20.,6.));
#423 = SURFACE_CURVE('',#424,(#429,#436),.PCURVE_S1.);
#424 = CIRCLE('',#425,1.7);
#425 = AXIS2_PLACEMENT_3D('',#426,#427,#428);
#426 = CARTESIAN_POINT('',(30.,20.,6.));
#427 = DIRECTION('',(0.,0.,1.));
#428 = DIRECTION('',(1.,0.,-0.));
#429 = PCURVE('',#126,#430);
#430 = DEFINITIONAL_REPRESENTATION('',(#431),#435);
#431 = CIRCLE('',#432,1.7);
#432 = AXIS2_PLACEMENT_2D('',#433,#434);
#433 = CARTESIAN_POINT('',(30.,20.));
#434 = DIRECTION('',(1.,0.));
#435 = ( GEOMETRIC_REPRESENTATION_CONTEXT(2) 
PARAMETRIC_REPRESENTATION_CONTEXT() REPRESENTATION_CONTEXT('2D SPACE',''
  ) );
#436 = PCURVE('',#437,#442);
#437 = CYLINDRICAL_SURFACE('',#438,1.7);
#438 = AXIS2_PLACEMENT_3D('',#439,#440,#441);
#439 = CARTESIAN_POINT('',(30.,20.,-1.));
#440 = DIRECTION('',(0.,0.,1.));
#441 = DIRECTION('',(1.,0.,-0.));
#442 = DEFINITIONAL_REPRESENTATION('',(#443),#447);
#443 = LINE('',#444,#445);
#444 = CARTESIAN_POINT('',(0.,7.));
#445 = VECTOR('',#446,1.);
#446 = DIRECTION('',(1.,0.));
#447 = ( GEOMETRIC_REPRESENTATION_CONTEXT(2) 
PARAMETRIC_REPRESENTATION_CONTEXT() REPRESENTATION_CONTEXT('2D SPACE',''
  ) );
#448 = FACE_BOUND('',#449,.T.);
#449 = EDGE_LOOP('',(#450));
#450 = ORIENTED_EDGE('',*,*,#451,.F.);
#451 = EDGE_CURVE('',#452,#452,#454,.T.);
#452 = VERTEX_POINT('',#453);
#453 = CARTESIAN_POINT('',(11.7,30.,6.));
#454 = SURFACE_CURVE('',#455,(#460,#467),.PCURVE_S1.);
#455 = CIRCLE('',#456,1.7);
#456 = AXIS2_PLACEMENT_3D('',#457,#458,#459);
#457 = CARTESIAN_POINT('',(10.,30.,6.));
#458 = DIRECTION('',(0.,0.,1.));
#459 = DIRECTION('',(1.,0.,-0.));
#460 = PCURVE('',#126,#461);
#461 = DEFINITIONAL_REPRESENTATION('',(#462),#466);
#462 = CIRCLE('',#463,1.7);
#463 = AXIS2_PLACEMENT_2D('',#464,#465);
#464 = CARTESIAN_POINT('',(10.,30.));
#465 = DIRECTION('',(1.,0.));
#466 = ( GEOMETRIC_REPRESENTATION_CONTEXT(2) 
PARAMETRIC_REPRESENTATION_CONTEXT() REPRESENTATION_CONTEXT('2D SPACE',''
  ) );
#467 = PCURVE('',#468,#473);
#468 = CYLINDRICAL_SURFACE('',#469,1.7);
#469 = AXIS2_PLACEMENT_3D('',#470,#471,#472);
#470 = CARTESIAN_POINT('',(10.,30.,-1.));
#471 = DIRECTION('',(0.,0.,1.));
#472 = DIRECTION('',(1.,0.,-0.));
#473 = DEFINITIONAL_REPRESENTATION('',(#474),#478);
#474 = LINE('',#475,#476);
#475 = CARTESIAN_POINT('',(0.,7.));
#476 = VECTOR('',#477,1.);
#477 = DIRECTION('',(1.,0.));
#478 = ( GEOMETRIC_REPRESENTATION_CONTEXT(2) 
PARAMETRIC_REPRESENTATION_CONTEXT() REPRESENTATION_CONTEXT('2D SPACE',''
  ) );
#479 = FACE_BOUND('',#480,.T.);
#480 = EDGE_LOOP('',(#481));
#481 = ORIENTED_EDGE('',*,*,#482,.F.);
#482 = EDGE_CURVE('',#483,#483,#485,.T.);
#483 = VERTEX_POINT('',#484);
#484 = CARTESIAN_POINT('',(21.7,30.,6.));
#485 = SURFACE_CURVE('',#486,(#491,#498),.PCURVE_S1.);
#486 = CIRCLE('',#487,1.7);
#487 = AXIS2_PLACEMENT_3D('',#488,#489,#490);
#488 = CARTESIAN_POINT('',(20.,30.,6.));
#489 = DIRECTION('',(0.,0.,1.));
#490 = DIRECTION('',(1.,0.,-0.));
#491 = PCURVE('',#126,#492);
#492 = DEFINITIONAL_REPRESENTATION('',(#493),#497);
#493 = CIRCLE('',#494,1.7);
#494 = AXIS2_PLACEMENT_2D('',#495,#496);
#495 = CARTESIAN_POINT('',(20.,30.));
#496 = DIRECTION('',(1.,0.));
#497 = ( GEOMETRIC_REPRESENTATION_CONTEXT(2) 
PARAMETRIC_REPRESENTATION_CONTEXT() REPRESENTATION_CONTEXT('2D SPACE',''
  ) );
#498 = PCURVE('',#499,#504);
#499 = CYLINDRICAL_SURFACE('',#500,1.7);
#500 = AXIS2_PLACEMENT_3D('',#501,#502,#503);
#501 = CARTESIAN_POINT('',(20.,30.,-1.));
#502 = DIRECTION('',(0.,0.,1.));
#503 = DIRECTION('',(1.,0.,-0.));
#504 = DEFINITIONAL_REPRESENTATION('',(#505),#509);
#505 = LINE('',#506,#507);
#506 = CARTESIAN_POINT('',(0.,7.));
#507 = VECTOR('',#508,1.);
#508 = DIRECTION('',(1.,0.));
#509 = ( GEOMETRIC_REPRESENTATION_CONTEXT(2) 
PARAMETRIC_REPRESENTATION_CONTEXT() REPRESENTATION_CONTEXT('2D SPACE',''
  ) );
#510 = FACE_BOUND('',#511,.T.);
#511 = EDGE_LOOP('',(#512));
#512 = ORIENTED_EDGE('',*,*,#513,.F.);
#513 = EDGE_CURVE('',#514,#514,#516,.T.);
#514 = VERTEX_POINT('',#515);
#515 = CARTESIAN_POINT('',(31.7,30.,6.));
#516 = SURFACE_CURVE('',#517,(#522,#529),.PCURVE_S1.);
#517 = CIRCLE('',#518,1.7);
#518 = AXIS2_PLACEMENT_3D('',#519,#520,#521);
#519 = CARTESIAN_POINT('',(30.,30.,6.));
#520 = DIRECTION('',(0.,0.,1.));
#521 = DIRECTION('',(1.,0.,-0.));
#522 = PCURVE('',#126,#523);
#523 = DEFINITIONAL_REPRESENTATION('',(#524),#528);
#524 = CIRCLE('',#525,1.7);
#525 = AXIS2_PLACEMENT_2D('',#526,#527);
#526 = CARTESIAN_POINT('',(30.,30.));
#527 = DIRECTION('',(1.,0.));
#528 = ( GEOMETRIC_REPRESENTATION_CONTEXT(2) 
PARAMETRIC_REPRESENTATION_CONTEXT() REPRESENTATION_CONTEXT('2D SPACE',''
  ) );
#529 = PCURVE('',#530,#535);
#530 = CYLINDRICAL_SURFACE('',#531,1.7);
#531 = AXIS2_PLACEMENT_3D('',#532,#533,#534);
#532 = CARTESIAN_POINT('',(30.,30.,-1.));
#533 = DIRECTION('',(0.,0.,1.));
#534 = DIRECTION('',(1.,0.,-0.));
#535 = DEFINITIONAL_REPRESENTATION('',(#536),#540);
#536 = LINE('',#537,#538);
#537 = CARTESIAN_POINT('',(0.,7.));
#538 = VECTOR('',#539,1.);
#539 = DIRECTION('',(1.,0.));
#540 = ( GEOMETRIC_REPRESENTATION_CONTEXT(2) 
PARAMETRIC_REPRESENTATION_CONTEXT() REPRESENTATION_CONTEXT('2D SPACE',''
  ) );
#541 = FACE_BOUND('',#542,.T.);
#542 = EDGE_LOOP('',(#543));
#543 = ORIENTED_EDGE('',*,*,#544,.F.);
#544 = EDGE_CURVE('',#545,#545,#547,.T.);
#545 = VERTEX_POINT('',#546);
#546 = CARTESIAN_POINT('',(41.7,10.,6.));
#547 = SURFACE_CURVE('',#548,(#553,#560),.PCURVE_S1.);
#548 = CIRCLE('',#549,1.7);
#549 = AXIS2_PLACEMENT_3D('',#550,#551,#552);
#550 = CARTESIAN_POINT('',(40.,10.,6.));
#551 = DIRECTION('',(0.,0.,1.));
#552 = DIRECTION('',(1.,0.,-0.));
#553 = PCURVE('',#126,#554);
#554 = DEFINITIONAL_REPRESENTATION('',(#555),#559);
#555 = CIRCLE('',#556,1.7);
#556 = AXIS2_PLACEMENT_2D('',#557,#558);
#557 = CARTESIAN_POINT('',(40.,10.));
#558 = DIRECTION('',(1.,0.));
#559 = ( GEOMETRIC_REPRESENTATION_CONTEXT(2) 
PARAMETRIC_REPRESENTATION_CONTEXT() REPRESENTATION_CONTEXT('2D SPACE',''
  ) );
#560 = PCURVE('',#561,#566);
#561 = CYLINDRICAL_SURFACE('',#562,1.7);
#562 = AXIS2_PLACEMENT_3D('',#563,#564,#565);
#563 = CARTESIAN_POINT('',(40.,10.,-1.));
#564 = DIRECTION('',(0.,0.,1.));
#565 = DIRECTION('',(1.,0.,-0.));
#566 = DEFINITIONAL_REPRESENTATION('',(#567),#571);
#567 = LINE('',#568,#569);
#568 = CARTESIAN_POINT('',(0.,7.));
#569 = VECTOR('',#570,1.);
#570 = DIRECTION('',(1.,0.));
#571 = ( GEOMETRIC_REPRESENTATION_CONTEXT(2) 
PARAMETRIC_REPRESENTATION_CONTEXT() REPRESENTATION_CONTEXT('2D SPACE',''
  ) );
#572 = FACE_BOUND('',#573,.T.);
#573 = EDGE_LOOP('',(#574));
#574 = ORIENTED_EDGE('',*,*,#575,.F.);
#575 = EDGE_CURVE('',#576,#576,#578,.T.);
#576 = VERTEX_POINT('',#577);
#577 = CARTESIAN_POINT('',(50.7,15.,6.));
#578 = SURFACE_CURVE('',#579,(#584,#591),.PCURVE_S1.);
#579 = CIRCLE('',#580,1.7);
#580 = AXIS2_PLACEMENT_3D('',#581,#582,#583);
#581 = CARTESIAN_POINT('',(49.,15.,6.));
#582 = DIRECTION('',(0.,0.,1.));
#583 = DIRECTION('',(1.,0.,-0.));
#584 = PCURVE('',#126,#585);
#585 = DEFINITIONAL_REPRESENTATION('',(#586),#590);
#586 = CIRCLE('',#587,1.7);
#587 = AXIS2_PLACEMENT_2D('',#588,#589);
#588 = CARTESIAN_POINT('',(49.,15.));
#589 = DIRECTION('',(1.,0.));
#590 = ( GEOMETRIC_REPRESENTATION_CONTEXT(2) 
PARAMETRIC_REPRESENTATION_CONTEXT() REPRESENTATION_CONTEXT('2D SPACE',''
  ) );
#591 = PCURVE('',#592,#597);
#592 = CYLINDRICAL_SURFACE('',#593,1.7);
#593 = AXIS2_PLACEMENT_3D('',#594,#595,#596);
#594 = CARTESIAN_POINT('',(49.,15.,-1.));
#595 = DIRECTION('',(0.,0.,1.));
#596 = DIRECTION('',(1.,0.,-0.));
#597 = DEFINITIONAL_REPRESENTATION('',(#598),#602);
#598 = LINE('',#599,#600);
#599 = CARTESIAN_POINT('',(0.,7.));
#600 = VECTOR('',#601,1.);
#601 = DIRECTION('',(1.,0.));
#602 = ( GEOMETRIC_REPRESENTATION_CONTEXT(2) 
PARAMETRIC_REPRESENTATION_CONTEXT() REPRESENTATION_CONTEXT('2D SPACE',''
  ) );
#603 = FACE_BOUND('',#604,.T.);
#604 = EDGE_LOOP('',(#605));
#605 = ORIENTED_EDGE('',*,*,#606,.F.);
#606 = EDGE_CURVE('',#607,#607,#609,.T.);
#607 = VERTEX_POINT('',#608);
#608 = CARTESIAN_POINT('',(41.7,20.,6.));
#609 = SURFACE_CURVE('',#610,(#615,#622),.PCURVE_S1.);
#610 = CIRCLE('',#611,1.7);
#611 = AXIS2_PLACEMENT_3D('',#612,#613,#614);
#612 = CARTESIAN_POINT('',(40.,20.,6.));
#613 = DIRECTION('',(0.,0.,1.));
#614 = DIRECTION('',(1.,0.,-0.));
#615 = PCURVE('',#126,#616);
#616 = DEFINITIONAL_REPRESENTATION('',(#617),#621);
#617 = CIRCLE('',#618,1.7);
#618 = AXIS2_PLACEMENT_2D('',#619,#620);
#619 = CARTESIAN_POINT('',(40.,20.));
#620 = DIRECTION('',(1.,0.));
#621 = ( GEOMETRIC_REPRESENTATION_CONTEXT(2) 
PARAMETRIC_REPRESENTATION_CONTEXT() REPRESENTATION_CONTEXT('2D SPACE',''
  ) );
#622 = PCURVE('',#623,#628);
#623 = CYLINDRICAL_SURFACE('',#624,1.7);
#624 = AXIS2_PLACEMENT_3D('',#625,#626,#627);
#625 = CARTESIAN_POINT('',(40.,20.,-1.));
#626 = DIRECTION('',(0.,0.,1.));
#627 = DIRECTION('',(1.,0.,-0.));
#628 = DEFINITIONAL_REPRESENTATION('',(#629),#633);
#629 = LINE('',#630,#631);
#630 = CARTESIAN_POINT('',(0.,7.));
#631 = VECTOR('',#632,1.);
#632 = DIRECTION('',(1.,0.));
#633 = ( GEOMETRIC_REPRESENTATION_CONTEXT(2) 
PARAMETRIC_REPRESENTATION_CONTEXT() REPRESENTATION_CONTEXT('2D SPACE',''
  ) );
#634 = FACE_BOUND('',#635,.T.);
#635 = EDGE_LOOP('',(#636));
#636 = ORIENTED_EDGE('',*,*,#637,.F.);
#637 = EDGE_CURVE('',#638,#638,#640,.T.);
#638 = VERTEX_POINT('',#639);
#639 = CARTESIAN_POINT('',(61.7,10.,6.));
#640 = SURFACE_CURVE('',#641,(#646,#653),.PCURVE_S1.);
#641 = CIRCLE('',#642,1.7);
#642 = AXIS2_PLACEMENT_3D('',#643,#644,#645);
#643 = CARTESIAN_POINT('',(60.,10.,6.));
#644 = DIRECTION('',(0.,0.,1.));
#645 = DIRECTION('',(1.,0.,-0.));
#646 = PCURVE('',#126,#647);
#647 = DEFINITIONAL_REPRESENTATION('',(#648),#652);
#648 = CIRCLE('',#649,1.7);
#649 = AXIS2_PLACEMENT_2D('',#650,#651);
#650 = CARTESIAN_POINT('',(60.,10.));
#651 = DIRECTION('',(1.,0.));
#652 = ( GEOMETRIC_REPRESENTATION_CONTEXT(2) 
PARAMETRIC_REPRESENTATION_CONTEXT() REPRESENTATION_CONTEXT('2D SPACE',''
  ) );
#653 = PCURVE('',#654,#659);
#654 = CYLINDRICAL_SURFACE('',#655,1.7);
#655 = AXIS2_PLACEMENT_3D('',#656,#657,#658);
#656 = CARTESIAN_POINT('',(60.,10.,-1.));
#657 = DIRECTION('',(0.,0.,1.));
#658 = DIRECTION('',(1.,0.,-0.));
#659 = DEFINITIONAL_REPRESENTATION('',(#660),#664);
#660 = LINE('',#661,#662);
#661 = CARTESIAN_POINT('',(0.,7.));
#662 = VECTOR('',#663,1.);
#663 = DIRECTION('',(1.,0.));
#664 = ( GEOMETRIC_REPRESENTATION_CONTEXT(2) 
PARAMETRIC_REPRESENTATION_CONTEXT() REPRESENTATION_CONTEXT('2D SPACE',''
  ) );
#665 = FACE_BOUND('',#666,.T.);
#666 = EDGE_LOOP('',(#667));
#667 = ORIENTED_EDGE('',*,*,#668,.F.);
#668 = EDGE_CURVE('',#669,#669,#671,.T.);
#669 = VERTEX_POINT('',#670);
#670 = CARTESIAN_POINT('',(61.7,20.,6.));
#671 = SURFACE_CURVE('',#672,(#677,#684),.PCURVE_S1.);
#672 = CIRCLE('',#673,1.7);
#673 = AXIS2_PLACEMENT_3D('',#674,#675,#676);
#674 = CARTESIAN_POINT('',(60.,20.,6.));
#675 = DIRECTION('',(0.,0.,1.));
#676 = DIRECTION('',(1.,0.,-0.));
#677 = PCURVE('',#126,#678);
#678 = DEFINITIONAL_REPRESENTATION('',(#679),#683);
#679 = CIRCLE('',#680,1.7);
#680 = AXIS2_PLACEMENT_2D('',#681,#682);
#681 = CARTESIAN_POINT('',(60.,20.));
#682 = DIRECTION('',(1.,0.));
#683 = ( GEOMETRIC_REPRESENTATION_CONTEXT(2) 
PARAMETRIC_REPRESENTATION_CONTEXT() REPRESENTATION_CONTEXT('2D SPACE',''
  ) );
#684 = PCURVE('',#685,#690);
#685 = CYLINDRICAL_SURFACE('',#686,1.7);
#686 = AXIS2_PLACEMENT_3D('',#687,#688,#689);
#687 = CARTESIAN_POINT('',(60.,20.,-1.));
#688 = DIRECTION('',(0.,0.,1.));
#689 = DIRECTION('',(1.,0.,-0.));
#690 = DEFINITIONAL_REPRESENTATION('',(#691),#695);
#691 = LINE('',#692,#693);
#692 = CARTESIAN_POINT('',(0.,7.));
#693 = VECTOR('',#694,1.);
#694 = DIRECTION('',(1.,0.));
#695 = ( GEOMETRIC_REPRESENTATION_CONTEXT(2) 
PARAMETRIC_REPRESENTATION_CONTEXT() REPRESENTATION_CONTEXT('2D SPACE',''
  ) );
#696 = FACE_BOUND('',#697,.T.);
#697 = EDGE_LOOP('',(#698));
#698 = ORIENTED_EDGE('',*,*,#699,.F.);
#699 = EDGE_CURVE('',#700,#700,#702,.T.);
#700 = VERTEX_POINT('',#701);
#701 = CARTESIAN_POINT('',(41.7,30.,6.));
#702 = SURFACE_CURVE('',#703,(#708,#715),.PCURVE_S1.);
#703 = CIRCLE('',#704,1.7);
#704 = AXIS2_PLACEMENT_3D('',#705,#706,#707);
#705 = CARTESIAN_POINT('',(40.,30.,6.));
#706 = DIRECTION('',(0.,0.,1.));
#707 = DIRECTION('',(1.,0.,-0.));
#708 = PCURVE('',#126,#709);
#709 = DEFINITIONAL_REPRESENTATION('',(#710),#714);
#710 = CIRCLE('',#711,1.7);
#711 = AXIS2_PLACEMENT_2D('',#712,#713);
#712 = CARTESIAN_POINT('',(40.,30.));
#713 = DIRECTION('',(1.,0.));
#714 = ( GEOMETRIC_REPRESENTATION_CONTEXT(2) 
PARAMETRIC_REPRESENTATION_CONTEXT() REPRESENTATION_CONTEXT('2D SPACE',''
  ) );
#715 = PCURVE('',#716,#721);
#716 = CYLINDRICAL_SURFACE('',#717,1.7);
#717 = AXIS2_PLACEMENT_3D('',#718,#719,#720);
#718 = CARTESIAN_POINT('',(40.,30.,-1.));
#719 = DIRECTION('',(0.,0.,1.));
#720 = DIRECTION('',(1.,0.,-0.));
#721 = DEFINITIONAL_REPRESENTATION('',(#722),#726);
#722 = LINE('',#723,#724);
#723 = CARTESIAN_POINT('',(0.,7.));
#724 = VECTOR('',#725,1.);
#725 = DIRECTION('',(1.,0.));
#726 = ( GEOMETRIC_REPRESENTATION_CONTEXT(2) 
PARAMETRIC_REPRESENTATION_CONTEXT() REPRESENTATION_CONTEXT('2D SPACE',''
  ) );
#727 = FACE_BOUND('',#728,.T.);
#728 = EDGE_LOOP('',(#729));
#729 = ORIENTED_EDGE('',*,*,#730,.F.);
#730 = EDGE_CURVE('',#731,#731,#733,.T.);
#731 = VERTEX_POINT('',#732);
#732 = CARTESIAN_POINT('',(51.7,30.,6.));
#733 = SURFACE_CURVE('',#734,(#739,#746),.PCURVE_S1.);
#734 = CIRCLE('',#735,1.7);
#735 = AXIS2_PLACEMENT_3D('',#736,#737,#738);
#736 = CARTESIAN_POINT('',(50.,30.,6.));
#737 = DIRECTION('',(0.,0.,1.));
#738 = DIRECTION('',(1.,0.,-0.));
#739 = PCURVE('',#126,#740);
#740 = DEFINITIONAL_REPRESENTATION('',(#741),#745);
#741 = CIRCLE('',#742,1.7);
#742 = AXIS2_PLACEMENT_2D('',#743,#744);
#743 = CARTESIAN_POINT('',(50.,30.));
#744 = DIRECTION('',(1.,0.));
#745 = ( GEOMETRIC_REPRESENTATION_CONTEXT(2) 
PARAMETRIC_REPRESENTATION_CONTEXT() REPRESENTATION_CONTEXT('2D SPACE',''
  ) );
#746 = PCURVE('',#747,#752);
#747 = CYLINDRICAL_SURFACE('',#748,1.7);
#748 = AXIS2_PLACEMENT_3D('',#749,#750,#751);
#749 = CARTESIAN_POINT('',(50.,30.,-1.));
#750 = DIRECTION('',(0.,0.,1.));
#751 = DIRECTION('',(1.,0.,-0.));
#752 = DEFINITIONAL_REPRESENTATION('',(#753),#757);
#753 = LINE('',#754,#755);
#754 = CARTESIAN_POINT('',(0.,7.));
#755 = VECTOR('',#756,1.);
#756 = DIRECTION('',(1.,0.));
#757 = ( GEOMETRIC_REPRESENTATION_CONTEXT(2) 
PARAMETRIC_REPRESENTATION_CONTEXT() REPRESENTATION_CONTEXT('2D SPACE',''
  ) );
#758 = FACE_BOUND('',#759,.T.);
#759 = EDGE_LOOP('',(#760));
#760 = ORIENTED_EDGE('',*,*,#761,.F.);
#761 = EDGE_CURVE('',#762,#762,#764,.T.);
#762 = VERTEX_POINT('',#763);
#763 = CARTESIAN_POINT('',(61.7,30.,6.));
#764 = SURFACE_CURVE('',#765,(#770,#777),.PCURVE_S1.);
#765 = CIRCLE('',#766,1.7);
#766 = AXIS2_PLACEMENT_3D('',#767,#768,#769);
#767 = CARTESIAN_POINT('',(60.,30.,6.));
#768 = DIRECTION('',(0.,0.,1.));
#769 = DIRECTION('',(1.,0.,-0.));
#770 = PCURVE('',#126,#771);
#771 = DEFINITIONAL_REPRESENTATION('',(#772),#776);
#772 = CIRCLE('',#773,1.7);
#773 = AXIS2_PLACEMENT_2D('',#774,#775);
#774 = CARTESIAN_POINT('',(60.,30.));
#775 = DIRECTION('',(1.,0.));
#776 = ( GEOMETRIC_REPRESENTATION_CONTEXT(2) 
PARAMETRIC_REPRESENTATION_CONTEXT() REPRESENTATION_CONTEXT('2D SPACE',''
  ) );
#777 = PCURVE('',#778,#783);
#778 = CYLINDRICAL_SURFACE('',#779,1.7);
#779 = AXIS2_PLACEMENT_3D('',#780,#781,#782);
#780 = CARTESIAN_POINT('',(60.,30.,-1.));
#781 = DIRECTION('',(0.,0.,1.));
#782 = DIRECTION('',(1.,0.,-0.));
#783 = DEFINITIONAL_REPRESENTATION('',(#784),#788);
#784 = LINE('',#785,#786);
#785 = CARTESIAN_POINT('',(0.,7.));
#786 = VECTOR('',#787,1.);
#787 = DIRECTION('',(1.,0.));
#788 = ( GEOMETRIC_REPRESENTATION_CONTEXT(2) 
PARAMETRIC_REPRESENTATION_CONTEXT() REPRESENTATION_CONTEXT('2D SPACE',''
  ) );
#789 = FACE_BOUND('',#790,.T.);
#790 = EDGE_LOOP('',(#791));
#791 = ORIENTED_EDGE('',*,*,#792,.F.);
#792 = EDGE_CURVE('',#793,#793,#795,.T.);
#793 = VERTEX_POINT('',#794);
#794 = CARTESIAN_POINT('',(11.7,40.,6.));
#795 = SURFACE_CURVE('',#796,(#801,#808),.PCURVE_S1.);
#796 = CIRCLE('',#797,1.7);
#797 = AXIS2_PLACEMENT_3D('',#798,#799,#800);
#798 = CARTESIAN_POINT('',(10.,40.,6.));
#799 = DIRECTION('',(0.,0.,1.));
#800 = DIRECTION('',(1.,0.,-0.));
#801 = PCURVE('',#126,#802);
#802 = DEFINITIONAL_REPRESENTATION('',(#803),#807);
#803 = CIRCLE('',#804,1.7);
#804 = AXIS2_PLACEMENT_2D('',#805,#806);
#805 = CARTESIAN_POINT('',(10.,40.));
#806 = DIRECTION('',(1.,0.));
#807 = ( GEOMETRIC_REPRESENTATION_CONTEXT(2) 
PARAMETRIC_REPRESENTATION_CONTEXT() REPRESENTATION_CONTEXT('2D SPACE',''
  ) );
#808 = PCURVE('',#809,#814);
#809 = CYLINDRICAL_SURFACE('',#810,1.7);
#810 = AXIS2_PLACEMENT_3D('',#811,#812,#813);
#811 = CARTESIAN_POINT('',(10.,40.,-1.));
#812 = DIRECTION('',(0.,0.,1.));
#813 = DIRECTION('',(1.,0.,-0.));
#814 = DEFINITIONAL_REPRESENTATION('',(#815),#819);
#815 = LINE('',#816,#817);
#816 = CARTESIAN_POINT('',(0.,7.));
#817 = VECTOR('',#818,1.);
#818 = DIRECTION('',(1.,0.));
#819 = ( GEOMETRIC_REPRESENTATION_CONTEXT(2) 
PARAMETRIC_REPRESENTATION_CONTEXT() REPRESENTATION_CONTEXT('2D SPACE',''
  ) );
#820 = FACE_BOUND('',#821,.T.);
#821 = EDGE_LOOP('',(#822));
#822 = ORIENTED_EDGE('',*,*,#823,.F.);
#823 = EDGE_CURVE('',#824,#824,#826,.T.);
#824 = VERTEX_POINT('',#825);
#825 = CARTESIAN_POINT('',(21.7,40.,6.));
#826 = SURFACE_CURVE('',#827,(#832,#839),.PCURVE_S1.);
#827 = CIRCLE('',#828,1.7);
#828 = AXIS2_PLACEMENT_3D('',#829,#830,#831);
#829 = CARTESIAN_POINT('',(20.,40.,6.));
#830 = DIRECTION('',(0.,0.,1.));
#831 = DIRECTION('',(1.,0.,-0.));
#832 = PCURVE('',#126,#833);
#833 = DEFINITIONAL_REPRESENTATION('',(#834),#838);
#834 = CIRCLE('',#835,1.7);
#835 = AXIS2_PLACEMENT_2D('',#836,#837);
#836 = CARTESIAN_POINT('',(20.,40.));
#837 = DIRECTION('',(1.,0.));
#838 = ( GEOMETRIC_REPRESENTATION_CONTEXT(2) 
PARAMETRIC_REPRESENTATION_CONTEXT() REPRESENTATION_CONTEXT('2D SPACE',''
  ) );
#839 = PCURVE('',#840,#845);
#840 = CYLINDRICAL_SURFACE('',#841,1.7);
#841 = AXIS2_PLACEMENT_3D('',#842,#843,#844);
#842 = CARTESIAN_POINT('',(20.,40.,-1.));
#843 = DIRECTION('',(0.,0.,1.));
#844 = DIRECTION('',(1.,0.,-0.));
#845 = DEFINITIONAL_REPRESENTATION('',(#846),#850);
#846 = LINE('',#847,#848);
#847 = CARTESIAN_POINT('',(0.,7.));
#848 = VECTOR('',#849,1.);
#849 = DIRECTION('',(1.,0.));
#850 = ( GEOMETRIC_REPRESENTATION_CONTEXT(2) 
PARAMETRIC_REPRESENTATION_CONTEXT() REPRESENTATION_CONTEXT('2D SPACE',''
  ) );
#851 = FACE_BOUND('',#852,.T.);
#852 = EDGE_LOOP('',(#853));
#853 = ORIENTED_EDGE('',*,*,#854,.F.);
#854 = EDGE_CURVE('',#855,#855,#857,.T.);
#855 = VERTEX_POINT('',#856);
#856 = CARTESIAN_POINT('',(11.7,50.,6.));
#857 = SURFACE_CURVE('',#858,(#863,#870),.PCURVE_S1.);
#858 = CIRCLE('',#859,1.7);
#859 = AXIS2_PLACEMENT_3D('',#860,#861,#862);
#860 = CARTESIAN_POINT('',(10.,50.,6.));
#861 = DIRECTION('',(0.,0.,1.));
#862 = DIRECTION('',(1.,0.,-0.));
#863 = PCURVE('',#126,#864);
#864 = DEFINITIONAL_REPRESENTATION('',(#865),#869);
#865 = CIRCLE('',#866,1.7);
#866 = AXIS2_PLACEMENT_2D('',#867,#868);
#867 = CARTESIAN_POINT('',(10.,50.));
#868 = DIRECTION('',(1.,0.));
#869 = ( GEOMETRIC_REPRESENTATION_CONTEXT(2) 
PARAMETRIC_REPRESENTATION_CONTEXT() REPRESENTATION_CONTEXT('2D SPACE',''
  ) );
#870 = PCURVE('',#871,#876);
#871 = CYLINDRICAL_SURFACE('',#872,1.7);
#872 = AXIS2_PLACEMENT_3D('',#873,#874,#875);
#873 = CARTESIAN_POINT('',(10.,50.,-1.));
#874 = DIRECTION('',(0.,0.,1.));
#875 = DIRECTION('',(1.,0.,-0.));
#876 = DEFINITIONAL_REPRESENTATION('',(#877),#881);
#877 = LINE('',#878,#879);
#878 = CARTESIAN_POINT('',(0.,7.));
#879 = VECTOR('',#880,1.);
#880 = DIRECTION('',(1.,0.));
#881 = ( GEOMETRIC_REPRESENTATION_CONTEXT(2) 
PARAMETRIC_REPRESENTATION_CONTEXT() REPRESENTATION_CONTEXT('2D SPACE',''
  ) );
#882 = FACE_BOUND('',#883,.T.);
#883 = EDGE_LOOP('',(#884));
#884 = ORIENTED_EDGE('',*,*,#885,.F.);
#885 = EDGE_CURVE('',#886,#886,#888,.T.);
#886 = VERTEX_POINT('',#887);
#887 = CARTESIAN_POINT('',(21.7,50.,6.));
#888 = SURFACE_CURVE('',#889,(#894,#901),.PCURVE_S1.);
#889 = CIRCLE('',#890,1.7);
#890 = AXIS2_PLACEMENT_3D('',#891,#892,#893);
#891 = CARTESIAN_POINT('',(20.,50.,6.));
#892 = DIRECTION('',(0.,0.,1.));
#893 = DIRECTION('',(1.,0.,-0.));
#894 = PCURVE('',#126,#895);
#895 = DEFINITIONAL_REPRESENTATION('',(#896),#900);
#896 = CIRCLE('',#897,1.7);
#897 = AXIS2_PLACEMENT_2D('',#898,#899);
#898 = CARTESIAN_POINT('',(20.,50.));
#899 = DIRECTION('',(1.,0.));
#900 = ( GEOMETRIC_REPRESENTATION_CONTEXT(2) 
PARAMETRIC_REPRESENTATION_CONTEXT() REPRESENTATION_CONTEXT('2D SPACE',''
  ) );
#901 = PCURVE('',#902,#907);
#902 = CYLINDRICAL_SURFACE('',#903,1.7);
#903 = AXIS2_PLACEMENT_3D('',#904,#905,#906);
#904 = CARTESIAN_POINT('',(20.,50.,-1.));
#905 = DIRECTION('',(0.,0.,1.));
#906 = DIRECTION('',(1.,0.,-0.));
#907 = DEFINITIONAL_REPRESENTATION('',(#908),#912);
#908 = LINE('',#909,#910);
#909 = CARTESIAN_POINT('',(0.,7.));
#910 = VECTOR('',#911,1.);
#911 = DIRECTION('',(1.,0.));
#912 = ( GEOMETRIC_REPRESENTATION_CONTEXT(2) 
PARAMETRIC_REPRESENTATION_CONTEXT() REPRESENTATION_CONTEXT('2D SPACE',''
  ) );
#913 = FACE_BOUND('',#914,.T.);
#914 = EDGE_LOOP('',(#915));
#915 = ORIENTED_EDGE('',*,*,#916,.F.);
#916 = EDGE_CURVE('',#917,#917,#919,.T.);
#917 = VERTEX_POINT('',#918);
#918 = CARTESIAN_POINT('',(31.7,40.,6.));
#919 = SURFACE_CURVE('',#920,(#925,#932),.PCURVE_S1.);
#920 = CIRCLE('',#921,1.7);
#921 = AXIS2_PLACEMENT_3D('',#922,#923,#924);
#922 = CARTESIAN_POINT('',(30.,40.,6.));
#923 = DIRECTION('',(0.,0.,1.));
#924 = DIRECTION('',(1.,0.,-0.));
#925 = PCURVE('',#126,#926);
#926 = DEFINITIONAL_REPRESENTATION('',(#927),#931);
#927 = CIRCLE('',#928,1.7);
#928 = AXIS2_PLACEMENT_2D('',#929,#930);
#929 = CARTESIAN_POINT('',(30.,40.));
#930 = DIRECTION('',(1.,0.));
#931 = ( GEOMETRIC_REPRESENTATION_CONTEXT(2) 
PARAMETRIC_REPRESENTATION_CONTEXT() REPRESENTATION_CONTEXT('2D SPACE',''
  ) );
#932 = PCURVE('',#933,#938);
#933 = CYLINDRICAL_SURFACE('',#934,1.7);
#934 = AXIS2_PLACEMENT_3D('',#935,#936,#937);
#935 = CARTESIAN_POINT('',(30.,40.,-1.));
#936 = DIRECTION('',(0.,0.,1.));
#937 = DIRECTION('',(1.,0.,-0.));
#938 = DEFINITIONAL_REPRESENTATION('',(#939),#943);
#939 = LINE('',#940,#941);
#940 = CARTESIAN_POINT('',(0.,7.));
#941 = VECTOR('',#942,1.);
#942 = DIRECTION('',(1.,0.));
#943 = ( GEOMETRIC_REPRESENTATION_CONTEXT(2) 
PARAMETRIC_REPRESENTATION_CONTEXT() REPRESENTATION_CONTEXT('2D SPACE',''
  ) );
#944 = FACE_BOUND('',#945,.T.);
#945 = EDGE_LOOP('',(#946));
#946 = ORIENTED_EDGE('',*,*,#947,.F.);
#947 = EDGE_CURVE('',#948,#948,#950,.T.);
#948 = VERTEX_POINT('',#949);
#949 = CARTESIAN_POINT('',(31.7,50.,6.));
#950 = SURFACE_CURVE('',#951,(#956,#963),.PCURVE_S1.);
#951 = CIRCLE('',#952,1.7);
#952 = AXIS2_PLACEMENT_3D('',#953,#954,#955);
#953 = CARTESIAN_POINT('',(30.,50.,6.));
#954 = DIRECTION('',(0.,0.,1.));
#955 = DIRECTION('',(1.,0.,-0.));
#956 = PCURVE('',#126,#957);
#957 = DEFINITIONAL_REPRESENTATION('',(#958),#962);
#958 = CIRCLE('',#959,1.7);
#959 = AXIS2_PLACEMENT_2D('',#960,#961);
#960 = CARTESIAN_POINT('',(30.,50.));
#961 = DIRECTION('',(1.,0.));
#962 = ( GEOMETRIC_REPRESENTATION_CONTEXT(2) 
PARAMETRIC_REPRESENTATION_CONTEXT() REPRESENTATION_CONTEXT('2D SPACE',''
  ) );
#963 = PCURVE('',#964,#969);
#964 = CYLINDRICAL_SURFACE('',#965,1.7);
#965 = AXIS2_PLACEMENT_3D('',#966,#967,#968);
#966 = CARTESIAN_POINT('',(30.,50.,-1.));
#967 = DIRECTION('',(0.,0.,1.));
#968 = DIRECTION('',(1.,0.,-0.));
#969 = DEFINITIONAL_REPRESENTATION('',(#970),#974);
#970 = LINE('',#971,#972);
#971 = CARTESIAN_POINT('',(0.,7.));
#972 = VECTOR('',#973,1.);
#973 = DIRECTION('',(1.,0.));
#974 = ( GEOMETRIC_REPRESENTATION_CONTEXT(2) 
PARAMETRIC_REPRESENTATION_CONTEXT() REPRESENTATION_CONTEXT('2D SPACE',''
  ) );
#975 = FACE_BOUND('',#976,.T.);
#976 = EDGE_LOOP('',(#977));
#977 = ORIENTED_EDGE('',*,*,#978,.F.);
#978 = EDGE_CURVE('',#979,#979,#981,.T.);
#979 = VERTEX_POINT('',#980);
#980 = CARTESIAN_POINT('',(11.7,60.,6.));
#981 = SURFACE_CURVE('',#982,(#987,#994),.PCURVE_S1.);
#982 = CIRCLE('',#983,1.7);
#983 = AXIS2_PLACEMENT_3D('',#984,#985,#986);
#984 = CARTESIAN_POINT('',(10.,60.,6.));
#985 = DIRECTION('',(0.,0.,1.));
#986 = DIRECTION('',(1.,0.,-0.));
#987 = PCURVE('',#126,#988);
#988 = DEFINITIONAL_REPRESENTATION('',(#989),#993);
#989 = CIRCLE('',#990,1.7);
#990 = AXIS2_PLACEMENT_2D('',#991,#992);
#991 = CARTESIAN_POINT('',(10.,60.));
#992 = DIRECTION('',(1.,0.));
#993 = ( GEOMETRIC_REPRESENTATION_CONTEXT(2) 
PARAMETRIC_REPRESENTATION_CONTEXT() REPRESENTATION_CONTEXT('2D SPACE',''
  ) );
#994 = PCURVE('',#995,#1000);
#995 = CYLINDRICAL_SURFACE('',#996,1.7);
#996 = AXIS2_PLACEMENT_3D('',#997,#998,#999);
#997 = CARTESIAN_POINT('',(10.,60.,-1.));
#998 = DIRECTION('',(0.,0.,1.));
#999 = DIRECTION('',(1.,0.,-0.));
#1000 = DEFINITIONAL_REPRESENTATION('',(#1001),#1005);
#1001 = LINE('',#1002,#1003);
#1002 = CARTESIAN_POINT('',(0.,7.));
#1003 = VECTOR('',#1004,1.);
#1004 = DIRECTION('',(1.,0.));
#1005 = ( GEOMETRIC_REPRESENTATION_CONTEXT(2) 
PARAMETRIC_REPRESENTATION_CONTEXT() REPRESENTATION_CONTEXT('2D SPACE',''
  ) );
#1006 = FACE_BOUND('',#1007,.T.);
#1007 = EDGE_LOOP('',(#1008));
#1008 = ORIENTED_EDGE('',*,*,#1009,.F.);
#1009 = EDGE_CURVE('',#1010,#1010,#1012,.T.);
#1010 = VERTEX_POINT('',#1011);
#1011 = CARTESIAN_POINT('',(21.7,60.,6.));
#1012 = SURFACE_CURVE('',#1013,(#1018,#1025),.PCURVE_S1.);
#1013 = CIRCLE('',#1014,1.7);
#1014 = AXIS2_PLACEMENT_3D('',#1015,#1016,#1017);
#1015 = CARTESIAN_POINT('',(20.,60.,6.));
#1016 = DIRECTION('',(0.,0.,1.));
#1017 = DIRECTION('',(1.,0.,-0.));
#1018 = PCURVE('',#126,#1019);
#1019 = DEFINITIONAL_REPRESENTATION('',(#1020),#1024);
#1020 = CIRCLE('',#1021,1.7);
#1021 = AXIS2_PLACEMENT_2D('',#1022,#1023);
#1022 = CARTESIAN_POINT('',(20.,60.));
#1023 = DIRECTION('',(1.,0.));
#1024 = ( GEOMETRIC_REPRESENTATION_CONTEXT(2) 
PARAMETRIC_REPRESENTATION_CONTEXT() REPRESENTATION_CONTEXT('2D SPACE',''
  ) );
#1025 = PCURVE('',#1026,#1031);
#1026 = CYLINDRICAL_SURFACE('',#1027,1.7);
#1027 = AXIS2_PLACEMENT_3D('',#1028,#1029,#1030);
#1028 = CARTESIAN_POINT('',(20.,60.,-1.));
#1029 = DIRECTION('',(0.,0.,1.));
#1030 = DIRECTION('',(1.,0.,-0.));
#1031 = DEFINITIONAL_REPRESENTATION('',(#1032),#1036);
#1032 = LINE('',#1033,#1034);
#1033 = CARTESIAN_POINT('',(0.,7.));
#1034 = VECTOR('',#1035,1.);
#1035 = DIRECTION('',(1.,0.));
#1036 = ( GEOMETRIC_REPRESENTATION_CONTEXT(2) 
PARAMETRIC_REPRESENTATION_CONTEXT() REPRESENTATION_CONTEXT('2D SPACE',''
  ) );
#1037 = FACE_BOUND('',#1038,.T.);
#1038 = EDGE_LOOP('',(#1039));
#1039 = ORIENTED_EDGE('',*,*,#1040,.F.);
#1040 = EDGE_CURVE('',#1041,#1041,#1043,.T.);
#1041 = VERTEX_POINT('',#1042);
#1042 = CARTESIAN_POINT('',(31.7,60.,6.));
#1043 = SURFACE_CURVE('',#1044,(#1049,#1056),.PCURVE_S1.);
#1044 = CIRCLE('',#1045,1.7);
#1045 = AXIS2_PLACEMENT_3D('',#1046,#1047,#1048);
#1046 = CARTESIAN_POINT('',(30.,60.,6.));
#1047 = DIRECTION('',(0.,0.,1.));
#1048 = DIRECTION('',(1.,0.,-0.));
#1049 = PCURVE('',#126,#1050);
#1050 = DEFINITIONAL_REPRESENTATION('',(#1051),#1055);
#1051 = CIRCLE('',#1052,1.7);
#1052 = AXIS2_PLACEMENT_2D('',#1053,#1054);
#1053 = CARTESIAN_POINT('',(30.,60.));
#1054 = DIRECTION('',(1.,0.));
#1055 = ( GEOMETRIC_REPRESENTATION_CONTEXT(2) 
PARAMETRIC_REPRESENTATION_CONTEXT() REPRESENTATION_CONTEXT('2D SPACE',''
  ) );
#1056 = PCURVE('',#1057,#1062);
#1057 = CYLINDRICAL_SURFACE('',#1058,1.7);
#1058 = AXIS2_PLACEMENT_3D('',#1059,#1060,#1061);
#1059 = CARTESIAN_POINT('',(30.,60.,-1.));
#1060 = DIRECTION('',(0.,0.,1.));
#1061 = DIRECTION('',(1.,0.,-0.));
#1062 = DEFINITIONAL_REPRESENTATION('',(#1063),#1067);
#1063 = LINE('',#1064,#1065);
#1064 = CARTESIAN_POINT('',(0.,7.));
#1065 = VECTOR('',#1066,1.);
#1066 = DIRECTION('',(1.,0.));
#1067 = ( GEOMETRIC_REPRESENTATION_CONTEXT(2) 
PARAMETRIC_REPRESENTATION_CONTEXT() REPRESENTATION_CONTEXT('2D SPACE',''
  ) );
#1068 = FACE_BOUND('',#1069,.T.);
#1069 = EDGE_LOOP('',(#1070));
#1070 = ORIENTED_EDGE('',*,*,#1071,.F.);
#1071 = EDGE_CURVE('',#1072,#1072,#1074,.T.);
#1072 = VERTEX_POINT('',#1073);
#1073 = CARTESIAN_POINT('',(41.7,40.,6.));
#1074 = SURFACE_CURVE('',#1075,(#1080,#1087),.PCURVE_S1.);
#1075 = CIRCLE('',#1076,1.7);
#1076 = AXIS2_PLACEMENT_3D('',#1077,#1078,#1079);
#1077 = CARTESIAN_POINT('',(40.,40.,6.));
#1078 = DIRECTION('',(0.,0.,1.));
#1079 = DIRECTION('',(1.,0.,-0.));
#1080 = PCURVE('',#126,#1081);
#1081 = DEFINITIONAL_REPRESENTATION('',(#1082),#1086);
#1082 = CIRCLE('',#1083,1.7);
#1083 = AXIS2_PLACEMENT_2D('',#1084,#1085);
#1084 = CARTESIAN_POINT('',(40.,40.));
#1085 = DIRECTION('',(1.,0.));
#1086 = ( GEOMETRIC_REPRESENTATION_CONTEXT(2) 
PARAMETRIC_REPRESENTATION_CONTEXT() REPRESENTATION_CONTEXT('2D SPACE',''
  ) );
#1087 = PCURVE('',#1088,#1093);
#1088 = CYLINDRICAL_SURFACE('',#1089,1.7);
#1089 = AXIS2_PLACEMENT_3D('',#1090,#1091,#1092);
#1090 = CARTESIAN_POINT('',(40.,40.,-1.));
#1091 = DIRECTION('',(0.,0.,1.));
#1092 = DIRECTION('',(1.,0.,-0.));
#1093 = DEFINITIONAL_REPRESENTATION('',(#1094),#1098);
#1094 = LINE('',#1095,#1096);
#1095 = CARTESIAN_POINT('',(0.,7.));
#1096 = VECTOR('',#1097,1.);
#1097 = DIRECTION('',(1.,0.));
#1098 = ( GEOMETRIC_REPRESENTATION_CONTEXT(2) 
PARAMETRIC_REPRESENTATION_CONTEXT() REPRESENTATION_CONTEXT('2D SPACE',''
  ) );
#1099 = FACE_BOUND('',#1100,.T.);
#1100 = EDGE_LOOP('',(#1101));
#1101 = ORIENTED_EDGE('',*,*,#1102,.F.);
#1102 = EDGE_CURVE('',#1103,#1103,#1105,.T.);
#1103 = VERTEX_POINT('',#1104);
#1104 = CARTESIAN_POINT('',(51.7,40.,6.));
#1105 = SURFACE_CURVE('',#1106,(#1111,#1118),.PCURVE_S1.);
#1106 = CIRCLE('',#1107,1.7);
#1107 = AXIS2_PLACEMENT_3D('',#1108,#1109,#1110);
#1108 = CARTESIAN_POINT('',(50.,40.,6.));
#1109 = DIRECTION('',(0.,0.,1.));
#1110 = DIRECTION('',(1.,0.,-0.));
#1111 = PCURVE('',#126,#1112);
#1112 = DEFINITIONAL_REPRESENTATION('',(#1113),#1117);
#1113 = CIRCLE('',#1114,1.7);
#1114 = AXIS2_PLACEMENT_2D('',#1115,#1116);
#1115 = CARTESIAN_POINT('',(50.,40.));
#1116 = DIRECTION('',(1.,0.));
#1117 = ( GEOMETRIC_REPRESENTATION_CONTEXT(2) 
PARAMETRIC_REPRESENTATION_CONTEXT() REPRESENTATION_CONTEXT('2D SPACE',''
  ) );
#1118 = PCURVE('',#1119,#1124);
#1119 = CYLINDRICAL_SURFACE('',#1120,1.7);
#1120 = AXIS2_PLACEMENT_3D('',#1121,#1122,#1123);
#1121 = CARTESIAN_POINT('',(50.,40.,-1.));
#1122 = DIRECTION('',(0.,0.,1.));
#1123 = DIRECTION('',(1.,0.,-0.));
#1124 = DEFINITIONAL_REPRESENTATION('',(#1125),#1129);
#1125 = LINE('',#1126,#1127);
#1126 = CARTESIAN_POINT('',(0.,7.));
#1127 = VECTOR('',#1128,1.);
#1128 = DIRECTION('',(1.,0.));
#1129 = ( GEOMETRIC_REPRESENTATION_CONTEXT(2) 
PARAMETRIC_REPRESENTATION_CONTEXT() REPRESENTATION_CONTEXT('2D SPACE',''
  ) );
#1130 = FACE_BOUND('',#1131,.T.);
#1131 = EDGE_LOOP('',(#1132));
#1132 = ORIENTED_EDGE('',*,*,#1133,.F.);
#1133 = EDGE_CURVE('',#1134,#1134,#1136,.T.);
#1134 = VERTEX_POINT('',#1135);
#1135 = CARTESIAN_POINT('',(41.7,50.,6.));
#1136 = SURFACE_CURVE('',#1137,(#1142,#1149),.PCURVE_S1.);
#1137 = CIRCLE('',#1138,1.7);
#1138 = AXIS2_PLACEMENT_3D('',#1139,#1140,#1141);
#1139 = CARTESIAN_POINT('',(40.,50.,6.));
#1140 = DIRECTION('',(0.,0.,1.));
#1141 = DIRECTION('',(1.,0.,-0.));
#1142 = PCURVE('',#126,#1143);
#1143 = DEFINITIONAL_REPRESENTATION('',(#1144),#1148);
#1144 = CIRCLE('',#1145,1.7);
#1145 = AXIS2_PLACEMENT_2D('',#1146,#1147);
#1146 = CARTESIAN_POINT('',(40.,50.));
#1147 = DIRECTION('',(1.,0.));
#1148 = ( GEOMETRIC_REPRESENTATION_CONTEXT(2) 
PARAMETRIC_REPRESENTATION_CONTEXT() REPRESENTATION_CONTEXT('2D SPACE',''
  ) );
#1149 = PCURVE('',#1150,#1155);
#1150 = CYLINDRICAL_SURFACE('',#1151,1.7);
#1151 = AXIS2_PLACEMENT_3D('',#1152,#1153,#1154);
#1152 = CARTESIAN_POINT('',(40.,50.,-1.));
#1153 = DIRECTION('',(0.,0.,1.));
#1154 = DIRECTION('',(1.,0.,-0.));
#1155 = DEFINITIONAL_REPRESENTATION('',(#1156),#1160);
#1156 = LINE('',#1157,#1158);
#1157 = CARTESIAN_POINT('',(0.,7.));
#1158 = VECTOR('',#1159,1.);
#1159 = DIRECTION('',(1.,0.));
#1160 = ( GEOMETRIC_REPRESENTATION_CONTEXT(2) 
PARAMETRIC_REPRESENTATION_CONTEXT() REPRESENTATION_CONTEXT('2D SPACE',''
  ) );
#1161 = FACE_BOUND('',#1162,.T.);
#1162 = EDGE_LOOP('',(#1163));
#1163 = ORIENTED_EDGE('',*,*,#1164,.F.);
#1164 = EDGE_CURVE('',#1165,#1165,#1167,.T.);
#1165 = VERTEX_POINT('',#1166);
#1166 = CARTESIAN_POINT('',(51.7,50.,6.));
#1167 = SURFACE_CURVE('',#1168,(#1173,#1180),.PCURVE_S1.);
#1168 = CIRCLE('',#1169,1.7);
#1169 = AXIS2_PLACEMENT_3D('',#1170,#1171,#1172);
#1170 = CARTESIAN_POINT('',(50.,50.,6.));
#1171 = DIRECTION('',(0.,0.,1.));
#1172 = DIRECTION('',(1.,0.,-0.));
#1173 = PCURVE('',#126,#1174);
#1174 = DEFINITIONAL_REPRESENTATION('',(#1175),#1179);
#1175 = CIRCLE('',#1176,1.7);
#1176 = AXIS2_PLACEMENT_2D('',#1177,#1178);
#1177 = CARTESIAN_POINT('',(50.,50.));
#1178 = DIRECTION('',(1.,0.));
#1179 = ( GEOMETRIC_REPRESENTATION_CONTEXT(2) 
PARAMETRIC_REPRESENTATION_CONTEXT() REPRESENTATION_CONTEXT('2D SPACE',''
  ) );
#1180 = PCURVE('',#1181,#1186);
#1181 = CYLINDRICAL_SURFACE('',#1182,1.7);
#1182 = AXIS2_PLACEMENT_3D('',#1183,#1184,#1185);
#1183 = CARTESIAN_POINT('',(50.,50.,-1.));
#1184 = DIRECTION('',(0.,0.,1.));
#1185 = DIRECTION('',(1.,0.,-0.));
#1186 = DEFINITIONAL_REPRESENTATION('',(#1187),#1191);
#1187 = LINE('',#1188,#1189);
#1188 = CARTESIAN_POINT('',(0.,7.));
#1189 = VECTOR('',#1190,1.);
#1190 = DIRECTION('',(1.,0.));
#1191 = ( GEOMETRIC_REPRESENTATION_CONTEXT(2) 
PARAMETRIC_REPRESENTATION_CONTEXT() REPRESENTATION_CONTEXT('2D SPACE',''
  ) );
#1192 = FACE_BOUND('',#1193,.T.);
#1193 = EDGE_LOOP('',(#1194));
#1194 = ORIENTED_EDGE('',*,*,#1195,.F.);
#1195 = EDGE_CURVE('',#1196,#1196,#1198,.T.);
#1196 = VERTEX_POINT('',#1197);
#1197 = CARTESIAN_POINT('',(61.7,40.,6.));
#1198 = SURFACE_CURVE('',#1199,(#1204,#1211),.PCURVE_S1.);
#1199 = CIRCLE('',#1200,1.7);
#1200 = AXIS2_PLACEMENT_3D('',#1201,#1202,#1203);
#1201 = CARTESIAN_POINT('',(60.,40.,6.));
#1202 = DIRECTION('',(0.,0.,1.));
#1203 = DIRECTION('',(1.,0.,-0.));
#1204 = PCURVE('',#126,#1205);
#1205 = DEFINITIONAL_REPRESENTATION('',(#1206),#1210);
#1206 = CIRCLE('',#1207,1.7);
#1207 = AXIS2_PLACEMENT_2D('',#1208,#1209);
#1208 = CARTESIAN_POINT('',(60.,40.));
#1209 = DIRECTION('',(1.,0.));
#1210 = ( GEOMETRIC_REPRESENTATION_CONTEXT(2) 
PARAMETRIC_REPRESENTATION_CONTEXT() REPRESENTATION_CONTEXT('2D SPACE',''
  ) );
#1211 = PCURVE('',#1212,#1217);
#1212 = CYLINDRICAL_SURFACE('',#1213,1.7);
#1213 = AXIS2_PLACEMENT_3D('',#1214,#1215,#1216);
#1214 = CARTESIAN_POINT('',(60.,40.,-1.));
#1215 = DIRECTION('',(0.,0.,1.));
#1216 = DIRECTION('',(1.,0.,-0.));
#1217 = DEFINITIONAL_REPRESENTATION('',(#1218),#1222);
#1218 = LINE('',#1219,#1220);
#1219 = CARTESIAN_POINT('',(0.,7.));
#1220 = VECTOR('',#1221,1.);
#1221 = DIRECTION('',(1.,0.));
#1222 = ( GEOMETRIC_REPRESENTATION_CONTEXT(2) 
PARAMETRIC_REPRESENTATION_CONTEXT() REPRESENTATION_CONTEXT('2D SPACE',''
  ) );
#1223 = FACE_BOUND('',#1224,.T.);
#1224 = EDGE_LOOP('',(#1225));
#1225 = ORIENTED_EDGE('',*,*,#1226,.F.);
#1226 = EDGE_CURVE('',#1227,#1227,#1229,.T.);
#1227 = VERTEX_POINT('',#1228);
#1228 = CARTESIAN_POINT('',(61.7,50.,6.));
#1229 = SURFACE_CURVE('',#1230,(#1235,#1242),.PCURVE_S1.);
#1230 = CIRCLE('',#1231,1.7);
#1231 = AXIS2_PLACEMENT_3D('',#1232,#1233,#1234);
#1232 = CARTESIAN_POINT('',(60.,50.,6.));
#1233 = DIRECTION('',(0.,0.,1.));
#1234 = DIRECTION('',(1.,0.,-0.));
#1235 = PCURVE('',#126,#1236);
#1236 = DEFINITIONAL_REPRESENTATION('',(#1237),#1241);
#1237 = CIRCLE('',#1238,1.7);
#1238 = AXIS2_PLACEMENT_2D('',#1239,#1240);
#1239 = CARTESIAN_POINT('',(60.,50.));
#1240 = DIRECTION('',(1.,0.));
#1241 = ( GEOMETRIC_REPRESENTATION_CONTEXT(2) 
PARAMETRIC_REPRESENTATION_CONTEXT() REPRESENTATION_CONTEXT('2D SPACE',''
  ) );
#1242 = PCURVE('',#1243,#1248);
#1243 = CYLINDRICAL_SURFACE('',#1244,1.7);
#1244 = AXIS2_PLACEMENT_3D('',#1245,#1246,#1247);
#1245 = CARTESIAN_POINT('',(60.,50.,-1.));
#1246 = DIRECTION('',(0.,0.,1.));
#1247 = DIRECTION('',(1.,0.,-0.));
#1248 = DEFINITIONAL_REPRESENTATION('',(#1249),#1253);
#1249 = LINE('',#1250,#1251);
#1250 = CARTESIAN_POINT('',(0.,7.));
#1251 = VECTOR('',#1252,1.);
#1252 = DIRECTION('',(1.,0.));
#1253 = ( GEOMETRIC_REPRESENTATION_CONTEXT(2) 
PARAMETRIC_REPRESENTATION_CONTEXT() REPRESENTATION_CONTEXT('2D SPACE',''
  ) );
#1254 = FACE_BOUND('',#1255,.T.);
#1255 = EDGE_LOOP('',(#1256));
#1256 = ORIENTED_EDGE('',*,*,#1257,.F.);
#1257 = EDGE_CURVE('',#1258,#1258,#1260,.T.);
#1258 = VERTEX_POINT('',#1259);
#1259 = CARTESIAN_POINT('',(71.7,10.,6.));
#1260 = SURFACE_CURVE('',#1261,(#1266,#1273),.PCURVE_S1.);
#1261 = CIRCLE('',#1262,1.7);
#1262 = AXIS2_PLACEMENT_3D('',#1263,#1264,#1265);
#1263 = CARTESIAN_POINT('',(70.,10.,6.));
#1264 = DIRECTION('',(0.,0.,1.));
#1265 = DIRECTION('',(1.,0.,-0.));
#1266 = PCURVE('',#126,#1267);
#1267 = DEFINITIONAL_REPRESENTATION('',(#1268),#1272);
#1268 = CIRCLE('',#1269,1.7);
#1269 = AXIS2_PLACEMENT_2D('',#1270,#1271);
#1270 = CARTESIAN_POINT('',(70.,10.));
#1271 = DIRECTION('',(1.,0.));
#1272 = ( GEOMETRIC_REPRESENTATION_CONTEXT(2) 
PARAMETRIC_REPRESENTATION_CONTEXT() REPRESENTATION_CONTEXT('2D SPACE',''
  ) );
#1273 = PCURVE('',#1274,#1279);
#1274 = CYLINDRICAL_SURFACE('',#1275,1.7);
#1275 = AXIS2_PLACEMENT_3D('',#1276,#1277,#1278);
#1276 = CARTESIAN_POINT('',(70.,10.,-1.));
#1277 = DIRECTION('',(0.,0.,1.));
#1278 = DIRECTION('',(1.,0.,-0.));
#1279 = DEFINITIONAL_REPRESENTATION('',(#1280),#1284);
#1280 = LINE('',#1281,#1282);
#1281 = CARTESIAN_POINT('',(0.,7.));
#1282 = VECTOR('',#1283,1.);
#1283 = DIRECTION('',(1.,0.));
#1284 = ( GEOMETRIC_REPRESENTATION_CONTEXT(2) 
PARAMETRIC_REPRESENTATION_CONTEXT() REPRESENTATION_CONTEXT('2D SPACE',''
  ) );
#1285 = FACE_BOUND('',#1286,.T.);
#1286 = EDGE_LOOP('',(#1287));
#1287 = ORIENTED_EDGE('',*,*,#1288,.F.);
#1288 = EDGE_CURVE('',#1289,#1289,#1291,.T.);
#1289 = VERTEX_POINT('',#1290);
#1290 = CARTESIAN_POINT('',(71.7,20.,6.));
#1291 = SURFACE_CURVE('',#1292,(#1297,#1304),.PCURVE_S1.);
#1292 = CIRCLE('',#1293,1.7);
#1293 = AXIS2_PLACEMENT_3D('',#1294,#1295,#1296);
#1294 = CARTESIAN_POINT('',(70.,20.,6.));
#1295 = DIRECTION('',(0.,0.,1.));
#1296 = DIRECTION('',(1.,0.,-0.));
#1297 = PCURVE('',#126,#1298);
#1298 = DEFINITIONAL_REPRESENTATION('',(#1299),#1303);
#1299 = CIRCLE('',#1300,1.7);
#1300 = AXIS2_PLACEMENT_2D('',#1301,#1302);
#1301 = CARTESIAN_POINT('',(70.,20.));
#1302 = DIRECTION('',(1.,0.));
#1303 = ( GEOMETRIC_REPRESENTATION_CONTEXT(2) 
PARAMETRIC_REPRESENTATION_CONTEXT() REPRESENTATION_CONTEXT('2D SPACE',''
  ) );
#1304 = PCURVE('',#1305,#1310);
#1305 = CYLINDRICAL_SURFACE('',#1306,1.7);
#1306 = AXIS2_PLACEMENT_3D('',#1307,#1308,#1309);
#1307 = CARTESIAN_POINT('',(70.,20.,-1.));
#1308 = DIRECTION('',(0.,0.,1.));
#1309 = DIRECTION('',(1.,0.,-0.));
#1310 = DEFINITIONAL_REPRESENTATION('',(#1311),#1315);
#1311 = LINE('',#1312,#1313);
#1312 = CARTESIAN_POINT('',(0.,7.));
#1313 = VECTOR('',#1314,1.);
#1314 = DIRECTION('',(1.,0.));
#1315 = ( GEOMETRIC_REPRESENTATION_CONTEXT(2) 
PARAMETRIC_REPRESENTATION_CONTEXT() REPRESENTATION_CONTEXT('2D SPACE',''
  ) );
#1316 = FACE_BOUND('',#1317,.T.);
#1317 = EDGE_LOOP('',(#1318));
#1318 = ORIENTED_EDGE('',*,*,#1319,.F.);
#1319 = EDGE_CURVE('',#1320,#1320,#1322,.T.);
#1320 = VERTEX_POINT('',#1321);
#1321 = CARTESIAN_POINT('',(83.7,15.,6.));
#1322 = SURFACE_CURVE('',#1323,(#1328,#1335),.PCURVE_S1.);
#1323 = CIRCLE('',#1324,1.7);
#1324 = AXIS2_PLACEMENT_3D('',#1325,#1326,#1327);
#1325 = CARTESIAN_POINT('',(82.,15.,6.));
#1326 = DIRECTION('',(0.,0.,1.));
#1327 = DIRECTION('',(1.,0.,-0.));
#1328 = PCURVE('',#126,#1329);
#1329 = DEFINITIONAL_REPRESENTATION('',(#1330),#1334);
#1330 = CIRCLE('',#1331,1.7);
#1331 = AXIS2_PLACEMENT_2D('',#1332,#1333);
#1332 = CARTESIAN_POINT('',(82.,15.));
#1333 = DIRECTION('',(1.,0.));
#1334 = ( GEOMETRIC_REPRESENTATION_CONTEXT(2) 
PARAMETRIC_REPRESENTATION_CONTEXT() REPRESENTATION_CONTEXT('2D SPACE',''
  ) );
#1335 = PCURVE('',#1336,#1341);
#1336 = CYLINDRICAL_SURFACE('',#1337,1.7);
#1337 = AXIS2_PLACEMENT_3D('',#1338,#1339,#1340);
#1338 = CARTESIAN_POINT('',(82.,15.,-1.));
#1339 = DIRECTION('',(0.,0.,1.));
#1340 = DIRECTION('',(1.,0.,-0.));
#1341 = DEFINITIONAL_REPRESENTATION('',(#1342),#1346);
#1342 = LINE('',#1343,#1344);
#1343 = CARTESIAN_POINT('',(0.,7.));
#1344 = VECTOR('',#1345,1.);
#1345 = DIRECTION('',(1.,0.));
#1346 = ( GEOMETRIC_REPRESENTATION_CONTEXT(2) 
PARAMETRIC_REPRESENTATION_CONTEXT() REPRESENTATION_CONTEXT('2D SPACE',''
  ) );
#1347 = FACE_BOUND('',#1348,.T.);
#1348 = EDGE_LOOP('',(#1349));
#1349 = ORIENTED_EDGE('',*,*,#1350,.F.);
#1350 = EDGE_CURVE('',#1351,#1351,#1353,.T.);
#1351 = VERTEX_POINT('',#1352);
#1352 = CARTESIAN_POINT('',(91.7,10.,6.));
#1353 = SURFACE_CURVE('',#1354,(#1359,#1366),.PCURVE_S1.);
#1354 = CIRCLE('',#1355,1.7);
#1355 = AXIS2_PLACEMENT_3D('',#1356,#1357,#1358);
#1356 = CARTESIAN_POINT('',(90.,10.,6.));
#1357 = DIRECTION('',(0.,0.,1.));
#1358 = DIRECTION('',(1.,0.,-0.));
#1359 = PCURVE('',#126,#1360);
#1360 = DEFINITIONAL_REPRESENTATION('',(#1361),#1365);
#1361 = CIRCLE('',#1362,1.7);
#1362 = AXIS2_PLACEMENT_2D('',#1363,#1364);
#1363 = CARTESIAN_POINT('',(90.,10.));
#1364 = DIRECTION('',(1.,0.));
#1365 = ( GEOMETRIC_REPRESENTATION_CONTEXT(2) 
PARAMETRIC_REPRESENTATION_CONTEXT() REPRESENTATION_CONTEXT('2D SPACE',''
  ) );
#1366 = PCURVE('',#1367,#1372);
#1367 = CYLINDRICAL_SURFACE('',#1368,1.7);
#1368 = AXIS2_PLACEMENT_3D('',#1369,#1370,#1371);
#1369 = CARTESIAN_POINT('',(90.,10.,-1.));
#1370 = DIRECTION('',(0.,0.,1.));
#1371 = DIRECTION('',(1.,0.,-0.));
#1372 = DEFINITIONAL_REPRESENTATION('',(#1373),#1377);
#1373 = LINE('',#1374,#1375);
#1374 = CARTESIAN_POINT('',(0.,7.));
#1375 = VECTOR('',#1376,1.);
#1376 = DIRECTION('',(1.,0.));
#1377 = ( GEOMETRIC_REPRESENTATION_CONTEXT(2) 
PARAMETRIC_REPRESENTATION_CONTEXT() REPRESENTATION_CONTEXT('2D SPACE',''
  ) );
#1378 = FACE_BOUND('',#1379,.T.);
#1379 = EDGE_LOOP('',(#1380));
#1380 = ORIENTED_EDGE('',*,*,#1381,.F.);
#1381 = EDGE_CURVE('',#1382,#1382,#1384,.T.);
#1382 = VERTEX_POINT('',#1383);
#1383 = CARTESIAN_POINT('',(91.7,20.,6.));
#1384 = SURFACE_CURVE('',#1385,(#1390,#1397),.PCURVE_S1.);
#1385 = CIRCLE('',#1386,1.7);
#1386 = AXIS2_PLACEMENT_3D('',#1387,#1388,#1389);
#1387 = CARTESIAN_POINT('',(90.,20.,6.));
#1388 = DIRECTION('',(0.,0.,1.));
#1389 = DIRECTION('',(1.,0.,-0.));
#1390 = PCURVE('',#126,#1391);
#1391 = DEFINITIONAL_REPRESENTATION('',(#1392),#1396);
#1392 = CIRCLE('',#1393,1.7);
#1393 = AXIS2_PLACEMENT_2D('',#1394,#1395);
#1394 = CARTESIAN_POINT('',(90.,20.));
#1395 = DIRECTION('',(1.,0.));
#1396 = ( GEOMETRIC_REPRESENTATION_CONTEXT(2) 
PARAMETRIC_REPRESENTATION_CONTEXT() REPRESENTATION_CONTEXT('2D SPACE',''
  ) );
#1397 = PCURVE('',#1398,#1403);
#1398 = CYLINDRICAL_SURFACE('',#1399,1.7);
#1399 = AXIS2_PLACEMENT_3D('',#1400,#1401,#1402);
#1400 = CARTESIAN_POINT('',(90.,20.,-1.));
#1401 = DIRECTION('',(0.,0.,1.));
#1402 = DIRECTION('',(1.,0.,-0.));
#1403 = DEFINITIONAL_REPRESENTATION('',(#1404),#1408);
#1404 = LINE('',#1405,#1406);
#1405 = CARTESIAN_POINT('',(0.,7.));
#1406 = VECTOR('',#1407,1.);
#1407 = DIRECTION('',(1.,0.));
#1408 = ( GEOMETRIC_REPRESENTATION_CONTEXT(2) 
PARAMETRIC_REPRESENTATION_CONTEXT() REPRESENTATION_CONTEXT('2D SPACE',''
  ) );
#1409 = FACE_BOUND('',#1410,.T.);
#1410 = EDGE_LOOP('',(#1411));
#1411 = ORIENTED_EDGE('',*,*,#1412,.F.);
#1412 = EDGE_CURVE('',#1413,#1413,#1415,.T.);
#1413 = VERTEX_POINT('',#1414);
#1414 = CARTESIAN_POINT('',(71.7,30.,6.));
#1415 = SURFACE_CURVE('',#1416,(#1421,#1428),.PCURVE_S1.);
#1416 = CIRCLE('',#1417,1.7);
#1417 = AXIS2_PLACEMENT_3D('',#1418,#1419,#1420);
#1418 = CARTESIAN_POINT('',(70.,30.,6.));
#1419 = DIRECTION('',(0.,0.,1.));
#1420 = DIRECTION('',(1.,0.,-0.));
#1421 = PCURVE('',#126,#1422);
#1422 = DEFINITIONAL_REPRESENTATION('',(#1423),#1427);
#1423 = CIRCLE('',#1424,1.7);
#1424 = AXIS2_PLACEMENT_2D('',#1425,#1426);
#1425 = CARTESIAN_POINT('',(70.,30.));
#1426 = DIRECTION('',(1.,0.));
#1427 = ( GEOMETRIC_REPRESENTATION_CONTEXT(2) 
PARAMETRIC_REPRESENTATION_CONTEXT() REPRESENTATION_CONTEXT('2D SPACE',''
  ) );
#1428 = PCURVE('',#1429,#1434);
#1429 = CYLINDRICAL_SURFACE('',#1430,1.7);
#1430 = AXIS2_PLACEMENT_3D('',#1431,#1432,#1433);
#1431 = CARTESIAN_POINT('',(70.,30.,-1.));
#1432 = DIRECTION('',(0.,0.,1.));
#1433 = DIRECTION('',(1.,0.,-0.));
#1434 = DEFINITIONAL_REPRESENTATION('',(#1435),#1439);
#1435 = LINE('',#1436,#1437);
#1436 = CARTESIAN_POINT('',(0.,7.));
#1437 = VECTOR('',#1438,1.);
#1438 = DIRECTION('',(1.,0.));
#1439 = ( GEOMETRIC_REPRESENTATION_CONTEXT(2) 
PARAMETRIC_REPRESENTATION_CONTEXT() REPRESENTATION_CONTEXT('2D SPACE',''
  ) );
#1440 = FACE_BOUND('',#1441,.T.);
#1441 = EDGE_LOOP('',(#1442));
#1442 = ORIENTED_EDGE('',*,*,#1443,.F.);
#1443 = EDGE_CURVE('',#1444,#1444,#1446,.T.);
#1444 = VERTEX_POINT('',#1445);
#1445 = CARTESIAN_POINT('',(81.7,30.,6.));
#1446 = SURFACE_CURVE('',#1447,(#1452,#1459),.PCURVE_S1.);
#1447 = CIRCLE('',#1448,1.7);
#1448 = AXIS2_PLACEMENT_3D('',#1449,#1450,#1451);
#1449 = CARTESIAN_POINT('',(80.,30.,6.));
#1450 = DIRECTION('',(0.,0.,1.));
#1451 = DIRECTION('',(1.,0.,-0.));
#1452 = PCURVE('',#126,#1453);
#1453 = DEFINITIONAL_REPRESENTATION('',(#1454),#1458);
#1454 = CIRCLE('',#1455,1.7);
#1455 = AXIS2_PLACEMENT_2D('',#1456,#1457);
#1456 = CARTESIAN_POINT('',(80.,30.));
#1457 = DIRECTION('',(1.,0.));
#1458 = ( GEOMETRIC_REPRESENTATION_CONTEXT(2) 
PARAMETRIC_REPRESENTATION_CONTEXT() REPRESENTATION_CONTEXT('2D SPACE',''
  ) );
#1459 = PCURVE('',#1460,#1465);
#1460 = CYLINDRICAL_SURFACE('',#1461,1.7);
#1461 = AXIS2_PLACEMENT_3D('',#1462,#1463,#1464);
#1462 = CARTESIAN_POINT('',(80.,30.,-1.));
#1463 = DIRECTION('',(0.,0.,1.));
#1464 = DIRECTION('',(1.,0.,-0.));
#1465 = DEFINITIONAL_REPRESENTATION('',(#1466),#1470);
#1466 = LINE('',#1467,#1468);
#1467 = CARTESIAN_POINT('',(0.,7.));
#1468 = VECTOR('',#1469,1.);
#1469 = DIRECTION('',(1.,0.));
#1470 = ( GEOMETRIC_REPRESENTATION_CONTEXT(2) 
PARAMETRIC_REPRESENTATION_CONTEXT() REPRESENTATION_CONTEXT('2D SPACE',''
  ) );
#1471 = FACE_BOUND('',#1472,.T.);
#1472 = EDGE_LOOP('',(#1473));
#1473 = ORIENTED_EDGE('',*,*,#1474,.F.);
#1474 = EDGE_CURVE('',#1475,#1475,#1477,.T.);
#1475 = VERTEX_POINT('',#1476);
#1476 = CARTESIAN_POINT('',(91.7,30.,6.));
#1477 = SURFACE_CURVE('',#1478,(#1483,#1490),.PCURVE_S1.);
#1478 = CIRCLE('',#1479,1.7);
#1479 = AXIS2_PLACEMENT_3D('',#1480,#1481,#1482);
#1480 = CARTESIAN_POINT('',(90.,30.,6.));
#1481 = DIRECTION('',(0.,0.,1.));
#1482 = DIRECTION('',(1.,0.,-0.));
#1483 = PCURVE('',#126,#1484);
#1484 = DEFINITIONAL_REPRESENTATION('',(#1485),#1489);
#1485 = CIRCLE('',#1486,1.7);
#1486 = AXIS2_PLACEMENT_2D('',#1487,#1488);
#1487 = CARTESIAN_POINT('',(90.,30.));
#1488 = DIRECTION('',(1.,0.));
#1489 = ( GEOMETRIC_REPRESENTATION_CONTEXT(2) 
PARAMETRIC_REPRESENTATION_CONTEXT() REPRESENTATION_CONTEXT('2D SPACE',''
  ) );
#1490 = PCURVE('',#1491,#1496);
#1491 = CYLINDRICAL_SURFACE('',#1492,1.7);
#1492 = AXIS2_PLACEMENT_3D('',#1493,#1494,#1495);
#1493 = CARTESIAN_POINT('',(90.,30.,-1.));
#1494 = DIRECTION('',(0.,0.,1.));
#1495 = DIRECTION('',(1.,0.,-0.));
#1496 = DEFINITIONAL_REPRESENTATION('',(#1497),#1501);
#1497 = LINE('',#1498,#1499);
#1498 = CARTESIAN_POINT('',(0.,7.));
#1499 = VECTOR('',#1500,1.);
#1500 = DIRECTION('',(1.,0.));
#1501 = ( GEOMETRIC_REPRESENTATION_CONTEXT(2) 
PARAMETRIC_REPRESENTATION_CONTEXT() REPRESENTATION_CONTEXT('2D SPACE',''
  ) );
#1502 = FACE_BOUND('',#1503,.T.);
#1503 = EDGE_LOOP('',(#1504));
#1504 = ORIENTED_EDGE('',*,*,#1505,.F.);
#1505 = EDGE_CURVE('',#1506,#1506,#1508,.T.);
#1506 = VERTEX_POINT('',#1507);
#1507 = CARTESIAN_POINT('',(101.7,10.,6.));
#1508 = SURFACE_CURVE('',#1509,(#1514,#1521),.PCURVE_S1.);
#1509 = CIRCLE('',#1510,1.7);
#1510 = AXIS2_PLACEMENT_3D('',#1511,#1512,#1513);
#1511 = CARTESIAN_POINT('',(100.,10.,6.));
#1512 = DIRECTION('',(0.,0.,1.));
#1513 = DIRECTION('',(1.,0.,-0.));
#1514 = PCURVE('',#126,#1515);
#1515 = DEFINITIONAL_REPRESENTATION('',(#1516),#1520);
#1516 = CIRCLE('',#1517,1.7);
#1517 = AXIS2_PLACEMENT_2D('',#1518,#1519);
#1518 = CARTESIAN_POINT('',(100.,10.));
#1519 = DIRECTION('',(1.,0.));
#1520 = ( GEOMETRIC_REPRESENTATION_CONTEXT(2) 
PARAMETRIC_REPRESENTATION_CONTEXT() REPRESENTATION_CONTEXT('2D SPACE',''
  ) );
#1521 = PCURVE('',#1522,#1527);
#1522 = CYLINDRICAL_SURFACE('',#1523,1.7);
#1523 = AXIS2_PLACEMENT_3D('',#1524,#1525,#1526);
#1524 = CARTESIAN_POINT('',(100.,10.,-1.));
#1525 = DIRECTION('',(0.,0.,1.));
#1526 = DIRECTION('',(1.,0.,-0.));
#1527 = DEFINITIONAL_REPRESENTATION('',(#1528),#1532);
#1528 = LINE('',#1529,#1530);
#1529 = CARTESIAN_POINT('',(0.,7.));
#1530 = VECTOR('',#1531,1.);
#1531 = DIRECTION('',(1.,0.));
#1532 = ( GEOMETRIC_REPRESENTATION_CONTEXT(2) 
PARAMETRIC_REPRESENTATION_CONTEXT() REPRESENTATION_CONTEXT('2D SPACE',''
  ) );
#1533 = FACE_BOUND('',#1534,.T.);
#1534 = EDGE_LOOP('',(#1535));
#1535 = ORIENTED_EDGE('',*,*,#1536,.F.);
#1536 = EDGE_CURVE('',#1537,#1537,#1539,.T.);
#1537 = VERTEX_POINT('',#1538);
#1538 = CARTESIAN_POINT('',(101.7,20.,6.));
#1539 = SURFACE_CURVE('',#1540,(#1545,#1552),.PCURVE_S1.);
#1540 = CIRCLE('',#1541,1.7);
#1541 = AXIS2_PLACEMENT_3D('',#1542,#1543,#1544);
#1542 = CARTESIAN_POINT('',(100.,20.,6.));
#1543 = DIRECTION('',(0.,0.,1.));
#1544 = DIRECTION('',(1.,0.,-0.));
#1545 = PCURVE('',#126,#1546);
#1546 = DEFINITIONAL_REPRESENTATION('',(#1547),#1551);
#1547 = CIRCLE('',#1548,1.7);
#1548 = AXIS2_PLACEMENT_2D('',#1549,#1550);
#1549 = CARTESIAN_POINT('',(100.,20.));
#1550 = DIRECTION('',(1.,0.));
#1551 = ( GEOMETRIC_REPRESENTATION_CONTEXT(2) 
PARAMETRIC_REPRESENTATION_CONTEXT() REPRESENTATION_CONTEXT('2D SPACE',''
  ) );
#1552 = PCURVE('',#1553,#1558);
#1553 = CYLINDRICAL_SURFACE('',#1554,1.7);
#1554 = AXIS2_PLACEMENT_3D('',#1555,#1556,#1557);
#1555 = CARTESIAN_POINT('',(100.,20.,-1.));
#1556 = DIRECTION('',(0.,0.,1.));
#1557 = DIRECTION('',(1.,0.,-0.));
#1558 = DEFINITIONAL_REPRESENTATION('',(#1559),#1563);
#1559 = LINE('',#1560,#1561);
#1560 = CARTESIAN_POINT('',(0.,7.));
#1561 = VECTOR('',#1562,1.);
#1562 = DIRECTION('',(1.,0.));
#1563 = ( GEOMETRIC_REPRESENTATION_CONTEXT(2) 
PARAMETRIC_REPRESENTATION_CONTEXT() REPRESENTATION_CONTEXT('2D SPACE',''
  ) );
#1564 = FACE_BOUND('',#1565,.T.);
#1565 = EDGE_LOOP('',(#1566));
#1566 = ORIENTED_EDGE('',*,*,#1567,.F.);
#1567 = EDGE_CURVE('',#1568,#1568,#1570,.T.);
#1568 = VERTEX_POINT('',#1569);
#1569 = CARTESIAN_POINT('',(111.7,10.,6.));
#1570 = SURFACE_CURVE('',#1571,(#1576,#1583),.PCURVE_S1.);
#1571 = CIRCLE('',#1572,1.7);
#1572 = AXIS2_PLACEMENT_3D('',#1573,#1574,#1575);
#1573 = CARTESIAN_POINT('',(110.,10.,6.));
#1574 = DIRECTION('',(0.,0.,1.));
#1575 = DIRECTION('',(1.,0.,-0.));
#1576 = PCURVE('',#126,#1577);
#1577 = DEFINITIONAL_REPRESENTATION('',(#1578),#1582);
#1578 = CIRCLE('',#1579,1.7);
#1579 = AXIS2_PLACEMENT_2D('',#1580,#1581);
#1580 = CARTESIAN_POINT('',(110.,10.));
#1581 = DIRECTION('',(1.,0.));
#1582 = ( GEOMETRIC_REPRESENTATION_CONTEXT(2) 
PARAMETRIC_REPRESENTATION_CONTEXT() REPRESENTATION_CONTEXT('2D SPACE',''
  ) );
#1583 = PCURVE('',#1584,#1589);
#1584 = CYLINDRICAL_SURFACE('',#1585,1.7);
#1585 = AXIS2_PLACEMENT_3D('',#1586,#1587,#1588);
#1586 = CARTESIAN_POINT('',(110.,10.,-1.));
#1587 = DIRECTION('',(0.,0.,1.));
#1588 = DIRECTION('',(1.,0.,-0.));
#1589 = DEFINITIONAL_REPRESENTATION('',(#1590),#1594);
#1590 = LINE('',#1591,#1592);
#1591 = CARTESIAN_POINT('',(0.,7.));
#1592 = VECTOR('',#1593,1.);
#1593 = DIRECTION('',(1.,0.));
#1594 = ( GEOMETRIC_REPRESENTATION_CONTEXT(2) 
PARAMETRIC_REPRESENTATION_CONTEXT() REPRESENTATION_CONTEXT('2D SPACE',''
  ) );
#1595 = FACE_BOUND('',#1596,.T.);
#1596 = EDGE_LOOP('',(#1597));
#1597 = ORIENTED_EDGE('',*,*,#1598,.F.);
#1598 = EDGE_CURVE('',#1599,#1599,#1601,.T.);
#1599 = VERTEX_POINT('',#1600);
#1600 = CARTESIAN_POINT('',(121.7,10.,6.));
#1601 = SURFACE_CURVE('',#1602,(#1607,#1614),.PCURVE_S1.);
#1602 = CIRCLE('',#1603,1.7);
#1603 = AXIS2_PLACEMENT_3D('',#1604,#1605,#1606);
#1604 = CARTESIAN_POINT('',(120.,10.,6.));
#1605 = DIRECTION('',(0.,0.,1.));
#1606 = DIRECTION('',(1.,0.,-0.));
#1607 = PCURVE('',#126,#1608);
#1608 = DEFINITIONAL_REPRESENTATION('',(#1609),#1613);
#1609 = CIRCLE('',#1610,1.7);
#1610 = AXIS2_PLACEMENT_2D('',#1611,#1612);
#1611 = CARTESIAN_POINT('',(120.,10.));
#1612 = DIRECTION('',(1.,0.));
#1613 = ( GEOMETRIC_REPRESENTATION_CONTEXT(2) 
PARAMETRIC_REPRESENTATION_CONTEXT() REPRESENTATION_CONTEXT('2D SPACE',''
  ) );
#1614 = PCURVE('',#1615,#1620);
#1615 = CYLINDRICAL_SURFACE('',#1616,1.7);
#1616 = AXIS2_PLACEMENT_3D('',#1617,#1618,#1619);
#1617 = CARTESIAN_POINT('',(120.,10.,-1.));
#1618 = DIRECTION('',(0.,0.,1.));
#1619 = DIRECTION('',(1.,0.,-0.));
#1620 = DEFINITIONAL_REPRESENTATION('',(#1621),#1625);
#1621 = LINE('',#1622,#1623);
#1622 = CARTESIAN_POINT('',(0.,7.));
#1623 = VECTOR('',#1624,1.);
#1624 = DIRECTION('',(1.,0.));
#1625 = ( GEOMETRIC_REPRESENTATION_CONTEXT(2) 
PARAMETRIC_REPRESENTATION_CONTEXT() REPRESENTATION_CONTEXT('2D SPACE',''
  ) );
#1626 = FACE_BOUND('',#1627,.T.);
#1627 = EDGE_LOOP('',(#1628));
#1628 = ORIENTED_EDGE('',*,*,#1629,.F.);
#1629 = EDGE_CURVE('',#1630,#1630,#1632,.T.);
#1630 = VERTEX_POINT('',#1631);
#1631 = CARTESIAN_POINT('',(111.7,20.,6.));
#1632 = SURFACE_CURVE('',#1633,(#1638,#1645),.PCURVE_S1.);
#1633 = CIRCLE('',#1634,1.7);
#1634 = AXIS2_PLACEMENT_3D('',#1635,#1636,#1637);
#1635 = CARTESIAN_POINT('',(110.,20.,6.));
#1636 = DIRECTION('',(0.,0.,1.));
#1637 = DIRECTION('',(1.,0.,-0.));
#1638 = PCURVE('',#126,#1639);
#1639 = DEFINITIONAL_REPRESENTATION('',(#1640),#1644);
#1640 = CIRCLE('',#1641,1.7);
#1641 = AXIS2_PLACEMENT_2D('',#1642,#1643);
#1642 = CARTESIAN_POINT('',(110.,20.));
#1643 = DIRECTION('',(1.,0.));
#1644 = ( GEOMETRIC_REPRESENTATION_CONTEXT(2) 
PARAMETRIC_REPRESENTATION_CONTEXT() REPRESENTATION_CONTEXT('2D SPACE',''
  ) );
#1645 = PCURVE('',#1646,#1651);
#1646 = CYLINDRICAL_SURFACE('',#1647,1.7);
#1647 = AXIS2_PLACEMENT_3D('',#1648,#1649,#1650);
#1648 = CARTESIAN_POINT('',(110.,20.,-1.));
#1649 = DIRECTION('',(0.,0.,1.));
#1650 = DIRECTION('',(1.,0.,-0.));
#1651 = DEFINITIONAL_REPRESENTATION('',(#1652),#1656);
#1652 = LINE('',#1653,#1654);
#1653 = CARTESIAN_POINT('',(0.,7.));
#1654 = VECTOR('',#1655,1.);
#1655 = DIRECTION('',(1.,0.));
#1656 = ( GEOMETRIC_REPRESENTATION_CONTEXT(2) 
PARAMETRIC_REPRESENTATION_CONTEXT() REPRESENTATION_CONTEXT('2D SPACE',''
  ) );
#1657 = FACE_BOUND('',#1658,.T.);
#1658 = EDGE_LOOP('',(#1659));
#1659 = ORIENTED_EDGE('',*,*,#1660,.F.);
#1660 = EDGE_CURVE('',#1661,#1661,#1663,.T.);
#1661 = VERTEX_POINT('',#1662);
#1662 = CARTESIAN_POINT('',(121.7,20.,6.));
#1663 = SURFACE_CURVE('',#1664,(#1669,#1676),.PCURVE_S1.);
#1664 = CIRCLE('',#1665,1.7);
#1665 = AXIS2_PLACEMENT_3D('',#1666,#1667,#1668);
#1666 = CARTESIAN_POINT('',(120.,20.,6.));
#1667 = DIRECTION('',(0.,0.,1.));
#1668 = DIRECTION('',(1.,0.,-0.));
#1669 = PCURVE('',#126,#1670);
#1670 = DEFINITIONAL_REPRESENTATION('',(#1671),#1675);
#1671 = CIRCLE('',#1672,1.7);
#1672 = AXIS2_PLACEMENT_2D('',#1673,#1674);
#1673 = CARTESIAN_POINT('',(120.,20.));
#1674 = DIRECTION('',(1.,0.));
#1675 = ( GEOMETRIC_REPRESENTATION_CONTEXT(2) 
PARAMETRIC_REPRESENTATION_CONTEXT() REPRESENTATION_CONTEXT('2D SPACE',''
  ) );
#1676 = PCURVE('',#1677,#1682);
#1677 = CYLINDRICAL_SURFACE('',#1678,1.7);
#1678 = AXIS2_PLACEMENT_3D('',#1679,#1680,#1681);
#1679 = CARTESIAN_POINT('',(120.,20.,-1.));
#1680 = DIRECTION('',(0.,0.,1.));
#1681 = DIRECTION('',(1.,0.,-0.));
#1682 = DEFINITIONAL_REPRESENTATION('',(#1683),#1687);
#1683 = LINE('',#1684,#1685);
#1684 = CARTESIAN_POINT('',(0.,7.));
#1685 = VECTOR('',#1686,1.);
#1686 = DIRECTION('',(1.,0.));
#1687 = ( GEOMETRIC_REPRESENTATION_CONTEXT(2) 
PARAMETRIC_REPRESENTATION_CONTEXT() REPRESENTATION_CONTEXT('2D SPACE',''
  ) );
#1688 = FACE_BOUND('',#1689,.T.);
#1689 = EDGE_LOOP('',(#1690));
#1690 = ORIENTED_EDGE('',*,*,#1691,.F.);
#1691 = EDGE_CURVE('',#1692,#1692,#1694,.T.);
#1692 = VERTEX_POINT('',#1693);
#1693 = CARTESIAN_POINT('',(101.7,30.,6.));
#1694 = SURFACE_CURVE('',#1695,(#1700,#1707),.PCURVE_S1.);
#1695 = CIRCLE('',#1696,1.7);
#1696 = AXIS2_PLACEMENT_3D('',#1697,#1698,#1699);
#1697 = CARTESIAN_POINT('',(100.,30.,6.));
#1698 = DIRECTION('',(0.,0.,1.));
#1699 = DIRECTION('',(1.,0.,-0.));
#1700 = PCURVE('',#126,#1701);
#1701 = DEFINITIONAL_REPRESENTATION('',(#1702),#1706);
#1702 = CIRCLE('',#1703,1.7);
#1703 = AXIS2_PLACEMENT_2D('',#1704,#1705);
#1704 = CARTESIAN_POINT('',(100.,30.));
#1705 = DIRECTION('',(1.,0.));
#1706 = ( GEOMETRIC_REPRESENTATION_CONTEXT(2) 
PARAMETRIC_REPRESENTATION_CONTEXT() REPRESENTATION_CONTEXT('2D SPACE',''
  ) );
#1707 = PCURVE('',#1708,#1713);
#1708 = CYLINDRICAL_SURFACE('',#1709,1.7);
#1709 = AXIS2_PLACEMENT_3D('',#1710,#1711,#1712);
#1710 = CARTESIAN_POINT('',(100.,30.,-1.));
#1711 = DIRECTION('',(0.,0.,1.));
#1712 = DIRECTION('',(1.,0.,-0.));
#1713 = DEFINITIONAL_REPRESENTATION('',(#1714),#1718);
#1714 = LINE('',#1715,#1716);
#1715 = CARTESIAN_POINT('',(0.,7.));
#1716 = VECTOR('',#1717,1.);
#1717 = DIRECTION('',(1.,0.));
#1718 = ( GEOMETRIC_REPRESENTATION_CONTEXT(2) 
PARAMETRIC_REPRESENTATION_CONTEXT() REPRESENTATION_CONTEXT('2D SPACE',''
  ) );
#1719 = FACE_BOUND('',#1720,.T.);
#1720 = EDGE_LOOP('',(#1721));
#1721 = ORIENTED_EDGE('',*,*,#1722,.F.);
#1722 = EDGE_CURVE('',#1723,#1723,#1725,.T.);
#1723 = VERTEX_POINT('',#1724);
#1724 = CARTESIAN_POINT('',(111.7,30.,6.));
#1725 = SURFACE_CURVE('',#1726,(#1731,#1738),.PCURVE_S1.);
#1726 = CIRCLE('',#1727,1.7);
#1727 = AXIS2_PLACEMENT_3D('',#1728,#1729,#1730);
#1728 = CARTESIAN_POINT('',(110.,30.,6.));
#1729 = DIRECTION('',(0.,0.,1.));
#1730 = DIRECTION('',(1.,0.,-0.));
#1731 = PCURVE('',#126,#1732);
#1732 = DEFINITIONAL_REPRESENTATION('',(#1733),#1737);
#1733 = CIRCLE('',#1734,1.7);
#1734 = AXIS2_PLACEMENT_2D('',#1735,#1736);
#1735 = CARTESIAN_POINT('',(110.,30.));
#1736 = DIRECTION('',(1.,0.));
#1737 = ( GEOMETRIC_REPRESENTATION_CONTEXT(2) 
PARAMETRIC_REPRESENTATION_CONTEXT() REPRESENTATION_CONTEXT('2D SPACE',''
  ) );
#1738 = PCURVE('',#1739,#1744);
#1739 = CYLINDRICAL_SURFACE('',#1740,1.7);
#1740 = AXIS2_PLACEMENT_3D('',#1741,#1742,#1743);
#1741 = CARTESIAN_POINT('',(110.,30.,-1.));
#1742 = DIRECTION('',(0.,0.,1.));
#1743 = DIRECTION('',(1.,0.,-0.));
#1744 = DEFINITIONAL_REPRESENTATION('',(#1745),#1749);
#1745 = LINE('',#1746,#1747);
#1746 = CARTESIAN_POINT('',(0.,7.));
#1747 = VECTOR('',#1748,1.);
#1748 = DIRECTION('',(1.,0.));
#1749 = ( GEOMETRIC_REPRESENTATION_CONTEXT(2) 
PARAMETRIC_REPRESENTATION_CONTEXT() REPRESENTATION_CONTEXT('2D SPACE',''
  ) );
#1750 = FACE_BOUND('',#1751,.T.);
#1751 = EDGE_LOOP('',(#1752));
#1752 = ORIENTED_EDGE('',*,*,#1753,.F.);
#1753 = EDGE_CURVE('',#1754,#1754,#1756,.T.);
#1754 = VERTEX_POINT('',#1755);
#1755 = CARTESIAN_POINT('',(121.7,30.,6.));
#1756 = SURFACE_CURVE('',#1757,(#1762,#1769),.PCURVE_S1.);
#1757 = CIRCLE('',#1758,1.7);
#1758 = AXIS2_PLACEMENT_3D('',#1759,#1760,#1761);
#1759 = CARTESIAN_POINT('',(120.,30.,6.));
#1760 = DIRECTION('',(0.,0.,1.));
#1761 = DIRECTION('',(1.,0.,-0.));
#1762 = PCURVE('',#126,#1763);
#1763 = DEFINITIONAL_REPRESENTATION('',(#1764),#1768);
#1764 = CIRCLE('',#1765,1.7);
#1765 = AXIS2_PLACEMENT_2D('',#1766,#1767);
#1766 = CARTESIAN_POINT('',(120.,30.));
#1767 = DIRECTION('',(1.,0.));
#1768 = ( GEOMETRIC_REPRESENTATION_CONTEXT(2) 
PARAMETRIC_REPRESENTATION_CONTEXT() REPRESENTATION_CONTEXT('2D SPACE',''
  ) );
#1769 = PCURVE('',#1770,#1775);
#1770 = CYLINDRICAL_SURFACE('',#1771,1.7);
#1771 = AXIS2_PLACEMENT_3D('',#1772,#1773,#1774);
#1772 = CARTESIAN_POINT('',(120.,30.,-1.));
#1773 = DIRECTION('',(0.,0.,1.));
#1774 = DIRECTION('',(1.,0.,-0.));
#1775 = DEFINITIONAL_REPRESENTATION('',(#1776),#1780);
#1776 = LINE('',#1777,#1778);
#1777 = CARTESIAN_POINT('',(0.,7.));
#1778 = VECTOR('',#1779,1.);
#1779 = DIRECTION('',(1.,0.));
#1780 = ( GEOMETRIC_REPRESENTATION_CONTEXT(2) 
PARAMETRIC_REPRESENTATION_CONTEXT() REPRESENTATION_CONTEXT('2D SPACE',''
  ) );
#1781 = FACE_BOUND('',#1782,.T.);
#1782 = EDGE_LOOP('',(#1783));
#1783 = ORIENTED_EDGE('',*,*,#1784,.F.);
#1784 = EDGE_CURVE('',#1785,#1785,#1787,.T.);
#1785 = VERTEX_POINT('',#1786);
#1786 = CARTESIAN_POINT('',(71.7,40.,6.));
#1787 = SURFACE_CURVE('',#1788,(#1793,#1800),.PCURVE_S1.);
#1788 = CIRCLE('',#1789,1.7);
#1789 = AXIS2_PLACEMENT_3D('',#1790,#1791,#1792);
#1790 = CARTESIAN_POINT('',(70.,40.,6.));
#1791 = DIRECTION('',(0.,0.,1.));
#1792 = DIRECTION('',(1.,0.,-0.));
#1793 = PCURVE('',#126,#1794);
#1794 = DEFINITIONAL_REPRESENTATION('',(#1795),#1799);
#1795 = CIRCLE('',#1796,1.7);
#1796 = AXIS2_PLACEMENT_2D('',#1797,#1798);
#1797 = CARTESIAN_POINT('',(70.,40.));
#1798 = DIRECTION('',(1.,0.));
#1799 = ( GEOMETRIC_REPRESENTATION_CONTEXT(2) 
PARAMETRIC_REPRESENTATION_CONTEXT() REPRESENTATION_CONTEXT('2D SPACE',''
  ) );
#1800 = PCURVE('',#1801,#1806);
#1801 = CYLINDRICAL_SURFACE('',#1802,1.7);
#1802 = AXIS2_PLACEMENT_3D('',#1803,#1804,#1805);
#1803 = CARTESIAN_POINT('',(70.,40.,-1.));
#1804 = DIRECTION('',(0.,0.,1.));
#1805 = DIRECTION('',(1.,0.,-0.));
#1806 = DEFINITIONAL_REPRESENTATION('',(#1807),#1811);
#1807 = LINE('',#1808,#1809);
#1808 = CARTESIAN_POINT('',(0.,7.));
#1809 = VECTOR('',#1810,1.);
#1810 = DIRECTION('',(1.,0.));
#1811 = ( GEOMETRIC_REPRESENTATION_CONTEXT(2) 
PARAMETRIC_REPRESENTATION_CONTEXT() REPRESENTATION_CONTEXT('2D SPACE',''
  ) );
#1812 = FACE_BOUND('',#1813,.T.);
#1813 = EDGE_LOOP('',(#1814));
#1814 = ORIENTED_EDGE('',*,*,#1815,.F.);
#1815 = EDGE_CURVE('',#1816,#1816,#1818,.T.);
#1816 = VERTEX_POINT('',#1817);
#1817 = CARTESIAN_POINT('',(71.7,50.,6.));
#1818 = SURFACE_CURVE('',#1819,(#1824,#1831),.PCURVE_S1.);
#1819 = CIRCLE('',#1820,1.7);
#1820 = AXIS2_PLACEMENT_3D('',#1821,#1822,#1823);
#1821 = CARTESIAN_POINT('',(70.,50.,6.));
#1822 = DIRECTION('',(0.,0.,1.));
#1823 = DIRECTION('',(1.,0.,-0.));
#1824 = PCURVE('',#126,#1825);
#1825 = DEFINITIONAL_REPRESENTATION('',(#1826),#1830);
#1826 = CIRCLE('',#1827,1.7);
#1827 = AXIS2_PLACEMENT_2D('',#1828,#1829);
#1828 = CARTESIAN_POINT('',(70.,50.));
#1829 = DIRECTION('',(1.,0.));
#1830 = ( GEOMETRIC_REPRESENTATION_CONTEXT(2) 
PARAMETRIC_REPRESENTATION_CONTEXT() REPRESENTATION_CONTEXT('2D SPACE',''
  ) );
#1831 = PCURVE('',#1832,#1837);
#1832 = CYLINDRICAL_SURFACE('',#1833,1.7);
#1833 = AXIS2_PLACEMENT_3D('',#1834,#1835,#1836);
#1834 = CARTESIAN_POINT('',(70.,50.,-1.));
#1835 = DIRECTION('',(0.,0.,1.));
#1836 = DIRECTION('',(1.,0.,-0.));
#1837 = DEFINITIONAL_REPRESENTATION('',(#1838),#1842);
#1838 = LINE('',#1839,#1840);
#1839 = CARTESIAN_POINT('',(0.,7.));
#1840 = VECTOR('',#1841,1.);
#1841 = DIRECTION('',(1.,0.));
#1842 = ( GEOMETRIC_REPRESENTATION_CONTEXT(2) 
PARAMETRIC_REPRESENTATION_CONTEXT() REPRESENTATION_CONTEXT('2D SPACE',''
  ) );
#1843 = FACE_BOUND('',#1844,.T.);
#1844 = EDGE_LOOP('',(#1845));
#1845 = ORIENTED_EDGE('',*,*,#1846,.F.);
#1846 = EDGE_CURVE('',#1847,#1847,#1849,.T.);
#1847 = VERTEX_POINT('',#1848);
#1848 = CARTESIAN_POINT('',(81.7,40.,6.));
#1849 = SURFACE_CURVE('',#1850,(#1855,#1862),.PCURVE_S1.);
#1850 = CIRCLE('',#1851,1.7);
#1851 = AXIS2_PLACEMENT_3D('',#1852,#1853,#1854);
#1852 = CARTESIAN_POINT('',(80.,40.,6.));
#1853 = DIRECTION('',(0.,0.,1.));
#1854 = DIRECTION('',(1.,0.,-0.));
#1855 = PCURVE('',#126,#1856);
#1856 = DEFINITIONAL_REPRESENTATION('',(#1857),#1861);
#1857 = CIRCLE('',#1858,1.7);
#1858 = AXIS2_PLACEMENT_2D('',#1859,#1860);
#1859 = CARTESIAN_POINT('',(80.,40.));
#1860 = DIRECTION('',(1.,0.));
#1861 = ( GEOMETRIC_REPRESENTATION_CONTEXT(2) 
PARAMETRIC_REPRESENTATION_CONTEXT() REPRESENTATION_CONTEXT('2D SPACE',''
  ) );
#1862 = PCURVE('',#1863,#1868);
#1863 = CYLINDRICAL_SURFACE('',#1864,1.7);
#1864 = AXIS2_PLACEMENT_3D('',#1865,#1866,#1867);
#1865 = CARTESIAN_POINT('',(80.,40.,-1.));
#1866 = DIRECTION('',(0.,0.,1.));
#1867 = DIRECTION('',(1.,0.,-0.));
#1868 = DEFINITIONAL_REPRESENTATION('',(#1869),#1873);
#1869 = LINE('',#1870,#1871);
#1870 = CARTESIAN_POINT('',(0.,7.));
#1871 = VECTOR('',#1872,1.);
#1872 = DIRECTION('',(1.,0.));
#1873 = ( GEOMETRIC_REPRESENTATION_CONTEXT(2) 
PARAMETRIC_REPRESENTATION_CONTEXT() REPRESENTATION_CONTEXT('2D SPACE',''
  ) );
#1874 = FACE_BOUND('',#1875,.T.);
#1875 = EDGE_LOOP('',(#1876));
#1876 = ORIENTED_EDGE('',*,*,#1877,.F.);
#1877 = EDGE_CURVE('',#1878,#1878,#1880,.T.);
#1878 = VERTEX_POINT('',#1879);
#1879 = CARTESIAN_POINT('',(91.7,40.,6.));
#1880 = SURFACE_CURVE('',#1881,(#1886,#1893),.PCURVE_S1.);
#1881 = CIRCLE('',#1882,1.7);
#1882 = AXIS2_PLACEMENT_3D('',#1883,#1884,#1885);
#1883 = CARTESIAN_POINT('',(90.,40.,6.));
#1884 = DIRECTION('',(0.,0.,1.));
#1885 = DIRECTION('',(1.,0.,-0.));
#1886 = PCURVE('',#126,#1887);
#1887 = DEFINITIONAL_REPRESENTATION('',(#1888),#1892);
#1888 = CIRCLE('',#1889,1.7);
#1889 = AXIS2_PLACEMENT_2D('',#1890,#1891);
#1890 = CARTESIAN_POINT('',(90.,40.));
#1891 = DIRECTION('',(1.,0.));
#1892 = ( GEOMETRIC_REPRESENTATION_CONTEXT(2) 
PARAMETRIC_REPRESENTATION_CONTEXT() REPRESENTATION_CONTEXT('2D SPACE',''
  ) );
#1893 = PCURVE('',#1894,#1899);
#1894 = CYLINDRICAL_SURFACE('',#1895,1.7);
#1895 = AXIS2_PLACEMENT_3D('',#1896,#1897,#1898);
#1896 = CARTESIAN_POINT('',(90.,40.,-1.));
#1897 = DIRECTION('',(0.,0.,1.));
#1898 = DIRECTION('',(1.,0.,-0.));
#1899 = DEFINITIONAL_REPRESENTATION('',(#1900),#1904);
#1900 = LINE('',#1901,#1902);
#1901 = CARTESIAN_POINT('',(0.,7.));
#1902 = VECTOR('',#1903,1.);
#1903 = DIRECTION('',(1.,0.));
#1904 = ( GEOMETRIC_REPRESENTATION_CONTEXT(2) 
PARAMETRIC_REPRESENTATION_CONTEXT() REPRESENTATION_CONTEXT('2D SPACE',''
  ) );
#1905 = FACE_BOUND('',#1906,.T.);
#1906 = EDGE_LOOP('',(#1907));
#1907 = ORIENTED_EDGE('',*,*,#1908,.F.);
#1908 = EDGE_CURVE('',#1909,#1909,#1911,.T.);
#1909 = VERTEX_POINT('',#1910);
#1910 = CARTESIAN_POINT('',(81.7,50.,6.));
#1911 = SURFACE_CURVE('',#1912,(#1917,#1924),.PCURVE_S1.);
#1912 = CIRCLE('',#1913,1.7);
#1913 = AXIS2_PLACEMENT_3D('',#1914,#1915,#1916);
#1914 = CARTESIAN_POINT('',(80.,50.,6.));
#1915 = DIRECTION('',(0.,0.,1.));
#1916 = DIRECTION('',(1.,0.,-0.));
#1917 = PCURVE('',#126,#1918);
#1918 = DEFINITIONAL_REPRESENTATION('',(#1919),#1923);
#1919 = CIRCLE('',#1920,1.7);
#1920 = AXIS2_PLACEMENT_2D('',#1921,#1922);
#1921 = CARTESIAN_POINT('',(80.,50.));
#1922 = DIRECTION('',(1.,0.));
#1923 = ( GEOMETRIC_REPRESENTATION_CONTEXT(2) 
PARAMETRIC_REPRESENTATION_CONTEXT() REPRESENTATION_CONTEXT('2D SPACE',''
  ) );
#1924 = PCURVE('',#1925,#1930);
#1925 = CYLINDRICAL_SURFACE('',#1926,1.7);
#1926 = AXIS2_PLACEMENT_3D('',#1927,#1928,#1929);
#1927 = CARTESIAN_POINT('',(80.,50.,-1.));
#1928 = DIRECTION('',(0.,0.,1.));
#1929 = DIRECTION('',(1.,0.,-0.));
#1930 = DEFINITIONAL_REPRESENTATION('',(#1931),#1935);
#1931 = LINE('',#1932,#1933);
#1932 = CARTESIAN_POINT('',(0.,7.));
#1933 = VECTOR('',#1934,1.);
#1934 = DIRECTION('',(1.,0.));
#1935 = ( GEOMETRIC_REPRESENTATION_CONTEXT(2) 
PARAMETRIC_REPRESENTATION_CONTEXT() REPRESENTATION_CONTEXT('2D SPACE',''
  ) );
#1936 = FACE_BOUND('',#1937,.T.);
#1937 = EDGE_LOOP('',(#1938));
#1938 = ORIENTED_EDGE('',*,*,#1939,.F.);
#1939 = EDGE_CURVE('',#1940,#1940,#1942,.T.);
#1940 = VERTEX_POINT('',#1941);
#1941 = CARTESIAN_POINT('',(91.7,50.,6.));
#1942 = SURFACE_CURVE('',#1943,(#1948,#1955),.PCURVE_S1.);
#1943 = CIRCLE('',#1944,1.7);
#1944 = AXIS2_PLACEMENT_3D('',#1945,#1946,#1947);
#1945 = CARTESIAN_POINT('',(90.,50.,6.));
#1946 = DIRECTION('',(0.,0.,1.));
#1947 = DIRECTION('',(1.,0.,-0.));
#1948 = PCURVE('',#126,#1949);
#1949 = DEFINITIONAL_REPRESENTATION('',(#1950),#1954);
#1950 = CIRCLE('',#1951,1.7);
#1951 = AXIS2_PLACEMENT_2D('',#1952,#1953);
#1952 = CARTESIAN_POINT('',(90.,50.));
#1953 = DIRECTION('',(1.,0.));
#1954 = ( GEOMETRIC_REPRESENTATION_CONTEXT(2) 
PARAMETRIC_REPRESENTATION_CONTEXT() REPRESENTATION_CONTEXT('2D SPACE',''
  ) );
#1955 = PCURVE('',#1956,#1961);
#1956 = CYLINDRICAL_SURFACE('',#1957,1.7);
#1957 = AXIS2_PLACEMENT_3D('',#1958,#1959,#1960);
#1958 = CARTESIAN_POINT('',(90.,50.,-1.));
#1959 = DIRECTION('',(0.,0.,1.));
#1960 = DIRECTION('',(1.,0.,-0.));
#1961 = DEFINITIONAL_REPRESENTATION('',(#1962),#1966);
#1962 = LINE('',#1963,#1964);
#1963 = CARTESIAN_POINT('',(0.,7.));
#1964 = VECTOR('',#1965,1.);
#1965 = DIRECTION('',(1.,0.));
#1966 = ( GEOMETRIC_REPRESENTATION_CONTEXT(2) 
PARAMETRIC_REPRESENTATION_CONTEXT() REPRESENTATION_CONTEXT('2D SPACE',''
  ) );
#1967 = FACE_BOUND('',#1968,.T.);
#1968 = EDGE_LOOP('',(#1969));
#1969 = ORIENTED_EDGE('',*,*,#1970,.F.);
#1970 = EDGE_CURVE('',#1971,#1971,#1973,.T.);
#1971 = VERTEX_POINT('',#1972);
#1972 = CARTESIAN_POINT('',(101.7,40.,6.));
#1973 = SURFACE_CURVE('',#1974,(#1979,#1986),.PCURVE_S1.);
#1974 = CIRCLE('',#1975,1.7);
#1975 = AXIS2_PLACEMENT_3D('',#1976,#1977,#1978);
#1976 = CARTESIAN_POINT('',(100.,40.,6.));
#1977 = DIRECTION('',(0.,0.,1.));
#1978 = DIRECTION('',(1.,0.,-0.));
#1979 = PCURVE('',#126,#1980);
#1980 = DEFINITIONAL_REPRESENTATION('',(#1981),#1985);
#1981 = CIRCLE('',#1982,1.7);
#1982 = AXIS2_PLACEMENT_2D('',#1983,#1984);
#1983 = CARTESIAN_POINT('',(100.,40.));
#1984 = DIRECTION('',(1.,0.));
#1985 = ( GEOMETRIC_REPRESENTATION_CONTEXT(2) 
PARAMETRIC_REPRESENTATION_CONTEXT() REPRESENTATION_CONTEXT('2D SPACE',''
  ) );
#1986 = PCURVE('',#1987,#1992);
#1987 = CYLINDRICAL_SURFACE('',#1988,1.7);
#1988 = AXIS2_PLACEMENT_3D('',#1989,#1990,#1991);
#1989 = CARTESIAN_POINT('',(100.,40.,-1.));
#1990 = DIRECTION('',(0.,0.,1.));
#1991 = DIRECTION('',(1.,0.,-0.));
#1992 = DEFINITIONAL_REPRESENTATION('',(#1993),#1997);
#1993 = LINE('',#1994,#1995);
#1994 = CARTESIAN_POINT('',(0.,7.));
#1995 = VECTOR('',#1996,1.);
#1996 = DIRECTION('',(1.,0.));
#1997 = ( GEOMETRIC_REPRESENTATION_CONTEXT(2) 
PARAMETRIC_REPRESENTATION_CONTEXT() REPRESENTATION_CONTEXT('2D SPACE',''
  ) );
#1998 = FACE_BOUND('',#1999,.T.);
#1999 = EDGE_LOOP('',(#2000));
#2000 = ORIENTED_EDGE('',*,*,#2001,.F.);
#2001 = EDGE_CURVE('',#2002,#2002,#2004,.T.);
#2002 = VERTEX_POINT('',#2003);
#2003 = CARTESIAN_POINT('',(101.7,50.,6.));
#2004 = SURFACE_CURVE('',#2005,(#2010,#2017),.PCURVE_S1.);
#2005 = CIRCLE('',#2006,1.7);
#2006 = AXIS2_PLACEMENT_3D('',#2007,#2008,#2009);
#2007 = CARTESIAN_POINT('',(100.,50.,6.));
#2008 = DIRECTION('',(0.,0.,1.));
#2009 = DIRECTION('',(1.,0.,-0.));
#2010 = PCURVE('',#126,#2011);
#2011 = DEFINITIONAL_REPRESENTATION('',(#2012),#2016);
#2012 = CIRCLE('',#2013,1.7);
#2013 = AXIS2_PLACEMENT_2D('',#2014,#2015);
#2014 = CARTESIAN_POINT('',(100.,50.));
#2015 = DIRECTION('',(1.,0.));
#2016 = ( GEOMETRIC_REPRESENTATION_CONTEXT(2) 
PARAMETRIC_REPRESENTATION_CONTEXT() REPRESENTATION_CONTEXT('2D SPACE',''
  ) );
#2017 = PCURVE('',#2018,#2023);
#2018 = CYLINDRICAL_SURFACE('',#2019,1.7);
#2019 = AXIS2_PLACEMENT_3D('',#2020,#2021,#2022);
#2020 = CARTESIAN_POINT('',(100.,50.,-1.));
#2021 = DIRECTION('',(0.,0.,1.));
#2022 = DIRECTION('',(1.,0.,-0.));
#2023 = DEFINITIONAL_REPRESENTATION('',(#2024),#2028);
#2024 = LINE('',#2025,#2026);
#2025 = CARTESIAN_POINT('',(0.,7.));
#2026 = VECTOR('',#2027,1.);
#2027 = DIRECTION('',(1.,0.));
#2028 = ( GEOMETRIC_REPRESENTATION_CONTEXT(2) 
PARAMETRIC_REPRESENTATION_CONTEXT() REPRESENTATION_CONTEXT('2D SPACE',''
  ) );
#2029 = FACE_BOUND('',#2030,.T.);
#2030 = EDGE_LOOP('',(#2031));
#2031 = ORIENTED_EDGE('',*,*,#2032,.F.);
#2032 = EDGE_CURVE('',#2033,#2033,#2035,.T.);
#2033 = VERTEX_POINT('',#2034);
#2034 = CARTESIAN_POINT('',(111.7,40.,6.));
#2035 = SURFACE_CURVE('',#2036,(#2041,#2048),.PCURVE_S1.);
#2036 = CIRCLE('',#2037,1.7);
#2037 = AXIS2_PLACEMENT_3D('',#2038,#2039,#2040);
#2038 = CARTESIAN_POINT('',(110.,40.,6.));
#2039 = DIRECTION('',(0.,0.,1.));
#2040 = DIRECTION('',(1.,0.,-0.));
#2041 = PCURVE('',#126,#2042);
#2042 = DEFINITIONAL_REPRESENTATION('',(#2043),#2047);
#2043 = CIRCLE('',#2044,1.7);
#2044 = AXIS2_PLACEMENT_2D('',#2045,#2046);
#2045 = CARTESIAN_POINT('',(110.,40.));
#2046 = DIRECTION('',(1.,0.));
#2047 = ( GEOMETRIC_REPRESENTATION_CONTEXT(2) 
PARAMETRIC_REPRESENTATION_CONTEXT() REPRESENTATION_CONTEXT('2D SPACE',''
  ) );
#2048 = PCURVE('',#2049,#2054);
#2049 = CYLINDRICAL_SURFACE('',#2050,1.7);
#2050 = AXIS2_PLACEMENT_3D('',#2051,#2052,#2053);
#2051 = CARTESIAN_POINT('',(110.,40.,-1.));
#2052 = DIRECTION('',(0.,0.,1.));
#2053 = DIRECTION('',(1.,0.,-0.));
#2054 = DEFINITIONAL_REPRESENTATION('',(#2055),#2059);
#2055 = LINE('',#2056,#2057);
#2056 = CARTESIAN_POINT('',(0.,7.));
#2057 = VECTOR('',#2058,1.);
#2058 = DIRECTION('',(1.,0.));
#2059 = ( GEOMETRIC_REPRESENTATION_CONTEXT(2) 
PARAMETRIC_REPRESENTATION_CONTEXT() REPRESENTATION_CONTEXT('2D SPACE',''
  ) );
#2060 = FACE_BOUND('',#2061,.T.);
#2061 = EDGE_LOOP('',(#2062));
#2062 = ORIENTED_EDGE('',*,*,#2063,.F.);
#2063 = EDGE_CURVE('',#2064,#2064,#2066,.T.);
#2064 = VERTEX_POINT('',#2065);
#2065 = CARTESIAN_POINT('',(121.7,40.,6.));
#2066 = SURFACE_CURVE('',#2067,(#2072,#2079),.PCURVE_S1.);
#2067 = CIRCLE('',#2068,1.7);
#2068 = AXIS2_PLACEMENT_3D('',#2069,#2070,#2071);
#2069 = CARTESIAN_POINT('',(120.,40.,6.));
#2070 = DIRECTION('',(0.,0.,1.));
#2071 = DIRECTION('',(1.,0.,-0.));
#2072 = PCURVE('',#126,#2073);
#2073 = DEFINITIONAL_REPRESENTATION('',(#2074),#2078);
#2074 = CIRCLE('',#2075,1.7);
#2075 = AXIS2_PLACEMENT_2D('',#2076,#2077);
#2076 = CARTESIAN_POINT('',(120.,40.));
#2077 = DIRECTION('',(1.,0.));
#2078 = ( GEOMETRIC_REPRESENTATION_CONTEXT(2) 
PARAMETRIC_REPRESENTATION_CONTEXT() REPRESENTATION_CONTEXT('2D SPACE',''
  ) );
#2079 = PCURVE('',#2080,#2085);
#2080 = CYLINDRICAL_SURFACE('',#2081,1.7);
#2081 = AXIS2_PLACEMENT_3D('',#2082,#2083,#2084);
#2082 = CARTESIAN_POINT('',(120.,40.,-1.));
#2083 = DIRECTION('',(0.,0.,1.));
#2084 = DIRECTION('',(1.,0.,-0.));
#2085 = DEFINITIONAL_REPRESENTATION('',(#2086),#2090);
#2086 = LINE('',#2087,#2088);
#2087 = CARTESIAN_POINT('',(0.,7.));
#2088 = VECTOR('',#2089,1.);
#2089 = DIRECTION('',(1.,0.));
#2090 = ( GEOMETRIC_REPRESENTATION_CONTEXT(2) 
PARAMETRIC_REPRESENTATION_CONTEXT() REPRESENTATION_CONTEXT('2D SPACE',''
  ) );
#2091 = FACE_BOUND('',#2092,.T.);
#2092 = EDGE_LOOP('',(#2093));
#2093 = ORIENTED_EDGE('',*,*,#2094,.F.);
#2094 = EDGE_CURVE('',#2095,#2095,#2097,.T.);
#2095 = VERTEX_POINT('',#2096);
#2096 = CARTESIAN_POINT('',(111.7,50.,6.));
#2097 = SURFACE_CURVE('',#2098,(#2103,#2110),.PCURVE_S1.);
#2098 = CIRCLE('',#2099,1.7);
#2099 = AXIS2_PLACEMENT_3D('',#2100,#2101,#2102);
#2100 = CARTESIAN_POINT('',(110.,50.,6.));
#2101 = DIRECTION('',(0.,0.,1.));
#2102 = DIRECTION('',(1.,0.,-0.));
#2103 = PCURVE('',#126,#2104);
#2104 = DEFINITIONAL_REPRESENTATION('',(#2105),#2109);
#2105 = CIRCLE('',#2106,1.7);
#2106 = AXIS2_PLACEMENT_2D('',#2107,#2108);
#2107 = CARTESIAN_POINT('',(110.,50.));
#2108 = DIRECTION('',(1.,0.));
#2109 = ( GEOMETRIC_REPRESENTATION_CONTEXT(2) 
PARAMETRIC_REPRESENTATION_CONTEXT() REPRESENTATION_CONTEXT('2D SPACE',''
  ) );
#2110 = PCURVE('',#2111,#2116);
#2111 = CYLINDRICAL_SURFACE('',#2112,1.7);
#2112 = AXIS2_PLACEMENT_3D('',#2113,#2114,#2115);
#2113 = CARTESIAN_POINT('',(110.,50.,-1.));
#2114 = DIRECTION('',(0.,0.,1.));
#2115 = DIRECTION('',(1.,0.,-0.));
#2116 = DEFINITIONAL_REPRESENTATION('',(#2117),#2121);
#2117 = LINE('',#2118,#2119);
#2118 = CARTESIAN_POINT('',(0.,7.));
#2119 = VECTOR('',#2120,1.);
#2120 = DIRECTION('',(1.,0.));
#2121 = ( GEOMETRIC_REPRESENTATION_CONTEXT(2) 
PARAMETRIC_REPRESENTATION_CONTEXT() REPRESENTATION_CONTEXT('2D SPACE',''
  ) );
#2122 = FACE_BOUND('',#2123,.T.);
#2123 = EDGE_LOOP('',(#2124));
#2124 = ORIENTED_EDGE('',*,*,#2125,.F.);
#2125 = EDGE_CURVE('',#2126,#2126,#2128,.T.);
#2126 = VERTEX_POINT('',#2127);
#2127 = CARTESIAN_POINT('',(121.7,50.,6.));
#2128 = SURFACE_CURVE('',#2129,(#2134,#2141),.PCURVE_S1.);
#2129 = CIRCLE('',#2130,1.7);
#2130 = AXIS2_PLACEMENT_3D('',#2131,#2132,#2133);
#2131 = CARTESIAN_POINT('',(120.,50.,6.));
#2132 = DIRECTION('',(0.,0.,1.));
#2133 = DIRECTION('',(1.,0.,-0.));
#2134 = PCURVE('',#126,#2135);
#2135 = DEFINITIONAL_REPRESENTATION('',(#2136),#2140);
#2136 = CIRCLE('',#2137,1.7);
#2137 = AXIS2_PLACEMENT_2D('',#2138,#2139);
#2138 = CARTESIAN_POINT('',(120.,50.));
#2139 = DIRECTION('',(1.,0.));
#2140 = ( GEOMETRIC_REPRESENTATION_CONTEXT(2) 
PARAMETRIC_REPRESENTATION_CONTEXT() REPRESENTATION_CONTEXT('2D SPACE',''
  ) );
#2141 = PCURVE('',#2142,#2147);
#2142 = CYLINDRICAL_SURFACE('',#2143,1.7);
#2143 = AXIS2_PLACEMENT_3D('',#2144,#2145,#2146);
#2144 = CARTESIAN_POINT('',(120.,50.,-1.));
#2145 = DIRECTION('',(0.,0.,1.));
#2146 = DIRECTION('',(1.,0.,-0.));
#2147 = DEFINITIONAL_REPRESENTATION('',(#2148),#2152);
#2148 = LINE('',#2149,#2150);
#2149 = CARTESIAN_POINT('',(0.,7.));
#2150 = VECTOR('',#2151,1.);
#2151 = DIRECTION('',(1.,0.));
#2152 = ( GEOMETRIC_REPRESENTATION_CONTEXT(2) 
PARAMETRIC_REPRESENTATION_CONTEXT() REPRESENTATION_CONTEXT('2D SPACE',''
  ) );
#2153 = FACE_BOUND('',#2154,.T.);
#2154 = EDGE_LOOP('',(#2155));
#2155 = ORIENTED_EDGE('',*,*,#2156,.F.);
#2156 = EDGE_CURVE('',#2157,#2157,#2159,.T.);
#2157 = VERTEX_POINT('',#2158);
#2158 = CARTESIAN_POINT('',(101.7,60.,6.));
#2159 = SURFACE_CURVE('',#2160,(#2165,#2172),.PCURVE_S1.);
#2160 = CIRCLE('',#2161,1.7);
#2161 = AXIS2_PLACEMENT_3D('',#2162,#2163,#2164);
#2162 = CARTESIAN_POINT('',(100.,60.,6.));
#2163 = DIRECTION('',(0.,0.,1.));
#2164 = DIRECTION('',(1.,0.,-0.));
#2165 = PCURVE('',#126,#2166);
#2166 = DEFINITIONAL_REPRESENTATION('',(#2167),#2171);
#2167 = CIRCLE('',#2168,1.7);
#2168 = AXIS2_PLACEMENT_2D('',#2169,#2170);
#2169 = CARTESIAN_POINT('',(100.,60.));
#2170 = DIRECTION('',(1.,0.));
#2171 = ( GEOMETRIC_REPRESENTATION_CONTEXT(2) 
PARAMETRIC_REPRESENTATION_CONTEXT() REPRESENTATION_CONTEXT('2D SPACE',''
  ) );
#2172 = PCURVE('',#2173,#2178);
#2173 = CYLINDRICAL_SURFACE('',#2174,1.7);
#2174 = AXIS2_PLACEMENT_3D('',#2175,#2176,#2177);
#2175 = CARTESIAN_POINT('',(100.,60.,-1.));
#2176 = DIRECTION('',(0.,0.,1.));
#2177 = DIRECTION('',(1.,0.,-0.));
#2178 = DEFINITIONAL_REPRESENTATION('',(#2179),#2183);
#2179 = LINE('',#2180,#2181);
#2180 = CARTESIAN_POINT('',(0.,7.));
#2181 = VECTOR('',#2182,1.);
#2182 = DIRECTION('',(1.,0.));
#2183 = ( GEOMETRIC_REPRESENTATION_CONTEXT(2) 
PARAMETRIC_REPRESENTATION_CONTEXT() REPRESENTATION_CONTEXT('2D SPACE',''
  ) );
#2184 = FACE_BOUND('',#2185,.T.);
#2185 = EDGE_LOOP('',(#2186));
#2186 = ORIENTED_EDGE('',*,*,#2187,.F.);
#2187 = EDGE_CURVE('',#2188,#2188,#2190,.T.);
#2188 = VERTEX_POINT('',#2189);
#2189 = CARTESIAN_POINT('',(111.7,60.,6.));
#2190 = SURFACE_CURVE('',#2191,(#2196,#2203),.PCURVE_S1.);
#2191 = CIRCLE('',#2192,1.7);
#2192 = AXIS2_PLACEMENT_3D('',#2193,#2194,#2195);
#2193 = CARTESIAN_POINT('',(110.,60.,6.));
#2194 = DIRECTION('',(0.,0.,1.));
#2195 = DIRECTION('',(1.,0.,-0.));
#2196 = PCURVE('',#126,#2197);
#2197 = DEFINITIONAL_REPRESENTATION('',(#2198),#2202);
#2198 = CIRCLE('',#2199,1.7);
#2199 = AXIS2_PLACEMENT_2D('',#2200,#2201);
#2200 = CARTESIAN_POINT('',(110.,60.));
#2201 = DIRECTION('',(1.,0.));
#2202 = ( GEOMETRIC_REPRESENTATION_CONTEXT(2) 
PARAMETRIC_REPRESENTATION_CONTEXT() REPRESENTATION_CONTEXT('2D SPACE',''
  ) );
#2203 = PCURVE('',#2204,#2209);
#2204 = CYLINDRICAL_SURFACE('',#2205,1.7);
#2205 = AXIS2_PLACEMENT_3D('',#2206,#2207,#2208);
#2206 = CARTESIAN_POINT('',(110.,60.,-1.));
#2207 = DIRECTION('',(0.,0.,1.));
#2208 = DIRECTION('',(1.,0.,-0.));
#2209 = DEFINITIONAL_REPRESENTATION('',(#2210),#2214);
#2210 = LINE('',#2211,#2212);
#2211 = CARTESIAN_POINT('',(0.,7.));
#2212 = VECTOR('',#2213,1.);
#2213 = DIRECTION('',(1.,0.));
#2214 = ( GEOMETRIC_REPRESENTATION_CONTEXT(2) 
PARAMETRIC_REPRESENTATION_CONTEXT() REPRESENTATION_CONTEXT('2D SPACE',''
  ) );
#2215 = FACE_BOUND('',#2216,.T.);
#2216 = EDGE_LOOP('',(#2217));
#2217 = ORIENTED_EDGE('',*,*,#2218,.F.);
#2218 = EDGE_CURVE('',#2219,#2219,#2221,.T.);
#2219 = VERTEX_POINT('',#2220);
#2220 = CARTESIAN_POINT('',(121.7,60.,6.));
#2221 = SURFACE_CURVE('',#2222,(#2227,#2234),.PCURVE_S1.);
#2222 = CIRCLE('',#2223,1.7);
#2223 = AXIS2_PLACEMENT_3D('',#2224,#2225,#2226);
#2224 = CARTESIAN_POINT('',(120.,60.,6.));
#2225 = DIRECTION('',(0.,0.,1.));
#2226 = DIRECTION('',(1.,0.,-0.));
#2227 = PCURVE('',#126,#2228);
#2228 = DEFINITIONAL_REPRESENTATION('',(#2229),#2233);
#2229 = CIRCLE('',#2230,1.7);
#2230 = AXIS2_PLACEMENT_2D('',#2231,#2232);
#2231 = CARTESIAN_POINT('',(120.,60.));
#2232 = DIRECTION('',(1.,0.));
#2233 = ( GEOMETRIC_REPRESENTATION_CONTEXT(2) 
PARAMETRIC_REPRESENTATION_CONTEXT() REPRESENTATION_CONTEXT('2D SPACE',''
  ) );
#2234 = PCURVE('',#2235,#2240);
#2235 = CYLINDRICAL_SURFACE('',#2236,1.7);
#2236 = AXIS2_PLACEMENT_3D('',#2237,#2238,#2239);
#2237 = CARTESIAN_POINT('',(120.,60.,-1.));
#2238 = DIRECTION('',(0.,0.,1.));
#2239 = DIRECTION('',(1.,0.,-0.));
#2240 = DEFINITIONAL_REPRESENTATION('',(#2241),#2245);
#2241 = LINE('',#2242,#2243);
#2242 = CARTESIAN_POINT('',(0.,7.));
#2243 = VECTOR('',#2244,1.);
#2244 = DIRECTION('',(1.,0.));
#2245 = ( GEOMETRIC_REPRESENTATION_CONTEXT(2) 
PARAMETRIC_REPRESENTATION_CONTEXT() REPRESENTATION_CONTEXT('2D SPACE',''
  ) );
#2246 = FACE_BOUND('',#2247,.T.);
#2247 = EDGE_LOOP('',(#2248));
#2248 = ORIENTED_EDGE('',*,*,#2249,.F.);
#2249 = EDGE_CURVE('',#2250,#2250,#2252,.T.);
#2250 = VERTEX_POINT('',#2251);
#2251 = CARTESIAN_POINT('',(11.7,70.,6.));
#2252 = SURFACE_CURVE('',#2253,(#2258,#2265),.PCURVE_S1.);
#2253 = CIRCLE('',#2254,1.7);
#2254 = AXIS2_PLACEMENT_3D('',#2255,#2256,#2257);
#2255 = CARTESIAN_POINT('',(10.,70.,6.));
#2256 = DIRECTION('',(0.,0.,1.));
#2257 = DIRECTION('',(1.,0.,-0.));
#2258 = PCURVE('',#126,#2259);
#2259 = DEFINITIONAL_REPRESENTATION('',(#2260),#2264);
#2260 = CIRCLE('',#2261,1.7);
#2261 = AXIS2_PLACEMENT_2D('',#2262,#2263);
#2262 = CARTESIAN_POINT('',(10.,70.));
#2263 = DIRECTION('',(1.,0.));
#2264 = ( GEOMETRIC_REPRESENTATION_CONTEXT(2) 
PARAMETRIC_REPRESENTATION_CONTEXT() REPRESENTATION_CONTEXT('2D SPACE',''
  ) );
#2265 = PCURVE('',#2266,#2271);
#2266 = CYLINDRICAL_SURFACE('',#2267,1.7);
#2267 = AXIS2_PLACEMENT_3D('',#2268,#2269,#2270);
#2268 = CARTESIAN_POINT('',(10.,70.,-1.));
#2269 = DIRECTION('',(0.,0.,1.));
#2270 = DIRECTION('',(1.,0.,-0.));
#2271 = DEFINITIONAL_REPRESENTATION('',(#2272),#2276);
#2272 = LINE('',#2273,#2274);
#2273 = CARTESIAN_POINT('',(0.,7.));
#2274 = VECTOR('',#2275,1.);
#2275 = DIRECTION('',(1.,0.));
#2276 = ( GEOMETRIC_REPRESENTATION_CONTEXT(2) 
PARAMETRIC_REPRESENTATION_CONTEXT() REPRESENTATION_CONTEXT('2D SPACE',''
  ) );
#2277 = FACE_BOUND('',#2278,.T.);
#2278 = EDGE_LOOP('',(#2279));
#2279 = ORIENTED_EDGE('',*,*,#2280,.F.);
#2280 = EDGE_CURVE('',#2281,#2281,#2283,.T.);
#2281 = VERTEX_POINT('',#2282);
#2282 = CARTESIAN_POINT('',(21.7,70.,6.));
#2283 = SURFACE_CURVE('',#2284,(#2289,#2296),.PCURVE_S1.);
#2284 = CIRCLE('',#2285,1.7);
#2285 = AXIS2_PLACEMENT_3D('',#2286,#2287,#2288);
#2286 = CARTESIAN_POINT('',(20.,70.,6.));
#2287 = DIRECTION('',(0.,0.,1.));
#2288 = DIRECTION('',(1.,0.,-0.));
#2289 = PCURVE('',#126,#2290);
#2290 = DEFINITIONAL_REPRESENTATION('',(#2291),#2295);
#2291 = CIRCLE('',#2292,1.7);
#2292 = AXIS2_PLACEMENT_2D('',#2293,#2294);
#2293 = CARTESIAN_POINT('',(20.,70.));
#2294 = DIRECTION('',(1.,0.));
#2295 = ( GEOMETRIC_REPRESENTATION_CONTEXT(2) 
PARAMETRIC_REPRESENTATION_CONTEXT() REPRESENTATION_CONTEXT('2D SPACE',''
  ) );
#2296 = PCURVE('',#2297,#2302);
#2297 = CYLINDRICAL_SURFACE('',#2298,1.7);
#2298 = AXIS2_PLACEMENT_3D('',#2299,#2300,#2301);
#2299 = CARTESIAN_POINT('',(20.,70.,-1.));
#2300 = DIRECTION('',(0.,0.,1.));
#2301 = DIRECTION('',(1.,0.,-0.));
#2302 = DEFINITIONAL_REPRESENTATION('',(#2303),#2307);
#2303 = LINE('',#2304,#2305);
#2304 = CARTESIAN_POINT('',(0.,7.));
#2305 = VECTOR('',#2306,1.);
#2306 = DIRECTION('',(1.,0.));
#2307 = ( GEOMETRIC_REPRESENTATION_CONTEXT(2) 
PARAMETRIC_REPRESENTATION_CONTEXT() REPRESENTATION_CONTEXT('2D SPACE',''
  ) );
#2308 = FACE_BOUND('',#2309,.T.);
#2309 = EDGE_LOOP('',(#2310));
#2310 = ORIENTED_EDGE('',*,*,#2311,.F.);
#2311 = EDGE_CURVE('',#2312,#2312,#2314,.T.);
#2312 = VERTEX_POINT('',#2313);
#2313 = CARTESIAN_POINT('',(31.7,70.,6.));
#2314 = SURFACE_CURVE('',#2315,(#2320,#2327),.PCURVE_S1.);
#2315 = CIRCLE('',#2316,1.7);
#2316 = AXIS2_PLACEMENT_3D('',#2317,#2318,#2319);
#2317 = CARTESIAN_POINT('',(30.,70.,6.));
#2318 = DIRECTION('',(0.,0.,1.));
#2319 = DIRECTION('',(1.,0.,-0.));
#2320 = PCURVE('',#126,#2321);
#2321 = DEFINITIONAL_REPRESENTATION('',(#2322),#2326);
#2322 = CIRCLE('',#2323,1.7);
#2323 = AXIS2_PLACEMENT_2D('',#2324,#2325);
#2324 = CARTESIAN_POINT('',(30.,70.));
#2325 = DIRECTION('',(1.,0.));
#2326 = ( GEOMETRIC_REPRESENTATION_CONTEXT(2) 
PARAMETRIC_REPRESENTATION_CONTEXT() REPRESENTATION_CONTEXT('2D SPACE',''
  ) );
#2327 = PCURVE('',#2328,#2333);
#2328 = CYLINDRICAL_SURFACE('',#2329,1.7);
#2329 = AXIS2_PLACEMENT_3D('',#2330,#2331,#2332);
#2330 = CARTESIAN_POINT('',(30.,70.,-1.));
#2331 = DIRECTION('',(0.,0.,1.));
#2332 = DIRECTION('',(1.,0.,-0.));
#2333 = DEFINITIONAL_REPRESENTATION('',(#2334),#2338);
#2334 = LINE('',#2335,#2336);
#2335 = CARTESIAN_POINT('',(0.,7.));
#2336 = VECTOR('',#2337,1.);
#2337 = DIRECTION('',(1.,0.));
#2338 = ( GEOMETRIC_REPRESENTATION_CONTEXT(2) 
PARAMETRIC_REPRESENTATION_CONTEXT() REPRESENTATION_CONTEXT('2D SPACE',''
  ) );
#2339 = FACE_BOUND('',#2340,.T.);
#2340 = EDGE_LOOP('',(#2341));
#2341 = ORIENTED_EDGE('',*,*,#2342,.F.);
#2342 = EDGE_CURVE('',#2343,#2343,#2345,.T.);
#2343 = VERTEX_POINT('',#2344);
#2344 = CARTESIAN_POINT('',(11.7,80.,6.));
#2345 = SURFACE_CURVE('',#2346,(#2351,#2358),.PCURVE_S1.);
#2346 = CIRCLE('',#2347,1.7);
#2347 = AXIS2_PLACEMENT_3D('',#2348,#2349,#2350);
#2348 = CARTESIAN_POINT('',(10.,80.,6.));
#2349 = DIRECTION('',(0.,0.,1.));
#2350 = DIRECTION('',(1.,0.,-0.));
#2351 = PCURVE('',#126,#2352);
#2352 = DEFINITIONAL_REPRESENTATION('',(#2353),#2357);
#2353 = CIRCLE('',#2354,1.7);
#2354 = AXIS2_PLACEMENT_2D('',#2355,#2356);
#2355 = CARTESIAN_POINT('',(10.,80.));
#2356 = DIRECTION('',(1.,0.));
#2357 = ( GEOMETRIC_REPRESENTATION_CONTEXT(2) 
PARAMETRIC_REPRESENTATION_CONTEXT() REPRESENTATION_CONTEXT('2D SPACE',''
  ) );
#2358 = PCURVE('',#2359,#2364);
#2359 = CYLINDRICAL_SURFACE('',#2360,1.7);
#2360 = AXIS2_PLACEMENT_3D('',#2361,#2362,#2363);
#2361 = CARTESIAN_POINT('',(10.,80.,-1.));
#2362 = DIRECTION('',(0.,0.,1.));
#2363 = DIRECTION('',(1.,0.,-0.));
#2364 = DEFINITIONAL_REPRESENTATION('',(#2365),#2369);
#2365 = LINE('',#2366,#2367);
#2366 = CARTESIAN_POINT('',(0.,7.));
#2367 = VECTOR('',#2368,1.);
#2368 = DIRECTION('',(1.,0.));
#2369 = ( GEOMETRIC_REPRESENTATION_CONTEXT(2) 
PARAMETRIC_REPRESENTATION_CONTEXT() REPRESENTATION_CONTEXT('2D SPACE',''
  ) );
#2370 = FACE_BOUND('',#2371,.T.);
#2371 = EDGE_LOOP('',(#2372));
#2372 = ORIENTED_EDGE('',*,*,#2373,.F.);
#2373 = EDGE_CURVE('',#2374,#2374,#2376,.T.);
#2374 = VERTEX_POINT('',#2375);
#2375 = CARTESIAN_POINT('',(21.7,80.,6.));
#2376 = SURFACE_CURVE('',#2377,(#2382,#2389),.PCURVE_S1.);
#2377 = CIRCLE('',#2378,1.7);
#2378 = AXIS2_PLACEMENT_3D('',#2379,#2380,#2381);
#2379 = CARTESIAN_POINT('',(20.,80.,6.));
#2380 = DIRECTION('',(0.,0.,1.));
#2381 = DIRECTION('',(1.,0.,-0.));
#2382 = PCURVE('',#126,#2383);
#2383 = DEFINITIONAL_REPRESENTATION('',(#2384),#2388);
#2384 = CIRCLE('',#2385,1.7);
#2385 = AXIS2_PLACEMENT_2D('',#2386,#2387);
#2386 = CARTESIAN_POINT('',(20.,80.));
#2387 = DIRECTION('',(1.,0.));
#2388 = ( GEOMETRIC_REPRESENTATION_CONTEXT(2) 
PARAMETRIC_REPRESENTATION_CONTEXT() REPRESENTATION_CONTEXT('2D SPACE',''
  ) );
#2389 = PCURVE('',#2390,#2395);
#2390 = CYLINDRICAL_SURFACE('',#2391,1.7);
#2391 = AXIS2_PLACEMENT_3D('',#2392,#2393,#2394);
#2392 = CARTESIAN_POINT('',(20.,80.,-1.));
#2393 = DIRECTION('',(0.,0.,1.));
#2394 = DIRECTION('',(1.,0.,-0.));
#2395 = DEFINITIONAL_REPRESENTATION('',(#2396),#2400);
#2396 = LINE('',#2397,#2398);
#2397 = CARTESIAN_POINT('',(0.,7.));
#2398 = VECTOR('',#2399,1.);
#2399 = DIRECTION('',(1.,0.));
#2400 = ( GEOMETRIC_REPRESENTATION_CONTEXT(2) 
PARAMETRIC_REPRESENTATION_CONTEXT() REPRESENTATION_CONTEXT('2D SPACE',''
  ) );
#2401 = FACE_BOUND('',#2402,.T.);
#2402 = EDGE_LOOP('',(#2403));
#2403 = ORIENTED_EDGE('',*,*,#2404,.F.);
#2404 = EDGE_CURVE('',#2405,#2405,#2407,.T.);
#2405 = VERTEX_POINT('',#2406);
#2406 = CARTESIAN_POINT('',(11.7,90.,6.));
#2407 = SURFACE_CURVE('',#2408,(#2413,#2420),.PCURVE_S1.);
#2408 = CIRCLE('',#2409,1.7);
#2409 = AXIS2_PLACEMENT_3D('',#2410,#2411,#2412);
#2410 = CARTESIAN_POINT('',(10.,90.,6.));
#2411 = DIRECTION('',(0.,0.,1.));
#2412 = DIRECTION('',(1.,0.,-0.));
#2413 = PCURVE('',#126,#2414);
#2414 = DEFINITIONAL_REPRESENTATION('',(#2415),#2419);
#2415 = CIRCLE('',#2416,1.7);
#2416 = AXIS2_PLACEMENT_2D('',#2417,#2418);
#2417 = CARTESIAN_POINT('',(10.,90.));
#2418 = DIRECTION('',(1.,0.));
#2419 = ( GEOMETRIC_REPRESENTATION_CONTEXT(2) 
PARAMETRIC_REPRESENTATION_CONTEXT() REPRESENTATION_CONTEXT('2D SPACE',''
  ) );
#2420 = PCURVE('',#2421,#2426);
#2421 = CYLINDRICAL_SURFACE('',#2422,1.7);
#2422 = AXIS2_PLACEMENT_3D('',#2423,#2424,#2425);
#2423 = CARTESIAN_POINT('',(10.,90.,-1.));
#2424 = DIRECTION('',(0.,0.,1.));
#2425 = DIRECTION('',(1.,0.,-0.));
#2426 = DEFINITIONAL_REPRESENTATION('',(#2427),#2431);
#2427 = LINE('',#2428,#2429);
#2428 = CARTESIAN_POINT('',(0.,7.));
#2429 = VECTOR('',#2430,1.);
#2430 = DIRECTION('',(1.,0.));
#2431 = ( GEOMETRIC_REPRESENTATION_CONTEXT(2) 
PARAMETRIC_REPRESENTATION_CONTEXT() REPRESENTATION_CONTEXT('2D SPACE',''
  ) );
#2432 = FACE_BOUND('',#2433,.T.);
#2433 = EDGE_LOOP('',(#2434));
#2434 = ORIENTED_EDGE('',*,*,#2435,.F.);
#2435 = EDGE_CURVE('',#2436,#2436,#2438,.T.);
#2436 = VERTEX_POINT('',#2437);
#2437 = CARTESIAN_POINT('',(31.7,80.,6.));
#2438 = SURFACE_CURVE('',#2439,(#2444,#2451),.PCURVE_S1.);
#2439 = CIRCLE('',#2440,1.7);
#2440 = AXIS2_PLACEMENT_3D('',#2441,#2442,#2443);
#2441 = CARTESIAN_POINT('',(30.,80.,6.));
#2442 = DIRECTION('',(0.,0.,1.));
#2443 = DIRECTION('',(1.,0.,-0.));
#2444 = PCURVE('',#126,#2445);
#2445 = DEFINITIONAL_REPRESENTATION('',(#2446),#2450);
#2446 = CIRCLE('',#2447,1.7);
#2447 = AXIS2_PLACEMENT_2D('',#2448,#2449);
#2448 = CARTESIAN_POINT('',(30.,80.));
#2449 = DIRECTION('',(1.,0.));
#2450 = ( GEOMETRIC_REPRESENTATION_CONTEXT(2) 
PARAMETRIC_REPRESENTATION_CONTEXT() REPRESENTATION_CONTEXT('2D SPACE',''
  ) );
#2451 = PCURVE('',#2452,#2457);
#2452 = CYLINDRICAL_SURFACE('',#2453,1.7);
#2453 = AXIS2_PLACEMENT_3D('',#2454,#2455,#2456);
#2454 = CARTESIAN_POINT('',(30.,80.,-1.));
#2455 = DIRECTION('',(0.,0.,1.));
#2456 = DIRECTION('',(1.,0.,-0.));
#2457 = DEFINITIONAL_REPRESENTATION('',(#2458),#2462);
#2458 = LINE('',#2459,#2460);
#2459 = CARTESIAN_POINT('',(0.,7.));
#2460 = VECTOR('',#2461,1.);
#2461 = DIRECTION('',(1.,0.));
#2462 = ( GEOMETRIC_REPRESENTATION_CONTEXT(2) 
PARAMETRIC_REPRESENTATION_CONTEXT() REPRESENTATION_CONTEXT('2D SPACE',''
  ) );
#2463 = FACE_BOUND('',#2464,.T.);
#2464 = EDGE_LOOP('',(#2465));
#2465 = ORIENTED_EDGE('',*,*,#2466,.F.);
#2466 = EDGE_CURVE('',#2467,#2467,#2469,.T.);
#2467 = VERTEX_POINT('',#2468);
#2468 = CARTESIAN_POINT('',(31.7,90.,6.));
#2469 = SURFACE_CURVE('',#2470,(#2475,#2482),.PCURVE_S1.);
#2470 = CIRCLE('',#2471,1.7);
#2471 = AXIS2_PLACEMENT_3D('',#2472,#2473,#2474);
#2472 = CARTESIAN_POINT('',(30.,90.,6.));
#2473 = DIRECTION('',(0.,0.,1.));
#2474 = DIRECTION('',(1.,0.,-0.));
#2475 = PCURVE('',#126,#2476);
#2476 = DEFINITIONAL_REPRESENTATION('',(#2477),#2481);
#2477 = CIRCLE('',#2478,1.7);
#2478 = AXIS2_PLACEMENT_2D('',#2479,#2480);
#2479 = CARTESIAN_POINT('',(30.,90.));
#2480 = DIRECTION('',(1.,0.));
#2481 = ( GEOMETRIC_REPRESENTATION_CONTEXT(2) 
PARAMETRIC_REPRESENTATION_CONTEXT() REPRESENTATION_CONTEXT('2D SPACE',''
  ) );
#2482 = PCURVE('',#2483,#2488);
#2483 = CYLINDRICAL_SURFACE('',#2484,1.7);
#2484 = AXIS2_PLACEMENT_3D('',#2485,#2486,#2487);
#2485 = CARTESIAN_POINT('',(30.,90.,-1.));
#2486 = DIRECTION('',(0.,0.,1.));
#2487 = DIRECTION('',(1.,0.,-0.));
#2488 = DEFINITIONAL_REPRESENTATION('',(#2489),#2493);
#2489 = LINE('',#2490,#2491);
#2490 = CARTESIAN_POINT('',(0.,7.));
#2491 = VECTOR('',#2492,1.);
#2492 = DIRECTION('',(1.,0.));
#2493 = ( GEOMETRIC_REPRESENTATION_CONTEXT(2) 
PARAMETRIC_REPRESENTATION_CONTEXT() REPRESENTATION_CONTEXT('2D SPACE',''
  ) );
#2494 = FACE_BOUND('',#2495,.T.);
#2495 = EDGE_LOOP('',(#2496));
#2496 = ORIENTED_EDGE('',*,*,#2497,.F.);
#2497 = EDGE_CURVE('',#2498,#2498,#2500,.T.);
#2498 = VERTEX_POINT('',#2499);
#2499 = CARTESIAN_POINT('',(11.7,100.,6.));
#2500 = SURFACE_CURVE('',#2501,(#2506,#2513),.PCURVE_S1.);
#2501 = CIRCLE('',#2502,1.7);
#2502 = AXIS2_PLACEMENT_3D('',#2503,#2504,#2505);
#2503 = CARTESIAN_POINT('',(10.,100.,6.));
#2504 = DIRECTION('',(0.,0.,1.));
#2505 = DIRECTION('',(1.,0.,-0.));
#2506 = PCURVE('',#126,#2507);
#2507 = DEFINITIONAL_REPRESENTATION('',(#2508),#2512);
#2508 = CIRCLE('',#2509,1.7);
#2509 = AXIS2_PLACEMENT_2D('',#2510,#2511);
#2510 = CARTESIAN_POINT('',(10.,100.));
#2511 = DIRECTION('',(1.,0.));
#2512 = ( GEOMETRIC_REPRESENTATION_CONTEXT(2) 
PARAMETRIC_REPRESENTATION_CONTEXT() REPRESENTATION_CONTEXT('2D SPACE',''
  ) );
#2513 = PCURVE('',#2514,#2519);
#2514 = CYLINDRICAL_SURFACE('',#2515,1.7);
#2515 = AXIS2_PLACEMENT_3D('',#2516,#2517,#2518);
#2516 = CARTESIAN_POINT('',(10.,100.,-1.));
#2517 = DIRECTION('',(0.,0.,1.));
#2518 = DIRECTION('',(1.,0.,-0.));
#2519 = DEFINITIONAL_REPRESENTATION('',(#2520),#2524);
#2520 = LINE('',#2521,#2522);
#2521 = CARTESIAN_POINT('',(0.,7.));
#2522 = VECTOR('',#2523,1.);
#2523 = DIRECTION('',(1.,0.));
#2524 = ( GEOMETRIC_REPRESENTATION_CONTEXT(2) 
PARAMETRIC_REPRESENTATION_CONTEXT() REPRESENTATION_CONTEXT('2D SPACE',''
  ) );
#2525 = FACE_BOUND('',#2526,.T.);
#2526 = EDGE_LOOP('',(#2527));
#2527 = ORIENTED_EDGE('',*,*,#2528,.F.);
#2528 = EDGE_CURVE('',#2529,#2529,#2531,.T.);
#2529 = VERTEX_POINT('',#2530);
#2530 = CARTESIAN_POINT('',(21.7,95.,6.));
#2531 = SURFACE_CURVE('',#2532,(#2537,#2544),.PCURVE_S1.);
#2532 = CIRCLE('',#2533,1.7);
#2533 = AXIS2_PLACEMENT_3D('',#2534,#2535,#2536);
#2534 = CARTESIAN_POINT('',(20.,95.,6.));
#2535 = DIRECTION('',(0.,0.,1.));
#2536 = DIRECTION('',(1.,0.,-0.));
#2537 = PCURVE('',#126,#2538);
#2538 = DEFINITIONAL_REPRESENTATION('',(#2539),#2543);
#2539 = CIRCLE('',#2540,1.7);
#2540 = AXIS2_PLACEMENT_2D('',#2541,#2542);
#2541 = CARTESIAN_POINT('',(20.,95.));
#2542 = DIRECTION('',(1.,0.));
#2543 = ( GEOMETRIC_REPRESENTATION_CONTEXT(2) 
PARAMETRIC_REPRESENTATION_CONTEXT() REPRESENTATION_CONTEXT('2D SPACE',''
  ) );
#2544 = PCURVE('',#2545,#2550);
#2545 = CYLINDRICAL_SURFACE('',#2546,1.7);
#2546 = AXIS2_PLACEMENT_3D('',#2547,#2548,#2549);
#2547 = CARTESIAN_POINT('',(20.,95.,-1.));
#2548 = DIRECTION('',(0.,0.,1.));
#2549 = DIRECTION('',(1.,0.,-0.));
#2550 = DEFINITIONAL_REPRESENTATION('',(#2551),#2555);
#2551 = LINE('',#2552,#2553);
#2552 = CARTESIAN_POINT('',(0.,7.));
#2553 = VECTOR('',#2554,1.);
#2554 = DIRECTION('',(1.,0.));
#2555 = ( GEOMETRIC_REPRESENTATION_CONTEXT(2) 
PARAMETRIC_REPRESENTATION_CONTEXT() REPRESENTATION_CONTEXT('2D SPACE',''
  ) );
#2556 = FACE_BOUND('',#2557,.T.);
#2557 = EDGE_LOOP('',(#2558));
#2558 = ORIENTED_EDGE('',*,*,#2559,.F.);
#2559 = EDGE_CURVE('',#2560,#2560,#2562,.T.);
#2560 = VERTEX_POINT('',#2561);
#2561 = CARTESIAN_POINT('',(31.7,100.,6.));
#2562 = SURFACE_CURVE('',#2563,(#2568,#2575),.PCURVE_S1.);
#2563 = CIRCLE('',#2564,1.7);
#2564 = AXIS2_PLACEMENT_3D('',#2565,#2566,#2567);
#2565 = CARTESIAN_POINT('',(30.,100.,6.));
#2566 = DIRECTION('',(0.,0.,1.));
#2567 = DIRECTION('',(1.,0.,-0.));
#2568 = PCURVE('',#126,#2569);
#2569 = DEFINITIONAL_REPRESENTATION('',(#2570),#2574);
#2570 = CIRCLE('',#2571,1.7);
#2571 = AXIS2_PLACEMENT_2D('',#2572,#2573);
#2572 = CARTESIAN_POINT('',(30.,100.));
#2573 = DIRECTION('',(1.,0.));
#2574 = ( GEOMETRIC_REPRESENTATION_CONTEXT(2) 
PARAMETRIC_REPRESENTATION_CONTEXT() REPRESENTATION_CONTEXT('2D SPACE',''
  ) );
#2575 = PCURVE('',#2576,#2581);
#2576 = CYLINDRICAL_SURFACE('',#2577,1.7);
#2577 = AXIS2_PLACEMENT_3D('',#2578,#2579,#2580);
#2578 = CARTESIAN_POINT('',(30.,100.,-1.));
#2579 = DIRECTION('',(0.,0.,1.));
#2580 = DIRECTION('',(1.,0.,-0.));
#2581 = DEFINITIONAL_REPRESENTATION('',(#2582),#2586);
#2582 = LINE('',#2583,#2584);
#2583 = CARTESIAN_POINT('',(0.,7.));
#2584 = VECTOR('',#2585,1.);
#2585 = DIRECTION('',(1.,0.));
#2586 = ( GEOMETRIC_REPRESENTATION_CONTEXT(2) 
PARAMETRIC_REPRESENTATION_CONTEXT() REPRESENTATION_CONTEXT('2D SPACE',''
  ) );
#2587 = FACE_BOUND('',#2588,.T.);
#2588 = EDGE_LOOP('',(#2589));
#2589 = ORIENTED_EDGE('',*,*,#2590,.F.);
#2590 = EDGE_CURVE('',#2591,#2591,#2593,.T.);
#2591 = VERTEX_POINT('',#2592);
#2592 = CARTESIAN_POINT('',(11.7,110.,6.));
#2593 = SURFACE_CURVE('',#2594,(#2599,#2606),.PCURVE_S1.);
#2594 = CIRCLE('',#2595,1.7);
#2595 = AXIS2_PLACEMENT_3D('',#2596,#2597,#2598);
#2596 = CARTESIAN_POINT('',(10.,110.,6.));
#2597 = DIRECTION('',(0.,0.,1.));
#2598 = DIRECTION('',(1.,0.,-0.));
#2599 = PCURVE('',#126,#2600);
#2600 = DEFINITIONAL_REPRESENTATION('',(#2601),#2605);
#2601 = CIRCLE('',#2602,1.7);
#2602 = AXIS2_PLACEMENT_2D('',#2603,#2604);
#2603 = CARTESIAN_POINT('',(10.,110.));
#2604 = DIRECTION('',(1.,0.));
#2605 = ( GEOMETRIC_REPRESENTATION_CONTEXT(2) 
PARAMETRIC_REPRESENTATION_CONTEXT() REPRESENTATION_CONTEXT('2D SPACE',''
  ) );
#2606 = PCURVE('',#2607,#2612);
#2607 = CYLINDRICAL_SURFACE('',#2608,1.7);
#2608 = AXIS2_PLACEMENT_3D('',#2609,#2610,#2611);
#2609 = CARTESIAN_POINT('',(10.,110.,-1.));
#2610 = DIRECTION('',(0.,0.,1.));
#2611 = DIRECTION('',(1.,0.,-0.));
#2612 = DEFINITIONAL_REPRESENTATION('',(#2613),#2617);
#2613 = LINE('',#2614,#2615);
#2614 = CARTESIAN_POINT('',(0.,7.));
#2615 = VECTOR('',#2616,1.);
#2616 = DIRECTION('',(1.,0.));
#2617 = ( GEOMETRIC_REPRESENTATION_CONTEXT(2) 
PARAMETRIC_REPRESENTATION_CONTEXT() REPRESENTATION_CONTEXT('2D SPACE',''
  ) );
#2618 = FACE_BOUND('',#2619,.T.);
#2619 = EDGE_LOOP('',(#2620));
#2620 = ORIENTED_EDGE('',*,*,#2621,.F.);
#2621 = EDGE_CURVE('',#2622,#2622,#2624,.T.);
#2622 = VERTEX_POINT('',#2623);
#2623 = CARTESIAN_POINT('',(21.7,110.,6.));
#2624 = SURFACE_CURVE('',#2625,(#2630,#2637),.PCURVE_S1.);
#2625 = CIRCLE('',#2626,1.7);
#2626 = AXIS2_PLACEMENT_3D('',#2627,#2628,#2629);
#2627 = CARTESIAN_POINT('',(20.,110.,6.));
#2628 = DIRECTION('',(0.,0.,1.));
#2629 = DIRECTION('',(1.,0.,-0.));
#2630 = PCURVE('',#126,#2631);
#2631 = DEFINITIONAL_REPRESENTATION('',(#2632),#2636);
#2632 = CIRCLE('',#2633,1.7);
#2633 = AXIS2_PLACEMENT_2D('',#2634,#2635);
#2634 = CARTESIAN_POINT('',(20.,110.));
#2635 = DIRECTION('',(1.,0.));
#2636 = ( GEOMETRIC_REPRESENTATION_CONTEXT(2) 
PARAMETRIC_REPRESENTATION_CONTEXT() REPRESENTATION_CONTEXT('2D SPACE',''
  ) );
#2637 = PCURVE('',#2638,#2643);
#2638 = CYLINDRICAL_SURFACE('',#2639,1.7);
#2639 = AXIS2_PLACEMENT_3D('',#2640,#2641,#2642);
#2640 = CARTESIAN_POINT('',(20.,110.,-1.));
#2641 = DIRECTION('',(0.,0.,1.));
#2642 = DIRECTION('',(1.,0.,-0.));
#2643 = DEFINITIONAL_REPRESENTATION('',(#2644),#2648);
#2644 = LINE('',#2645,#2646);
#2645 = CARTESIAN_POINT('',(0.,7.));
#2646 = VECTOR('',#2647,1.);
#2647 = DIRECTION('',(1.,0.));
#2648 = ( GEOMETRIC_REPRESENTATION_CONTEXT(2) 
PARAMETRIC_REPRESENTATION_CONTEXT() REPRESENTATION_CONTEXT('2D SPACE',''
  ) );
#2649 = FACE_BOUND('',#2650,.T.);
#2650 = EDGE_LOOP('',(#2651));
#2651 = ORIENTED_EDGE('',*,*,#2652,.F.);
#2652 = EDGE_CURVE('',#2653,#2653,#2655,.T.);
#2653 = VERTEX_POINT('',#2654);
#2654 = CARTESIAN_POINT('',(11.7,120.,6.));
#2655 = SURFACE_CURVE('',#2656,(#2661,#2668),.PCURVE_S1.);
#2656 = CIRCLE('',#2657,1.7);
#2657 = AXIS2_PLACEMENT_3D('',#2658,#2659,#2660);
#2658 = CARTESIAN_POINT('',(10.,120.,6.));
#2659 = DIRECTION('',(0.,0.,1.));
#2660 = DIRECTION('',(1.,0.,-0.));
#2661 = PCURVE('',#126,#2662);
#2662 = DEFINITIONAL_REPRESENTATION('',(#2663),#2667);
#2663 = CIRCLE('',#2664,1.7);
#2664 = AXIS2_PLACEMENT_2D('',#2665,#2666);
#2665 = CARTESIAN_POINT('',(10.,120.));
#2666 = DIRECTION('',(1.,0.));
#2667 = ( GEOMETRIC_REPRESENTATION_CONTEXT(2) 
PARAMETRIC_REPRESENTATION_CONTEXT() REPRESENTATION_CONTEXT('2D SPACE',''
  ) );
#2668 = PCURVE('',#2669,#2674);
#2669 = CYLINDRICAL_SURFACE('',#2670,1.7);
#2670 = AXIS2_PLACEMENT_3D('',#2671,#2672,#2673);
#2671 = CARTESIAN_POINT('',(10.,120.,-1.));
#2672 = DIRECTION('',(0.,0.,1.));
#2673 = DIRECTION('',(1.,0.,-0.));
#2674 = DEFINITIONAL_REPRESENTATION('',(#2675),#2679);
#2675 = LINE('',#2676,#2677);
#2676 = CARTESIAN_POINT('',(0.,7.));
#2677 = VECTOR('',#2678,1.);
#2678 = DIRECTION('',(1.,0.));
#2679 = ( GEOMETRIC_REPRESENTATION_CONTEXT(2) 
PARAMETRIC_REPRESENTATION_CONTEXT() REPRESENTATION_CONTEXT('2D SPACE',''
  ) );
#2680 = FACE_BOUND('',#2681,.T.);
#2681 = EDGE_LOOP('',(#2682));
#2682 = ORIENTED_EDGE('',*,*,#2683,.F.);
#2683 = EDGE_CURVE('',#2684,#2684,#2686,.T.);
#2684 = VERTEX_POINT('',#2685);
#2685 = CARTESIAN_POINT('',(21.7,120.,6.));
#2686 = SURFACE_CURVE('',#2687,(#2692,#2699),.PCURVE_S1.);
#2687 = CIRCLE('',#2688,1.7);
#2688 = AXIS2_PLACEMENT_3D('',#2689,#2690,#2691);
#2689 = CARTESIAN_POINT('',(20.,120.,6.));
#2690 = DIRECTION('',(0.,0.,1.));
#2691 = DIRECTION('',(1.,0.,-0.));
#2692 = PCURVE('',#126,#2693);
#2693 = DEFINITIONAL_REPRESENTATION('',(#2694),#2698);
#2694 = CIRCLE('',#2695,1.7);
#2695 = AXIS2_PLACEMENT_2D('',#2696,#2697);
#2696 = CARTESIAN_POINT('',(20.,120.));
#2697 = DIRECTION('',(1.,0.));
#2698 = ( GEOMETRIC_REPRESENTATION_CONTEXT(2) 
PARAMETRIC_REPRESENTATION_CONTEXT() REPRESENTATION_CONTEXT('2D SPACE',''
  ) );
#2699 = PCURVE('',#2700,#2705);
#2700 = CYLINDRICAL_SURFACE('',#2701,1.7);
#2701 = AXIS2_PLACEMENT_3D('',#2702,#2703,#2704);
#2702 = CARTESIAN_POINT('',(20.,120.,-1.));
#2703 = DIRECTION('',(0.,0.,1.));
#2704 = DIRECTION('',(1.,0.,-0.));
#2705 = DEFINITIONAL_REPRESENTATION('',(#2706),#2710);
#2706 = LINE('',#2707,#2708);
#2707 = CARTESIAN_POINT('',(0.,7.));
#2708 = VECTOR('',#2709,1.);
#2709 = DIRECTION('',(1.,0.));
#2710 = ( GEOMETRIC_REPRESENTATION_CONTEXT(2) 
PARAMETRIC_REPRESENTATION_CONTEXT() REPRESENTATION_CONTEXT('2D SPACE',''
  ) );
#2711 = FACE_BOUND('',#2712,.T.);
#2712 = EDGE_LOOP('',(#2713));
#2713 = ORIENTED_EDGE('',*,*,#2714,.F.);
#2714 = EDGE_CURVE('',#2715,#2715,#2717,.T.);
#2715 = VERTEX_POINT('',#2716);
#2716 = CARTESIAN_POINT('',(31.7,110.,6.));
#2717 = SURFACE_CURVE('',#2718,(#2723,#2730),.PCURVE_S1.);
#2718 = CIRCLE('',#2719,1.7);
#2719 = AXIS2_PLACEMENT_3D('',#2720,#2721,#2722);
#2720 = CARTESIAN_POINT('',(30.,110.,6.));
#2721 = DIRECTION('',(0.,0.,1.));
#2722 = DIRECTION('',(1.,0.,-0.));
#2723 = PCURVE('',#126,#2724);
#2724 = DEFINITIONAL_REPRESENTATION('',(#2725),#2729);
#2725 = CIRCLE('',#2726,1.7);
#2726 = AXIS2_PLACEMENT_2D('',#2727,#2728);
#2727 = CARTESIAN_POINT('',(30.,110.));
#2728 = DIRECTION('',(1.,0.));
#2729 = ( GEOMETRIC_REPRESENTATION_CONTEXT(2) 
PARAMETRIC_REPRESENTATION_CONTEXT() REPRESENTATION_CONTEXT('2D SPACE',''
  ) );
#2730 = PCURVE('',#2731,#2736);
#2731 = CYLINDRICAL_SURFACE('',#2732,1.7);
#2732 = AXIS2_PLACEMENT_3D('',#2733,#2734,#2735);
#2733 = CARTESIAN_POINT('',(30.,110.,-1.));
#2734 = DIRECTION('',(0.,0.,1.));
#2735 = DIRECTION('',(1.,0.,-0.));
#2736 = DEFINITIONAL_REPRESENTATION('',(#2737),#2741);
#2737 = LINE('',#2738,#2739);
#2738 = CARTESIAN_POINT('',(0.,7.));
#2739 = VECTOR('',#2740,1.);
#2740 = DIRECTION('',(1.,0.));
#2741 = ( GEOMETRIC_REPRESENTATION_CONTEXT(2) 
PARAMETRIC_REPRESENTATION_CONTEXT() REPRESENTATION_CONTEXT('2D SPACE',''
  ) );
#2742 = FACE_BOUND('',#2743,.T.);
#2743 = EDGE_LOOP('',(#2744));
#2744 = ORIENTED_EDGE('',*,*,#2745,.F.);
#2745 = EDGE_CURVE('',#2746,#2746,#2748,.T.);
#2746 = VERTEX_POINT('',#2747);
#2747 = CARTESIAN_POINT('',(31.7,120.,6.));
#2748 = SURFACE_CURVE('',#2749,(#2754,#2761),.PCURVE_S1.);
#2749 = CIRCLE('',#2750,1.7);
#2750 = AXIS2_PLACEMENT_3D('',#2751,#2752,#2753);
#2751 = CARTESIAN_POINT('',(30.,120.,6.));
#2752 = DIRECTION('',(0.,0.,1.));
#2753 = DIRECTION('',(1.,0.,-0.));
#2754 = PCURVE('',#126,#2755);
#2755 = DEFINITIONAL_REPRESENTATION('',(#2756),#2760);
#2756 = CIRCLE('',#2757,1.7);
#2757 = AXIS2_PLACEMENT_2D('',#2758,#2759);
#2758 = CARTESIAN_POINT('',(30.,120.));
#2759 = DIRECTION('',(1.,0.));
#2760 = ( GEOMETRIC_REPRESENTATION_CONTEXT(2) 
PARAMETRIC_REPRESENTATION_CONTEXT() REPRESENTATION_CONTEXT('2D SPACE',''
  ) );
#2761 = PCURVE('',#2762,#2767);
#2762 = CYLINDRICAL_SURFACE('',#2763,1.7);
#2763 = AXIS2_PLACEMENT_3D('',#2764,#2765,#2766);
#2764 = CARTESIAN_POINT('',(30.,120.,-1.));
#2765 = DIRECTION('',(0.,0.,1.));
#2766 = DIRECTION('',(1.,0.,-0.));
#2767 = DEFINITIONAL_REPRESENTATION('',(#2768),#2772);
#2768 = LINE('',#2769,#2770);
#2769 = CARTESIAN_POINT('',(0.,7.));
#2770 = VECTOR('',#2771,1.);
#2771 = DIRECTION('',(1.,0.));
#2772 = ( GEOMETRIC_REPRESENTATION_CONTEXT(2) 
PARAMETRIC_REPRESENTATION_CONTEXT() REPRESENTATION_CONTEXT('2D SPACE',''
  ) );
#2773 = FACE_BOUND('',#2774,.T.);
#2774 = EDGE_LOOP('',(#2775,#2803,#2829,#2855));
#2775 = ORIENTED_EDGE('',*,*,#2776,.T.);
#2776 = EDGE_CURVE('',#2777,#2779,#2781,.T.);
#2777 = VERTEX_POINT('',#2778);
#2778 = CARTESIAN_POINT('',(90.5,62.5,6.));
#2779 = VERTEX_POINT('',#2780);
#2780 = CARTESIAN_POINT('',(40.5,62.5,6.));
#2781 = SURFACE_CURVE('',#2782,(#2786,#2792),.PCURVE_S1.);
#2782 = LINE('',#2783,#2784);
#2783 = CARTESIAN_POINT('',(20.25,62.5,6.));
#2784 = VECTOR('',#2785,1.);
#2785 = DIRECTION('',(-1.,-0.,0.));
#2786 = PCURVE('',#126,#2787);
#2787 = DEFINITIONAL_REPRESENTATION('',(#2788),#2791);
#2788 = B_SPLINE_CURVE_WITH_KNOTS('',1,(#2789,#2790),.UNSPECIFIED.,.F.,
  .F.,(2,2),(-70.25,-20.25),.PIECEWISE_BEZIER_KNOTS.);
#2789 = CARTESIAN_POINT('',(90.5,62.5));
#2790 = CARTESIAN_POINT('',(40.5,62.5));
#2791 = ( GEOMETRIC_REPRESENTATION_CONTEXT(2) 
PARAMETRIC_REPRESENTATION_CONTEXT() REPRESENTATION_CONTEXT('2D SPACE',''
  ) );
#2792 = PCURVE('',#2793,#2798);
#2793 = PLANE('',#2794);
#2794 = AXIS2_PLACEMENT_3D('',#2795,#2796,#2797);
#2795 = CARTESIAN_POINT('',(40.5,62.5,-1.));
#2796 = DIRECTION('',(-0.,1.,0.));
#2797 = DIRECTION('',(0.,0.,1.));
#2798 = DEFINITIONAL_REPRESENTATION('',(#2799),#2802);
#2799 = B_SPLINE_CURVE_WITH_KNOTS('',1,(#2800,#2801),.UNSPECIFIED.,.F.,
  .F.,(2,2),(-70.25,-20.25),.PIECEWISE_BEZIER_KNOTS.);
#2800 = CARTESIAN_POINT('',(7.,50.));
#2801 = CARTESIAN_POINT('',(7.,0.));
#2802 = ( GEOMETRIC_REPRESENTATION_CONTEXT(2) 
PARAMETRIC_REPRESENTATION_CONTEXT() REPRESENTATION_CONTEXT('2D SPACE',''
  ) );
#2803 = ORIENTED_EDGE('',*,*,#2804,.T.);
#2804 = EDGE_CURVE('',#2779,#2805,#2807,.T.);
#2805 = VERTEX_POINT('',#2806);
#2806 = CARTESIAN_POINT('',(40.5,122.5,6.));
#2807 = SURFACE_CURVE('',#2808,(#2812,#2818),.PCURVE_S1.);
#2808 = LINE('',#2809,#2810);
#2809 = CARTESIAN_POINT('',(40.5,31.25,6.));
#2810 = VECTOR('',#2811,1.);
#2811 = DIRECTION('',(-0.,1.,0.));
#2812 = PCURVE('',#126,#2813);
#2813 = DEFINITIONAL_REPRESENTATION('',(#2814),#2817);
#2814 = B_SPLINE_CURVE_WITH_KNOTS('',1,(#2815,#2816),.UNSPECIFIED.,.F.,
  .F.,(2,2),(31.25,91.25),.PIECEWISE_BEZIER_KNOTS.);
#2815 = CARTESIAN_POINT('',(40.5,62.5));
#2816 = CARTESIAN_POINT('',(40.5,122.5));
#2817 = ( GEOMETRIC_REPRESENTATION_CONTEXT(2) 
PARAMETRIC_REPRESENTATION_CONTEXT() REPRESENTATION_CONTEXT('2D SPACE',''
  ) );
#2818 = PCURVE('',#2819,#2824);
#2819 = PLANE('',#2820);
#2820 = AXIS2_PLACEMENT_3D('',#2821,#2822,#2823);
#2821 = CARTESIAN_POINT('',(40.5,62.5,-1.));
#2822 = DIRECTION('',(1.,0.,-0.));
#2823 = DIRECTION('',(0.,0.,1.));
#2824 = DEFINITIONAL_REPRESENTATION('',(#2825),#2828);
#2825 = B_SPLINE_CURVE_WITH_KNOTS('',1,(#2826,#2827),.UNSPECIFIED.,.F.,
  .F.,(2,2),(31.25,91.25),.PIECEWISE_BEZIER_KNOTS.);
#2826 = CARTESIAN_POINT('',(7.,0.));
#2827 = CARTESIAN_POINT('',(7.,-60.));
#2828 = ( GEOMETRIC_REPRESENTATION_CONTEXT(2) 
PARAMETRIC_REPRESENTATION_CONTEXT() REPRESENTATION_CONTEXT('2D SPACE',''
  ) );
#2829 = ORIENTED_EDGE('',*,*,#2830,.F.);
#2830 = EDGE_CURVE('',#2831,#2805,#2833,.T.);
#2831 = VERTEX_POINT('',#2832);
#2832 = CARTESIAN_POINT('',(90.5,122.5,6.));
#2833 = SURFACE_CURVE('',#2834,(#2838,#2844),.PCURVE_S1.);
#2834 = LINE('',#2835,#2836);
#2835 = CARTESIAN_POINT('',(20.25,122.5,6.));
#2836 = VECTOR('',#2837,1.);
#2837 = DIRECTION('',(-1.,-0.,0.));
#2838 = PCURVE('',#126,#2839);
#2839 = DEFINITIONAL_REPRESENTATION('',(#2840),#2843);
#2840 = B_SPLINE_CURVE_WITH_KNOTS('',1,(#2841,#2842),.UNSPECIFIED.,.F.,
  .F.,(2,2),(-70.25,-20.25),.PIECEWISE_BEZIER_KNOTS.);
#2841 = CARTESIAN_POINT('',(90.5,122.5));
#2842 = CARTESIAN_POINT('',(40.5,122.5));
#2843 = ( GEOMETRIC_REPRESENTATION_CONTEXT(2) 
PARAMETRIC_REPRESENTATION_CONTEXT() REPRESENTATION_CONTEXT('2D SPACE',''
  ) );
#2844 = PCURVE('',#2845,#2850);
#2845 = PLANE('',#2846);
#2846 = AXIS2_PLACEMENT_3D('',#2847,#2848,#2849);
#2847 = CARTESIAN_POINT('',(40.5,122.5,-1.));
#2848 = DIRECTION('',(-0.,1.,0.));
#2849 = DIRECTION('',(0.,0.,1.));
#2850 = DEFINITIONAL_REPRESENTATION('',(#2851),#2854);
#2851 = B_SPLINE_CURVE_WITH_KNOTS('',1,(#2852,#2853),.UNSPECIFIED.,.F.,
  .F.,(2,2),(-70.25,-20.25),.PIECEWISE_BEZIER_KNOTS.);
#2852 = CARTESIAN_POINT('',(7.,50.));
#2853 = CARTESIAN_POINT('',(7.,0.));
#2854 = ( GEOMETRIC_REPRESENTATION_CONTEXT(2) 
PARAMETRIC_REPRESENTATION_CONTEXT() REPRESENTATION_CONTEXT('2D SPACE',''
  ) );
#2855 = ORIENTED_EDGE('',*,*,#2856,.F.);
#2856 = EDGE_CURVE('',#2777,#2831,#2857,.T.);
#2857 = SURFACE_CURVE('',#2858,(#2862,#2868),.PCURVE_S1.);
#2858 = LINE('',#2859,#2860);
#2859 = CARTESIAN_POINT('',(90.5,31.25,6.));
#2860 = VECTOR('',#2861,1.);
#2861 = DIRECTION('',(-0.,1.,0.));
#2862 = PCURVE('',#126,#2863);
#2863 = DEFINITIONAL_REPRESENTATION('',(#2864),#2867);
#2864 = B_SPLINE_CURVE_WITH_KNOTS('',1,(#2865,#2866),.UNSPECIFIED.,.F.,
  .F.,(2,2),(31.25,91.25),.PIECEWISE_BEZIER_KNOTS.);
#2865 = CARTESIAN_POINT('',(90.5,62.5));
#2866 = CARTESIAN_POINT('',(90.5,122.5));
#2867 = ( GEOMETRIC_REPRESENTATION_CONTEXT(2) 
PARAMETRIC_REPRESENTATION_CONTEXT() REPRESENTATION_CONTEXT('2D SPACE',''
  ) );
#2868 = PCURVE('',#2869,#2874);
#2869 = PLANE('',#2870);
#2870 = AXIS2_PLACEMENT_3D('',#2871,#2872,#2873);
#2871 = CARTESIAN_POINT('',(90.5,62.5,-1.));
#2872 = DIRECTION('',(1.,0.,-0.));
#2873 = DIRECTION('',(0.,0.,1.));
#2874 = DEFINITIONAL_REPRESENTATION('',(#2875),#2878);
#2875 = B_SPLINE_CURVE_WITH_KNOTS('',1,(#2876,#2877),.UNSPECIFIED.,.F.,
  .F.,(2,2),(31.25,91.25),.PIECEWISE_BEZIER_KNOTS.);
#2876 = CARTESIAN_POINT('',(7.,0.));
#2877 = CARTESIAN_POINT('',(7.,-60.));
#2878 = ( GEOMETRIC_REPRESENTATION_CONTEXT(2) 
PARAMETRIC_REPRESENTATION_CONTEXT() REPRESENTATION_CONTEXT('2D SPACE',''
  ) );
#2879 = FACE_BOUND('',#2880,.T.);
#2880 = EDGE_LOOP('',(#2881));
#2881 = ORIENTED_EDGE('',*,*,#2882,.F.);
#2882 = EDGE_CURVE('',#2883,#2883,#2885,.T.);
#2883 = VERTEX_POINT('',#2884);
#2884 = CARTESIAN_POINT('',(101.7,70.,6.));
#2885 = SURFACE_CURVE('',#2886,(#2891,#2898),.PCURVE_S1.);
#2886 = CIRCLE('',#2887,1.7);
#2887 = AXIS2_PLACEMENT_3D('',#2888,#2889,#2890);
#2888 = CARTESIAN_POINT('',(100.,70.,6.));
#2889 = DIRECTION('',(0.,0.,1.));
#2890 = DIRECTION('',(1.,0.,-0.));
#2891 = PCURVE('',#126,#2892);
#2892 = DEFINITIONAL_REPRESENTATION('',(#2893),#2897);
#2893 = CIRCLE('',#2894,1.7);
#2894 = AXIS2_PLACEMENT_2D('',#2895,#2896);
#2895 = CARTESIAN_POINT('',(100.,70.));
#2896 = DIRECTION('',(1.,0.));
#2897 = ( GEOMETRIC_REPRESENTATION_CONTEXT(2) 
PARAMETRIC_REPRESENTATION_CONTEXT() REPRESENTATION_CONTEXT('2D SPACE',''
  ) );
#2898 = PCURVE('',#2899,#2904);
#2899 = CYLINDRICAL_SURFACE('',#2900,1.7);
#2900 = AXIS2_PLACEMENT_3D('',#2901,#2902,#2903);
#2901 = CARTESIAN_POINT('',(100.,70.,-1.));
#2902 = DIRECTION('',(0.,0.,1.));
#2903 = DIRECTION('',(1.,0.,-0.));
#2904 = DEFINITIONAL_REPRESENTATION('',(#2905),#2909);
#2905 = LINE('',#2906,#2907);
#2906 = CARTESIAN_POINT('',(0.,7.));
#2907 = VECTOR('',#2908,1.);
#2908 = DIRECTION('',(1.,0.));
#2909 = ( GEOMETRIC_REPRESENTATION_CONTEXT(2) 
PARAMETRIC_REPRESENTATION_CONTEXT() REPRESENTATION_CONTEXT('2D SPACE',''
  ) );
#2910 = FACE_BOUND('',#2911,.T.);
#2911 = EDGE_LOOP('',(#2912));
#2912 = ORIENTED_EDGE('',*,*,#2913,.F.);
#2913 = EDGE_CURVE('',#2914,#2914,#2916,.T.);
#2914 = VERTEX_POINT('',#2915);
#2915 = CARTESIAN_POINT('',(111.7,70.,6.));
#2916 = SURFACE_CURVE('',#2917,(#2922,#2929),.PCURVE_S1.);
#2917 = CIRCLE('',#2918,1.7);
#2918 = AXIS2_PLACEMENT_3D('',#2919,#2920,#2921);
#2919 = CARTESIAN_POINT('',(110.,70.,6.));
#2920 = DIRECTION('',(0.,0.,1.));
#2921 = DIRECTION('',(1.,0.,-0.));
#2922 = PCURVE('',#126,#2923);
#2923 = DEFINITIONAL_REPRESENTATION('',(#2924),#2928);
#2924 = CIRCLE('',#2925,1.7);
#2925 = AXIS2_PLACEMENT_2D('',#2926,#2927);
#2926 = CARTESIAN_POINT('',(110.,70.));
#2927 = DIRECTION('',(1.,0.));
#2928 = ( GEOMETRIC_REPRESENTATION_CONTEXT(2) 
PARAMETRIC_REPRESENTATION_CONTEXT() REPRESENTATION_CONTEXT('2D SPACE',''
  ) );
#2929 = PCURVE('',#2930,#2935);
#2930 = CYLINDRICAL_SURFACE('',#2931,1.7);
#2931 = AXIS2_PLACEMENT_3D('',#2932,#2933,#2934);
#2932 = CARTESIAN_POINT('',(110.,70.,-1.));
#2933 = DIRECTION('',(0.,0.,1.));
#2934 = DIRECTION('',(1.,0.,-0.));
#2935 = DEFINITIONAL_REPRESENTATION('',(#2936),#2940);
#2936 = LINE('',#2937,#2938);
#2937 = CARTESIAN_POINT('',(0.,7.));
#2938 = VECTOR('',#2939,1.);
#2939 = DIRECTION('',(1.,0.));
#2940 = ( GEOMETRIC_REPRESENTATION_CONTEXT(2) 
PARAMETRIC_REPRESENTATION_CONTEXT() REPRESENTATION_CONTEXT('2D SPACE',''
  ) );
#2941 = FACE_BOUND('',#2942,.T.);
#2942 = EDGE_LOOP('',(#2943));
#2943 = ORIENTED_EDGE('',*,*,#2944,.F.);
#2944 = EDGE_CURVE('',#2945,#2945,#2947,.T.);
#2945 = VERTEX_POINT('',#2946);
#2946 = CARTESIAN_POINT('',(121.7,70.,6.));
#2947 = SURFACE_CURVE('',#2948,(#2953,#2960),.PCURVE_S1.);
#2948 = CIRCLE('',#2949,1.7);
#2949 = AXIS2_PLACEMENT_3D('',#2950,#2951,#2952);
#2950 = CARTESIAN_POINT('',(120.,70.,6.));
#2951 = DIRECTION('',(0.,0.,1.));
#2952 = DIRECTION('',(1.,0.,-0.));
#2953 = PCURVE('',#126,#2954);
#2954 = DEFINITIONAL_REPRESENTATION('',(#2955),#2959);
#2955 = CIRCLE('',#2956,1.7);
#2956 = AXIS2_PLACEMENT_2D('',#2957,#2958);
#2957 = CARTESIAN_POINT('',(120.,70.));
#2958 = DIRECTION('',(1.,0.));
#2959 = ( GEOMETRIC_REPRESENTATION_CONTEXT(2) 
PARAMETRIC_REPRESENTATION_CONTEXT() REPRESENTATION_CONTEXT('2D SPACE',''
  ) );
#2960 = PCURVE('',#2961,#2966);
#2961 = CYLINDRICAL_SURFACE('',#2962,1.7);
#2962 = AXIS2_PLACEMENT_3D('',#2963,#2964,#2965);
#2963 = CARTESIAN_POINT('',(120.,70.,-1.));
#2964 = DIRECTION('',(0.,0.,1.));
#2965 = DIRECTION('',(1.,0.,-0.));
#2966 = DEFINITIONAL_REPRESENTATION('',(#2967),#2971);
#2967 = LINE('',#2968,#2969);
#2968 = CARTESIAN_POINT('',(0.,7.));
#2969 = VECTOR('',#2970,1.);
#2970 = DIRECTION('',(1.,0.));
#2971 = ( GEOMETRIC_REPRESENTATION_CONTEXT(2) 
PARAMETRIC_REPRESENTATION_CONTEXT() REPRESENTATION_CONTEXT('2D SPACE',''
  ) );
#2972 = FACE_BOUND('',#2973,.T.);
#2973 = EDGE_LOOP('',(#2974));
#2974 = ORIENTED_EDGE('',*,*,#2975,.F.);
#2975 = EDGE_CURVE('',#2976,#2976,#2978,.T.);
#2976 = VERTEX_POINT('',#2977);
#2977 = CARTESIAN_POINT('',(101.7,80.,6.));
#2978 = SURFACE_CURVE('',#2979,(#2984,#2991),.PCURVE_S1.);
#2979 = CIRCLE('',#2980,1.7);
#2980 = AXIS2_PLACEMENT_3D('',#2981,#2982,#2983);
#2981 = CARTESIAN_POINT('',(100.,80.,6.));
#2982 = DIRECTION('',(0.,0.,1.));
#2983 = DIRECTION('',(1.,0.,-0.));
#2984 = PCURVE('',#126,#2985);
#2985 = DEFINITIONAL_REPRESENTATION('',(#2986),#2990);
#2986 = CIRCLE('',#2987,1.7);
#2987 = AXIS2_PLACEMENT_2D('',#2988,#2989);
#2988 = CARTESIAN_POINT('',(100.,80.));
#2989 = DIRECTION('',(1.,0.));
#2990 = ( GEOMETRIC_REPRESENTATION_CONTEXT(2) 
PARAMETRIC_REPRESENTATION_CONTEXT() REPRESENTATION_CONTEXT('2D SPACE',''
  ) );
#2991 = PCURVE('',#2992,#2997);
#2992 = CYLINDRICAL_SURFACE('',#2993,1.7);
#2993 = AXIS2_PLACEMENT_3D('',#2994,#2995,#2996);
#2994 = CARTESIAN_POINT('',(100.,80.,-1.));
#2995 = DIRECTION('',(0.,0.,1.));
#2996 = DIRECTION('',(1.,0.,-0.));
#2997 = DEFINITIONAL_REPRESENTATION('',(#2998),#3002);
#2998 = LINE('',#2999,#3000);
#2999 = CARTESIAN_POINT('',(0.,7.));
#3000 = VECTOR('',#3001,1.);
#3001 = DIRECTION('',(1.,0.));
#3002 = ( GEOMETRIC_REPRESENTATION_CONTEXT(2) 
PARAMETRIC_REPRESENTATION_CONTEXT() REPRESENTATION_CONTEXT('2D SPACE',''
  ) );
#3003 = FACE_BOUND('',#3004,.T.);
#3004 = EDGE_LOOP('',(#3005));
#3005 = ORIENTED_EDGE('',*,*,#3006,.F.);
#3006 = EDGE_CURVE('',#3007,#3007,#3009,.T.);
#3007 = VERTEX_POINT('',#3008);
#3008 = CARTESIAN_POINT('',(101.7,90.,6.));
#3009 = SURFACE_CURVE('',#3010,(#3015,#3022),.PCURVE_S1.);
#3010 = CIRCLE('',#3011,1.7);
#3011 = AXIS2_PLACEMENT_3D('',#3012,#3013,#3014);
#3012 = CARTESIAN_POINT('',(100.,90.,6.));
#3013 = DIRECTION('',(0.,0.,1.));
#3014 = DIRECTION('',(1.,0.,-0.));
#3015 = PCURVE('',#126,#3016);
#3016 = DEFINITIONAL_REPRESENTATION('',(#3017),#3021);
#3017 = CIRCLE('',#3018,1.7);
#3018 = AXIS2_PLACEMENT_2D('',#3019,#3020);
#3019 = CARTESIAN_POINT('',(100.,90.));
#3020 = DIRECTION('',(1.,0.));
#3021 = ( GEOMETRIC_REPRESENTATION_CONTEXT(2) 
PARAMETRIC_REPRESENTATION_CONTEXT() REPRESENTATION_CONTEXT('2D SPACE',''
  ) );
#3022 = PCURVE('',#3023,#3028);
#3023 = CYLINDRICAL_SURFACE('',#3024,1.7);
#3024 = AXIS2_PLACEMENT_3D('',#3025,#3026,#3027);
#3025 = CARTESIAN_POINT('',(100.,90.,-1.));
#3026 = DIRECTION('',(0.,0.,1.));
#3027 = DIRECTION('',(1.,0.,-0.));
#3028 = DEFINITIONAL_REPRESENTATION('',(#3029),#3033);
#3029 = LINE('',#3030,#3031);
#3030 = CARTESIAN_POINT('',(0.,7.));
#3031 = VECTOR('',#3032,1.);
#3032 = DIRECTION('',(1.,0.));
#3033 = ( GEOMETRIC_REPRESENTATION_CONTEXT(2) 
PARAMETRIC_REPRESENTATION_CONTEXT() REPRESENTATION_CONTEXT('2D SPACE',''
  ) );
#3034 = FACE_BOUND('',#3035,.T.);
#3035 = EDGE_LOOP('',(#3036));
#3036 = ORIENTED_EDGE('',*,*,#3037,.F.);
#3037 = EDGE_CURVE('',#3038,#3038,#3040,.T.);
#3038 = VERTEX_POINT('',#3039);
#3039 = CARTESIAN_POINT('',(111.7,80.,6.));
#3040 = SURFACE_CURVE('',#3041,(#3046,#3053),.PCURVE_S1.);
#3041 = CIRCLE('',#3042,1.7);
#3042 = AXIS2_PLACEMENT_3D('',#3043,#3044,#3045);
#3043 = CARTESIAN_POINT('',(110.,80.,6.));
#3044 = DIRECTION('',(0.,0.,1.));
#3045 = DIRECTION('',(1.,0.,-0.));
#3046 = PCURVE('',#126,#3047);
#3047 = DEFINITIONAL_REPRESENTATION('',(#3048),#3052);
#3048 = CIRCLE('',#3049,1.7);
#3049 = AXIS2_PLACEMENT_2D('',#3050,#3051);
#3050 = CARTESIAN_POINT('',(110.,80.));
#3051 = DIRECTION('',(1.,0.));
#3052 = ( GEOMETRIC_REPRESENTATION_CONTEXT(2) 
PARAMETRIC_REPRESENTATION_CONTEXT() REPRESENTATION_CONTEXT('2D SPACE',''
  ) );
#3053 = PCURVE('',#3054,#3059);
#3054 = CYLINDRICAL_SURFACE('',#3055,1.7);
#3055 = AXIS2_PLACEMENT_3D('',#3056,#3057,#3058);
#3056 = CARTESIAN_POINT('',(110.,80.,-1.));
#3057 = DIRECTION('',(0.,0.,1.));
#3058 = DIRECTION('',(1.,0.,-0.));
#3059 = DEFINITIONAL_REPRESENTATION('',(#3060),#3064);
#3060 = LINE('',#3061,#3062);
#3061 = CARTESIAN_POINT('',(0.,7.));
#3062 = VECTOR('',#3063,1.);
#3063 = DIRECTION('',(1.,0.));
#3064 = ( GEOMETRIC_REPRESENTATION_CONTEXT(2) 
PARAMETRIC_REPRESENTATION_CONTEXT() REPRESENTATION_CONTEXT('2D SPACE',''
  ) );
#3065 = FACE_BOUND('',#3066,.T.);
#3066 = EDGE_LOOP('',(#3067));
#3067 = ORIENTED_EDGE('',*,*,#3068,.F.);
#3068 = EDGE_CURVE('',#3069,#3069,#3071,.T.);
#3069 = VERTEX_POINT('',#3070);
#3070 = CARTESIAN_POINT('',(121.7,80.,6.));
#3071 = SURFACE_CURVE('',#3072,(#3077,#3084),.PCURVE_S1.);
#3072 = CIRCLE('',#3073,1.7);
#3073 = AXIS2_PLACEMENT_3D('',#3074,#3075,#3076);
#3074 = CARTESIAN_POINT('',(120.,80.,6.));
#3075 = DIRECTION('',(0.,0.,1.));
#3076 = DIRECTION('',(1.,0.,-0.));
#3077 = PCURVE('',#126,#3078);
#3078 = DEFINITIONAL_REPRESENTATION('',(#3079),#3083);
#3079 = CIRCLE('',#3080,1.7);
#3080 = AXIS2_PLACEMENT_2D('',#3081,#3082);
#3081 = CARTESIAN_POINT('',(120.,80.));
#3082 = DIRECTION('',(1.,0.));
#3083 = ( GEOMETRIC_REPRESENTATION_CONTEXT(2) 
PARAMETRIC_REPRESENTATION_CONTEXT() REPRESENTATION_CONTEXT('2D SPACE',''
  ) );
#3084 = PCURVE('',#3085,#3090);
#3085 = CYLINDRICAL_SURFACE('',#3086,1.7);
#3086 = AXIS2_PLACEMENT_3D('',#3087,#3088,#3089);
#3087 = CARTESIAN_POINT('',(120.,80.,-1.));
#3088 = DIRECTION('',(0.,0.,1.));
#3089 = DIRECTION('',(1.,0.,-0.));
#3090 = DEFINITIONAL_REPRESENTATION('',(#3091),#3095);
#3091 = LINE('',#3092,#3093);
#3092 = CARTESIAN_POINT('',(0.,7.));
#3093 = VECTOR('',#3094,1.);
#3094 = DIRECTION('',(1.,0.));
#3095 = ( GEOMETRIC_REPRESENTATION_CONTEXT(2) 
PARAMETRIC_REPRESENTATION_CONTEXT() REPRESENTATION_CONTEXT('2D SPACE',''
  ) );
#3096 = FACE_BOUND('',#3097,.T.);
#3097 = EDGE_LOOP('',(#3098));
#3098 = ORIENTED_EDGE('',*,*,#3099,.F.);
#3099 = EDGE_CURVE('',#3100,#3100,#3102,.T.);
#3100 = VERTEX_POINT('',#3101);
#3101 = CARTESIAN_POINT('',(111.7,90.,6.));
#3102 = SURFACE_CURVE('',#3103,(#3108,#3115),.PCURVE_S1.);
#3103 = CIRCLE('',#3104,1.7);
#3104 = AXIS2_PLACEMENT_3D('',#3105,#3106,#3107);
#3105 = CARTESIAN_POINT('',(110.,90.,6.));
#3106 = DIRECTION('',(0.,0.,1.));
#3107 = DIRECTION('',(1.,0.,-0.));
#3108 = PCURVE('',#126,#3109);
#3109 = DEFINITIONAL_REPRESENTATION('',(#3110),#3114);
#3110 = CIRCLE('',#3111,1.7);
#3111 = AXIS2_PLACEMENT_2D('',#3112,#3113);
#3112 = CARTESIAN_POINT('',(110.,90.));
#3113 = DIRECTION('',(1.,0.));
#3114 = ( GEOMETRIC_REPRESENTATION_CONTEXT(2) 
PARAMETRIC_REPRESENTATION_CONTEXT() REPRESENTATION_CONTEXT('2D SPACE',''
  ) );
#3115 = PCURVE('',#3116,#3121);
#3116 = CYLINDRICAL_SURFACE('',#3117,1.7);
#3117 = AXIS2_PLACEMENT_3D('',#3118,#3119,#3120);
#3118 = CARTESIAN_POINT('',(110.,90.,-1.));
#3119 = DIRECTION('',(0.,0.,1.));
#3120 = DIRECTION('',(1.,0.,-0.));
#3121 = DEFINITIONAL_REPRESENTATION('',(#3122),#3126);
#3122 = LINE('',#3123,#3124);
#3123 = CARTESIAN_POINT('',(0.,7.));
#3124 = VECTOR('',#3125,1.);
#3125 = DIRECTION('',(1.,0.));
#3126 = ( GEOMETRIC_REPRESENTATION_CONTEXT(2) 
PARAMETRIC_REPRESENTATION_CONTEXT() REPRESENTATION_CONTEXT('2D SPACE',''
  ) );
#3127 = FACE_BOUND('',#3128,.T.);
#3128 = EDGE_LOOP('',(#3129));
#3129 = ORIENTED_EDGE('',*,*,#3130,.F.);
#3130 = EDGE_CURVE('',#3131,#3131,#3133,.T.);
#3131 = VERTEX_POINT('',#3132);
#3132 = CARTESIAN_POINT('',(121.7,90.,6.));
#3133 = SURFACE_CURVE('',#3134,(#3139,#3146),.PCURVE_S1.);
#3134 = CIRCLE('',#3135,1.7);
#3135 = AXIS2_PLACEMENT_3D('',#3136,#3137,#3138);
#3136 = CARTESIAN_POINT('',(120.,90.,6.));
#3137 = DIRECTION('',(0.,0.,1.));
#3138 = DIRECTION('',(1.,0.,-0.));
#3139 = PCURVE('',#126,#3140);
#3140 = DEFINITIONAL_REPRESENTATION('',(#3141),#3145);
#3141 = CIRCLE('',#3142,1.7);
#3142 = AXIS2_PLACEMENT_2D('',#3143,#3144);
#3143 = CARTESIAN_POINT('',(120.,90.));
#3144 = DIRECTION('',(1.,0.));
#3145 = ( GEOMETRIC_REPRESENTATION_CONTEXT(2) 
PARAMETRIC_REPRESENTATION_CONTEXT() REPRESENTATION_CONTEXT('2D SPACE',''
  ) );
#3146 = PCURVE('',#3147,#3152);
#3147 = CYLINDRICAL_SURFACE('',#3148,1.7);
#3148 = AXIS2_PLACEMENT_3D('',#3149,#3150,#3151);
#3149 = CARTESIAN_POINT('',(120.,90.,-1.));
#3150 = DIRECTION('',(0.,0.,1.));
#3151 = DIRECTION('',(1.,0.,-0.));
#3152 = DEFINITIONAL_REPRESENTATION('',(#3153),#3157);
#3153 = LINE('',#3154,#3155);
#3154 = CARTESIAN_POINT('',(0.,7.));
#3155 = VECTOR('',#3156,1.);
#3156 = DIRECTION('',(1.,0.));
#3157 = ( GEOMETRIC_REPRESENTATION_CONTEXT(2) 
PARAMETRIC_REPRESENTATION_CONTEXT() REPRESENTATION_CONTEXT('2D SPACE',''
  ) );
#3158 = FACE_BOUND('',#3159,.T.);
#3159 = EDGE_LOOP('',(#3160));
#3160 = ORIENTED_EDGE('',*,*,#3161,.F.);
#3161 = EDGE_CURVE('',#3162,#3162,#3164,.T.);
#3162 = VERTEX_POINT('',#3163);
#3163 = CARTESIAN_POINT('',(101.7,100.,6.));
#3164 = SURFACE_CURVE('',#3165,(#3170,#3177),.PCURVE_S1.);
#3165 = CIRCLE('',#3166,1.7);
#3166 = AXIS2_PLACEMENT_3D('',#3167,#3168,#3169);
#3167 = CARTESIAN_POINT('',(100.,100.,6.));
#3168 = DIRECTION('',(0.,0.,1.));
#3169 = DIRECTION('',(1.,0.,-0.));
#3170 = PCURVE('',#126,#3171);
#3171 = DEFINITIONAL_REPRESENTATION('',(#3172),#3176);
#3172 = CIRCLE('',#3173,1.7);
#3173 = AXIS2_PLACEMENT_2D('',#3174,#3175);
#3174 = CARTESIAN_POINT('',(100.,100.));
#3175 = DIRECTION('',(1.,0.));
#3176 = ( GEOMETRIC_REPRESENTATION_CONTEXT(2) 
PARAMETRIC_REPRESENTATION_CONTEXT() REPRESENTATION_CONTEXT('2D SPACE',''
  ) );
#3177 = PCURVE('',#3178,#3183);
#3178 = CYLINDRICAL_SURFACE('',#3179,1.7);
#3179 = AXIS2_PLACEMENT_3D('',#3180,#3181,#3182);
#3180 = CARTESIAN_POINT('',(100.,100.,-1.));
#3181 = DIRECTION('',(0.,0.,1.));
#3182 = DIRECTION('',(1.,0.,-0.));
#3183 = DEFINITIONAL_REPRESENTATION('',(#3184),#3188);
#3184 = LINE('',#3185,#3186);
#3185 = CARTESIAN_POINT('',(0.,7.));
#3186 = VECTOR('',#3187,1.);
#3187 = DIRECTION('',(1.,0.));
#3188 = ( GEOMETRIC_REPRESENTATION_CONTEXT(2) 
PARAMETRIC_REPRESENTATION_CONTEXT() REPRESENTATION_CONTEXT('2D SPACE',''
  ) );
#3189 = FACE_BOUND('',#3190,.T.);
#3190 = EDGE_LOOP('',(#3191));
#3191 = ORIENTED_EDGE('',*,*,#3192,.F.);
#3192 = EDGE_CURVE('',#3193,#3193,#3195,.T.);
#3193 = VERTEX_POINT('',#3194);
#3194 = CARTESIAN_POINT('',(111.7,100.,6.));
#3195 = SURFACE_CURVE('',#3196,(#3201,#3208),.PCURVE_S1.);
#3196 = CIRCLE('',#3197,1.7);
#3197 = AXIS2_PLACEMENT_3D('',#3198,#3199,#3200);
#3198 = CARTESIAN_POINT('',(110.,100.,6.));
#3199 = DIRECTION('',(0.,0.,1.));
#3200 = DIRECTION('',(1.,0.,-0.));
#3201 = PCURVE('',#126,#3202);
#3202 = DEFINITIONAL_REPRESENTATION('',(#3203),#3207);
#3203 = CIRCLE('',#3204,1.7);
#3204 = AXIS2_PLACEMENT_2D('',#3205,#3206);
#3205 = CARTESIAN_POINT('',(110.,100.));
#3206 = DIRECTION('',(1.,0.));
#3207 = ( GEOMETRIC_REPRESENTATION_CONTEXT(2) 
PARAMETRIC_REPRESENTATION_CONTEXT() REPRESENTATION_CONTEXT('2D SPACE',''
  ) );
#3208 = PCURVE('',#3209,#3214);
#3209 = CYLINDRICAL_SURFACE('',#3210,1.7);
#3210 = AXIS2_PLACEMENT_3D('',#3211,#3212,#3213);
#3211 = CARTESIAN_POINT('',(110.,100.,-1.));
#3212 = DIRECTION('',(0.,0.,1.));
#3213 = DIRECTION('',(1.,0.,-0.));
#3214 = DEFINITIONAL_REPRESENTATION('',(#3215),#3219);
#3215 = LINE('',#3216,#3217);
#3216 = CARTESIAN_POINT('',(0.,7.));
#3217 = VECTOR('',#3218,1.);
#3218 = DIRECTION('',(1.,0.));
#3219 = ( GEOMETRIC_REPRESENTATION_CONTEXT(2) 
PARAMETRIC_REPRESENTATION_CONTEXT() REPRESENTATION_CONTEXT('2D SPACE',''
  ) );
#3220 = FACE_BOUND('',#3221,.T.);
#3221 = EDGE_LOOP('',(#3222));
#3222 = ORIENTED_EDGE('',*,*,#3223,.F.);
#3223 = EDGE_CURVE('',#3224,#3224,#3226,.T.);
#3224 = VERTEX_POINT('',#3225);
#3225 = CARTESIAN_POINT('',(121.7,100.,6.));
#3226 = SURFACE_CURVE('',#3227,(#3232,#3239),.PCURVE_S1.);
#3227 = CIRCLE('',#3228,1.7);
#3228 = AXIS2_PLACEMENT_3D('',#3229,#3230,#3231);
#3229 = CARTESIAN_POINT('',(120.,100.,6.));
#3230 = DIRECTION('',(0.,0.,1.));
#3231 = DIRECTION('',(1.,0.,-0.));
#3232 = PCURVE('',#126,#3233);
#3233 = DEFINITIONAL_REPRESENTATION('',(#3234),#3238);
#3234 = CIRCLE('',#3235,1.7);
#3235 = AXIS2_PLACEMENT_2D('',#3236,#3237);
#3236 = CARTESIAN_POINT('',(120.,100.));
#3237 = DIRECTION('',(1.,0.));
#3238 = ( GEOMETRIC_REPRESENTATION_CONTEXT(2) 
PARAMETRIC_REPRESENTATION_CONTEXT() REPRESENTATION_CONTEXT('2D SPACE',''
  ) );
#3239 = PCURVE('',#3240,#3245);
#3240 = CYLINDRICAL_SURFACE('',#3241,1.7);
#3241 = AXIS2_PLACEMENT_3D('',#3242,#3243,#3244);
#3242 = CARTESIAN_POINT('',(120.,100.,-1.));
#3243 = DIRECTION('',(0.,0.,1.));
#3244 = DIRECTION('',(1.,0.,-0.));
#3245 = DEFINITIONAL_REPRESENTATION('',(#3246),#3250);
#3246 = LINE('',#3247,#3248);
#3247 = CARTESIAN_POINT('',(0.,7.));
#3248 = VECTOR('',#3249,1.);
#3249 = DIRECTION('',(1.,0.));
#3250 = ( GEOMETRIC_REPRESENTATION_CONTEXT(2) 
PARAMETRIC_REPRESENTATION_CONTEXT() REPRESENTATION_CONTEXT('2D SPACE',''
  ) );
#3251 = FACE_BOUND('',#3252,.T.);
#3252 = EDGE_LOOP('',(#3253));
#3253 = ORIENTED_EDGE('',*,*,#3254,.F.);
#3254 = EDGE_CURVE('',#3255,#3255,#3257,.T.);
#3255 = VERTEX_POINT('',#3256);
#3256 = CARTESIAN_POINT('',(111.7,106.,6.));
#3257 = SURFACE_CURVE('',#3258,(#3263,#3270),.PCURVE_S1.);
#3258 = CIRCLE('',#3259,1.7);
#3259 = AXIS2_PLACEMENT_3D('',#3260,#3261,#3262);
#3260 = CARTESIAN_POINT('',(110.,106.,6.));
#3261 = DIRECTION('',(0.,0.,1.));
#3262 = DIRECTION('',(1.,0.,-0.));
#3263 = PCURVE('',#126,#3264);
#3264 = DEFINITIONAL_REPRESENTATION('',(#3265),#3269);
#3265 = CIRCLE('',#3266,1.7);
#3266 = AXIS2_PLACEMENT_2D('',#3267,#3268);
#3267 = CARTESIAN_POINT('',(110.,106.));
#3268 = DIRECTION('',(1.,0.));
#3269 = ( GEOMETRIC_REPRESENTATION_CONTEXT(2) 
PARAMETRIC_REPRESENTATION_CONTEXT() REPRESENTATION_CONTEXT('2D SPACE',''
  ) );
#3270 = PCURVE('',#3271,#3276);
#3271 = CYLINDRICAL_SURFACE('',#3272,1.7);
#3272 = AXIS2_PLACEMENT_3D('',#3273,#3274,#3275);
#3273 = CARTESIAN_POINT('',(110.,106.,-1.));
#3274 = DIRECTION('',(0.,0.,1.));
#3275 = DIRECTION('',(1.,0.,-0.));
#3276 = DEFINITIONAL_REPRESENTATION('',(#3277),#3281);
#3277 = LINE('',#3278,#3279);
#3278 = CARTESIAN_POINT('',(0.,7.));
#3279 = VECTOR('',#3280,1.);
#3280 = DIRECTION('',(1.,0.));
#3281 = ( GEOMETRIC_REPRESENTATION_CONTEXT(2) 
PARAMETRIC_REPRESENTATION_CONTEXT() REPRESENTATION_CONTEXT('2D SPACE',''
  ) );
#3282 = FACE_BOUND('',#3283,.T.);
#3283 = EDGE_LOOP('',(#3284));
#3284 = ORIENTED_EDGE('',*,*,#3285,.F.);
#3285 = EDGE_CURVE('',#3286,#3286,#3288,.T.);
#3286 = VERTEX_POINT('',#3287);
#3287 = CARTESIAN_POINT('',(101.7,110.,6.));
#3288 = SURFACE_CURVE('',#3289,(#3294,#3301),.PCURVE_S1.);
#3289 = CIRCLE('',#3290,1.7);
#3290 = AXIS2_PLACEMENT_3D('',#3291,#3292,#3293);
#3291 = CARTESIAN_POINT('',(100.,110.,6.));
#3292 = DIRECTION('',(0.,0.,1.));
#3293 = DIRECTION('',(1.,0.,-0.));
#3294 = PCURVE('',#126,#3295);
#3295 = DEFINITIONAL_REPRESENTATION('',(#3296),#3300);
#3296 = CIRCLE('',#3297,1.7);
#3297 = AXIS2_PLACEMENT_2D('',#3298,#3299);
#3298 = CARTESIAN_POINT('',(100.,110.));
#3299 = DIRECTION('',(1.,0.));
#3300 = ( GEOMETRIC_REPRESENTATION_CONTEXT(2) 
PARAMETRIC_REPRESENTATION_CONTEXT() REPRESENTATION_CONTEXT('2D SPACE',''
  ) );
#3301 = PCURVE('',#3302,#3307);
#3302 = CYLINDRICAL_SURFACE('',#3303,1.7);
#3303 = AXIS2_PLACEMENT_3D('',#3304,#3305,#3306);
#3304 = CARTESIAN_POINT('',(100.,110.,-1.));
#3305 = DIRECTION('',(0.,0.,1.));
#3306 = DIRECTION('',(1.,0.,-0.));
#3307 = DEFINITIONAL_REPRESENTATION('',(#3308),#3312);
#3308 = LINE('',#3309,#3310);
#3309 = CARTESIAN_POINT('',(0.,7.));
#3310 = VECTOR('',#3311,1.);
#3311 = DIRECTION('',(1.,0.));
#3312 = ( GEOMETRIC_REPRESENTATION_CONTEXT(2) 
PARAMETRIC_REPRESENTATION_CONTEXT() REPRESENTATION_CONTEXT('2D SPACE',''
  ) );
#3313 = FACE_BOUND('',#3314,.T.);
#3314 = EDGE_LOOP('',(#3315));
#3315 = ORIENTED_EDGE('',*,*,#3316,.F.);
#3316 = EDGE_CURVE('',#3317,#3317,#3319,.T.);
#3317 = VERTEX_POINT('',#3318);
#3318 = CARTESIAN_POINT('',(101.7,120.,6.));
#3319 = SURFACE_CURVE('',#3320,(#3325,#3332),.PCURVE_S1.);
#3320 = CIRCLE('',#3321,1.7);
#3321 = AXIS2_PLACEMENT_3D('',#3322,#3323,#3324);
#3322 = CARTESIAN_POINT('',(100.,120.,6.));
#3323 = DIRECTION('',(0.,0.,1.));
#3324 = DIRECTION('',(1.,0.,-0.));
#3325 = PCURVE('',#126,#3326);
#3326 = DEFINITIONAL_REPRESENTATION('',(#3327),#3331);
#3327 = CIRCLE('',#3328,1.7);
#3328 = AXIS2_PLACEMENT_2D('',#3329,#3330);
#3329 = CARTESIAN_POINT('',(100.,120.));
#3330 = DIRECTION('',(1.,0.));
#3331 = ( GEOMETRIC_REPRESENTATION_CONTEXT(2) 
PARAMETRIC_REPRESENTATION_CONTEXT() REPRESENTATION_CONTEXT('2D SPACE',''
  ) );
#3332 = PCURVE('',#3333,#3338);
#3333 = CYLINDRICAL_SURFACE('',#3334,1.7);
#3334 = AXIS2_PLACEMENT_3D('',#3335,#3336,#3337);
#3335 = CARTESIAN_POINT('',(100.,120.,-1.));
#3336 = DIRECTION('',(0.,0.,1.));
#3337 = DIRECTION('',(1.,0.,-0.));
#3338 = DEFINITIONAL_REPRESENTATION('',(#3339),#3343);
#3339 = LINE('',#3340,#3341);
#3340 = CARTESIAN_POINT('',(0.,7.));
#3341 = VECTOR('',#3342,1.);
#3342 = DIRECTION('',(1.,0.));
#3343 = ( GEOMETRIC_REPRESENTATION_CONTEXT(2) 
PARAMETRIC_REPRESENTATION_CONTEXT() REPRESENTATION_CONTEXT('2D SPACE',''
  ) );
#3344 = FACE_BOUND('',#3345,.T.);
#3345 = EDGE_LOOP('',(#3346));
#3346 = ORIENTED_EDGE('',*,*,#3347,.F.);
#3347 = EDGE_CURVE('',#3348,#3348,#3350,.T.);
#3348 = VERTEX_POINT('',#3349);
#3349 = CARTESIAN_POINT('',(121.7,110.,6.));
#3350 = SURFACE_CURVE('',#3351,(#3356,#3363),.PCURVE_S1.);
#3351 = CIRCLE('',#3352,1.7);
#3352 = AXIS2_PLACEMENT_3D('',#3353,#3354,#3355);
#3353 = CARTESIAN_POINT('',(120.,110.,6.));
#3354 = DIRECTION('',(0.,0.,1.));
#3355 = DIRECTION('',(1.,0.,-0.));
#3356 = PCURVE('',#126,#3357);
#3357 = DEFINITIONAL_REPRESENTATION('',(#3358),#3362);
#3358 = CIRCLE('',#3359,1.7);
#3359 = AXIS2_PLACEMENT_2D('',#3360,#3361);
#3360 = CARTESIAN_POINT('',(120.,110.));
#3361 = DIRECTION('',(1.,0.));
#3362 = ( GEOMETRIC_REPRESENTATION_CONTEXT(2) 
PARAMETRIC_REPRESENTATION_CONTEXT() REPRESENTATION_CONTEXT('2D SPACE',''
  ) );
#3363 = PCURVE('',#3364,#3369);
#3364 = CYLINDRICAL_SURFACE('',#3365,1.7);
#3365 = AXIS2_PLACEMENT_3D('',#3366,#3367,#3368);
#3366 = CARTESIAN_POINT('',(120.,110.,-1.));
#3367 = DIRECTION('',(0.,0.,1.));
#3368 = DIRECTION('',(1.,0.,-0.));
#3369 = DEFINITIONAL_REPRESENTATION('',(#3370),#3374);
#3370 = LINE('',#3371,#3372);
#3371 = CARTESIAN_POINT('',(0.,7.));
#3372 = VECTOR('',#3373,1.);
#3373 = DIRECTION('',(1.,0.));
#3374 = ( GEOMETRIC_REPRESENTATION_CONTEXT(2) 
PARAMETRIC_REPRESENTATION_CONTEXT() REPRESENTATION_CONTEXT('2D SPACE',''
  ) );
#3375 = FACE_BOUND('',#3376,.T.);
#3376 = EDGE_LOOP('',(#3377));
#3377 = ORIENTED_EDGE('',*,*,#3378,.F.);
#3378 = EDGE_CURVE('',#3379,#3379,#3381,.T.);
#3379 = VERTEX_POINT('',#3380);
#3380 = CARTESIAN_POINT('',(111.7,120.,6.));
#3381 = SURFACE_CURVE('',#3382,(#3387,#3394),.PCURVE_S1.);
#3382 = CIRCLE('',#3383,1.7);
#3383 = AXIS2_PLACEMENT_3D('',#3384,#3385,#3386);
#3384 = CARTESIAN_POINT('',(110.,120.,6.));
#3385 = DIRECTION('',(0.,0.,1.));
#3386 = DIRECTION('',(1.,0.,-0.));
#3387 = PCURVE('',#126,#3388);
#3388 = DEFINITIONAL_REPRESENTATION('',(#3389),#3393);
#3389 = CIRCLE('',#3390,1.7);
#3390 = AXIS2_PLACEMENT_2D('',#3391,#3392);
#3391 = CARTESIAN_POINT('',(110.,120.));
#3392 = DIRECTION('',(1.,0.));
#3393 = ( GEOMETRIC_REPRESENTATION_CONTEXT(2) 
PARAMETRIC_REPRESENTATION_CONTEXT() REPRESENTATION_CONTEXT('2D SPACE',''
  ) );
#3394 = PCURVE('',#3395,#3400);
#3395 = CYLINDRICAL_SURFACE('',#3396,1.7);
#3396 = AXIS2_PLACEMENT_3D('',#3397,#3398,#3399);
#3397 = CARTESIAN_POINT('',(110.,120.,-1.));
#3398 = DIRECTION('',(0.,0.,1.));
#3399 = DIRECTION('',(1.,0.,-0.));
#3400 = DEFINITIONAL_REPRESENTATION('',(#3401),#3405);
#3401 = LINE('',#3402,#3403);
#3402 = CARTESIAN_POINT('',(0.,7.));
#3403 = VECTOR('',#3404,1.);
#3404 = DIRECTION('',(1.,0.));
#3405 = ( GEOMETRIC_REPRESENTATION_CONTEXT(2) 
PARAMETRIC_REPRESENTATION_CONTEXT() REPRESENTATION_CONTEXT('2D SPACE',''
  ) );
#3406 = FACE_BOUND('',#3407,.T.);
#3407 = EDGE_LOOP('',(#3408));
#3408 = ORIENTED_EDGE('',*,*,#3409,.F.);
#3409 = EDGE_CURVE('',#3410,#3410,#3412,.T.);
#3410 = VERTEX_POINT('',#3411);
#3411 = CARTESIAN_POINT('',(121.7,120.,6.));
#3412 = SURFACE_CURVE('',#3413,(#3418,#3425),.PCURVE_S1.);
#3413 = CIRCLE('',#3414,1.7);
#3414 = AXIS2_PLACEMENT_3D('',#3415,#3416,#3417);
#3415 = CARTESIAN_POINT('',(120.,120.,6.));
#3416 = DIRECTION('',(0.,0.,1.));
#3417 = DIRECTION('',(1.,0.,-0.));
#3418 = PCURVE('',#126,#3419);
#3419 = DEFINITIONAL_REPRESENTATION('',(#3420),#3424);
#3420 = CIRCLE('',#3421,1.7);
#3421 = AXIS2_PLACEMENT_2D('',#3422,#3423);
#3422 = CARTESIAN_POINT('',(120.,120.));
#3423 = DIRECTION('',(1.,0.));
#3424 = ( GEOMETRIC_REPRESENTATION_CONTEXT(2) 
PARAMETRIC_REPRESENTATION_CONTEXT() REPRESENTATION_CONTEXT('2D SPACE',''
  ) );
#3425 = PCURVE('',#3426,#3431);
#3426 = CYLINDRICAL_SURFACE('',#3427,1.7);
#3427 = AXIS2_PLACEMENT_3D('',#3428,#3429,#3430);
#3428 = CARTESIAN_POINT('',(120.,120.,-1.));
#3429 = DIRECTION('',(0.,0.,1.));
#3430 = DIRECTION('',(1.,0.,-0.));
#3431 = DEFINITIONAL_REPRESENTATION('',(#3432),#3436);
#3432 = LINE('',#3433,#3434);
#3433 = CARTESIAN_POINT('',(0.,7.));
#3434 = VECTOR('',#3435,1.);
#3435 = DIRECTION('',(1.,0.));
#3436 = ( GEOMETRIC_REPRESENTATION_CONTEXT(2) 
PARAMETRIC_REPRESENTATION_CONTEXT() REPRESENTATION_CONTEXT('2D SPACE',''
  ) );
#3437 = ADVANCED_FACE('',(#3438),#100,.T.);
#3438 = FACE_BOUND('',#3439,.T.);
#3439 = EDGE_LOOP('',(#3440,#3463,#3464,#3465));
#3440 = ORIENTED_EDGE('',*,*,#3441,.F.);
#3441 = EDGE_CURVE('',#57,#3442,#3444,.T.);
#3442 = VERTEX_POINT('',#3443);
#3443 = CARTESIAN_POINT('',(125.,130.,0.));
#3444 = SURFACE_CURVE('',#3445,(#3449,#3456),.PCURVE_S1.);
#3445 = LINE('',#3446,#3447);
#3446 = CARTESIAN_POINT('',(0.,130.,0.));
#3447 = VECTOR('',#3448,1.);
#3448 = DIRECTION('',(1.,0.,-0.));
#3449 = PCURVE('',#100,#3450);
#3450 = DEFINITIONAL_REPRESENTATION('',(#3451),#3455);
#3451 = LINE('',#3452,#3453);
#3452 = CARTESIAN_POINT('',(0.,0.));
#3453 = VECTOR('',#3454,1.);
#3454 = DIRECTION('',(0.,1.));
#3455 = ( GEOMETRIC_REPRESENTATION_CONTEXT(2) 
PARAMETRIC_REPRESENTATION_CONTEXT() REPRESENTATION_CONTEXT('2D SPACE',''
  ) );
#3456 = PCURVE('',#72,#3457);
#3457 = DEFINITIONAL_REPRESENTATION('',(#3458),#3462);
#3458 = LINE('',#3459,#3460);
#3459 = CARTESIAN_POINT('',(0.,130.));
#3460 = VECTOR('',#3461,1.);
#3461 = DIRECTION('',(1.,0.));
#3462 = ( GEOMETRIC_REPRESENTATION_CONTEXT(2) 
PARAMETRIC_REPRESENTATION_CONTEXT() REPRESENTATION_CONTEXT('2D SPACE',''
  ) );
#3463 = ORIENTED_EDGE('',*,*,#84,.T.);
#3464 = ORIENTED_EDGE('',*,*,#242,.T.);
#3465 = ORIENTED_EDGE('',*,*,#3466,.F.);
#3466 = EDGE_CURVE('',#3442,#220,#3467,.T.);
#3467 = SURFACE_CURVE('',#3468,(#3472,#3479),.PCURVE_S1.);
#3468 = LINE('',#3469,#3470);
#3469 = CARTESIAN_POINT('',(125.,130.,0.));
#3470 = VECTOR('',#3471,1.);
#3471 = DIRECTION('',(0.,0.,1.));
#3472 = PCURVE('',#100,#3473);
#3473 = DEFINITIONAL_REPRESENTATION('',(#3474),#3478);
#3474 = LINE('',#3475,#3476);
#3475 = CARTESIAN_POINT('',(0.,125.));
#3476 = VECTOR('',#3477,1.);
#3477 = DIRECTION('',(1.,0.));
#3478 = ( GEOMETRIC_REPRESENTATION_CONTEXT(2) 
PARAMETRIC_REPRESENTATION_CONTEXT() REPRESENTATION_CONTEXT('2D SPACE',''
  ) );
#3479 = PCURVE('',#202,#3480);
#3480 = DEFINITIONAL_REPRESENTATION('',(#3481),#3485);
#3481 = LINE('',#3482,#3483);
#3482 = CARTESIAN_POINT('',(0.,-130.));
#3483 = VECTOR('',#3484,1.);
#3484 = DIRECTION('',(1.,0.));
#3485 = ( GEOMETRIC_REPRESENTATION_CONTEXT(2) 
PARAMETRIC_REPRESENTATION_CONTEXT() REPRESENTATION_CONTEXT('2D SPACE',''
  ) );
#3486 = ADVANCED_FACE('',(#3487,#3513,#3539,#3565,#3591,#3617,#3643,
    #3669,#3695,#3721,#3747,#3773,#3799,#3825,#3851,#3877,#3903,#3929,
    #3955,#3981,#4007,#4033,#4059,#4085,#4111,#4137,#4163,#4189,#4215,
    #4241,#4267,#4293,#4319,#4345,#4371,#4397,#4423,#4449,#4475,#4501,
    #4527,#4553,#4579,#4605,#4631,#4657,#4683,#4709,#4735,#4761,#4787,
    #4813,#4839,#4865,#4891,#4917,#4943,#4969,#4995,#5021,#5047,#5073,
    #5099,#5125,#5151,#5177,#5203,#5229,#5255,#5281,#5307,#5333,#5359,
    #5385,#5411,#5437,#5463,#5489,#5515,#5541,#5567,#5593,#5619,#5705,
    #5731,#5757,#5783,#5809,#5835,#5861,#5887,#5913,#5939,#5965,#5991,
    #6017,#6043,#6069,#6095,#6121,#6147),#72,.F.);
#3487 = FACE_BOUND('',#3488,.F.);
#3488 = EDGE_LOOP('',(#3489,#3490,#3491,#3512));
#3489 = ORIENTED_EDGE('',*,*,#56,.F.);
#3490 = ORIENTED_EDGE('',*,*,#141,.T.);
#3491 = ORIENTED_EDGE('',*,*,#3492,.T.);
#3492 = EDGE_CURVE('',#142,#3442,#3493,.T.);
#3493 = SURFACE_CURVE('',#3494,(#3498,#3505),.PCURVE_S1.);
#3494 = LINE('',#3495,#3496);
#3495 = CARTESIAN_POINT('',(125.,0.,0.));
#3496 = VECTOR('',#3497,1.);
#3497 = DIRECTION('',(-0.,1.,0.));
#3498 = PCURVE('',#72,#3499);
#3499 = DEFINITIONAL_REPRESENTATION('',(#3500),#3504);
#3500 = LINE('',#3501,#3502);
#3501 = CARTESIAN_POINT('',(125.,0.));
#3502 = VECTOR('',#3503,1.);
#3503 = DIRECTION('',(0.,1.));
#3504 = ( GEOMETRIC_REPRESENTATION_CONTEXT(2) 
PARAMETRIC_REPRESENTATION_CONTEXT() REPRESENTATION_CONTEXT('2D SPACE',''
  ) );
#3505 = PCURVE('',#202,#3506);
#3506 = DEFINITIONAL_REPRESENTATION('',(#3507),#3511);
#3507 = LINE('',#3508,#3509);
#3508 = CARTESIAN_POINT('',(0.,0.));
#3509 = VECTOR('',#3510,1.);
#3510 = DIRECTION('',(0.,-1.));
#3511 = ( GEOMETRIC_REPRESENTATION_CONTEXT(2) 
PARAMETRIC_REPRESENTATION_CONTEXT() REPRESENTATION_CONTEXT('2D SPACE',''
  ) );
#3512 = ORIENTED_EDGE('',*,*,#3441,.F.);
#3513 = FACE_BOUND('',#3514,.F.);
#3514 = EDGE_LOOP('',(#3515));
#3515 = ORIENTED_EDGE('',*,*,#3516,.F.);
#3516 = EDGE_CURVE('',#3517,#3517,#3519,.T.);
#3517 = VERTEX_POINT('',#3518);
#3518 = CARTESIAN_POINT('',(11.7,10.,0.));
#3519 = SURFACE_CURVE('',#3520,(#3525,#3532),.PCURVE_S1.);
#3520 = CIRCLE('',#3521,1.7);
#3521 = AXIS2_PLACEMENT_3D('',#3522,#3523,#3524);
#3522 = CARTESIAN_POINT('',(10.,10.,0.));
#3523 = DIRECTION('',(0.,0.,1.));
#3524 = DIRECTION('',(1.,0.,-0.));
#3525 = PCURVE('',#72,#3526);
#3526 = DEFINITIONAL_REPRESENTATION('',(#3527),#3531);
#3527 = CIRCLE('',#3528,1.7);
#3528 = AXIS2_PLACEMENT_2D('',#3529,#3530);
#3529 = CARTESIAN_POINT('',(10.,10.));
#3530 = DIRECTION('',(1.,0.));
#3531 = ( GEOMETRIC_REPRESENTATION_CONTEXT(2) 
PARAMETRIC_REPRESENTATION_CONTEXT() REPRESENTATION_CONTEXT('2D SPACE',''
  ) );
#3532 = PCURVE('',#282,#3533);
#3533 = DEFINITIONAL_REPRESENTATION('',(#3534),#3538);
#3534 = LINE('',#3535,#3536);
#3535 = CARTESIAN_POINT('',(0.,1.));
#3536 = VECTOR('',#3537,1.);
#3537 = DIRECTION('',(1.,0.));
#3538 = ( GEOMETRIC_REPRESENTATION_CONTEXT(2) 
PARAMETRIC_REPRESENTATION_CONTEXT() REPRESENTATION_CONTEXT('2D SPACE',''
  ) );
#3539 = FACE_BOUND('',#3540,.F.);
#3540 = EDGE_LOOP('',(#3541));
#3541 = ORIENTED_EDGE('',*,*,#3542,.F.);
#3542 = EDGE_CURVE('',#3543,#3543,#3545,.T.);
#3543 = VERTEX_POINT('',#3544);
#3544 = CARTESIAN_POINT('',(21.7,10.,0.));
#3545 = SURFACE_CURVE('',#3546,(#3551,#3558),.PCURVE_S1.);
#3546 = CIRCLE('',#3547,1.7);
#3547 = AXIS2_PLACEMENT_3D('',#3548,#3549,#3550);
#3548 = CARTESIAN_POINT('',(20.,10.,0.));
#3549 = DIRECTION('',(0.,0.,1.));
#3550 = DIRECTION('',(1.,0.,-0.));
#3551 = PCURVE('',#72,#3552);
#3552 = DEFINITIONAL_REPRESENTATION('',(#3553),#3557);
#3553 = CIRCLE('',#3554,1.7);
#3554 = AXIS2_PLACEMENT_2D('',#3555,#3556);
#3555 = CARTESIAN_POINT('',(20.,10.));
#3556 = DIRECTION('',(1.,0.));
#3557 = ( GEOMETRIC_REPRESENTATION_CONTEXT(2) 
PARAMETRIC_REPRESENTATION_CONTEXT() REPRESENTATION_CONTEXT('2D SPACE',''
  ) );
#3558 = PCURVE('',#313,#3559);
#3559 = DEFINITIONAL_REPRESENTATION('',(#3560),#3564);
#3560 = LINE('',#3561,#3562);
#3561 = CARTESIAN_POINT('',(0.,1.));
#3562 = VECTOR('',#3563,1.);
#3563 = DIRECTION('',(1.,0.));
#3564 = ( GEOMETRIC_REPRESENTATION_CONTEXT(2) 
PARAMETRIC_REPRESENTATION_CONTEXT() REPRESENTATION_CONTEXT('2D SPACE',''
  ) );
#3565 = FACE_BOUND('',#3566,.F.);
#3566 = EDGE_LOOP('',(#3567));
#3567 = ORIENTED_EDGE('',*,*,#3568,.F.);
#3568 = EDGE_CURVE('',#3569,#3569,#3571,.T.);
#3569 = VERTEX_POINT('',#3570);
#3570 = CARTESIAN_POINT('',(11.7,20.,0.));
#3571 = SURFACE_CURVE('',#3572,(#3577,#3584),.PCURVE_S1.);
#3572 = CIRCLE('',#3573,1.7);
#3573 = AXIS2_PLACEMENT_3D('',#3574,#3575,#3576);
#3574 = CARTESIAN_POINT('',(10.,20.,0.));
#3575 = DIRECTION('',(0.,0.,1.));
#3576 = DIRECTION('',(1.,0.,-0.));
#3577 = PCURVE('',#72,#3578);
#3578 = DEFINITIONAL_REPRESENTATION('',(#3579),#3583);
#3579 = CIRCLE('',#3580,1.7);
#3580 = AXIS2_PLACEMENT_2D('',#3581,#3582);
#3581 = CARTESIAN_POINT('',(10.,20.));
#3582 = DIRECTION('',(1.,0.));
#3583 = ( GEOMETRIC_REPRESENTATION_CONTEXT(2) 
PARAMETRIC_REPRESENTATION_CONTEXT() REPRESENTATION_CONTEXT('2D SPACE',''
  ) );
#3584 = PCURVE('',#344,#3585);
#3585 = DEFINITIONAL_REPRESENTATION('',(#3586),#3590);
#3586 = LINE('',#3587,#3588);
#3587 = CARTESIAN_POINT('',(0.,1.));
#3588 = VECTOR('',#3589,1.);
#3589 = DIRECTION('',(1.,0.));
#3590 = ( GEOMETRIC_REPRESENTATION_CONTEXT(2) 
PARAMETRIC_REPRESENTATION_CONTEXT() REPRESENTATION_CONTEXT('2D SPACE',''
  ) );
#3591 = FACE_BOUND('',#3592,.F.);
#3592 = EDGE_LOOP('',(#3593));
#3593 = ORIENTED_EDGE('',*,*,#3594,.F.);
#3594 = EDGE_CURVE('',#3595,#3595,#3597,.T.);
#3595 = VERTEX_POINT('',#3596);
#3596 = CARTESIAN_POINT('',(21.7,20.,0.));
#3597 = SURFACE_CURVE('',#3598,(#3603,#3610),.PCURVE_S1.);
#3598 = CIRCLE('',#3599,1.7);
#3599 = AXIS2_PLACEMENT_3D('',#3600,#3601,#3602);
#3600 = CARTESIAN_POINT('',(20.,20.,0.));
#3601 = DIRECTION('',(0.,0.,1.));
#3602 = DIRECTION('',(1.,0.,-0.));
#3603 = PCURVE('',#72,#3604);
#3604 = DEFINITIONAL_REPRESENTATION('',(#3605),#3609);
#3605 = CIRCLE('',#3606,1.7);
#3606 = AXIS2_PLACEMENT_2D('',#3607,#3608);
#3607 = CARTESIAN_POINT('',(20.,20.));
#3608 = DIRECTION('',(1.,0.));
#3609 = ( GEOMETRIC_REPRESENTATION_CONTEXT(2) 
PARAMETRIC_REPRESENTATION_CONTEXT() REPRESENTATION_CONTEXT('2D SPACE',''
  ) );
#3610 = PCURVE('',#375,#3611);
#3611 = DEFINITIONAL_REPRESENTATION('',(#3612),#3616);
#3612 = LINE('',#3613,#3614);
#3613 = CARTESIAN_POINT('',(0.,1.));
#3614 = VECTOR('',#3615,1.);
#3615 = DIRECTION('',(1.,0.));
#3616 = ( GEOMETRIC_REPRESENTATION_CONTEXT(2) 
PARAMETRIC_REPRESENTATION_CONTEXT() REPRESENTATION_CONTEXT('2D SPACE',''
  ) );
#3617 = FACE_BOUND('',#3618,.F.);
#3618 = EDGE_LOOP('',(#3619));
#3619 = ORIENTED_EDGE('',*,*,#3620,.F.);
#3620 = EDGE_CURVE('',#3621,#3621,#3623,.T.);
#3621 = VERTEX_POINT('',#3622);
#3622 = CARTESIAN_POINT('',(31.7,10.,0.));
#3623 = SURFACE_CURVE('',#3624,(#3629,#3636),.PCURVE_S1.);
#3624 = CIRCLE('',#3625,1.7);
#3625 = AXIS2_PLACEMENT_3D('',#3626,#3627,#3628);
#3626 = CARTESIAN_POINT('',(30.,10.,0.));
#3627 = DIRECTION('',(0.,0.,1.));
#3628 = DIRECTION('',(1.,0.,-0.));
#3629 = PCURVE('',#72,#3630);
#3630 = DEFINITIONAL_REPRESENTATION('',(#3631),#3635);
#3631 = CIRCLE('',#3632,1.7);
#3632 = AXIS2_PLACEMENT_2D('',#3633,#3634);
#3633 = CARTESIAN_POINT('',(30.,10.));
#3634 = DIRECTION('',(1.,0.));
#3635 = ( GEOMETRIC_REPRESENTATION_CONTEXT(2) 
PARAMETRIC_REPRESENTATION_CONTEXT() REPRESENTATION_CONTEXT('2D SPACE',''
  ) );
#3636 = PCURVE('',#406,#3637);
#3637 = DEFINITIONAL_REPRESENTATION('',(#3638),#3642);
#3638 = LINE('',#3639,#3640);
#3639 = CARTESIAN_POINT('',(0.,1.));
#3640 = VECTOR('',#3641,1.);
#3641 = DIRECTION('',(1.,0.));
#3642 = ( GEOMETRIC_REPRESENTATION_CONTEXT(2) 
PARAMETRIC_REPRESENTATION_CONTEXT() REPRESENTATION_CONTEXT('2D SPACE',''
  ) );
#3643 = FACE_BOUND('',#3644,.F.);
#3644 = EDGE_LOOP('',(#3645));
#3645 = ORIENTED_EDGE('',*,*,#3646,.F.);
#3646 = EDGE_CURVE('',#3647,#3647,#3649,.T.);
#3647 = VERTEX_POINT('',#3648);
#3648 = CARTESIAN_POINT('',(31.7,20.,0.));
#3649 = SURFACE_CURVE('',#3650,(#3655,#3662),.PCURVE_S1.);
#3650 = CIRCLE('',#3651,1.7);
#3651 = AXIS2_PLACEMENT_3D('',#3652,#3653,#3654);
#3652 = CARTESIAN_POINT('',(30.,20.,0.));
#3653 = DIRECTION('',(0.,0.,1.));
#3654 = DIRECTION('',(1.,0.,-0.));
#3655 = PCURVE('',#72,#3656);
#3656 = DEFINITIONAL_REPRESENTATION('',(#3657),#3661);
#3657 = CIRCLE('',#3658,1.7);
#3658 = AXIS2_PLACEMENT_2D('',#3659,#3660);
#3659 = CARTESIAN_POINT('',(30.,20.));
#3660 = DIRECTION('',(1.,0.));
#3661 = ( GEOMETRIC_REPRESENTATION_CONTEXT(2) 
PARAMETRIC_REPRESENTATION_CONTEXT() REPRESENTATION_CONTEXT('2D SPACE',''
  ) );
#3662 = PCURVE('',#437,#3663);
#3663 = DEFINITIONAL_REPRESENTATION('',(#3664),#3668);
#3664 = LINE('',#3665,#3666);
#3665 = CARTESIAN_POINT('',(0.,1.));
#3666 = VECTOR('',#3667,1.);
#3667 = DIRECTION('',(1.,0.));
#3668 = ( GEOMETRIC_REPRESENTATION_CONTEXT(2) 
PARAMETRIC_REPRESENTATION_CONTEXT() REPRESENTATION_CONTEXT('2D SPACE',''
  ) );
#3669 = FACE_BOUND('',#3670,.F.);
#3670 = EDGE_LOOP('',(#3671));
#3671 = ORIENTED_EDGE('',*,*,#3672,.F.);
#3672 = EDGE_CURVE('',#3673,#3673,#3675,.T.);
#3673 = VERTEX_POINT('',#3674);
#3674 = CARTESIAN_POINT('',(11.7,30.,0.));
#3675 = SURFACE_CURVE('',#3676,(#3681,#3688),.PCURVE_S1.);
#3676 = CIRCLE('',#3677,1.7);
#3677 = AXIS2_PLACEMENT_3D('',#3678,#3679,#3680);
#3678 = CARTESIAN_POINT('',(10.,30.,0.));
#3679 = DIRECTION('',(0.,0.,1.));
#3680 = DIRECTION('',(1.,0.,-0.));
#3681 = PCURVE('',#72,#3682);
#3682 = DEFINITIONAL_REPRESENTATION('',(#3683),#3687);
#3683 = CIRCLE('',#3684,1.7);
#3684 = AXIS2_PLACEMENT_2D('',#3685,#3686);
#3685 = CARTESIAN_POINT('',(10.,30.));
#3686 = DIRECTION('',(1.,0.));
#3687 = ( GEOMETRIC_REPRESENTATION_CONTEXT(2) 
PARAMETRIC_REPRESENTATION_CONTEXT() REPRESENTATION_CONTEXT('2D SPACE',''
  ) );
#3688 = PCURVE('',#468,#3689);
#3689 = DEFINITIONAL_REPRESENTATION('',(#3690),#3694);
#3690 = LINE('',#3691,#3692);
#3691 = CARTESIAN_POINT('',(0.,1.));
#3692 = VECTOR('',#3693,1.);
#3693 = DIRECTION('',(1.,0.));
#3694 = ( GEOMETRIC_REPRESENTATION_CONTEXT(2) 
PARAMETRIC_REPRESENTATION_CONTEXT() REPRESENTATION_CONTEXT('2D SPACE',''
  ) );
#3695 = FACE_BOUND('',#3696,.F.);
#3696 = EDGE_LOOP('',(#3697));
#3697 = ORIENTED_EDGE('',*,*,#3698,.F.);
#3698 = EDGE_CURVE('',#3699,#3699,#3701,.T.);
#3699 = VERTEX_POINT('',#3700);
#3700 = CARTESIAN_POINT('',(21.7,30.,0.));
#3701 = SURFACE_CURVE('',#3702,(#3707,#3714),.PCURVE_S1.);
#3702 = CIRCLE('',#3703,1.7);
#3703 = AXIS2_PLACEMENT_3D('',#3704,#3705,#3706);
#3704 = CARTESIAN_POINT('',(20.,30.,0.));
#3705 = DIRECTION('',(0.,0.,1.));
#3706 = DIRECTION('',(1.,0.,-0.));
#3707 = PCURVE('',#72,#3708);
#3708 = DEFINITIONAL_REPRESENTATION('',(#3709),#3713);
#3709 = CIRCLE('',#3710,1.7);
#3710 = AXIS2_PLACEMENT_2D('',#3711,#3712);
#3711 = CARTESIAN_POINT('',(20.,30.));
#3712 = DIRECTION('',(1.,0.));
#3713 = ( GEOMETRIC_REPRESENTATION_CONTEXT(2) 
PARAMETRIC_REPRESENTATION_CONTEXT() REPRESENTATION_CONTEXT('2D SPACE',''
  ) );
#3714 = PCURVE('',#499,#3715);
#3715 = DEFINITIONAL_REPRESENTATION('',(#3716),#3720);
#3716 = LINE('',#3717,#3718);
#3717 = CARTESIAN_POINT('',(0.,1.));
#3718 = VECTOR('',#3719,1.);
#3719 = DIRECTION('',(1.,0.));
#3720 = ( GEOMETRIC_REPRESENTATION_CONTEXT(2) 
PARAMETRIC_REPRESENTATION_CONTEXT() REPRESENTATION_CONTEXT('2D SPACE',''
  ) );
#3721 = FACE_BOUND('',#3722,.F.);
#3722 = EDGE_LOOP('',(#3723));
#3723 = ORIENTED_EDGE('',*,*,#3724,.F.);
#3724 = EDGE_CURVE('',#3725,#3725,#3727,.T.);
#3725 = VERTEX_POINT('',#3726);
#3726 = CARTESIAN_POINT('',(31.7,30.,0.));
#3727 = SURFACE_CURVE('',#3728,(#3733,#3740),.PCURVE_S1.);
#3728 = CIRCLE('',#3729,1.7);
#3729 = AXIS2_PLACEMENT_3D('',#3730,#3731,#3732);
#3730 = CARTESIAN_POINT('',(30.,30.,0.));
#3731 = DIRECTION('',(0.,0.,1.));
#3732 = DIRECTION('',(1.,0.,-0.));
#3733 = PCURVE('',#72,#3734);
#3734 = DEFINITIONAL_REPRESENTATION('',(#3735),#3739);
#3735 = CIRCLE('',#3736,1.7);
#3736 = AXIS2_PLACEMENT_2D('',#3737,#3738);
#3737 = CARTESIAN_POINT('',(30.,30.));
#3738 = DIRECTION('',(1.,0.));
#3739 = ( GEOMETRIC_REPRESENTATION_CONTEXT(2) 
PARAMETRIC_REPRESENTATION_CONTEXT() REPRESENTATION_CONTEXT('2D SPACE',''
  ) );
#3740 = PCURVE('',#530,#3741);
#3741 = DEFINITIONAL_REPRESENTATION('',(#3742),#3746);
#3742 = LINE('',#3743,#3744);
#3743 = CARTESIAN_POINT('',(0.,1.));
#3744 = VECTOR('',#3745,1.);
#3745 = DIRECTION('',(1.,0.));
#3746 = ( GEOMETRIC_REPRESENTATION_CONTEXT(2) 
PARAMETRIC_REPRESENTATION_CONTEXT() REPRESENTATION_CONTEXT('2D SPACE',''
  ) );
#3747 = FACE_BOUND('',#3748,.F.);
#3748 = EDGE_LOOP('',(#3749));
#3749 = ORIENTED_EDGE('',*,*,#3750,.F.);
#3750 = EDGE_CURVE('',#3751,#3751,#3753,.T.);
#3751 = VERTEX_POINT('',#3752);
#3752 = CARTESIAN_POINT('',(41.7,10.,0.));
#3753 = SURFACE_CURVE('',#3754,(#3759,#3766),.PCURVE_S1.);
#3754 = CIRCLE('',#3755,1.7);
#3755 = AXIS2_PLACEMENT_3D('',#3756,#3757,#3758);
#3756 = CARTESIAN_POINT('',(40.,10.,0.));
#3757 = DIRECTION('',(0.,0.,1.));
#3758 = DIRECTION('',(1.,0.,-0.));
#3759 = PCURVE('',#72,#3760);
#3760 = DEFINITIONAL_REPRESENTATION('',(#3761),#3765);
#3761 = CIRCLE('',#3762,1.7);
#3762 = AXIS2_PLACEMENT_2D('',#3763,#3764);
#3763 = CARTESIAN_POINT('',(40.,10.));
#3764 = DIRECTION('',(1.,0.));
#3765 = ( GEOMETRIC_REPRESENTATION_CONTEXT(2) 
PARAMETRIC_REPRESENTATION_CONTEXT() REPRESENTATION_CONTEXT('2D SPACE',''
  ) );
#3766 = PCURVE('',#561,#3767);
#3767 = DEFINITIONAL_REPRESENTATION('',(#3768),#3772);
#3768 = LINE('',#3769,#3770);
#3769 = CARTESIAN_POINT('',(0.,1.));
#3770 = VECTOR('',#3771,1.);
#3771 = DIRECTION('',(1.,0.));
#3772 = ( GEOMETRIC_REPRESENTATION_CONTEXT(2) 
PARAMETRIC_REPRESENTATION_CONTEXT() REPRESENTATION_CONTEXT('2D SPACE',''
  ) );
#3773 = FACE_BOUND('',#3774,.F.);
#3774 = EDGE_LOOP('',(#3775));
#3775 = ORIENTED_EDGE('',*,*,#3776,.F.);
#3776 = EDGE_CURVE('',#3777,#3777,#3779,.T.);
#3777 = VERTEX_POINT('',#3778);
#3778 = CARTESIAN_POINT('',(50.7,15.,0.));
#3779 = SURFACE_CURVE('',#3780,(#3785,#3792),.PCURVE_S1.);
#3780 = CIRCLE('',#3781,1.7);
#3781 = AXIS2_PLACEMENT_3D('',#3782,#3783,#3784);
#3782 = CARTESIAN_POINT('',(49.,15.,0.));
#3783 = DIRECTION('',(0.,0.,1.));
#3784 = DIRECTION('',(1.,0.,-0.));
#3785 = PCURVE('',#72,#3786);
#3786 = DEFINITIONAL_REPRESENTATION('',(#3787),#3791);
#3787 = CIRCLE('',#3788,1.7);
#3788 = AXIS2_PLACEMENT_2D('',#3789,#3790);
#3789 = CARTESIAN_POINT('',(49.,15.));
#3790 = DIRECTION('',(1.,0.));
#3791 = ( GEOMETRIC_REPRESENTATION_CONTEXT(2) 
PARAMETRIC_REPRESENTATION_CONTEXT() REPRESENTATION_CONTEXT('2D SPACE',''
  ) );
#3792 = PCURVE('',#592,#3793);
#3793 = DEFINITIONAL_REPRESENTATION('',(#3794),#3798);
#3794 = LINE('',#3795,#3796);
#3795 = CARTESIAN_POINT('',(0.,1.));
#3796 = VECTOR('',#3797,1.);
#3797 = DIRECTION('',(1.,0.));
#3798 = ( GEOMETRIC_REPRESENTATION_CONTEXT(2) 
PARAMETRIC_REPRESENTATION_CONTEXT() REPRESENTATION_CONTEXT('2D SPACE',''
  ) );
#3799 = FACE_BOUND('',#3800,.F.);
#3800 = EDGE_LOOP('',(#3801));
#3801 = ORIENTED_EDGE('',*,*,#3802,.F.);
#3802 = EDGE_CURVE('',#3803,#3803,#3805,.T.);
#3803 = VERTEX_POINT('',#3804);
#3804 = CARTESIAN_POINT('',(41.7,20.,0.));
#3805 = SURFACE_CURVE('',#3806,(#3811,#3818),.PCURVE_S1.);
#3806 = CIRCLE('',#3807,1.7);
#3807 = AXIS2_PLACEMENT_3D('',#3808,#3809,#3810);
#3808 = CARTESIAN_POINT('',(40.,20.,0.));
#3809 = DIRECTION('',(0.,0.,1.));
#3810 = DIRECTION('',(1.,0.,-0.));
#3811 = PCURVE('',#72,#3812);
#3812 = DEFINITIONAL_REPRESENTATION('',(#3813),#3817);
#3813 = CIRCLE('',#3814,1.7);
#3814 = AXIS2_PLACEMENT_2D('',#3815,#3816);
#3815 = CARTESIAN_POINT('',(40.,20.));
#3816 = DIRECTION('',(1.,0.));
#3817 = ( GEOMETRIC_REPRESENTATION_CONTEXT(2) 
PARAMETRIC_REPRESENTATION_CONTEXT() REPRESENTATION_CONTEXT('2D SPACE',''
  ) );
#3818 = PCURVE('',#623,#3819);
#3819 = DEFINITIONAL_REPRESENTATION('',(#3820),#3824);
#3820 = LINE('',#3821,#3822);
#3821 = CARTESIAN_POINT('',(0.,1.));
#3822 = VECTOR('',#3823,1.);
#3823 = DIRECTION('',(1.,0.));
#3824 = ( GEOMETRIC_REPRESENTATION_CONTEXT(2) 
PARAMETRIC_REPRESENTATION_CONTEXT() REPRESENTATION_CONTEXT('2D SPACE',''
  ) );
#3825 = FACE_BOUND('',#3826,.F.);
#3826 = EDGE_LOOP('',(#3827));
#3827 = ORIENTED_EDGE('',*,*,#3828,.F.);
#3828 = EDGE_CURVE('',#3829,#3829,#3831,.T.);
#3829 = VERTEX_POINT('',#3830);
#3830 = CARTESIAN_POINT('',(61.7,10.,0.));
#3831 = SURFACE_CURVE('',#3832,(#3837,#3844),.PCURVE_S1.);
#3832 = CIRCLE('',#3833,1.7);
#3833 = AXIS2_PLACEMENT_3D('',#3834,#3835,#3836);
#3834 = CARTESIAN_POINT('',(60.,10.,0.));
#3835 = DIRECTION('',(0.,0.,1.));
#3836 = DIRECTION('',(1.,0.,-0.));
#3837 = PCURVE('',#72,#3838);
#3838 = DEFINITIONAL_REPRESENTATION('',(#3839),#3843);
#3839 = CIRCLE('',#3840,1.7);
#3840 = AXIS2_PLACEMENT_2D('',#3841,#3842);
#3841 = CARTESIAN_POINT('',(60.,10.));
#3842 = DIRECTION('',(1.,0.));
#3843 = ( GEOMETRIC_REPRESENTATION_CONTEXT(2) 
PARAMETRIC_REPRESENTATION_CONTEXT() REPRESENTATION_CONTEXT('2D SPACE',''
  ) );
#3844 = PCURVE('',#654,#3845);
#3845 = DEFINITIONAL_REPRESENTATION('',(#3846),#3850);
#3846 = LINE('',#3847,#3848);
#3847 = CARTESIAN_POINT('',(0.,1.));
#3848 = VECTOR('',#3849,1.);
#3849 = DIRECTION('',(1.,0.));
#3850 = ( GEOMETRIC_REPRESENTATION_CONTEXT(2) 
PARAMETRIC_REPRESENTATION_CONTEXT() REPRESENTATION_CONTEXT('2D SPACE',''
  ) );
#3851 = FACE_BOUND('',#3852,.F.);
#3852 = EDGE_LOOP('',(#3853));
#3853 = ORIENTED_EDGE('',*,*,#3854,.F.);
#3854 = EDGE_CURVE('',#3855,#3855,#3857,.T.);
#3855 = VERTEX_POINT('',#3856);
#3856 = CARTESIAN_POINT('',(61.7,20.,0.));
#3857 = SURFACE_CURVE('',#3858,(#3863,#3870),.PCURVE_S1.);
#3858 = CIRCLE('',#3859,1.7);
#3859 = AXIS2_PLACEMENT_3D('',#3860,#3861,#3862);
#3860 = CARTESIAN_POINT('',(60.,20.,0.));
#3861 = DIRECTION('',(0.,0.,1.));
#3862 = DIRECTION('',(1.,0.,-0.));
#3863 = PCURVE('',#72,#3864);
#3864 = DEFINITIONAL_REPRESENTATION('',(#3865),#3869);
#3865 = CIRCLE('',#3866,1.7);
#3866 = AXIS2_PLACEMENT_2D('',#3867,#3868);
#3867 = CARTESIAN_POINT('',(60.,20.));
#3868 = DIRECTION('',(1.,0.));
#3869 = ( GEOMETRIC_REPRESENTATION_CONTEXT(2) 
PARAMETRIC_REPRESENTATION_CONTEXT() REPRESENTATION_CONTEXT('2D SPACE',''
  ) );
#3870 = PCURVE('',#685,#3871);
#3871 = DEFINITIONAL_REPRESENTATION('',(#3872),#3876);
#3872 = LINE('',#3873,#3874);
#3873 = CARTESIAN_POINT('',(0.,1.));
#3874 = VECTOR('',#3875,1.);
#3875 = DIRECTION('',(1.,0.));
#3876 = ( GEOMETRIC_REPRESENTATION_CONTEXT(2) 
PARAMETRIC_REPRESENTATION_CONTEXT() REPRESENTATION_CONTEXT('2D SPACE',''
  ) );
#3877 = FACE_BOUND('',#3878,.F.);
#3878 = EDGE_LOOP('',(#3879));
#3879 = ORIENTED_EDGE('',*,*,#3880,.F.);
#3880 = EDGE_CURVE('',#3881,#3881,#3883,.T.);
#3881 = VERTEX_POINT('',#3882);
#3882 = CARTESIAN_POINT('',(41.7,30.,0.));
#3883 = SURFACE_CURVE('',#3884,(#3889,#3896),.PCURVE_S1.);
#3884 = CIRCLE('',#3885,1.7);
#3885 = AXIS2_PLACEMENT_3D('',#3886,#3887,#3888);
#3886 = CARTESIAN_POINT('',(40.,30.,0.));
#3887 = DIRECTION('',(0.,0.,1.));
#3888 = DIRECTION('',(1.,0.,-0.));
#3889 = PCURVE('',#72,#3890);
#3890 = DEFINITIONAL_REPRESENTATION('',(#3891),#3895);
#3891 = CIRCLE('',#3892,1.7);
#3892 = AXIS2_PLACEMENT_2D('',#3893,#3894);
#3893 = CARTESIAN_POINT('',(40.,30.));
#3894 = DIRECTION('',(1.,0.));
#3895 = ( GEOMETRIC_REPRESENTATION_CONTEXT(2) 
PARAMETRIC_REPRESENTATION_CONTEXT() REPRESENTATION_CONTEXT('2D SPACE',''
  ) );
#3896 = PCURVE('',#716,#3897);
#3897 = DEFINITIONAL_REPRESENTATION('',(#3898),#3902);
#3898 = LINE('',#3899,#3900);
#3899 = CARTESIAN_POINT('',(0.,1.));
#3900 = VECTOR('',#3901,1.);
#3901 = DIRECTION('',(1.,0.));
#3902 = ( GEOMETRIC_REPRESENTATION_CONTEXT(2) 
PARAMETRIC_REPRESENTATION_CONTEXT() REPRESENTATION_CONTEXT('2D SPACE',''
  ) );
#3903 = FACE_BOUND('',#3904,.F.);
#3904 = EDGE_LOOP('',(#3905));
#3905 = ORIENTED_EDGE('',*,*,#3906,.F.);
#3906 = EDGE_CURVE('',#3907,#3907,#3909,.T.);
#3907 = VERTEX_POINT('',#3908);
#3908 = CARTESIAN_POINT('',(51.7,30.,0.));
#3909 = SURFACE_CURVE('',#3910,(#3915,#3922),.PCURVE_S1.);
#3910 = CIRCLE('',#3911,1.7);
#3911 = AXIS2_PLACEMENT_3D('',#3912,#3913,#3914);
#3912 = CARTESIAN_POINT('',(50.,30.,0.));
#3913 = DIRECTION('',(0.,0.,1.));
#3914 = DIRECTION('',(1.,0.,-0.));
#3915 = PCURVE('',#72,#3916);
#3916 = DEFINITIONAL_REPRESENTATION('',(#3917),#3921);
#3917 = CIRCLE('',#3918,1.7);
#3918 = AXIS2_PLACEMENT_2D('',#3919,#3920);
#3919 = CARTESIAN_POINT('',(50.,30.));
#3920 = DIRECTION('',(1.,0.));
#3921 = ( GEOMETRIC_REPRESENTATION_CONTEXT(2) 
PARAMETRIC_REPRESENTATION_CONTEXT() REPRESENTATION_CONTEXT('2D SPACE',''
  ) );
#3922 = PCURVE('',#747,#3923);
#3923 = DEFINITIONAL_REPRESENTATION('',(#3924),#3928);
#3924 = LINE('',#3925,#3926);
#3925 = CARTESIAN_POINT('',(0.,1.));
#3926 = VECTOR('',#3927,1.);
#3927 = DIRECTION('',(1.,0.));
#3928 = ( GEOMETRIC_REPRESENTATION_CONTEXT(2) 
PARAMETRIC_REPRESENTATION_CONTEXT() REPRESENTATION_CONTEXT('2D SPACE',''
  ) );
#3929 = FACE_BOUND('',#3930,.F.);
#3930 = EDGE_LOOP('',(#3931));
#3931 = ORIENTED_EDGE('',*,*,#3932,.F.);
#3932 = EDGE_CURVE('',#3933,#3933,#3935,.T.);
#3933 = VERTEX_POINT('',#3934);
#3934 = CARTESIAN_POINT('',(61.7,30.,0.));
#3935 = SURFACE_CURVE('',#3936,(#3941,#3948),.PCURVE_S1.);
#3936 = CIRCLE('',#3937,1.7);
#3937 = AXIS2_PLACEMENT_3D('',#3938,#3939,#3940);
#3938 = CARTESIAN_POINT('',(60.,30.,0.));
#3939 = DIRECTION('',(0.,0.,1.));
#3940 = DIRECTION('',(1.,0.,-0.));
#3941 = PCURVE('',#72,#3942);
#3942 = DEFINITIONAL_REPRESENTATION('',(#3943),#3947);
#3943 = CIRCLE('',#3944,1.7);
#3944 = AXIS2_PLACEMENT_2D('',#3945,#3946);
#3945 = CARTESIAN_POINT('',(60.,30.));
#3946 = DIRECTION('',(1.,0.));
#3947 = ( GEOMETRIC_REPRESENTATION_CONTEXT(2) 
PARAMETRIC_REPRESENTATION_CONTEXT() REPRESENTATION_CONTEXT('2D SPACE',''
  ) );
#3948 = PCURVE('',#778,#3949);
#3949 = DEFINITIONAL_REPRESENTATION('',(#3950),#3954);
#3950 = LINE('',#3951,#3952);
#3951 = CARTESIAN_POINT('',(0.,1.));
#3952 = VECTOR('',#3953,1.);
#3953 = DIRECTION('',(1.,0.));
#3954 = ( GEOMETRIC_REPRESENTATION_CONTEXT(2) 
PARAMETRIC_REPRESENTATION_CONTEXT() REPRESENTATION_CONTEXT('2D SPACE',''
  ) );
#3955 = FACE_BOUND('',#3956,.F.);
#3956 = EDGE_LOOP('',(#3957));
#3957 = ORIENTED_EDGE('',*,*,#3958,.F.);
#3958 = EDGE_CURVE('',#3959,#3959,#3961,.T.);
#3959 = VERTEX_POINT('',#3960);
#3960 = CARTESIAN_POINT('',(11.7,40.,0.));
#3961 = SURFACE_CURVE('',#3962,(#3967,#3974),.PCURVE_S1.);
#3962 = CIRCLE('',#3963,1.7);
#3963 = AXIS2_PLACEMENT_3D('',#3964,#3965,#3966);
#3964 = CARTESIAN_POINT('',(10.,40.,0.));
#3965 = DIRECTION('',(0.,0.,1.));
#3966 = DIRECTION('',(1.,0.,-0.));
#3967 = PCURVE('',#72,#3968);
#3968 = DEFINITIONAL_REPRESENTATION('',(#3969),#3973);
#3969 = CIRCLE('',#3970,1.7);
#3970 = AXIS2_PLACEMENT_2D('',#3971,#3972);
#3971 = CARTESIAN_POINT('',(10.,40.));
#3972 = DIRECTION('',(1.,0.));
#3973 = ( GEOMETRIC_REPRESENTATION_CONTEXT(2) 
PARAMETRIC_REPRESENTATION_CONTEXT() REPRESENTATION_CONTEXT('2D SPACE',''
  ) );
#3974 = PCURVE('',#809,#3975);
#3975 = DEFINITIONAL_REPRESENTATION('',(#3976),#3980);
#3976 = LINE('',#3977,#3978);
#3977 = CARTESIAN_POINT('',(0.,1.));
#3978 = VECTOR('',#3979,1.);
#3979 = DIRECTION('',(1.,0.));
#3980 = ( GEOMETRIC_REPRESENTATION_CONTEXT(2) 
PARAMETRIC_REPRESENTATION_CONTEXT() REPRESENTATION_CONTEXT('2D SPACE',''
  ) );
#3981 = FACE_BOUND('',#3982,.F.);
#3982 = EDGE_LOOP('',(#3983));
#3983 = ORIENTED_EDGE('',*,*,#3984,.F.);
#3984 = EDGE_CURVE('',#3985,#3985,#3987,.T.);
#3985 = VERTEX_POINT('',#3986);
#3986 = CARTESIAN_POINT('',(21.7,40.,0.));
#3987 = SURFACE_CURVE('',#3988,(#3993,#4000),.PCURVE_S1.);
#3988 = CIRCLE('',#3989,1.7);
#3989 = AXIS2_PLACEMENT_3D('',#3990,#3991,#3992);
#3990 = CARTESIAN_POINT('',(20.,40.,0.));
#3991 = DIRECTION('',(0.,0.,1.));
#3992 = DIRECTION('',(1.,0.,-0.));
#3993 = PCURVE('',#72,#3994);
#3994 = DEFINITIONAL_REPRESENTATION('',(#3995),#3999);
#3995 = CIRCLE('',#3996,1.7);
#3996 = AXIS2_PLACEMENT_2D('',#3997,#3998);
#3997 = CARTESIAN_POINT('',(20.,40.));
#3998 = DIRECTION('',(1.,0.));
#3999 = ( GEOMETRIC_REPRESENTATION_CONTEXT(2) 
PARAMETRIC_REPRESENTATION_CONTEXT() REPRESENTATION_CONTEXT('2D SPACE',''
  ) );
#4000 = PCURVE('',#840,#4001);
#4001 = DEFINITIONAL_REPRESENTATION('',(#4002),#4006);
#4002 = LINE('',#4003,#4004);
#4003 = CARTESIAN_POINT('',(0.,1.));
#4004 = VECTOR('',#4005,1.);
#4005 = DIRECTION('',(1.,0.));
#4006 = ( GEOMETRIC_REPRESENTATION_CONTEXT(2) 
PARAMETRIC_REPRESENTATION_CONTEXT() REPRESENTATION_CONTEXT('2D SPACE',''
  ) );
#4007 = FACE_BOUND('',#4008,.F.);
#4008 = EDGE_LOOP('',(#4009));
#4009 = ORIENTED_EDGE('',*,*,#4010,.F.);
#4010 = EDGE_CURVE('',#4011,#4011,#4013,.T.);
#4011 = VERTEX_POINT('',#4012);
#4012 = CARTESIAN_POINT('',(11.7,50.,0.));
#4013 = SURFACE_CURVE('',#4014,(#4019,#4026),.PCURVE_S1.);
#4014 = CIRCLE('',#4015,1.7);
#4015 = AXIS2_PLACEMENT_3D('',#4016,#4017,#4018);
#4016 = CARTESIAN_POINT('',(10.,50.,0.));
#4017 = DIRECTION('',(0.,0.,1.));
#4018 = DIRECTION('',(1.,0.,-0.));
#4019 = PCURVE('',#72,#4020);
#4020 = DEFINITIONAL_REPRESENTATION('',(#4021),#4025);
#4021 = CIRCLE('',#4022,1.7);
#4022 = AXIS2_PLACEMENT_2D('',#4023,#4024);
#4023 = CARTESIAN_POINT('',(10.,50.));
#4024 = DIRECTION('',(1.,0.));
#4025 = ( GEOMETRIC_REPRESENTATION_CONTEXT(2) 
PARAMETRIC_REPRESENTATION_CONTEXT() REPRESENTATION_CONTEXT('2D SPACE',''
  ) );
#4026 = PCURVE('',#871,#4027);
#4027 = DEFINITIONAL_REPRESENTATION('',(#4028),#4032);
#4028 = LINE('',#4029,#4030);
#4029 = CARTESIAN_POINT('',(0.,1.));
#4030 = VECTOR('',#4031,1.);
#4031 = DIRECTION('',(1.,0.));
#4032 = ( GEOMETRIC_REPRESENTATION_CONTEXT(2) 
PARAMETRIC_REPRESENTATION_CONTEXT() REPRESENTATION_CONTEXT('2D SPACE',''
  ) );
#4033 = FACE_BOUND('',#4034,.F.);
#4034 = EDGE_LOOP('',(#4035));
#4035 = ORIENTED_EDGE('',*,*,#4036,.F.);
#4036 = EDGE_CURVE('',#4037,#4037,#4039,.T.);
#4037 = VERTEX_POINT('',#4038);
#4038 = CARTESIAN_POINT('',(21.7,50.,0.));
#4039 = SURFACE_CURVE('',#4040,(#4045,#4052),.PCURVE_S1.);
#4040 = CIRCLE('',#4041,1.7);
#4041 = AXIS2_PLACEMENT_3D('',#4042,#4043,#4044);
#4042 = CARTESIAN_POINT('',(20.,50.,0.));
#4043 = DIRECTION('',(0.,0.,1.));
#4044 = DIRECTION('',(1.,0.,-0.));
#4045 = PCURVE('',#72,#4046);
#4046 = DEFINITIONAL_REPRESENTATION('',(#4047),#4051);
#4047 = CIRCLE('',#4048,1.7);
#4048 = AXIS2_PLACEMENT_2D('',#4049,#4050);
#4049 = CARTESIAN_POINT('',(20.,50.));
#4050 = DIRECTION('',(1.,0.));
#4051 = ( GEOMETRIC_REPRESENTATION_CONTEXT(2) 
PARAMETRIC_REPRESENTATION_CONTEXT() REPRESENTATION_CONTEXT('2D SPACE',''
  ) );
#4052 = PCURVE('',#902,#4053);
#4053 = DEFINITIONAL_REPRESENTATION('',(#4054),#4058);
#4054 = LINE('',#4055,#4056);
#4055 = CARTESIAN_POINT('',(0.,1.));
#4056 = VECTOR('',#4057,1.);
#4057 = DIRECTION('',(1.,0.));
#4058 = ( GEOMETRIC_REPRESENTATION_CONTEXT(2) 
PARAMETRIC_REPRESENTATION_CONTEXT() REPRESENTATION_CONTEXT('2D SPACE',''
  ) );
#4059 = FACE_BOUND('',#4060,.F.);
#4060 = EDGE_LOOP('',(#4061));
#4061 = ORIENTED_EDGE('',*,*,#4062,.F.);
#4062 = EDGE_CURVE('',#4063,#4063,#4065,.T.);
#4063 = VERTEX_POINT('',#4064);
#4064 = CARTESIAN_POINT('',(31.7,40.,0.));
#4065 = SURFACE_CURVE('',#4066,(#4071,#4078),.PCURVE_S1.);
#4066 = CIRCLE('',#4067,1.7);
#4067 = AXIS2_PLACEMENT_3D('',#4068,#4069,#4070);
#4068 = CARTESIAN_POINT('',(30.,40.,0.));
#4069 = DIRECTION('',(0.,0.,1.));
#4070 = DIRECTION('',(1.,0.,-0.));
#4071 = PCURVE('',#72,#4072);
#4072 = DEFINITIONAL_REPRESENTATION('',(#4073),#4077);
#4073 = CIRCLE('',#4074,1.7);
#4074 = AXIS2_PLACEMENT_2D('',#4075,#4076);
#4075 = CARTESIAN_POINT('',(30.,40.));
#4076 = DIRECTION('',(1.,0.));
#4077 = ( GEOMETRIC_REPRESENTATION_CONTEXT(2) 
PARAMETRIC_REPRESENTATION_CONTEXT() REPRESENTATION_CONTEXT('2D SPACE',''
  ) );
#4078 = PCURVE('',#933,#4079);
#4079 = DEFINITIONAL_REPRESENTATION('',(#4080),#4084);
#4080 = LINE('',#4081,#4082);
#4081 = CARTESIAN_POINT('',(0.,1.));
#4082 = VECTOR('',#4083,1.);
#4083 = DIRECTION('',(1.,0.));
#4084 = ( GEOMETRIC_REPRESENTATION_CONTEXT(2) 
PARAMETRIC_REPRESENTATION_CONTEXT() REPRESENTATION_CONTEXT('2D SPACE',''
  ) );
#4085 = FACE_BOUND('',#4086,.F.);
#4086 = EDGE_LOOP('',(#4087));
#4087 = ORIENTED_EDGE('',*,*,#4088,.F.);
#4088 = EDGE_CURVE('',#4089,#4089,#4091,.T.);
#4089 = VERTEX_POINT('',#4090);
#4090 = CARTESIAN_POINT('',(31.7,50.,0.));
#4091 = SURFACE_CURVE('',#4092,(#4097,#4104),.PCURVE_S1.);
#4092 = CIRCLE('',#4093,1.7);
#4093 = AXIS2_PLACEMENT_3D('',#4094,#4095,#4096);
#4094 = CARTESIAN_POINT('',(30.,50.,0.));
#4095 = DIRECTION('',(0.,0.,1.));
#4096 = DIRECTION('',(1.,0.,-0.));
#4097 = PCURVE('',#72,#4098);
#4098 = DEFINITIONAL_REPRESENTATION('',(#4099),#4103);
#4099 = CIRCLE('',#4100,1.7);
#4100 = AXIS2_PLACEMENT_2D('',#4101,#4102);
#4101 = CARTESIAN_POINT('',(30.,50.));
#4102 = DIRECTION('',(1.,0.));
#4103 = ( GEOMETRIC_REPRESENTATION_CONTEXT(2) 
PARAMETRIC_REPRESENTATION_CONTEXT() REPRESENTATION_CONTEXT('2D SPACE',''
  ) );
#4104 = PCURVE('',#964,#4105);
#4105 = DEFINITIONAL_REPRESENTATION('',(#4106),#4110);
#4106 = LINE('',#4107,#4108);
#4107 = CARTESIAN_POINT('',(0.,1.));
#4108 = VECTOR('',#4109,1.);
#4109 = DIRECTION('',(1.,0.));
#4110 = ( GEOMETRIC_REPRESENTATION_CONTEXT(2) 
PARAMETRIC_REPRESENTATION_CONTEXT() REPRESENTATION_CONTEXT('2D SPACE',''
  ) );
#4111 = FACE_BOUND('',#4112,.F.);
#4112 = EDGE_LOOP('',(#4113));
#4113 = ORIENTED_EDGE('',*,*,#4114,.F.);
#4114 = EDGE_CURVE('',#4115,#4115,#4117,.T.);
#4115 = VERTEX_POINT('',#4116);
#4116 = CARTESIAN_POINT('',(11.7,60.,0.));
#4117 = SURFACE_CURVE('',#4118,(#4123,#4130),.PCURVE_S1.);
#4118 = CIRCLE('',#4119,1.7);
#4119 = AXIS2_PLACEMENT_3D('',#4120,#4121,#4122);
#4120 = CARTESIAN_POINT('',(10.,60.,0.));
#4121 = DIRECTION('',(0.,0.,1.));
#4122 = DIRECTION('',(1.,0.,-0.));
#4123 = PCURVE('',#72,#4124);
#4124 = DEFINITIONAL_REPRESENTATION('',(#4125),#4129);
#4125 = CIRCLE('',#4126,1.7);
#4126 = AXIS2_PLACEMENT_2D('',#4127,#4128);
#4127 = CARTESIAN_POINT('',(10.,60.));
#4128 = DIRECTION('',(1.,0.));
#4129 = ( GEOMETRIC_REPRESENTATION_CONTEXT(2) 
PARAMETRIC_REPRESENTATION_CONTEXT() REPRESENTATION_CONTEXT('2D SPACE',''
  ) );
#4130 = PCURVE('',#995,#4131);
#4131 = DEFINITIONAL_REPRESENTATION('',(#4132),#4136);
#4132 = LINE('',#4133,#4134);
#4133 = CARTESIAN_POINT('',(0.,1.));
#4134 = VECTOR('',#4135,1.);
#4135 = DIRECTION('',(1.,0.));
#4136 = ( GEOMETRIC_REPRESENTATION_CONTEXT(2) 
PARAMETRIC_REPRESENTATION_CONTEXT() REPRESENTATION_CONTEXT('2D SPACE',''
  ) );
#4137 = FACE_BOUND('',#4138,.F.);
#4138 = EDGE_LOOP('',(#4139));
#4139 = ORIENTED_EDGE('',*,*,#4140,.F.);
#4140 = EDGE_CURVE('',#4141,#4141,#4143,.T.);
#4141 = VERTEX_POINT('',#4142);
#4142 = CARTESIAN_POINT('',(21.7,60.,0.));
#4143 = SURFACE_CURVE('',#4144,(#4149,#4156),.PCURVE_S1.);
#4144 = CIRCLE('',#4145,1.7);
#4145 = AXIS2_PLACEMENT_3D('',#4146,#4147,#4148);
#4146 = CARTESIAN_POINT('',(20.,60.,0.));
#4147 = DIRECTION('',(0.,0.,1.));
#4148 = DIRECTION('',(1.,0.,-0.));
#4149 = PCURVE('',#72,#4150);
#4150 = DEFINITIONAL_REPRESENTATION('',(#4151),#4155);
#4151 = CIRCLE('',#4152,1.7);
#4152 = AXIS2_PLACEMENT_2D('',#4153,#4154);
#4153 = CARTESIAN_POINT('',(20.,60.));
#4154 = DIRECTION('',(1.,0.));
#4155 = ( GEOMETRIC_REPRESENTATION_CONTEXT(2) 
PARAMETRIC_REPRESENTATION_CONTEXT() REPRESENTATION_CONTEXT('2D SPACE',''
  ) );
#4156 = PCURVE('',#1026,#4157);
#4157 = DEFINITIONAL_REPRESENTATION('',(#4158),#4162);
#4158 = LINE('',#4159,#4160);
#4159 = CARTESIAN_POINT('',(0.,1.));
#4160 = VECTOR('',#4161,1.);
#4161 = DIRECTION('',(1.,0.));
#4162 = ( GEOMETRIC_REPRESENTATION_CONTEXT(2) 
PARAMETRIC_REPRESENTATION_CONTEXT() REPRESENTATION_CONTEXT('2D SPACE',''
  ) );
#4163 = FACE_BOUND('',#4164,.F.);
#4164 = EDGE_LOOP('',(#4165));
#4165 = ORIENTED_EDGE('',*,*,#4166,.F.);
#4166 = EDGE_CURVE('',#4167,#4167,#4169,.T.);
#4167 = VERTEX_POINT('',#4168);
#4168 = CARTESIAN_POINT('',(31.7,60.,0.));
#4169 = SURFACE_CURVE('',#4170,(#4175,#4182),.PCURVE_S1.);
#4170 = CIRCLE('',#4171,1.7);
#4171 = AXIS2_PLACEMENT_3D('',#4172,#4173,#4174);
#4172 = CARTESIAN_POINT('',(30.,60.,0.));
#4173 = DIRECTION('',(0.,0.,1.));
#4174 = DIRECTION('',(1.,0.,-0.));
#4175 = PCURVE('',#72,#4176);
#4176 = DEFINITIONAL_REPRESENTATION('',(#4177),#4181);
#4177 = CIRCLE('',#4178,1.7);
#4178 = AXIS2_PLACEMENT_2D('',#4179,#4180);
#4179 = CARTESIAN_POINT('',(30.,60.));
#4180 = DIRECTION('',(1.,0.));
#4181 = ( GEOMETRIC_REPRESENTATION_CONTEXT(2) 
PARAMETRIC_REPRESENTATION_CONTEXT() REPRESENTATION_CONTEXT('2D SPACE',''
  ) );
#4182 = PCURVE('',#1057,#4183);
#4183 = DEFINITIONAL_REPRESENTATION('',(#4184),#4188);
#4184 = LINE('',#4185,#4186);
#4185 = CARTESIAN_POINT('',(0.,1.));
#4186 = VECTOR('',#4187,1.);
#4187 = DIRECTION('',(1.,0.));
#4188 = ( GEOMETRIC_REPRESENTATION_CONTEXT(2) 
PARAMETRIC_REPRESENTATION_CONTEXT() REPRESENTATION_CONTEXT('2D SPACE',''
  ) );
#4189 = FACE_BOUND('',#4190,.F.);
#4190 = EDGE_LOOP('',(#4191));
#4191 = ORIENTED_EDGE('',*,*,#4192,.F.);
#4192 = EDGE_CURVE('',#4193,#4193,#4195,.T.);
#4193 = VERTEX_POINT('',#4194);
#4194 = CARTESIAN_POINT('',(41.7,40.,0.));
#4195 = SURFACE_CURVE('',#4196,(#4201,#4208),.PCURVE_S1.);
#4196 = CIRCLE('',#4197,1.7);
#4197 = AXIS2_PLACEMENT_3D('',#4198,#4199,#4200);
#4198 = CARTESIAN_POINT('',(40.,40.,0.));
#4199 = DIRECTION('',(0.,0.,1.));
#4200 = DIRECTION('',(1.,0.,-0.));
#4201 = PCURVE('',#72,#4202);
#4202 = DEFINITIONAL_REPRESENTATION('',(#4203),#4207);
#4203 = CIRCLE('',#4204,1.7);
#4204 = AXIS2_PLACEMENT_2D('',#4205,#4206);
#4205 = CARTESIAN_POINT('',(40.,40.));
#4206 = DIRECTION('',(1.,0.));
#4207 = ( GEOMETRIC_REPRESENTATION_CONTEXT(2) 
PARAMETRIC_REPRESENTATION_CONTEXT() REPRESENTATION_CONTEXT('2D SPACE',''
  ) );
#4208 = PCURVE('',#1088,#4209);
#4209 = DEFINITIONAL_REPRESENTATION('',(#4210),#4214);
#4210 = LINE('',#4211,#4212);
#4211 = CARTESIAN_POINT('',(0.,1.));
#4212 = VECTOR('',#4213,1.);
#4213 = DIRECTION('',(1.,0.));
#4214 = ( GEOMETRIC_REPRESENTATION_CONTEXT(2) 
PARAMETRIC_REPRESENTATION_CONTEXT() REPRESENTATION_CONTEXT('2D SPACE',''
  ) );
#4215 = FACE_BOUND('',#4216,.F.);
#4216 = EDGE_LOOP('',(#4217));
#4217 = ORIENTED_EDGE('',*,*,#4218,.F.);
#4218 = EDGE_CURVE('',#4219,#4219,#4221,.T.);
#4219 = VERTEX_POINT('',#4220);
#4220 = CARTESIAN_POINT('',(51.7,40.,0.));
#4221 = SURFACE_CURVE('',#4222,(#4227,#4234),.PCURVE_S1.);
#4222 = CIRCLE('',#4223,1.7);
#4223 = AXIS2_PLACEMENT_3D('',#4224,#4225,#4226);
#4224 = CARTESIAN_POINT('',(50.,40.,0.));
#4225 = DIRECTION('',(0.,0.,1.));
#4226 = DIRECTION('',(1.,0.,-0.));
#4227 = PCURVE('',#72,#4228);
#4228 = DEFINITIONAL_REPRESENTATION('',(#4229),#4233);
#4229 = CIRCLE('',#4230,1.7);
#4230 = AXIS2_PLACEMENT_2D('',#4231,#4232);
#4231 = CARTESIAN_POINT('',(50.,40.));
#4232 = DIRECTION('',(1.,0.));
#4233 = ( GEOMETRIC_REPRESENTATION_CONTEXT(2) 
PARAMETRIC_REPRESENTATION_CONTEXT() REPRESENTATION_CONTEXT('2D SPACE',''
  ) );
#4234 = PCURVE('',#1119,#4235);
#4235 = DEFINITIONAL_REPRESENTATION('',(#4236),#4240);
#4236 = LINE('',#4237,#4238);
#4237 = CARTESIAN_POINT('',(0.,1.));
#4238 = VECTOR('',#4239,1.);
#4239 = DIRECTION('',(1.,0.));
#4240 = ( GEOMETRIC_REPRESENTATION_CONTEXT(2) 
PARAMETRIC_REPRESENTATION_CONTEXT() REPRESENTATION_CONTEXT('2D SPACE',''
  ) );
#4241 = FACE_BOUND('',#4242,.F.);
#4242 = EDGE_LOOP('',(#4243));
#4243 = ORIENTED_EDGE('',*,*,#4244,.F.);
#4244 = EDGE_CURVE('',#4245,#4245,#4247,.T.);
#4245 = VERTEX_POINT('',#4246);
#4246 = CARTESIAN_POINT('',(41.7,50.,0.));
#4247 = SURFACE_CURVE('',#4248,(#4253,#4260),.PCURVE_S1.);
#4248 = CIRCLE('',#4249,1.7);
#4249 = AXIS2_PLACEMENT_3D('',#4250,#4251,#4252);
#4250 = CARTESIAN_POINT('',(40.,50.,0.));
#4251 = DIRECTION('',(0.,0.,1.));
#4252 = DIRECTION('',(1.,0.,-0.));
#4253 = PCURVE('',#72,#4254);
#4254 = DEFINITIONAL_REPRESENTATION('',(#4255),#4259);
#4255 = CIRCLE('',#4256,1.7);
#4256 = AXIS2_PLACEMENT_2D('',#4257,#4258);
#4257 = CARTESIAN_POINT('',(40.,50.));
#4258 = DIRECTION('',(1.,0.));
#4259 = ( GEOMETRIC_REPRESENTATION_CONTEXT(2) 
PARAMETRIC_REPRESENTATION_CONTEXT() REPRESENTATION_CONTEXT('2D SPACE',''
  ) );
#4260 = PCURVE('',#1150,#4261);
#4261 = DEFINITIONAL_REPRESENTATION('',(#4262),#4266);
#4262 = LINE('',#4263,#4264);
#4263 = CARTESIAN_POINT('',(0.,1.));
#4264 = VECTOR('',#4265,1.);
#4265 = DIRECTION('',(1.,0.));
#4266 = ( GEOMETRIC_REPRESENTATION_CONTEXT(2) 
PARAMETRIC_REPRESENTATION_CONTEXT() REPRESENTATION_CONTEXT('2D SPACE',''
  ) );
#4267 = FACE_BOUND('',#4268,.F.);
#4268 = EDGE_LOOP('',(#4269));
#4269 = ORIENTED_EDGE('',*,*,#4270,.F.);
#4270 = EDGE_CURVE('',#4271,#4271,#4273,.T.);
#4271 = VERTEX_POINT('',#4272);
#4272 = CARTESIAN_POINT('',(51.7,50.,0.));
#4273 = SURFACE_CURVE('',#4274,(#4279,#4286),.PCURVE_S1.);
#4274 = CIRCLE('',#4275,1.7);
#4275 = AXIS2_PLACEMENT_3D('',#4276,#4277,#4278);
#4276 = CARTESIAN_POINT('',(50.,50.,0.));
#4277 = DIRECTION('',(0.,0.,1.));
#4278 = DIRECTION('',(1.,0.,-0.));
#4279 = PCURVE('',#72,#4280);
#4280 = DEFINITIONAL_REPRESENTATION('',(#4281),#4285);
#4281 = CIRCLE('',#4282,1.7);
#4282 = AXIS2_PLACEMENT_2D('',#4283,#4284);
#4283 = CARTESIAN_POINT('',(50.,50.));
#4284 = DIRECTION('',(1.,0.));
#4285 = ( GEOMETRIC_REPRESENTATION_CONTEXT(2) 
PARAMETRIC_REPRESENTATION_CONTEXT() REPRESENTATION_CONTEXT('2D SPACE',''
  ) );
#4286 = PCURVE('',#1181,#4287);
#4287 = DEFINITIONAL_REPRESENTATION('',(#4288),#4292);
#4288 = LINE('',#4289,#4290);
#4289 = CARTESIAN_POINT('',(0.,1.));
#4290 = VECTOR('',#4291,1.);
#4291 = DIRECTION('',(1.,0.));
#4292 = ( GEOMETRIC_REPRESENTATION_CONTEXT(2) 
PARAMETRIC_REPRESENTATION_CONTEXT() REPRESENTATION_CONTEXT('2D SPACE',''
  ) );
#4293 = FACE_BOUND('',#4294,.F.);
#4294 = EDGE_LOOP('',(#4295));
#4295 = ORIENTED_EDGE('',*,*,#4296,.F.);
#4296 = EDGE_CURVE('',#4297,#4297,#4299,.T.);
#4297 = VERTEX_POINT('',#4298);
#4298 = CARTESIAN_POINT('',(61.7,40.,0.));
#4299 = SURFACE_CURVE('',#4300,(#4305,#4312),.PCURVE_S1.);
#4300 = CIRCLE('',#4301,1.7);
#4301 = AXIS2_PLACEMENT_3D('',#4302,#4303,#4304);
#4302 = CARTESIAN_POINT('',(60.,40.,0.));
#4303 = DIRECTION('',(0.,0.,1.));
#4304 = DIRECTION('',(1.,0.,-0.));
#4305 = PCURVE('',#72,#4306);
#4306 = DEFINITIONAL_REPRESENTATION('',(#4307),#4311);
#4307 = CIRCLE('',#4308,1.7);
#4308 = AXIS2_PLACEMENT_2D('',#4309,#4310);
#4309 = CARTESIAN_POINT('',(60.,40.));
#4310 = DIRECTION('',(1.,0.));
#4311 = ( GEOMETRIC_REPRESENTATION_CONTEXT(2) 
PARAMETRIC_REPRESENTATION_CONTEXT() REPRESENTATION_CONTEXT('2D SPACE',''
  ) );
#4312 = PCURVE('',#1212,#4313);
#4313 = DEFINITIONAL_REPRESENTATION('',(#4314),#4318);
#4314 = LINE('',#4315,#4316);
#4315 = CARTESIAN_POINT('',(0.,1.));
#4316 = VECTOR('',#4317,1.);
#4317 = DIRECTION('',(1.,0.));
#4318 = ( GEOMETRIC_REPRESENTATION_CONTEXT(2) 
PARAMETRIC_REPRESENTATION_CONTEXT() REPRESENTATION_CONTEXT('2D SPACE',''
  ) );
#4319 = FACE_BOUND('',#4320,.F.);
#4320 = EDGE_LOOP('',(#4321));
#4321 = ORIENTED_EDGE('',*,*,#4322,.F.);
#4322 = EDGE_CURVE('',#4323,#4323,#4325,.T.);
#4323 = VERTEX_POINT('',#4324);
#4324 = CARTESIAN_POINT('',(61.7,50.,0.));
#4325 = SURFACE_CURVE('',#4326,(#4331,#4338),.PCURVE_S1.);
#4326 = CIRCLE('',#4327,1.7);
#4327 = AXIS2_PLACEMENT_3D('',#4328,#4329,#4330);
#4328 = CARTESIAN_POINT('',(60.,50.,0.));
#4329 = DIRECTION('',(0.,0.,1.));
#4330 = DIRECTION('',(1.,0.,-0.));
#4331 = PCURVE('',#72,#4332);
#4332 = DEFINITIONAL_REPRESENTATION('',(#4333),#4337);
#4333 = CIRCLE('',#4334,1.7);
#4334 = AXIS2_PLACEMENT_2D('',#4335,#4336);
#4335 = CARTESIAN_POINT('',(60.,50.));
#4336 = DIRECTION('',(1.,0.));
#4337 = ( GEOMETRIC_REPRESENTATION_CONTEXT(2) 
PARAMETRIC_REPRESENTATION_CONTEXT() REPRESENTATION_CONTEXT('2D SPACE',''
  ) );
#4338 = PCURVE('',#1243,#4339);
#4339 = DEFINITIONAL_REPRESENTATION('',(#4340),#4344);
#4340 = LINE('',#4341,#4342);
#4341 = CARTESIAN_POINT('',(0.,1.));
#4342 = VECTOR('',#4343,1.);
#4343 = DIRECTION('',(1.,0.));
#4344 = ( GEOMETRIC_REPRESENTATION_CONTEXT(2) 
PARAMETRIC_REPRESENTATION_CONTEXT() REPRESENTATION_CONTEXT('2D SPACE',''
  ) );
#4345 = FACE_BOUND('',#4346,.F.);
#4346 = EDGE_LOOP('',(#4347));
#4347 = ORIENTED_EDGE('',*,*,#4348,.F.);
#4348 = EDGE_CURVE('',#4349,#4349,#4351,.T.);
#4349 = VERTEX_POINT('',#4350);
#4350 = CARTESIAN_POINT('',(71.7,10.,0.));
#4351 = SURFACE_CURVE('',#4352,(#4357,#4364),.PCURVE_S1.);
#4352 = CIRCLE('',#4353,1.7);
#4353 = AXIS2_PLACEMENT_3D('',#4354,#4355,#4356);
#4354 = CARTESIAN_POINT('',(70.,10.,0.));
#4355 = DIRECTION('',(0.,0.,1.));
#4356 = DIRECTION('',(1.,0.,-0.));
#4357 = PCURVE('',#72,#4358);
#4358 = DEFINITIONAL_REPRESENTATION('',(#4359),#4363);
#4359 = CIRCLE('',#4360,1.7);
#4360 = AXIS2_PLACEMENT_2D('',#4361,#4362);
#4361 = CARTESIAN_POINT('',(70.,10.));
#4362 = DIRECTION('',(1.,0.));
#4363 = ( GEOMETRIC_REPRESENTATION_CONTEXT(2) 
PARAMETRIC_REPRESENTATION_CONTEXT() REPRESENTATION_CONTEXT('2D SPACE',''
  ) );
#4364 = PCURVE('',#1274,#4365);
#4365 = DEFINITIONAL_REPRESENTATION('',(#4366),#4370);
#4366 = LINE('',#4367,#4368);
#4367 = CARTESIAN_POINT('',(0.,1.));
#4368 = VECTOR('',#4369,1.);
#4369 = DIRECTION('',(1.,0.));
#4370 = ( GEOMETRIC_REPRESENTATION_CONTEXT(2) 
PARAMETRIC_REPRESENTATION_CONTEXT() REPRESENTATION_CONTEXT('2D SPACE',''
  ) );
#4371 = FACE_BOUND('',#4372,.F.);
#4372 = EDGE_LOOP('',(#4373));
#4373 = ORIENTED_EDGE('',*,*,#4374,.F.);
#4374 = EDGE_CURVE('',#4375,#4375,#4377,.T.);
#4375 = VERTEX_POINT('',#4376);
#4376 = CARTESIAN_POINT('',(71.7,20.,0.));
#4377 = SURFACE_CURVE('',#4378,(#4383,#4390),.PCURVE_S1.);
#4378 = CIRCLE('',#4379,1.7);
#4379 = AXIS2_PLACEMENT_3D('',#4380,#4381,#4382);
#4380 = CARTESIAN_POINT('',(70.,20.,0.));
#4381 = DIRECTION('',(0.,0.,1.));
#4382 = DIRECTION('',(1.,0.,-0.));
#4383 = PCURVE('',#72,#4384);
#4384 = DEFINITIONAL_REPRESENTATION('',(#4385),#4389);
#4385 = CIRCLE('',#4386,1.7);
#4386 = AXIS2_PLACEMENT_2D('',#4387,#4388);
#4387 = CARTESIAN_POINT('',(70.,20.));
#4388 = DIRECTION('',(1.,0.));
#4389 = ( GEOMETRIC_REPRESENTATION_CONTEXT(2) 
PARAMETRIC_REPRESENTATION_CONTEXT() REPRESENTATION_CONTEXT('2D SPACE',''
  ) );
#4390 = PCURVE('',#1305,#4391);
#4391 = DEFINITIONAL_REPRESENTATION('',(#4392),#4396);
#4392 = LINE('',#4393,#4394);
#4393 = CARTESIAN_POINT('',(0.,1.));
#4394 = VECTOR('',#4395,1.);
#4395 = DIRECTION('',(1.,0.));
#4396 = ( GEOMETRIC_REPRESENTATION_CONTEXT(2) 
PARAMETRIC_REPRESENTATION_CONTEXT() REPRESENTATION_CONTEXT('2D SPACE',''
  ) );
#4397 = FACE_BOUND('',#4398,.F.);
#4398 = EDGE_LOOP('',(#4399));
#4399 = ORIENTED_EDGE('',*,*,#4400,.F.);
#4400 = EDGE_CURVE('',#4401,#4401,#4403,.T.);
#4401 = VERTEX_POINT('',#4402);
#4402 = CARTESIAN_POINT('',(83.7,15.,0.));
#4403 = SURFACE_CURVE('',#4404,(#4409,#4416),.PCURVE_S1.);
#4404 = CIRCLE('',#4405,1.7);
#4405 = AXIS2_PLACEMENT_3D('',#4406,#4407,#4408);
#4406 = CARTESIAN_POINT('',(82.,15.,0.));
#4407 = DIRECTION('',(0.,0.,1.));
#4408 = DIRECTION('',(1.,0.,-0.));
#4409 = PCURVE('',#72,#4410);
#4410 = DEFINITIONAL_REPRESENTATION('',(#4411),#4415);
#4411 = CIRCLE('',#4412,1.7);
#4412 = AXIS2_PLACEMENT_2D('',#4413,#4414);
#4413 = CARTESIAN_POINT('',(82.,15.));
#4414 = DIRECTION('',(1.,0.));
#4415 = ( GEOMETRIC_REPRESENTATION_CONTEXT(2) 
PARAMETRIC_REPRESENTATION_CONTEXT() REPRESENTATION_CONTEXT('2D SPACE',''
  ) );
#4416 = PCURVE('',#1336,#4417);
#4417 = DEFINITIONAL_REPRESENTATION('',(#4418),#4422);
#4418 = LINE('',#4419,#4420);
#4419 = CARTESIAN_POINT('',(0.,1.));
#4420 = VECTOR('',#4421,1.);
#4421 = DIRECTION('',(1.,0.));
#4422 = ( GEOMETRIC_REPRESENTATION_CONTEXT(2) 
PARAMETRIC_REPRESENTATION_CONTEXT() REPRESENTATION_CONTEXT('2D SPACE',''
  ) );
#4423 = FACE_BOUND('',#4424,.F.);
#4424 = EDGE_LOOP('',(#4425));
#4425 = ORIENTED_EDGE('',*,*,#4426,.F.);
#4426 = EDGE_CURVE('',#4427,#4427,#4429,.T.);
#4427 = VERTEX_POINT('',#4428);
#4428 = CARTESIAN_POINT('',(91.7,10.,0.));
#4429 = SURFACE_CURVE('',#4430,(#4435,#4442),.PCURVE_S1.);
#4430 = CIRCLE('',#4431,1.7);
#4431 = AXIS2_PLACEMENT_3D('',#4432,#4433,#4434);
#4432 = CARTESIAN_POINT('',(90.,10.,0.));
#4433 = DIRECTION('',(0.,0.,1.));
#4434 = DIRECTION('',(1.,0.,-0.));
#4435 = PCURVE('',#72,#4436);
#4436 = DEFINITIONAL_REPRESENTATION('',(#4437),#4441);
#4437 = CIRCLE('',#4438,1.7);
#4438 = AXIS2_PLACEMENT_2D('',#4439,#4440);
#4439 = CARTESIAN_POINT('',(90.,10.));
#4440 = DIRECTION('',(1.,0.));
#4441 = ( GEOMETRIC_REPRESENTATION_CONTEXT(2) 
PARAMETRIC_REPRESENTATION_CONTEXT() REPRESENTATION_CONTEXT('2D SPACE',''
  ) );
#4442 = PCURVE('',#1367,#4443);
#4443 = DEFINITIONAL_REPRESENTATION('',(#4444),#4448);
#4444 = LINE('',#4445,#4446);
#4445 = CARTESIAN_POINT('',(0.,1.));
#4446 = VECTOR('',#4447,1.);
#4447 = DIRECTION('',(1.,0.));
#4448 = ( GEOMETRIC_REPRESENTATION_CONTEXT(2) 
PARAMETRIC_REPRESENTATION_CONTEXT() REPRESENTATION_CONTEXT('2D SPACE',''
  ) );
#4449 = FACE_BOUND('',#4450,.F.);
#4450 = EDGE_LOOP('',(#4451));
#4451 = ORIENTED_EDGE('',*,*,#4452,.F.);
#4452 = EDGE_CURVE('',#4453,#4453,#4455,.T.);
#4453 = VERTEX_POINT('',#4454);
#4454 = CARTESIAN_POINT('',(91.7,20.,0.));
#4455 = SURFACE_CURVE('',#4456,(#4461,#4468),.PCURVE_S1.);
#4456 = CIRCLE('',#4457,1.7);
#4457 = AXIS2_PLACEMENT_3D('',#4458,#4459,#4460);
#4458 = CARTESIAN_POINT('',(90.,20.,0.));
#4459 = DIRECTION('',(0.,0.,1.));
#4460 = DIRECTION('',(1.,0.,-0.));
#4461 = PCURVE('',#72,#4462);
#4462 = DEFINITIONAL_REPRESENTATION('',(#4463),#4467);
#4463 = CIRCLE('',#4464,1.7);
#4464 = AXIS2_PLACEMENT_2D('',#4465,#4466);
#4465 = CARTESIAN_POINT('',(90.,20.));
#4466 = DIRECTION('',(1.,0.));
#4467 = ( GEOMETRIC_REPRESENTATION_CONTEXT(2) 
PARAMETRIC_REPRESENTATION_CONTEXT() REPRESENTATION_CONTEXT('2D SPACE',''
  ) );
#4468 = PCURVE('',#1398,#4469);
#4469 = DEFINITIONAL_REPRESENTATION('',(#4470),#4474);
#4470 = LINE('',#4471,#4472);
#4471 = CARTESIAN_POINT('',(0.,1.));
#4472 = VECTOR('',#4473,1.);
#4473 = DIRECTION('',(1.,0.));
#4474 = ( GEOMETRIC_REPRESENTATION_CONTEXT(2) 
PARAMETRIC_REPRESENTATION_CONTEXT() REPRESENTATION_CONTEXT('2D SPACE',''
  ) );
#4475 = FACE_BOUND('',#4476,.F.);
#4476 = EDGE_LOOP('',(#4477));
#4477 = ORIENTED_EDGE('',*,*,#4478,.F.);
#4478 = EDGE_CURVE('',#4479,#4479,#4481,.T.);
#4479 = VERTEX_POINT('',#4480);
#4480 = CARTESIAN_POINT('',(71.7,30.,0.));
#4481 = SURFACE_CURVE('',#4482,(#4487,#4494),.PCURVE_S1.);
#4482 = CIRCLE('',#4483,1.7);
#4483 = AXIS2_PLACEMENT_3D('',#4484,#4485,#4486);
#4484 = CARTESIAN_POINT('',(70.,30.,0.));
#4485 = DIRECTION('',(0.,0.,1.));
#4486 = DIRECTION('',(1.,0.,-0.));
#4487 = PCURVE('',#72,#4488);
#4488 = DEFINITIONAL_REPRESENTATION('',(#4489),#4493);
#4489 = CIRCLE('',#4490,1.7);
#4490 = AXIS2_PLACEMENT_2D('',#4491,#4492);
#4491 = CARTESIAN_POINT('',(70.,30.));
#4492 = DIRECTION('',(1.,0.));
#4493 = ( GEOMETRIC_REPRESENTATION_CONTEXT(2) 
PARAMETRIC_REPRESENTATION_CONTEXT() REPRESENTATION_CONTEXT('2D SPACE',''
  ) );
#4494 = PCURVE('',#1429,#4495);
#4495 = DEFINITIONAL_REPRESENTATION('',(#4496),#4500);
#4496 = LINE('',#4497,#4498);
#4497 = CARTESIAN_POINT('',(0.,1.));
#4498 = VECTOR('',#4499,1.);
#4499 = DIRECTION('',(1.,0.));
#4500 = ( GEOMETRIC_REPRESENTATION_CONTEXT(2) 
PARAMETRIC_REPRESENTATION_CONTEXT() REPRESENTATION_CONTEXT('2D SPACE',''
  ) );
#4501 = FACE_BOUND('',#4502,.F.);
#4502 = EDGE_LOOP('',(#4503));
#4503 = ORIENTED_EDGE('',*,*,#4504,.F.);
#4504 = EDGE_CURVE('',#4505,#4505,#4507,.T.);
#4505 = VERTEX_POINT('',#4506);
#4506 = CARTESIAN_POINT('',(81.7,30.,0.));
#4507 = SURFACE_CURVE('',#4508,(#4513,#4520),.PCURVE_S1.);
#4508 = CIRCLE('',#4509,1.7);
#4509 = AXIS2_PLACEMENT_3D('',#4510,#4511,#4512);
#4510 = CARTESIAN_POINT('',(80.,30.,0.));
#4511 = DIRECTION('',(0.,0.,1.));
#4512 = DIRECTION('',(1.,0.,-0.));
#4513 = PCURVE('',#72,#4514);
#4514 = DEFINITIONAL_REPRESENTATION('',(#4515),#4519);
#4515 = CIRCLE('',#4516,1.7);
#4516 = AXIS2_PLACEMENT_2D('',#4517,#4518);
#4517 = CARTESIAN_POINT('',(80.,30.));
#4518 = DIRECTION('',(1.,0.));
#4519 = ( GEOMETRIC_REPRESENTATION_CONTEXT(2) 
PARAMETRIC_REPRESENTATION_CONTEXT() REPRESENTATION_CONTEXT('2D SPACE',''
  ) );
#4520 = PCURVE('',#1460,#4521);
#4521 = DEFINITIONAL_REPRESENTATION('',(#4522),#4526);
#4522 = LINE('',#4523,#4524);
#4523 = CARTESIAN_POINT('',(0.,1.));
#4524 = VECTOR('',#4525,1.);
#4525 = DIRECTION('',(1.,0.));
#4526 = ( GEOMETRIC_REPRESENTATION_CONTEXT(2) 
PARAMETRIC_REPRESENTATION_CONTEXT() REPRESENTATION_CONTEXT('2D SPACE',''
  ) );
#4527 = FACE_BOUND('',#4528,.F.);
#4528 = EDGE_LOOP('',(#4529));
#4529 = ORIENTED_EDGE('',*,*,#4530,.F.);
#4530 = EDGE_CURVE('',#4531,#4531,#4533,.T.);
#4531 = VERTEX_POINT('',#4532);
#4532 = CARTESIAN_POINT('',(91.7,30.,0.));
#4533 = SURFACE_CURVE('',#4534,(#4539,#4546),.PCURVE_S1.);
#4534 = CIRCLE('',#4535,1.7);
#4535 = AXIS2_PLACEMENT_3D('',#4536,#4537,#4538);
#4536 = CARTESIAN_POINT('',(90.,30.,0.));
#4537 = DIRECTION('',(0.,0.,1.));
#4538 = DIRECTION('',(1.,0.,-0.));
#4539 = PCURVE('',#72,#4540);
#4540 = DEFINITIONAL_REPRESENTATION('',(#4541),#4545);
#4541 = CIRCLE('',#4542,1.7);
#4542 = AXIS2_PLACEMENT_2D('',#4543,#4544);
#4543 = CARTESIAN_POINT('',(90.,30.));
#4544 = DIRECTION('',(1.,0.));
#4545 = ( GEOMETRIC_REPRESENTATION_CONTEXT(2) 
PARAMETRIC_REPRESENTATION_CONTEXT() REPRESENTATION_CONTEXT('2D SPACE',''
  ) );
#4546 = PCURVE('',#1491,#4547);
#4547 = DEFINITIONAL_REPRESENTATION('',(#4548),#4552);
#4548 = LINE('',#4549,#4550);
#4549 = CARTESIAN_POINT('',(0.,1.));
#4550 = VECTOR('',#4551,1.);
#4551 = DIRECTION('',(1.,0.));
#4552 = ( GEOMETRIC_REPRESENTATION_CONTEXT(2) 
PARAMETRIC_REPRESENTATION_CONTEXT() REPRESENTATION_CONTEXT('2D SPACE',''
  ) );
#4553 = FACE_BOUND('',#4554,.F.);
#4554 = EDGE_LOOP('',(#4555));
#4555 = ORIENTED_EDGE('',*,*,#4556,.F.);
#4556 = EDGE_CURVE('',#4557,#4557,#4559,.T.);
#4557 = VERTEX_POINT('',#4558);
#4558 = CARTESIAN_POINT('',(101.7,10.,0.));
#4559 = SURFACE_CURVE('',#4560,(#4565,#4572),.PCURVE_S1.);
#4560 = CIRCLE('',#4561,1.7);
#4561 = AXIS2_PLACEMENT_3D('',#4562,#4563,#4564);
#4562 = CARTESIAN_POINT('',(100.,10.,0.));
#4563 = DIRECTION('',(0.,0.,1.));
#4564 = DIRECTION('',(1.,0.,-0.));
#4565 = PCURVE('',#72,#4566);
#4566 = DEFINITIONAL_REPRESENTATION('',(#4567),#4571);
#4567 = CIRCLE('',#4568,1.7);
#4568 = AXIS2_PLACEMENT_2D('',#4569,#4570);
#4569 = CARTESIAN_POINT('',(100.,10.));
#4570 = DIRECTION('',(1.,0.));
#4571 = ( GEOMETRIC_REPRESENTATION_CONTEXT(2) 
PARAMETRIC_REPRESENTATION_CONTEXT() REPRESENTATION_CONTEXT('2D SPACE',''
  ) );
#4572 = PCURVE('',#1522,#4573);
#4573 = DEFINITIONAL_REPRESENTATION('',(#4574),#4578);
#4574 = LINE('',#4575,#4576);
#4575 = CARTESIAN_POINT('',(0.,1.));
#4576 = VECTOR('',#4577,1.);
#4577 = DIRECTION('',(1.,0.));
#4578 = ( GEOMETRIC_REPRESENTATION_CONTEXT(2) 
PARAMETRIC_REPRESENTATION_CONTEXT() REPRESENTATION_CONTEXT('2D SPACE',''
  ) );
#4579 = FACE_BOUND('',#4580,.F.);
#4580 = EDGE_LOOP('',(#4581));
#4581 = ORIENTED_EDGE('',*,*,#4582,.F.);
#4582 = EDGE_CURVE('',#4583,#4583,#4585,.T.);
#4583 = VERTEX_POINT('',#4584);
#4584 = CARTESIAN_POINT('',(101.7,20.,0.));
#4585 = SURFACE_CURVE('',#4586,(#4591,#4598),.PCURVE_S1.);
#4586 = CIRCLE('',#4587,1.7);
#4587 = AXIS2_PLACEMENT_3D('',#4588,#4589,#4590);
#4588 = CARTESIAN_POINT('',(100.,20.,0.));
#4589 = DIRECTION('',(0.,0.,1.));
#4590 = DIRECTION('',(1.,0.,-0.));
#4591 = PCURVE('',#72,#4592);
#4592 = DEFINITIONAL_REPRESENTATION('',(#4593),#4597);
#4593 = CIRCLE('',#4594,1.7);
#4594 = AXIS2_PLACEMENT_2D('',#4595,#4596);
#4595 = CARTESIAN_POINT('',(100.,20.));
#4596 = DIRECTION('',(1.,0.));
#4597 = ( GEOMETRIC_REPRESENTATION_CONTEXT(2) 
PARAMETRIC_REPRESENTATION_CONTEXT() REPRESENTATION_CONTEXT('2D SPACE',''
  ) );
#4598 = PCURVE('',#1553,#4599);
#4599 = DEFINITIONAL_REPRESENTATION('',(#4600),#4604);
#4600 = LINE('',#4601,#4602);
#4601 = CARTESIAN_POINT('',(0.,1.));
#4602 = VECTOR('',#4603,1.);
#4603 = DIRECTION('',(1.,0.));
#4604 = ( GEOMETRIC_REPRESENTATION_CONTEXT(2) 
PARAMETRIC_REPRESENTATION_CONTEXT() REPRESENTATION_CONTEXT('2D SPACE',''
  ) );
#4605 = FACE_BOUND('',#4606,.F.);
#4606 = EDGE_LOOP('',(#4607));
#4607 = ORIENTED_EDGE('',*,*,#4608,.F.);
#4608 = EDGE_CURVE('',#4609,#4609,#4611,.T.);
#4609 = VERTEX_POINT('',#4610);
#4610 = CARTESIAN_POINT('',(111.7,10.,0.));
#4611 = SURFACE_CURVE('',#4612,(#4617,#4624),.PCURVE_S1.);
#4612 = CIRCLE('',#4613,1.7);
#4613 = AXIS2_PLACEMENT_3D('',#4614,#4615,#4616);
#4614 = CARTESIAN_POINT('',(110.,10.,0.));
#4615 = DIRECTION('',(0.,0.,1.));
#4616 = DIRECTION('',(1.,0.,-0.));
#4617 = PCURVE('',#72,#4618);
#4618 = DEFINITIONAL_REPRESENTATION('',(#4619),#4623);
#4619 = CIRCLE('',#4620,1.7);
#4620 = AXIS2_PLACEMENT_2D('',#4621,#4622);
#4621 = CARTESIAN_POINT('',(110.,10.));
#4622 = DIRECTION('',(1.,0.));
#4623 = ( GEOMETRIC_REPRESENTATION_CONTEXT(2) 
PARAMETRIC_REPRESENTATION_CONTEXT() REPRESENTATION_CONTEXT('2D SPACE',''
  ) );
#4624 = PCURVE('',#1584,#4625);
#4625 = DEFINITIONAL_REPRESENTATION('',(#4626),#4630);
#4626 = LINE('',#4627,#4628);
#4627 = CARTESIAN_POINT('',(0.,1.));
#4628 = VECTOR('',#4629,1.);
#4629 = DIRECTION('',(1.,0.));
#4630 = ( GEOMETRIC_REPRESENTATION_CONTEXT(2) 
PARAMETRIC_REPRESENTATION_CONTEXT() REPRESENTATION_CONTEXT('2D SPACE',''
  ) );
#4631 = FACE_BOUND('',#4632,.F.);
#4632 = EDGE_LOOP('',(#4633));
#4633 = ORIENTED_EDGE('',*,*,#4634,.F.);
#4634 = EDGE_CURVE('',#4635,#4635,#4637,.T.);
#4635 = VERTEX_POINT('',#4636);
#4636 = CARTESIAN_POINT('',(121.7,10.,0.));
#4637 = SURFACE_CURVE('',#4638,(#4643,#4650),.PCURVE_S1.);
#4638 = CIRCLE('',#4639,1.7);
#4639 = AXIS2_PLACEMENT_3D('',#4640,#4641,#4642);
#4640 = CARTESIAN_POINT('',(120.,10.,0.));
#4641 = DIRECTION('',(0.,0.,1.));
#4642 = DIRECTION('',(1.,0.,-0.));
#4643 = PCURVE('',#72,#4644);
#4644 = DEFINITIONAL_REPRESENTATION('',(#4645),#4649);
#4645 = CIRCLE('',#4646,1.7);
#4646 = AXIS2_PLACEMENT_2D('',#4647,#4648);
#4647 = CARTESIAN_POINT('',(120.,10.));
#4648 = DIRECTION('',(1.,0.));
#4649 = ( GEOMETRIC_REPRESENTATION_CONTEXT(2) 
PARAMETRIC_REPRESENTATION_CONTEXT() REPRESENTATION_CONTEXT('2D SPACE',''
  ) );
#4650 = PCURVE('',#1615,#4651);
#4651 = DEFINITIONAL_REPRESENTATION('',(#4652),#4656);
#4652 = LINE('',#4653,#4654);
#4653 = CARTESIAN_POINT('',(0.,1.));
#4654 = VECTOR('',#4655,1.);
#4655 = DIRECTION('',(1.,0.));
#4656 = ( GEOMETRIC_REPRESENTATION_CONTEXT(2) 
PARAMETRIC_REPRESENTATION_CONTEXT() REPRESENTATION_CONTEXT('2D SPACE',''
  ) );
#4657 = FACE_BOUND('',#4658,.F.);
#4658 = EDGE_LOOP('',(#4659));
#4659 = ORIENTED_EDGE('',*,*,#4660,.F.);
#4660 = EDGE_CURVE('',#4661,#4661,#4663,.T.);
#4661 = VERTEX_POINT('',#4662);
#4662 = CARTESIAN_POINT('',(111.7,20.,0.));
#4663 = SURFACE_CURVE('',#4664,(#4669,#4676),.PCURVE_S1.);
#4664 = CIRCLE('',#4665,1.7);
#4665 = AXIS2_PLACEMENT_3D('',#4666,#4667,#4668);
#4666 = CARTESIAN_POINT('',(110.,20.,0.));
#4667 = DIRECTION('',(0.,0.,1.));
#4668 = DIRECTION('',(1.,0.,-0.));
#4669 = PCURVE('',#72,#4670);
#4670 = DEFINITIONAL_REPRESENTATION('',(#4671),#4675);
#4671 = CIRCLE('',#4672,1.7);
#4672 = AXIS2_PLACEMENT_2D('',#4673,#4674);
#4673 = CARTESIAN_POINT('',(110.,20.));
#4674 = DIRECTION('',(1.,0.));
#4675 = ( GEOMETRIC_REPRESENTATION_CONTEXT(2) 
PARAMETRIC_REPRESENTATION_CONTEXT() REPRESENTATION_CONTEXT('2D SPACE',''
  ) );
#4676 = PCURVE('',#1646,#4677);
#4677 = DEFINITIONAL_REPRESENTATION('',(#4678),#4682);
#4678 = LINE('',#4679,#4680);
#4679 = CARTESIAN_POINT('',(0.,1.));
#4680 = VECTOR('',#4681,1.);
#4681 = DIRECTION('',(1.,0.));
#4682 = ( GEOMETRIC_REPRESENTATION_CONTEXT(2) 
PARAMETRIC_REPRESENTATION_CONTEXT() REPRESENTATION_CONTEXT('2D SPACE',''
  ) );
#4683 = FACE_BOUND('',#4684,.F.);
#4684 = EDGE_LOOP('',(#4685));
#4685 = ORIENTED_EDGE('',*,*,#4686,.F.);
#4686 = EDGE_CURVE('',#4687,#4687,#4689,.T.);
#4687 = VERTEX_POINT('',#4688);
#4688 = CARTESIAN_POINT('',(121.7,20.,0.));
#4689 = SURFACE_CURVE('',#4690,(#4695,#4702),.PCURVE_S1.);
#4690 = CIRCLE('',#4691,1.7);
#4691 = AXIS2_PLACEMENT_3D('',#4692,#4693,#4694);
#4692 = CARTESIAN_POINT('',(120.,20.,0.));
#4693 = DIRECTION('',(0.,0.,1.));
#4694 = DIRECTION('',(1.,0.,-0.));
#4695 = PCURVE('',#72,#4696);
#4696 = DEFINITIONAL_REPRESENTATION('',(#4697),#4701);
#4697 = CIRCLE('',#4698,1.7);
#4698 = AXIS2_PLACEMENT_2D('',#4699,#4700);
#4699 = CARTESIAN_POINT('',(120.,20.));
#4700 = DIRECTION('',(1.,0.));
#4701 = ( GEOMETRIC_REPRESENTATION_CONTEXT(2) 
PARAMETRIC_REPRESENTATION_CONTEXT() REPRESENTATION_CONTEXT('2D SPACE',''
  ) );
#4702 = PCURVE('',#1677,#4703);
#4703 = DEFINITIONAL_REPRESENTATION('',(#4704),#4708);
#4704 = LINE('',#4705,#4706);
#4705 = CARTESIAN_POINT('',(0.,1.));
#4706 = VECTOR('',#4707,1.);
#4707 = DIRECTION('',(1.,0.));
#4708 = ( GEOMETRIC_REPRESENTATION_CONTEXT(2) 
PARAMETRIC_REPRESENTATION_CONTEXT() REPRESENTATION_CONTEXT('2D SPACE',''
  ) );
#4709 = FACE_BOUND('',#4710,.F.);
#4710 = EDGE_LOOP('',(#4711));
#4711 = ORIENTED_EDGE('',*,*,#4712,.F.);
#4712 = EDGE_CURVE('',#4713,#4713,#4715,.T.);
#4713 = VERTEX_POINT('',#4714);
#4714 = CARTESIAN_POINT('',(101.7,30.,0.));
#4715 = SURFACE_CURVE('',#4716,(#4721,#4728),.PCURVE_S1.);
#4716 = CIRCLE('',#4717,1.7);
#4717 = AXIS2_PLACEMENT_3D('',#4718,#4719,#4720);
#4718 = CARTESIAN_POINT('',(100.,30.,0.));
#4719 = DIRECTION('',(0.,0.,1.));
#4720 = DIRECTION('',(1.,0.,-0.));
#4721 = PCURVE('',#72,#4722);
#4722 = DEFINITIONAL_REPRESENTATION('',(#4723),#4727);
#4723 = CIRCLE('',#4724,1.7);
#4724 = AXIS2_PLACEMENT_2D('',#4725,#4726);
#4725 = CARTESIAN_POINT('',(100.,30.));
#4726 = DIRECTION('',(1.,0.));
#4727 = ( GEOMETRIC_REPRESENTATION_CONTEXT(2) 
PARAMETRIC_REPRESENTATION_CONTEXT() REPRESENTATION_CONTEXT('2D SPACE',''
  ) );
#4728 = PCURVE('',#1708,#4729);
#4729 = DEFINITIONAL_REPRESENTATION('',(#4730),#4734);
#4730 = LINE('',#4731,#4732);
#4731 = CARTESIAN_POINT('',(0.,1.));
#4732 = VECTOR('',#4733,1.);
#4733 = DIRECTION('',(1.,0.));
#4734 = ( GEOMETRIC_REPRESENTATION_CONTEXT(2) 
PARAMETRIC_REPRESENTATION_CONTEXT() REPRESENTATION_CONTEXT('2D SPACE',''
  ) );
#4735 = FACE_BOUND('',#4736,.F.);
#4736 = EDGE_LOOP('',(#4737));
#4737 = ORIENTED_EDGE('',*,*,#4738,.F.);
#4738 = EDGE_CURVE('',#4739,#4739,#4741,.T.);
#4739 = VERTEX_POINT('',#4740);
#4740 = CARTESIAN_POINT('',(111.7,30.,0.));
#4741 = SURFACE_CURVE('',#4742,(#4747,#4754),.PCURVE_S1.);
#4742 = CIRCLE('',#4743,1.7);
#4743 = AXIS2_PLACEMENT_3D('',#4744,#4745,#4746);
#4744 = CARTESIAN_POINT('',(110.,30.,0.));
#4745 = DIRECTION('',(0.,0.,1.));
#4746 = DIRECTION('',(1.,0.,-0.));
#4747 = PCURVE('',#72,#4748);
#4748 = DEFINITIONAL_REPRESENTATION('',(#4749),#4753);
#4749 = CIRCLE('',#4750,1.7);
#4750 = AXIS2_PLACEMENT_2D('',#4751,#4752);
#4751 = CARTESIAN_POINT('',(110.,30.));
#4752 = DIRECTION('',(1.,0.));
#4753 = ( GEOMETRIC_REPRESENTATION_CONTEXT(2) 
PARAMETRIC_REPRESENTATION_CONTEXT() REPRESENTATION_CONTEXT('2D SPACE',''
  ) );
#4754 = PCURVE('',#1739,#4755);
#4755 = DEFINITIONAL_REPRESENTATION('',(#4756),#4760);
#4756 = LINE('',#4757,#4758);
#4757 = CARTESIAN_POINT('',(0.,1.));
#4758 = VECTOR('',#4759,1.);
#4759 = DIRECTION('',(1.,0.));
#4760 = ( GEOMETRIC_REPRESENTATION_CONTEXT(2) 
PARAMETRIC_REPRESENTATION_CONTEXT() REPRESENTATION_CONTEXT('2D SPACE',''
  ) );
#4761 = FACE_BOUND('',#4762,.F.);
#4762 = EDGE_LOOP('',(#4763));
#4763 = ORIENTED_EDGE('',*,*,#4764,.F.);
#4764 = EDGE_CURVE('',#4765,#4765,#4767,.T.);
#4765 = VERTEX_POINT('',#4766);
#4766 = CARTESIAN_POINT('',(121.7,30.,0.));
#4767 = SURFACE_CURVE('',#4768,(#4773,#4780),.PCURVE_S1.);
#4768 = CIRCLE('',#4769,1.7);
#4769 = AXIS2_PLACEMENT_3D('',#4770,#4771,#4772);
#4770 = CARTESIAN_POINT('',(120.,30.,0.));
#4771 = DIRECTION('',(0.,0.,1.));
#4772 = DIRECTION('',(1.,0.,-0.));
#4773 = PCURVE('',#72,#4774);
#4774 = DEFINITIONAL_REPRESENTATION('',(#4775),#4779);
#4775 = CIRCLE('',#4776,1.7);
#4776 = AXIS2_PLACEMENT_2D('',#4777,#4778);
#4777 = CARTESIAN_POINT('',(120.,30.));
#4778 = DIRECTION('',(1.,0.));
#4779 = ( GEOMETRIC_REPRESENTATION_CONTEXT(2) 
PARAMETRIC_REPRESENTATION_CONTEXT() REPRESENTATION_CONTEXT('2D SPACE',''
  ) );
#4780 = PCURVE('',#1770,#4781);
#4781 = DEFINITIONAL_REPRESENTATION('',(#4782),#4786);
#4782 = LINE('',#4783,#4784);
#4783 = CARTESIAN_POINT('',(0.,1.));
#4784 = VECTOR('',#4785,1.);
#4785 = DIRECTION('',(1.,0.));
#4786 = ( GEOMETRIC_REPRESENTATION_CONTEXT(2) 
PARAMETRIC_REPRESENTATION_CONTEXT() REPRESENTATION_CONTEXT('2D SPACE',''
  ) );
#4787 = FACE_BOUND('',#4788,.F.);
#4788 = EDGE_LOOP('',(#4789));
#4789 = ORIENTED_EDGE('',*,*,#4790,.F.);
#4790 = EDGE_CURVE('',#4791,#4791,#4793,.T.);
#4791 = VERTEX_POINT('',#4792);
#4792 = CARTESIAN_POINT('',(71.7,40.,0.));
#4793 = SURFACE_CURVE('',#4794,(#4799,#4806),.PCURVE_S1.);
#4794 = CIRCLE('',#4795,1.7);
#4795 = AXIS2_PLACEMENT_3D('',#4796,#4797,#4798);
#4796 = CARTESIAN_POINT('',(70.,40.,0.));
#4797 = DIRECTION('',(0.,0.,1.));
#4798 = DIRECTION('',(1.,0.,-0.));
#4799 = PCURVE('',#72,#4800);
#4800 = DEFINITIONAL_REPRESENTATION('',(#4801),#4805);
#4801 = CIRCLE('',#4802,1.7);
#4802 = AXIS2_PLACEMENT_2D('',#4803,#4804);
#4803 = CARTESIAN_POINT('',(70.,40.));
#4804 = DIRECTION('',(1.,0.));
#4805 = ( GEOMETRIC_REPRESENTATION_CONTEXT(2) 
PARAMETRIC_REPRESENTATION_CONTEXT() REPRESENTATION_CONTEXT('2D SPACE',''
  ) );
#4806 = PCURVE('',#1801,#4807);
#4807 = DEFINITIONAL_REPRESENTATION('',(#4808),#4812);
#4808 = LINE('',#4809,#4810);
#4809 = CARTESIAN_POINT('',(0.,1.));
#4810 = VECTOR('',#4811,1.);
#4811 = DIRECTION('',(1.,0.));
#4812 = ( GEOMETRIC_REPRESENTATION_CONTEXT(2) 
PARAMETRIC_REPRESENTATION_CONTEXT() REPRESENTATION_CONTEXT('2D SPACE',''
  ) );
#4813 = FACE_BOUND('',#4814,.F.);
#4814 = EDGE_LOOP('',(#4815));
#4815 = ORIENTED_EDGE('',*,*,#4816,.F.);
#4816 = EDGE_CURVE('',#4817,#4817,#4819,.T.);
#4817 = VERTEX_POINT('',#4818);
#4818 = CARTESIAN_POINT('',(71.7,50.,0.));
#4819 = SURFACE_CURVE('',#4820,(#4825,#4832),.PCURVE_S1.);
#4820 = CIRCLE('',#4821,1.7);
#4821 = AXIS2_PLACEMENT_3D('',#4822,#4823,#4824);
#4822 = CARTESIAN_POINT('',(70.,50.,0.));
#4823 = DIRECTION('',(0.,0.,1.));
#4824 = DIRECTION('',(1.,0.,-0.));
#4825 = PCURVE('',#72,#4826);
#4826 = DEFINITIONAL_REPRESENTATION('',(#4827),#4831);
#4827 = CIRCLE('',#4828,1.7);
#4828 = AXIS2_PLACEMENT_2D('',#4829,#4830);
#4829 = CARTESIAN_POINT('',(70.,50.));
#4830 = DIRECTION('',(1.,0.));
#4831 = ( GEOMETRIC_REPRESENTATION_CONTEXT(2) 
PARAMETRIC_REPRESENTATION_CONTEXT() REPRESENTATION_CONTEXT('2D SPACE',''
  ) );
#4832 = PCURVE('',#1832,#4833);
#4833 = DEFINITIONAL_REPRESENTATION('',(#4834),#4838);
#4834 = LINE('',#4835,#4836);
#4835 = CARTESIAN_POINT('',(0.,1.));
#4836 = VECTOR('',#4837,1.);
#4837 = DIRECTION('',(1.,0.));
#4838 = ( GEOMETRIC_REPRESENTATION_CONTEXT(2) 
PARAMETRIC_REPRESENTATION_CONTEXT() REPRESENTATION_CONTEXT('2D SPACE',''
  ) );
#4839 = FACE_BOUND('',#4840,.F.);
#4840 = EDGE_LOOP('',(#4841));
#4841 = ORIENTED_EDGE('',*,*,#4842,.F.);
#4842 = EDGE_CURVE('',#4843,#4843,#4845,.T.);
#4843 = VERTEX_POINT('',#4844);
#4844 = CARTESIAN_POINT('',(81.7,40.,0.));
#4845 = SURFACE_CURVE('',#4846,(#4851,#4858),.PCURVE_S1.);
#4846 = CIRCLE('',#4847,1.7);
#4847 = AXIS2_PLACEMENT_3D('',#4848,#4849,#4850);
#4848 = CARTESIAN_POINT('',(80.,40.,0.));
#4849 = DIRECTION('',(0.,0.,1.));
#4850 = DIRECTION('',(1.,0.,-0.));
#4851 = PCURVE('',#72,#4852);
#4852 = DEFINITIONAL_REPRESENTATION('',(#4853),#4857);
#4853 = CIRCLE('',#4854,1.7);
#4854 = AXIS2_PLACEMENT_2D('',#4855,#4856);
#4855 = CARTESIAN_POINT('',(80.,40.));
#4856 = DIRECTION('',(1.,0.));
#4857 = ( GEOMETRIC_REPRESENTATION_CONTEXT(2) 
PARAMETRIC_REPRESENTATION_CONTEXT() REPRESENTATION_CONTEXT('2D SPACE',''
  ) );
#4858 = PCURVE('',#1863,#4859);
#4859 = DEFINITIONAL_REPRESENTATION('',(#4860),#4864);
#4860 = LINE('',#4861,#4862);
#4861 = CARTESIAN_POINT('',(0.,1.));
#4862 = VECTOR('',#4863,1.);
#4863 = DIRECTION('',(1.,0.));
#4864 = ( GEOMETRIC_REPRESENTATION_CONTEXT(2) 
PARAMETRIC_REPRESENTATION_CONTEXT() REPRESENTATION_CONTEXT('2D SPACE',''
  ) );
#4865 = FACE_BOUND('',#4866,.F.);
#4866 = EDGE_LOOP('',(#4867));
#4867 = ORIENTED_EDGE('',*,*,#4868,.F.);
#4868 = EDGE_CURVE('',#4869,#4869,#4871,.T.);
#4869 = VERTEX_POINT('',#4870);
#4870 = CARTESIAN_POINT('',(91.7,40.,0.));
#4871 = SURFACE_CURVE('',#4872,(#4877,#4884),.PCURVE_S1.);
#4872 = CIRCLE('',#4873,1.7);
#4873 = AXIS2_PLACEMENT_3D('',#4874,#4875,#4876);
#4874 = CARTESIAN_POINT('',(90.,40.,0.));
#4875 = DIRECTION('',(0.,0.,1.));
#4876 = DIRECTION('',(1.,0.,-0.));
#4877 = PCURVE('',#72,#4878);
#4878 = DEFINITIONAL_REPRESENTATION('',(#4879),#4883);
#4879 = CIRCLE('',#4880,1.7);
#4880 = AXIS2_PLACEMENT_2D('',#4881,#4882);
#4881 = CARTESIAN_POINT('',(90.,40.));
#4882 = DIRECTION('',(1.,0.));
#4883 = ( GEOMETRIC_REPRESENTATION_CONTEXT(2) 
PARAMETRIC_REPRESENTATION_CONTEXT() REPRESENTATION_CONTEXT('2D SPACE',''
  ) );
#4884 = PCURVE('',#1894,#4885);
#4885 = DEFINITIONAL_REPRESENTATION('',(#4886),#4890);
#4886 = LINE('',#4887,#4888);
#4887 = CARTESIAN_POINT('',(0.,1.));
#4888 = VECTOR('',#4889,1.);
#4889 = DIRECTION('',(1.,0.));
#4890 = ( GEOMETRIC_REPRESENTATION_CONTEXT(2) 
PARAMETRIC_REPRESENTATION_CONTEXT() REPRESENTATION_CONTEXT('2D SPACE',''
  ) );
#4891 = FACE_BOUND('',#4892,.F.);
#4892 = EDGE_LOOP('',(#4893));
#4893 = ORIENTED_EDGE('',*,*,#4894,.F.);
#4894 = EDGE_CURVE('',#4895,#4895,#4897,.T.);
#4895 = VERTEX_POINT('',#4896);
#4896 = CARTESIAN_POINT('',(81.7,50.,0.));
#4897 = SURFACE_CURVE('',#4898,(#4903,#4910),.PCURVE_S1.);
#4898 = CIRCLE('',#4899,1.7);
#4899 = AXIS2_PLACEMENT_3D('',#4900,#4901,#4902);
#4900 = CARTESIAN_POINT('',(80.,50.,0.));
#4901 = DIRECTION('',(0.,0.,1.));
#4902 = DIRECTION('',(1.,0.,-0.));
#4903 = PCURVE('',#72,#4904);
#4904 = DEFINITIONAL_REPRESENTATION('',(#4905),#4909);
#4905 = CIRCLE('',#4906,1.7);
#4906 = AXIS2_PLACEMENT_2D('',#4907,#4908);
#4907 = CARTESIAN_POINT('',(80.,50.));
#4908 = DIRECTION('',(1.,0.));
#4909 = ( GEOMETRIC_REPRESENTATION_CONTEXT(2) 
PARAMETRIC_REPRESENTATION_CONTEXT() REPRESENTATION_CONTEXT('2D SPACE',''
  ) );
#4910 = PCURVE('',#1925,#4911);
#4911 = DEFINITIONAL_REPRESENTATION('',(#4912),#4916);
#4912 = LINE('',#4913,#4914);
#4913 = CARTESIAN_POINT('',(0.,1.));
#4914 = VECTOR('',#4915,1.);
#4915 = DIRECTION('',(1.,0.));
#4916 = ( GEOMETRIC_REPRESENTATION_CONTEXT(2) 
PARAMETRIC_REPRESENTATION_CONTEXT() REPRESENTATION_CONTEXT('2D SPACE',''
  ) );
#4917 = FACE_BOUND('',#4918,.F.);
#4918 = EDGE_LOOP('',(#4919));
#4919 = ORIENTED_EDGE('',*,*,#4920,.F.);
#4920 = EDGE_CURVE('',#4921,#4921,#4923,.T.);
#4921 = VERTEX_POINT('',#4922);
#4922 = CARTESIAN_POINT('',(91.7,50.,0.));
#4923 = SURFACE_CURVE('',#4924,(#4929,#4936),.PCURVE_S1.);
#4924 = CIRCLE('',#4925,1.7);
#4925 = AXIS2_PLACEMENT_3D('',#4926,#4927,#4928);
#4926 = CARTESIAN_POINT('',(90.,50.,0.));
#4927 = DIRECTION('',(0.,0.,1.));
#4928 = DIRECTION('',(1.,0.,-0.));
#4929 = PCURVE('',#72,#4930);
#4930 = DEFINITIONAL_REPRESENTATION('',(#4931),#4935);
#4931 = CIRCLE('',#4932,1.7);
#4932 = AXIS2_PLACEMENT_2D('',#4933,#4934);
#4933 = CARTESIAN_POINT('',(90.,50.));
#4934 = DIRECTION('',(1.,0.));
#4935 = ( GEOMETRIC_REPRESENTATION_CONTEXT(2) 
PARAMETRIC_REPRESENTATION_CONTEXT() REPRESENTATION_CONTEXT('2D SPACE',''
  ) );
#4936 = PCURVE('',#1956,#4937);
#4937 = DEFINITIONAL_REPRESENTATION('',(#4938),#4942);
#4938 = LINE('',#4939,#4940);
#4939 = CARTESIAN_POINT('',(0.,1.));
#4940 = VECTOR('',#4941,1.);
#4941 = DIRECTION('',(1.,0.));
#4942 = ( GEOMETRIC_REPRESENTATION_CONTEXT(2) 
PARAMETRIC_REPRESENTATION_CONTEXT() REPRESENTATION_CONTEXT('2D SPACE',''
  ) );
#4943 = FACE_BOUND('',#4944,.F.);
#4944 = EDGE_LOOP('',(#4945));
#4945 = ORIENTED_EDGE('',*,*,#4946,.F.);
#4946 = EDGE_CURVE('',#4947,#4947,#4949,.T.);
#4947 = VERTEX_POINT('',#4948);
#4948 = CARTESIAN_POINT('',(101.7,40.,0.));
#4949 = SURFACE_CURVE('',#4950,(#4955,#4962),.PCURVE_S1.);
#4950 = CIRCLE('',#4951,1.7);
#4951 = AXIS2_PLACEMENT_3D('',#4952,#4953,#4954);
#4952 = CARTESIAN_POINT('',(100.,40.,0.));
#4953 = DIRECTION('',(0.,0.,1.));
#4954 = DIRECTION('',(1.,0.,-0.));
#4955 = PCURVE('',#72,#4956);
#4956 = DEFINITIONAL_REPRESENTATION('',(#4957),#4961);
#4957 = CIRCLE('',#4958,1.7);
#4958 = AXIS2_PLACEMENT_2D('',#4959,#4960);
#4959 = CARTESIAN_POINT('',(100.,40.));
#4960 = DIRECTION('',(1.,0.));
#4961 = ( GEOMETRIC_REPRESENTATION_CONTEXT(2) 
PARAMETRIC_REPRESENTATION_CONTEXT() REPRESENTATION_CONTEXT('2D SPACE',''
  ) );
#4962 = PCURVE('',#1987,#4963);
#4963 = DEFINITIONAL_REPRESENTATION('',(#4964),#4968);
#4964 = LINE('',#4965,#4966);
#4965 = CARTESIAN_POINT('',(0.,1.));
#4966 = VECTOR('',#4967,1.);
#4967 = DIRECTION('',(1.,0.));
#4968 = ( GEOMETRIC_REPRESENTATION_CONTEXT(2) 
PARAMETRIC_REPRESENTATION_CONTEXT() REPRESENTATION_CONTEXT('2D SPACE',''
  ) );
#4969 = FACE_BOUND('',#4970,.F.);
#4970 = EDGE_LOOP('',(#4971));
#4971 = ORIENTED_EDGE('',*,*,#4972,.F.);
#4972 = EDGE_CURVE('',#4973,#4973,#4975,.T.);
#4973 = VERTEX_POINT('',#4974);
#4974 = CARTESIAN_POINT('',(101.7,50.,0.));
#4975 = SURFACE_CURVE('',#4976,(#4981,#4988),.PCURVE_S1.);
#4976 = CIRCLE('',#4977,1.7);
#4977 = AXIS2_PLACEMENT_3D('',#4978,#4979,#4980);
#4978 = CARTESIAN_POINT('',(100.,50.,0.));
#4979 = DIRECTION('',(0.,0.,1.));
#4980 = DIRECTION('',(1.,0.,-0.));
#4981 = PCURVE('',#72,#4982);
#4982 = DEFINITIONAL_REPRESENTATION('',(#4983),#4987);
#4983 = CIRCLE('',#4984,1.7);
#4984 = AXIS2_PLACEMENT_2D('',#4985,#4986);
#4985 = CARTESIAN_POINT('',(100.,50.));
#4986 = DIRECTION('',(1.,0.));
#4987 = ( GEOMETRIC_REPRESENTATION_CONTEXT(2) 
PARAMETRIC_REPRESENTATION_CONTEXT() REPRESENTATION_CONTEXT('2D SPACE',''
  ) );
#4988 = PCURVE('',#2018,#4989);
#4989 = DEFINITIONAL_REPRESENTATION('',(#4990),#4994);
#4990 = LINE('',#4991,#4992);
#4991 = CARTESIAN_POINT('',(0.,1.));
#4992 = VECTOR('',#4993,1.);
#4993 = DIRECTION('',(1.,0.));
#4994 = ( GEOMETRIC_REPRESENTATION_CONTEXT(2) 
PARAMETRIC_REPRESENTATION_CONTEXT() REPRESENTATION_CONTEXT('2D SPACE',''
  ) );
#4995 = FACE_BOUND('',#4996,.F.);
#4996 = EDGE_LOOP('',(#4997));
#4997 = ORIENTED_EDGE('',*,*,#4998,.F.);
#4998 = EDGE_CURVE('',#4999,#4999,#5001,.T.);
#4999 = VERTEX_POINT('',#5000);
#5000 = CARTESIAN_POINT('',(111.7,40.,0.));
#5001 = SURFACE_CURVE('',#5002,(#5007,#5014),.PCURVE_S1.);
#5002 = CIRCLE('',#5003,1.7);
#5003 = AXIS2_PLACEMENT_3D('',#5004,#5005,#5006);
#5004 = CARTESIAN_POINT('',(110.,40.,0.));
#5005 = DIRECTION('',(0.,0.,1.));
#5006 = DIRECTION('',(1.,0.,-0.));
#5007 = PCURVE('',#72,#5008);
#5008 = DEFINITIONAL_REPRESENTATION('',(#5009),#5013);
#5009 = CIRCLE('',#5010,1.7);
#5010 = AXIS2_PLACEMENT_2D('',#5011,#5012);
#5011 = CARTESIAN_POINT('',(110.,40.));
#5012 = DIRECTION('',(1.,0.));
#5013 = ( GEOMETRIC_REPRESENTATION_CONTEXT(2) 
PARAMETRIC_REPRESENTATION_CONTEXT() REPRESENTATION_CONTEXT('2D SPACE',''
  ) );
#5014 = PCURVE('',#2049,#5015);
#5015 = DEFINITIONAL_REPRESENTATION('',(#5016),#5020);
#5016 = LINE('',#5017,#5018);
#5017 = CARTESIAN_POINT('',(0.,1.));
#5018 = VECTOR('',#5019,1.);
#5019 = DIRECTION('',(1.,0.));
#5020 = ( GEOMETRIC_REPRESENTATION_CONTEXT(2) 
PARAMETRIC_REPRESENTATION_CONTEXT() REPRESENTATION_CONTEXT('2D SPACE',''
  ) );
#5021 = FACE_BOUND('',#5022,.F.);
#5022 = EDGE_LOOP('',(#5023));
#5023 = ORIENTED_EDGE('',*,*,#5024,.F.);
#5024 = EDGE_CURVE('',#5025,#5025,#5027,.T.);
#5025 = VERTEX_POINT('',#5026);
#5026 = CARTESIAN_POINT('',(121.7,40.,0.));
#5027 = SURFACE_CURVE('',#5028,(#5033,#5040),.PCURVE_S1.);
#5028 = CIRCLE('',#5029,1.7);
#5029 = AXIS2_PLACEMENT_3D('',#5030,#5031,#5032);
#5030 = CARTESIAN_POINT('',(120.,40.,0.));
#5031 = DIRECTION('',(0.,0.,1.));
#5032 = DIRECTION('',(1.,0.,-0.));
#5033 = PCURVE('',#72,#5034);
#5034 = DEFINITIONAL_REPRESENTATION('',(#5035),#5039);
#5035 = CIRCLE('',#5036,1.7);
#5036 = AXIS2_PLACEMENT_2D('',#5037,#5038);
#5037 = CARTESIAN_POINT('',(120.,40.));
#5038 = DIRECTION('',(1.,0.));
#5039 = ( GEOMETRIC_REPRESENTATION_CONTEXT(2) 
PARAMETRIC_REPRESENTATION_CONTEXT() REPRESENTATION_CONTEXT('2D SPACE',''
  ) );
#5040 = PCURVE('',#2080,#5041);
#5041 = DEFINITIONAL_REPRESENTATION('',(#5042),#5046);
#5042 = LINE('',#5043,#5044);
#5043 = CARTESIAN_POINT('',(0.,1.));
#5044 = VECTOR('',#5045,1.);
#5045 = DIRECTION('',(1.,0.));
#5046 = ( GEOMETRIC_REPRESENTATION_CONTEXT(2) 
PARAMETRIC_REPRESENTATION_CONTEXT() REPRESENTATION_CONTEXT('2D SPACE',''
  ) );
#5047 = FACE_BOUND('',#5048,.F.);
#5048 = EDGE_LOOP('',(#5049));
#5049 = ORIENTED_EDGE('',*,*,#5050,.F.);
#5050 = EDGE_CURVE('',#5051,#5051,#5053,.T.);
#5051 = VERTEX_POINT('',#5052);
#5052 = CARTESIAN_POINT('',(111.7,50.,0.));
#5053 = SURFACE_CURVE('',#5054,(#5059,#5066),.PCURVE_S1.);
#5054 = CIRCLE('',#5055,1.7);
#5055 = AXIS2_PLACEMENT_3D('',#5056,#5057,#5058);
#5056 = CARTESIAN_POINT('',(110.,50.,0.));
#5057 = DIRECTION('',(0.,0.,1.));
#5058 = DIRECTION('',(1.,0.,-0.));
#5059 = PCURVE('',#72,#5060);
#5060 = DEFINITIONAL_REPRESENTATION('',(#5061),#5065);
#5061 = CIRCLE('',#5062,1.7);
#5062 = AXIS2_PLACEMENT_2D('',#5063,#5064);
#5063 = CARTESIAN_POINT('',(110.,50.));
#5064 = DIRECTION('',(1.,0.));
#5065 = ( GEOMETRIC_REPRESENTATION_CONTEXT(2) 
PARAMETRIC_REPRESENTATION_CONTEXT() REPRESENTATION_CONTEXT('2D SPACE',''
  ) );
#5066 = PCURVE('',#2111,#5067);
#5067 = DEFINITIONAL_REPRESENTATION('',(#5068),#5072);
#5068 = LINE('',#5069,#5070);
#5069 = CARTESIAN_POINT('',(0.,1.));
#5070 = VECTOR('',#5071,1.);
#5071 = DIRECTION('',(1.,0.));
#5072 = ( GEOMETRIC_REPRESENTATION_CONTEXT(2) 
PARAMETRIC_REPRESENTATION_CONTEXT() REPRESENTATION_CONTEXT('2D SPACE',''
  ) );
#5073 = FACE_BOUND('',#5074,.F.);
#5074 = EDGE_LOOP('',(#5075));
#5075 = ORIENTED_EDGE('',*,*,#5076,.F.);
#5076 = EDGE_CURVE('',#5077,#5077,#5079,.T.);
#5077 = VERTEX_POINT('',#5078);
#5078 = CARTESIAN_POINT('',(121.7,50.,0.));
#5079 = SURFACE_CURVE('',#5080,(#5085,#5092),.PCURVE_S1.);
#5080 = CIRCLE('',#5081,1.7);
#5081 = AXIS2_PLACEMENT_3D('',#5082,#5083,#5084);
#5082 = CARTESIAN_POINT('',(120.,50.,0.));
#5083 = DIRECTION('',(0.,0.,1.));
#5084 = DIRECTION('',(1.,0.,-0.));
#5085 = PCURVE('',#72,#5086);
#5086 = DEFINITIONAL_REPRESENTATION('',(#5087),#5091);
#5087 = CIRCLE('',#5088,1.7);
#5088 = AXIS2_PLACEMENT_2D('',#5089,#5090);
#5089 = CARTESIAN_POINT('',(120.,50.));
#5090 = DIRECTION('',(1.,0.));
#5091 = ( GEOMETRIC_REPRESENTATION_CONTEXT(2) 
PARAMETRIC_REPRESENTATION_CONTEXT() REPRESENTATION_CONTEXT('2D SPACE',''
  ) );
#5092 = PCURVE('',#2142,#5093);
#5093 = DEFINITIONAL_REPRESENTATION('',(#5094),#5098);
#5094 = LINE('',#5095,#5096);
#5095 = CARTESIAN_POINT('',(0.,1.));
#5096 = VECTOR('',#5097,1.);
#5097 = DIRECTION('',(1.,0.));
#5098 = ( GEOMETRIC_REPRESENTATION_CONTEXT(2) 
PARAMETRIC_REPRESENTATION_CONTEXT() REPRESENTATION_CONTEXT('2D SPACE',''
  ) );
#5099 = FACE_BOUND('',#5100,.F.);
#5100 = EDGE_LOOP('',(#5101));
#5101 = ORIENTED_EDGE('',*,*,#5102,.F.);
#5102 = EDGE_CURVE('',#5103,#5103,#5105,.T.);
#5103 = VERTEX_POINT('',#5104);
#5104 = CARTESIAN_POINT('',(101.7,60.,0.));
#5105 = SURFACE_CURVE('',#5106,(#5111,#5118),.PCURVE_S1.);
#5106 = CIRCLE('',#5107,1.7);
#5107 = AXIS2_PLACEMENT_3D('',#5108,#5109,#5110);
#5108 = CARTESIAN_POINT('',(100.,60.,0.));
#5109 = DIRECTION('',(0.,0.,1.));
#5110 = DIRECTION('',(1.,0.,-0.));
#5111 = PCURVE('',#72,#5112);
#5112 = DEFINITIONAL_REPRESENTATION('',(#5113),#5117);
#5113 = CIRCLE('',#5114,1.7);
#5114 = AXIS2_PLACEMENT_2D('',#5115,#5116);
#5115 = CARTESIAN_POINT('',(100.,60.));
#5116 = DIRECTION('',(1.,0.));
#5117 = ( GEOMETRIC_REPRESENTATION_CONTEXT(2) 
PARAMETRIC_REPRESENTATION_CONTEXT() REPRESENTATION_CONTEXT('2D SPACE',''
  ) );
#5118 = PCURVE('',#2173,#5119);
#5119 = DEFINITIONAL_REPRESENTATION('',(#5120),#5124);
#5120 = LINE('',#5121,#5122);
#5121 = CARTESIAN_POINT('',(0.,1.));
#5122 = VECTOR('',#5123,1.);
#5123 = DIRECTION('',(1.,0.));
#5124 = ( GEOMETRIC_REPRESENTATION_CONTEXT(2) 
PARAMETRIC_REPRESENTATION_CONTEXT() REPRESENTATION_CONTEXT('2D SPACE',''
  ) );
#5125 = FACE_BOUND('',#5126,.F.);
#5126 = EDGE_LOOP('',(#5127));
#5127 = ORIENTED_EDGE('',*,*,#5128,.F.);
#5128 = EDGE_CURVE('',#5129,#5129,#5131,.T.);
#5129 = VERTEX_POINT('',#5130);
#5130 = CARTESIAN_POINT('',(111.7,60.,0.));
#5131 = SURFACE_CURVE('',#5132,(#5137,#5144),.PCURVE_S1.);
#5132 = CIRCLE('',#5133,1.7);
#5133 = AXIS2_PLACEMENT_3D('',#5134,#5135,#5136);
#5134 = CARTESIAN_POINT('',(110.,60.,0.));
#5135 = DIRECTION('',(0.,0.,1.));
#5136 = DIRECTION('',(1.,0.,-0.));
#5137 = PCURVE('',#72,#5138);
#5138 = DEFINITIONAL_REPRESENTATION('',(#5139),#5143);
#5139 = CIRCLE('',#5140,1.7);
#5140 = AXIS2_PLACEMENT_2D('',#5141,#5142);
#5141 = CARTESIAN_POINT('',(110.,60.));
#5142 = DIRECTION('',(1.,0.));
#5143 = ( GEOMETRIC_REPRESENTATION_CONTEXT(2) 
PARAMETRIC_REPRESENTATION_CONTEXT() REPRESENTATION_CONTEXT('2D SPACE',''
  ) );
#5144 = PCURVE('',#2204,#5145);
#5145 = DEFINITIONAL_REPRESENTATION('',(#5146),#5150);
#5146 = LINE('',#5147,#5148);
#5147 = CARTESIAN_POINT('',(0.,1.));
#5148 = VECTOR('',#5149,1.);
#5149 = DIRECTION('',(1.,0.));
#5150 = ( GEOMETRIC_REPRESENTATION_CONTEXT(2) 
PARAMETRIC_REPRESENTATION_CONTEXT() REPRESENTATION_CONTEXT('2D SPACE',''
  ) );
#5151 = FACE_BOUND('',#5152,.F.);
#5152 = EDGE_LOOP('',(#5153));
#5153 = ORIENTED_EDGE('',*,*,#5154,.F.);
#5154 = EDGE_CURVE('',#5155,#5155,#5157,.T.);
#5155 = VERTEX_POINT('',#5156);
#5156 = CARTESIAN_POINT('',(121.7,60.,0.));
#5157 = SURFACE_CURVE('',#5158,(#5163,#5170),.PCURVE_S1.);
#5158 = CIRCLE('',#5159,1.7);
#5159 = AXIS2_PLACEMENT_3D('',#5160,#5161,#5162);
#5160 = CARTESIAN_POINT('',(120.,60.,0.));
#5161 = DIRECTION('',(0.,0.,1.));
#5162 = DIRECTION('',(1.,0.,-0.));
#5163 = PCURVE('',#72,#5164);
#5164 = DEFINITIONAL_REPRESENTATION('',(#5165),#5169);
#5165 = CIRCLE('',#5166,1.7);
#5166 = AXIS2_PLACEMENT_2D('',#5167,#5168);
#5167 = CARTESIAN_POINT('',(120.,60.));
#5168 = DIRECTION('',(1.,0.));
#5169 = ( GEOMETRIC_REPRESENTATION_CONTEXT(2) 
PARAMETRIC_REPRESENTATION_CONTEXT() REPRESENTATION_CONTEXT('2D SPACE',''
  ) );
#5170 = PCURVE('',#2235,#5171);
#5171 = DEFINITIONAL_REPRESENTATION('',(#5172),#5176);
#5172 = LINE('',#5173,#5174);
#5173 = CARTESIAN_POINT('',(0.,1.));
#5174 = VECTOR('',#5175,1.);
#5175 = DIRECTION('',(1.,0.));
#5176 = ( GEOMETRIC_REPRESENTATION_CONTEXT(2) 
PARAMETRIC_REPRESENTATION_CONTEXT() REPRESENTATION_CONTEXT('2D SPACE',''
  ) );
#5177 = FACE_BOUND('',#5178,.F.);
#5178 = EDGE_LOOP('',(#5179));
#5179 = ORIENTED_EDGE('',*,*,#5180,.F.);
#5180 = EDGE_CURVE('',#5181,#5181,#5183,.T.);
#5181 = VERTEX_POINT('',#5182);
#5182 = CARTESIAN_POINT('',(11.7,70.,0.));
#5183 = SURFACE_CURVE('',#5184,(#5189,#5196),.PCURVE_S1.);
#5184 = CIRCLE('',#5185,1.7);
#5185 = AXIS2_PLACEMENT_3D('',#5186,#5187,#5188);
#5186 = CARTESIAN_POINT('',(10.,70.,0.));
#5187 = DIRECTION('',(0.,0.,1.));
#5188 = DIRECTION('',(1.,0.,-0.));
#5189 = PCURVE('',#72,#5190);
#5190 = DEFINITIONAL_REPRESENTATION('',(#5191),#5195);
#5191 = CIRCLE('',#5192,1.7);
#5192 = AXIS2_PLACEMENT_2D('',#5193,#5194);
#5193 = CARTESIAN_POINT('',(10.,70.));
#5194 = DIRECTION('',(1.,0.));
#5195 = ( GEOMETRIC_REPRESENTATION_CONTEXT(2) 
PARAMETRIC_REPRESENTATION_CONTEXT() REPRESENTATION_CONTEXT('2D SPACE',''
  ) );
#5196 = PCURVE('',#2266,#5197);
#5197 = DEFINITIONAL_REPRESENTATION('',(#5198),#5202);
#5198 = LINE('',#5199,#5200);
#5199 = CARTESIAN_POINT('',(0.,1.));
#5200 = VECTOR('',#5201,1.);
#5201 = DIRECTION('',(1.,0.));
#5202 = ( GEOMETRIC_REPRESENTATION_CONTEXT(2) 
PARAMETRIC_REPRESENTATION_CONTEXT() REPRESENTATION_CONTEXT('2D SPACE',''
  ) );
#5203 = FACE_BOUND('',#5204,.F.);
#5204 = EDGE_LOOP('',(#5205));
#5205 = ORIENTED_EDGE('',*,*,#5206,.F.);
#5206 = EDGE_CURVE('',#5207,#5207,#5209,.T.);
#5207 = VERTEX_POINT('',#5208);
#5208 = CARTESIAN_POINT('',(21.7,70.,0.));
#5209 = SURFACE_CURVE('',#5210,(#5215,#5222),.PCURVE_S1.);
#5210 = CIRCLE('',#5211,1.7);
#5211 = AXIS2_PLACEMENT_3D('',#5212,#5213,#5214);
#5212 = CARTESIAN_POINT('',(20.,70.,0.));
#5213 = DIRECTION('',(0.,0.,1.));
#5214 = DIRECTION('',(1.,0.,-0.));
#5215 = PCURVE('',#72,#5216);
#5216 = DEFINITIONAL_REPRESENTATION('',(#5217),#5221);
#5217 = CIRCLE('',#5218,1.7);
#5218 = AXIS2_PLACEMENT_2D('',#5219,#5220);
#5219 = CARTESIAN_POINT('',(20.,70.));
#5220 = DIRECTION('',(1.,0.));
#5221 = ( GEOMETRIC_REPRESENTATION_CONTEXT(2) 
PARAMETRIC_REPRESENTATION_CONTEXT() REPRESENTATION_CONTEXT('2D SPACE',''
  ) );
#5222 = PCURVE('',#2297,#5223);
#5223 = DEFINITIONAL_REPRESENTATION('',(#5224),#5228);
#5224 = LINE('',#5225,#5226);
#5225 = CARTESIAN_POINT('',(0.,1.));
#5226 = VECTOR('',#5227,1.);
#5227 = DIRECTION('',(1.,0.));
#5228 = ( GEOMETRIC_REPRESENTATION_CONTEXT(2) 
PARAMETRIC_REPRESENTATION_CONTEXT() REPRESENTATION_CONTEXT('2D SPACE',''
  ) );
#5229 = FACE_BOUND('',#5230,.F.);
#5230 = EDGE_LOOP('',(#5231));
#5231 = ORIENTED_EDGE('',*,*,#5232,.F.);
#5232 = EDGE_CURVE('',#5233,#5233,#5235,.T.);
#5233 = VERTEX_POINT('',#5234);
#5234 = CARTESIAN_POINT('',(31.7,70.,0.));
#5235 = SURFACE_CURVE('',#5236,(#5241,#5248),.PCURVE_S1.);
#5236 = CIRCLE('',#5237,1.7);
#5237 = AXIS2_PLACEMENT_3D('',#5238,#5239,#5240);
#5238 = CARTESIAN_POINT('',(30.,70.,0.));
#5239 = DIRECTION('',(0.,0.,1.));
#5240 = DIRECTION('',(1.,0.,-0.));
#5241 = PCURVE('',#72,#5242);
#5242 = DEFINITIONAL_REPRESENTATION('',(#5243),#5247);
#5243 = CIRCLE('',#5244,1.7);
#5244 = AXIS2_PLACEMENT_2D('',#5245,#5246);
#5245 = CARTESIAN_POINT('',(30.,70.));
#5246 = DIRECTION('',(1.,0.));
#5247 = ( GEOMETRIC_REPRESENTATION_CONTEXT(2) 
PARAMETRIC_REPRESENTATION_CONTEXT() REPRESENTATION_CONTEXT('2D SPACE',''
  ) );
#5248 = PCURVE('',#2328,#5249);
#5249 = DEFINITIONAL_REPRESENTATION('',(#5250),#5254);
#5250 = LINE('',#5251,#5252);
#5251 = CARTESIAN_POINT('',(0.,1.));
#5252 = VECTOR('',#5253,1.);
#5253 = DIRECTION('',(1.,0.));
#5254 = ( GEOMETRIC_REPRESENTATION_CONTEXT(2) 
PARAMETRIC_REPRESENTATION_CONTEXT() REPRESENTATION_CONTEXT('2D SPACE',''
  ) );
#5255 = FACE_BOUND('',#5256,.F.);
#5256 = EDGE_LOOP('',(#5257));
#5257 = ORIENTED_EDGE('',*,*,#5258,.F.);
#5258 = EDGE_CURVE('',#5259,#5259,#5261,.T.);
#5259 = VERTEX_POINT('',#5260);
#5260 = CARTESIAN_POINT('',(11.7,80.,0.));
#5261 = SURFACE_CURVE('',#5262,(#5267,#5274),.PCURVE_S1.);
#5262 = CIRCLE('',#5263,1.7);
#5263 = AXIS2_PLACEMENT_3D('',#5264,#5265,#5266);
#5264 = CARTESIAN_POINT('',(10.,80.,0.));
#5265 = DIRECTION('',(0.,0.,1.));
#5266 = DIRECTION('',(1.,0.,-0.));
#5267 = PCURVE('',#72,#5268);
#5268 = DEFINITIONAL_REPRESENTATION('',(#5269),#5273);
#5269 = CIRCLE('',#5270,1.7);
#5270 = AXIS2_PLACEMENT_2D('',#5271,#5272);
#5271 = CARTESIAN_POINT('',(10.,80.));
#5272 = DIRECTION('',(1.,0.));
#5273 = ( GEOMETRIC_REPRESENTATION_CONTEXT(2) 
PARAMETRIC_REPRESENTATION_CONTEXT() REPRESENTATION_CONTEXT('2D SPACE',''
  ) );
#5274 = PCURVE('',#2359,#5275);
#5275 = DEFINITIONAL_REPRESENTATION('',(#5276),#5280);
#5276 = LINE('',#5277,#5278);
#5277 = CARTESIAN_POINT('',(0.,1.));
#5278 = VECTOR('',#5279,1.);
#5279 = DIRECTION('',(1.,0.));
#5280 = ( GEOMETRIC_REPRESENTATION_CONTEXT(2) 
PARAMETRIC_REPRESENTATION_CONTEXT() REPRESENTATION_CONTEXT('2D SPACE',''
  ) );
#5281 = FACE_BOUND('',#5282,.F.);
#5282 = EDGE_LOOP('',(#5283));
#5283 = ORIENTED_EDGE('',*,*,#5284,.F.);
#5284 = EDGE_CURVE('',#5285,#5285,#5287,.T.);
#5285 = VERTEX_POINT('',#5286);
#5286 = CARTESIAN_POINT('',(21.7,80.,0.));
#5287 = SURFACE_CURVE('',#5288,(#5293,#5300),.PCURVE_S1.);
#5288 = CIRCLE('',#5289,1.7);
#5289 = AXIS2_PLACEMENT_3D('',#5290,#5291,#5292);
#5290 = CARTESIAN_POINT('',(20.,80.,0.));
#5291 = DIRECTION('',(0.,0.,1.));
#5292 = DIRECTION('',(1.,0.,-0.));
#5293 = PCURVE('',#72,#5294);
#5294 = DEFINITIONAL_REPRESENTATION('',(#5295),#5299);
#5295 = CIRCLE('',#5296,1.7);
#5296 = AXIS2_PLACEMENT_2D('',#5297,#5298);
#5297 = CARTESIAN_POINT('',(20.,80.));
#5298 = DIRECTION('',(1.,0.));
#5299 = ( GEOMETRIC_REPRESENTATION_CONTEXT(2) 
PARAMETRIC_REPRESENTATION_CONTEXT() REPRESENTATION_CONTEXT('2D SPACE',''
  ) );
#5300 = PCURVE('',#2390,#5301);
#5301 = DEFINITIONAL_REPRESENTATION('',(#5302),#5306);
#5302 = LINE('',#5303,#5304);
#5303 = CARTESIAN_POINT('',(0.,1.));
#5304 = VECTOR('',#5305,1.);
#5305 = DIRECTION('',(1.,0.));
#5306 = ( GEOMETRIC_REPRESENTATION_CONTEXT(2) 
PARAMETRIC_REPRESENTATION_CONTEXT() REPRESENTATION_CONTEXT('2D SPACE',''
  ) );
#5307 = FACE_BOUND('',#5308,.F.);
#5308 = EDGE_LOOP('',(#5309));
#5309 = ORIENTED_EDGE('',*,*,#5310,.F.);
#5310 = EDGE_CURVE('',#5311,#5311,#5313,.T.);
#5311 = VERTEX_POINT('',#5312);
#5312 = CARTESIAN_POINT('',(11.7,90.,0.));
#5313 = SURFACE_CURVE('',#5314,(#5319,#5326),.PCURVE_S1.);
#5314 = CIRCLE('',#5315,1.7);
#5315 = AXIS2_PLACEMENT_3D('',#5316,#5317,#5318);
#5316 = CARTESIAN_POINT('',(10.,90.,0.));
#5317 = DIRECTION('',(0.,0.,1.));
#5318 = DIRECTION('',(1.,0.,-0.));
#5319 = PCURVE('',#72,#5320);
#5320 = DEFINITIONAL_REPRESENTATION('',(#5321),#5325);
#5321 = CIRCLE('',#5322,1.7);
#5322 = AXIS2_PLACEMENT_2D('',#5323,#5324);
#5323 = CARTESIAN_POINT('',(10.,90.));
#5324 = DIRECTION('',(1.,0.));
#5325 = ( GEOMETRIC_REPRESENTATION_CONTEXT(2) 
PARAMETRIC_REPRESENTATION_CONTEXT() REPRESENTATION_CONTEXT('2D SPACE',''
  ) );
#5326 = PCURVE('',#2421,#5327);
#5327 = DEFINITIONAL_REPRESENTATION('',(#5328),#5332);
#5328 = LINE('',#5329,#5330);
#5329 = CARTESIAN_POINT('',(0.,1.));
#5330 = VECTOR('',#5331,1.);
#5331 = DIRECTION('',(1.,0.));
#5332 = ( GEOMETRIC_REPRESENTATION_CONTEXT(2) 
PARAMETRIC_REPRESENTATION_CONTEXT() REPRESENTATION_CONTEXT('2D SPACE',''
  ) );
#5333 = FACE_BOUND('',#5334,.F.);
#5334 = EDGE_LOOP('',(#5335));
#5335 = ORIENTED_EDGE('',*,*,#5336,.F.);
#5336 = EDGE_CURVE('',#5337,#5337,#5339,.T.);
#5337 = VERTEX_POINT('',#5338);
#5338 = CARTESIAN_POINT('',(31.7,80.,0.));
#5339 = SURFACE_CURVE('',#5340,(#5345,#5352),.PCURVE_S1.);
#5340 = CIRCLE('',#5341,1.7);
#5341 = AXIS2_PLACEMENT_3D('',#5342,#5343,#5344);
#5342 = CARTESIAN_POINT('',(30.,80.,0.));
#5343 = DIRECTION('',(0.,0.,1.));
#5344 = DIRECTION('',(1.,0.,-0.));
#5345 = PCURVE('',#72,#5346);
#5346 = DEFINITIONAL_REPRESENTATION('',(#5347),#5351);
#5347 = CIRCLE('',#5348,1.7);
#5348 = AXIS2_PLACEMENT_2D('',#5349,#5350);
#5349 = CARTESIAN_POINT('',(30.,80.));
#5350 = DIRECTION('',(1.,0.));
#5351 = ( GEOMETRIC_REPRESENTATION_CONTEXT(2) 
PARAMETRIC_REPRESENTATION_CONTEXT() REPRESENTATION_CONTEXT('2D SPACE',''
  ) );
#5352 = PCURVE('',#2452,#5353);
#5353 = DEFINITIONAL_REPRESENTATION('',(#5354),#5358);
#5354 = LINE('',#5355,#5356);
#5355 = CARTESIAN_POINT('',(0.,1.));
#5356 = VECTOR('',#5357,1.);
#5357 = DIRECTION('',(1.,0.));
#5358 = ( GEOMETRIC_REPRESENTATION_CONTEXT(2) 
PARAMETRIC_REPRESENTATION_CONTEXT() REPRESENTATION_CONTEXT('2D SPACE',''
  ) );
#5359 = FACE_BOUND('',#5360,.F.);
#5360 = EDGE_LOOP('',(#5361));
#5361 = ORIENTED_EDGE('',*,*,#5362,.F.);
#5362 = EDGE_CURVE('',#5363,#5363,#5365,.T.);
#5363 = VERTEX_POINT('',#5364);
#5364 = CARTESIAN_POINT('',(31.7,90.,0.));
#5365 = SURFACE_CURVE('',#5366,(#5371,#5378),.PCURVE_S1.);
#5366 = CIRCLE('',#5367,1.7);
#5367 = AXIS2_PLACEMENT_3D('',#5368,#5369,#5370);
#5368 = CARTESIAN_POINT('',(30.,90.,0.));
#5369 = DIRECTION('',(0.,0.,1.));
#5370 = DIRECTION('',(1.,0.,-0.));
#5371 = PCURVE('',#72,#5372);
#5372 = DEFINITIONAL_REPRESENTATION('',(#5373),#5377);
#5373 = CIRCLE('',#5374,1.7);
#5374 = AXIS2_PLACEMENT_2D('',#5375,#5376);
#5375 = CARTESIAN_POINT('',(30.,90.));
#5376 = DIRECTION('',(1.,0.));
#5377 = ( GEOMETRIC_REPRESENTATION_CONTEXT(2) 
PARAMETRIC_REPRESENTATION_CONTEXT() REPRESENTATION_CONTEXT('2D SPACE',''
  ) );
#5378 = PCURVE('',#2483,#5379);
#5379 = DEFINITIONAL_REPRESENTATION('',(#5380),#5384);
#5380 = LINE('',#5381,#5382);
#5381 = CARTESIAN_POINT('',(0.,1.));
#5382 = VECTOR('',#5383,1.);
#5383 = DIRECTION('',(1.,0.));
#5384 = ( GEOMETRIC_REPRESENTATION_CONTEXT(2) 
PARAMETRIC_REPRESENTATION_CONTEXT() REPRESENTATION_CONTEXT('2D SPACE',''
  ) );
#5385 = FACE_BOUND('',#5386,.F.);
#5386 = EDGE_LOOP('',(#5387));
#5387 = ORIENTED_EDGE('',*,*,#5388,.F.);
#5388 = EDGE_CURVE('',#5389,#5389,#5391,.T.);
#5389 = VERTEX_POINT('',#5390);
#5390 = CARTESIAN_POINT('',(11.7,100.,0.));
#5391 = SURFACE_CURVE('',#5392,(#5397,#5404),.PCURVE_S1.);
#5392 = CIRCLE('',#5393,1.7);
#5393 = AXIS2_PLACEMENT_3D('',#5394,#5395,#5396);
#5394 = CARTESIAN_POINT('',(10.,100.,0.));
#5395 = DIRECTION('',(0.,0.,1.));
#5396 = DIRECTION('',(1.,0.,-0.));
#5397 = PCURVE('',#72,#5398);
#5398 = DEFINITIONAL_REPRESENTATION('',(#5399),#5403);
#5399 = CIRCLE('',#5400,1.7);
#5400 = AXIS2_PLACEMENT_2D('',#5401,#5402);
#5401 = CARTESIAN_POINT('',(10.,100.));
#5402 = DIRECTION('',(1.,0.));
#5403 = ( GEOMETRIC_REPRESENTATION_CONTEXT(2) 
PARAMETRIC_REPRESENTATION_CONTEXT() REPRESENTATION_CONTEXT('2D SPACE',''
  ) );
#5404 = PCURVE('',#2514,#5405);
#5405 = DEFINITIONAL_REPRESENTATION('',(#5406),#5410);
#5406 = LINE('',#5407,#5408);
#5407 = CARTESIAN_POINT('',(0.,1.));
#5408 = VECTOR('',#5409,1.);
#5409 = DIRECTION('',(1.,0.));
#5410 = ( GEOMETRIC_REPRESENTATION_CONTEXT(2) 
PARAMETRIC_REPRESENTATION_CONTEXT() REPRESENTATION_CONTEXT('2D SPACE',''
  ) );
#5411 = FACE_BOUND('',#5412,.F.);
#5412 = EDGE_LOOP('',(#5413));
#5413 = ORIENTED_EDGE('',*,*,#5414,.F.);
#5414 = EDGE_CURVE('',#5415,#5415,#5417,.T.);
#5415 = VERTEX_POINT('',#5416);
#5416 = CARTESIAN_POINT('',(21.7,95.,0.));
#5417 = SURFACE_CURVE('',#5418,(#5423,#5430),.PCURVE_S1.);
#5418 = CIRCLE('',#5419,1.7);
#5419 = AXIS2_PLACEMENT_3D('',#5420,#5421,#5422);
#5420 = CARTESIAN_POINT('',(20.,95.,0.));
#5421 = DIRECTION('',(0.,0.,1.));
#5422 = DIRECTION('',(1.,0.,-0.));
#5423 = PCURVE('',#72,#5424);
#5424 = DEFINITIONAL_REPRESENTATION('',(#5425),#5429);
#5425 = CIRCLE('',#5426,1.7);
#5426 = AXIS2_PLACEMENT_2D('',#5427,#5428);
#5427 = CARTESIAN_POINT('',(20.,95.));
#5428 = DIRECTION('',(1.,0.));
#5429 = ( GEOMETRIC_REPRESENTATION_CONTEXT(2) 
PARAMETRIC_REPRESENTATION_CONTEXT() REPRESENTATION_CONTEXT('2D SPACE',''
  ) );
#5430 = PCURVE('',#2545,#5431);
#5431 = DEFINITIONAL_REPRESENTATION('',(#5432),#5436);
#5432 = LINE('',#5433,#5434);
#5433 = CARTESIAN_POINT('',(0.,1.));
#5434 = VECTOR('',#5435,1.);
#5435 = DIRECTION('',(1.,0.));
#5436 = ( GEOMETRIC_REPRESENTATION_CONTEXT(2) 
PARAMETRIC_REPRESENTATION_CONTEXT() REPRESENTATION_CONTEXT('2D SPACE',''
  ) );
#5437 = FACE_BOUND('',#5438,.F.);
#5438 = EDGE_LOOP('',(#5439));
#5439 = ORIENTED_EDGE('',*,*,#5440,.F.);
#5440 = EDGE_CURVE('',#5441,#5441,#5443,.T.);
#5441 = VERTEX_POINT('',#5442);
#5442 = CARTESIAN_POINT('',(31.7,100.,0.));
#5443 = SURFACE_CURVE('',#5444,(#5449,#5456),.PCURVE_S1.);
#5444 = CIRCLE('',#5445,1.7);
#5445 = AXIS2_PLACEMENT_3D('',#5446,#5447,#5448);
#5446 = CARTESIAN_POINT('',(30.,100.,0.));
#5447 = DIRECTION('',(0.,0.,1.));
#5448 = DIRECTION('',(1.,0.,-0.));
#5449 = PCURVE('',#72,#5450);
#5450 = DEFINITIONAL_REPRESENTATION('',(#5451),#5455);
#5451 = CIRCLE('',#5452,1.7);
#5452 = AXIS2_PLACEMENT_2D('',#5453,#5454);
#5453 = CARTESIAN_POINT('',(30.,100.));
#5454 = DIRECTION('',(1.,0.));
#5455 = ( GEOMETRIC_REPRESENTATION_CONTEXT(2) 
PARAMETRIC_REPRESENTATION_CONTEXT() REPRESENTATION_CONTEXT('2D SPACE',''
  ) );
#5456 = PCURVE('',#2576,#5457);
#5457 = DEFINITIONAL_REPRESENTATION('',(#5458),#5462);
#5458 = LINE('',#5459,#5460);
#5459 = CARTESIAN_POINT('',(0.,1.));
#5460 = VECTOR('',#5461,1.);
#5461 = DIRECTION('',(1.,0.));
#5462 = ( GEOMETRIC_REPRESENTATION_CONTEXT(2) 
PARAMETRIC_REPRESENTATION_CONTEXT() REPRESENTATION_CONTEXT('2D SPACE',''
  ) );
#5463 = FACE_BOUND('',#5464,.F.);
#5464 = EDGE_LOOP('',(#5465));
#5465 = ORIENTED_EDGE('',*,*,#5466,.F.);
#5466 = EDGE_CURVE('',#5467,#5467,#5469,.T.);
#5467 = VERTEX_POINT('',#5468);
#5468 = CARTESIAN_POINT('',(11.7,110.,0.));
#5469 = SURFACE_CURVE('',#5470,(#5475,#5482),.PCURVE_S1.);
#5470 = CIRCLE('',#5471,1.7);
#5471 = AXIS2_PLACEMENT_3D('',#5472,#5473,#5474);
#5472 = CARTESIAN_POINT('',(10.,110.,0.));
#5473 = DIRECTION('',(0.,0.,1.));
#5474 = DIRECTION('',(1.,0.,-0.));
#5475 = PCURVE('',#72,#5476);
#5476 = DEFINITIONAL_REPRESENTATION('',(#5477),#5481);
#5477 = CIRCLE('',#5478,1.7);
#5478 = AXIS2_PLACEMENT_2D('',#5479,#5480);
#5479 = CARTESIAN_POINT('',(10.,110.));
#5480 = DIRECTION('',(1.,0.));
#5481 = ( GEOMETRIC_REPRESENTATION_CONTEXT(2) 
PARAMETRIC_REPRESENTATION_CONTEXT() REPRESENTATION_CONTEXT('2D SPACE',''
  ) );
#5482 = PCURVE('',#2607,#5483);
#5483 = DEFINITIONAL_REPRESENTATION('',(#5484),#5488);
#5484 = LINE('',#5485,#5486);
#5485 = CARTESIAN_POINT('',(0.,1.));
#5486 = VECTOR('',#5487,1.);
#5487 = DIRECTION('',(1.,0.));
#5488 = ( GEOMETRIC_REPRESENTATION_CONTEXT(2) 
PARAMETRIC_REPRESENTATION_CONTEXT() REPRESENTATION_CONTEXT('2D SPACE',''
  ) );
#5489 = FACE_BOUND('',#5490,.F.);
#5490 = EDGE_LOOP('',(#5491));
#5491 = ORIENTED_EDGE('',*,*,#5492,.F.);
#5492 = EDGE_CURVE('',#5493,#5493,#5495,.T.);
#5493 = VERTEX_POINT('',#5494);
#5494 = CARTESIAN_POINT('',(21.7,110.,0.));
#5495 = SURFACE_CURVE('',#5496,(#5501,#5508),.PCURVE_S1.);
#5496 = CIRCLE('',#5497,1.7);
#5497 = AXIS2_PLACEMENT_3D('',#5498,#5499,#5500);
#5498 = CARTESIAN_POINT('',(20.,110.,0.));
#5499 = DIRECTION('',(0.,0.,1.));
#5500 = DIRECTION('',(1.,0.,-0.));
#5501 = PCURVE('',#72,#5502);
#5502 = DEFINITIONAL_REPRESENTATION('',(#5503),#5507);
#5503 = CIRCLE('',#5504,1.7);
#5504 = AXIS2_PLACEMENT_2D('',#5505,#5506);
#5505 = CARTESIAN_POINT('',(20.,110.));
#5506 = DIRECTION('',(1.,0.));
#5507 = ( GEOMETRIC_REPRESENTATION_CONTEXT(2) 
PARAMETRIC_REPRESENTATION_CONTEXT() REPRESENTATION_CONTEXT('2D SPACE',''
  ) );
#5508 = PCURVE('',#2638,#5509);
#5509 = DEFINITIONAL_REPRESENTATION('',(#5510),#5514);
#5510 = LINE('',#5511,#5512);
#5511 = CARTESIAN_POINT('',(0.,1.));
#5512 = VECTOR('',#5513,1.);
#5513 = DIRECTION('',(1.,0.));
#5514 = ( GEOMETRIC_REPRESENTATION_CONTEXT(2) 
PARAMETRIC_REPRESENTATION_CONTEXT() REPRESENTATION_CONTEXT('2D SPACE',''
  ) );
#5515 = FACE_BOUND('',#5516,.F.);
#5516 = EDGE_LOOP('',(#5517));
#5517 = ORIENTED_EDGE('',*,*,#5518,.F.);
#5518 = EDGE_CURVE('',#5519,#5519,#5521,.T.);
#5519 = VERTEX_POINT('',#5520);
#5520 = CARTESIAN_POINT('',(11.7,120.,0.));
#5521 = SURFACE_CURVE('',#5522,(#5527,#5534),.PCURVE_S1.);
#5522 = CIRCLE('',#5523,1.7);
#5523 = AXIS2_PLACEMENT_3D('',#5524,#5525,#5526);
#5524 = CARTESIAN_POINT('',(10.,120.,0.));
#5525 = DIRECTION('',(0.,0.,1.));
#5526 = DIRECTION('',(1.,0.,-0.));
#5527 = PCURVE('',#72,#5528);
#5528 = DEFINITIONAL_REPRESENTATION('',(#5529),#5533);
#5529 = CIRCLE('',#5530,1.7);
#5530 = AXIS2_PLACEMENT_2D('',#5531,#5532);
#5531 = CARTESIAN_POINT('',(10.,120.));
#5532 = DIRECTION('',(1.,0.));
#5533 = ( GEOMETRIC_REPRESENTATION_CONTEXT(2) 
PARAMETRIC_REPRESENTATION_CONTEXT() REPRESENTATION_CONTEXT('2D SPACE',''
  ) );
#5534 = PCURVE('',#2669,#5535);
#5535 = DEFINITIONAL_REPRESENTATION('',(#5536),#5540);
#5536 = LINE('',#5537,#5538);
#5537 = CARTESIAN_POINT('',(0.,1.));
#5538 = VECTOR('',#5539,1.);
#5539 = DIRECTION('',(1.,0.));
#5540 = ( GEOMETRIC_REPRESENTATION_CONTEXT(2) 
PARAMETRIC_REPRESENTATION_CONTEXT() REPRESENTATION_CONTEXT('2D SPACE',''
  ) );
#5541 = FACE_BOUND('',#5542,.F.);
#5542 = EDGE_LOOP('',(#5543));
#5543 = ORIENTED_EDGE('',*,*,#5544,.F.);
#5544 = EDGE_CURVE('',#5545,#5545,#5547,.T.);
#5545 = VERTEX_POINT('',#5546);
#5546 = CARTESIAN_POINT('',(21.7,120.,0.));
#5547 = SURFACE_CURVE('',#5548,(#5553,#5560),.PCURVE_S1.);
#5548 = CIRCLE('',#5549,1.7);
#5549 = AXIS2_PLACEMENT_3D('',#5550,#5551,#5552);
#5550 = CARTESIAN_POINT('',(20.,120.,0.));
#5551 = DIRECTION('',(0.,0.,1.));
#5552 = DIRECTION('',(1.,0.,-0.));
#5553 = PCURVE('',#72,#5554);
#5554 = DEFINITIONAL_REPRESENTATION('',(#5555),#5559);
#5555 = CIRCLE('',#5556,1.7);
#5556 = AXIS2_PLACEMENT_2D('',#5557,#5558);
#5557 = CARTESIAN_POINT('',(20.,120.));
#5558 = DIRECTION('',(1.,0.));
#5559 = ( GEOMETRIC_REPRESENTATION_CONTEXT(2) 
PARAMETRIC_REPRESENTATION_CONTEXT() REPRESENTATION_CONTEXT('2D SPACE',''
  ) );
#5560 = PCURVE('',#2700,#5561);
#5561 = DEFINITIONAL_REPRESENTATION('',(#5562),#5566);
#5562 = LINE('',#5563,#5564);
#5563 = CARTESIAN_POINT('',(0.,1.));
#5564 = VECTOR('',#5565,1.);
#5565 = DIRECTION('',(1.,0.));
#5566 = ( GEOMETRIC_REPRESENTATION_CONTEXT(2) 
PARAMETRIC_REPRESENTATION_CONTEXT() REPRESENTATION_CONTEXT('2D SPACE',''
  ) );
#5567 = FACE_BOUND('',#5568,.F.);
#5568 = EDGE_LOOP('',(#5569));
#5569 = ORIENTED_EDGE('',*,*,#5570,.F.);
#5570 = EDGE_CURVE('',#5571,#5571,#5573,.T.);
#5571 = VERTEX_POINT('',#5572);
#5572 = CARTESIAN_POINT('',(31.7,110.,0.));
#5573 = SURFACE_CURVE('',#5574,(#5579,#5586),.PCURVE_S1.);
#5574 = CIRCLE('',#5575,1.7);
#5575 = AXIS2_PLACEMENT_3D('',#5576,#5577,#5578);
#5576 = CARTESIAN_POINT('',(30.,110.,0.));
#5577 = DIRECTION('',(0.,0.,1.));
#5578 = DIRECTION('',(1.,0.,-0.));
#5579 = PCURVE('',#72,#5580);
#5580 = DEFINITIONAL_REPRESENTATION('',(#5581),#5585);
#5581 = CIRCLE('',#5582,1.7);
#5582 = AXIS2_PLACEMENT_2D('',#5583,#5584);
#5583 = CARTESIAN_POINT('',(30.,110.));
#5584 = DIRECTION('',(1.,0.));
#5585 = ( GEOMETRIC_REPRESENTATION_CONTEXT(2) 
PARAMETRIC_REPRESENTATION_CONTEXT() REPRESENTATION_CONTEXT('2D SPACE',''
  ) );
#5586 = PCURVE('',#2731,#5587);
#5587 = DEFINITIONAL_REPRESENTATION('',(#5588),#5592);
#5588 = LINE('',#5589,#5590);
#5589 = CARTESIAN_POINT('',(0.,1.));
#5590 = VECTOR('',#5591,1.);
#5591 = DIRECTION('',(1.,0.));
#5592 = ( GEOMETRIC_REPRESENTATION_CONTEXT(2) 
PARAMETRIC_REPRESENTATION_CONTEXT() REPRESENTATION_CONTEXT('2D SPACE',''
  ) );
#5593 = FACE_BOUND('',#5594,.F.);
#5594 = EDGE_LOOP('',(#5595));
#5595 = ORIENTED_EDGE('',*,*,#5596,.F.);
#5596 = EDGE_CURVE('',#5597,#5597,#5599,.T.);
#5597 = VERTEX_POINT('',#5598);
#5598 = CARTESIAN_POINT('',(31.7,120.,0.));
#5599 = SURFACE_CURVE('',#5600,(#5605,#5612),.PCURVE_S1.);
#5600 = CIRCLE('',#5601,1.7);
#5601 = AXIS2_PLACEMENT_3D('',#5602,#5603,#5604);
#5602 = CARTESIAN_POINT('',(30.,120.,0.));
#5603 = DIRECTION('',(0.,0.,1.));
#5604 = DIRECTION('',(1.,0.,-0.));
#5605 = PCURVE('',#72,#5606);
#5606 = DEFINITIONAL_REPRESENTATION('',(#5607),#5611);
#5607 = CIRCLE('',#5608,1.7);
#5608 = AXIS2_PLACEMENT_2D('',#5609,#5610);
#5609 = CARTESIAN_POINT('',(30.,120.));
#5610 = DIRECTION('',(1.,0.));
#5611 = ( GEOMETRIC_REPRESENTATION_CONTEXT(2) 
PARAMETRIC_REPRESENTATION_CONTEXT() REPRESENTATION_CONTEXT('2D SPACE',''
  ) );
#5612 = PCURVE('',#2762,#5613);
#5613 = DEFINITIONAL_REPRESENTATION('',(#5614),#5618);
#5614 = LINE('',#5615,#5616);
#5615 = CARTESIAN_POINT('',(0.,1.));
#5616 = VECTOR('',#5617,1.);
#5617 = DIRECTION('',(1.,0.));
#5618 = ( GEOMETRIC_REPRESENTATION_CONTEXT(2) 
PARAMETRIC_REPRESENTATION_CONTEXT() REPRESENTATION_CONTEXT('2D SPACE',''
  ) );
#5619 = FACE_BOUND('',#5620,.F.);
#5620 = EDGE_LOOP('',(#5621,#5644,#5665,#5686));
#5621 = ORIENTED_EDGE('',*,*,#5622,.T.);
#5622 = EDGE_CURVE('',#5623,#5625,#5627,.T.);
#5623 = VERTEX_POINT('',#5624);
#5624 = CARTESIAN_POINT('',(90.5,62.5,0.));
#5625 = VERTEX_POINT('',#5626);
#5626 = CARTESIAN_POINT('',(40.5,62.5,0.));
#5627 = SURFACE_CURVE('',#5628,(#5632,#5638),.PCURVE_S1.);
#5628 = LINE('',#5629,#5630);
#5629 = CARTESIAN_POINT('',(20.25,62.5,0.));
#5630 = VECTOR('',#5631,1.);
#5631 = DIRECTION('',(-1.,-0.,0.));
#5632 = PCURVE('',#72,#5633);
#5633 = DEFINITIONAL_REPRESENTATION('',(#5634),#5637);
#5634 = B_SPLINE_CURVE_WITH_KNOTS('',1,(#5635,#5636),.UNSPECIFIED.,.F.,
  .F.,(2,2),(-70.25,-20.25),.PIECEWISE_BEZIER_KNOTS.);
#5635 = CARTESIAN_POINT('',(90.5,62.5));
#5636 = CARTESIAN_POINT('',(40.5,62.5));
#5637 = ( GEOMETRIC_REPRESENTATION_CONTEXT(2) 
PARAMETRIC_REPRESENTATION_CONTEXT() REPRESENTATION_CONTEXT('2D SPACE',''
  ) );
#5638 = PCURVE('',#2793,#5639);
#5639 = DEFINITIONAL_REPRESENTATION('',(#5640),#5643);
#5640 = B_SPLINE_CURVE_WITH_KNOTS('',1,(#5641,#5642),.UNSPECIFIED.,.F.,
  .F.,(2,2),(-70.25,-20.25),.PIECEWISE_BEZIER_KNOTS.);
#5641 = CARTESIAN_POINT('',(1.,50.));
#5642 = CARTESIAN_POINT('',(1.,0.));
#5643 = ( GEOMETRIC_REPRESENTATION_CONTEXT(2) 
PARAMETRIC_REPRESENTATION_CONTEXT() REPRESENTATION_CONTEXT('2D SPACE',''
  ) );
#5644 = ORIENTED_EDGE('',*,*,#5645,.T.);
#5645 = EDGE_CURVE('',#5625,#5646,#5648,.T.);
#5646 = VERTEX_POINT('',#5647);
#5647 = CARTESIAN_POINT('',(40.5,122.5,0.));
#5648 = SURFACE_CURVE('',#5649,(#5653,#5659),.PCURVE_S1.);
#5649 = LINE('',#5650,#5651);
#5650 = CARTESIAN_POINT('',(40.5,31.25,0.));
#5651 = VECTOR('',#5652,1.);
#5652 = DIRECTION('',(-0.,1.,0.));
#5653 = PCURVE('',#72,#5654);
#5654 = DEFINITIONAL_REPRESENTATION('',(#5655),#5658);
#5655 = B_SPLINE_CURVE_WITH_KNOTS('',1,(#5656,#5657),.UNSPECIFIED.,.F.,
  .F.,(2,2),(31.25,91.25),.PIECEWISE_BEZIER_KNOTS.);
#5656 = CARTESIAN_POINT('',(40.5,62.5));
#5657 = CARTESIAN_POINT('',(40.5,122.5));
#5658 = ( GEOMETRIC_REPRESENTATION_CONTEXT(2) 
PARAMETRIC_REPRESENTATION_CONTEXT() REPRESENTATION_CONTEXT('2D SPACE',''
  ) );
#5659 = PCURVE('',#2819,#5660);
#5660 = DEFINITIONAL_REPRESENTATION('',(#5661),#5664);
#5661 = B_SPLINE_CURVE_WITH_KNOTS('',1,(#5662,#5663),.UNSPECIFIED.,.F.,
  .F.,(2,2),(31.25,91.25),.PIECEWISE_BEZIER_KNOTS.);
#5662 = CARTESIAN_POINT('',(1.,0.));
#5663 = CARTESIAN_POINT('',(1.,-60.));
#5664 = ( GEOMETRIC_REPRESENTATION_CONTEXT(2) 
PARAMETRIC_REPRESENTATION_CONTEXT() REPRESENTATION_CONTEXT('2D SPACE',''
  ) );
#5665 = ORIENTED_EDGE('',*,*,#5666,.F.);
#5666 = EDGE_CURVE('',#5667,#5646,#5669,.T.);
#5667 = VERTEX_POINT('',#5668);
#5668 = CARTESIAN_POINT('',(90.5,122.5,0.));
#5669 = SURFACE_CURVE('',#5670,(#5674,#5680),.PCURVE_S1.);
#5670 = LINE('',#5671,#5672);
#5671 = CARTESIAN_POINT('',(20.25,122.5,0.));
#5672 = VECTOR('',#5673,1.);
#5673 = DIRECTION('',(-1.,-0.,0.));
#5674 = PCURVE('',#72,#5675);
#5675 = DEFINITIONAL_REPRESENTATION('',(#5676),#5679);
#5676 = B_SPLINE_CURVE_WITH_KNOTS('',1,(#5677,#5678),.UNSPECIFIED.,.F.,
  .F.,(2,2),(-70.25,-20.25),.PIECEWISE_BEZIER_KNOTS.);
#5677 = CARTESIAN_POINT('',(90.5,122.5));
#5678 = CARTESIAN_POINT('',(40.5,122.5));
#5679 = ( GEOMETRIC_REPRESENTATION_CONTEXT(2) 
PARAMETRIC_REPRESENTATION_CONTEXT() REPRESENTATION_CONTEXT('2D SPACE',''
  ) );
#5680 = PCURVE('',#2845,#5681);
#5681 = DEFINITIONAL_REPRESENTATION('',(#5682),#5685);
#5682 = B_SPLINE_CURVE_WITH_KNOTS('',1,(#5683,#5684),.UNSPECIFIED.,.F.,
  .F.,(2,2),(-70.25,-20.25),.PIECEWISE_BEZIER_KNOTS.);
#5683 = CARTESIAN_POINT('',(1.,50.));
#5684 = CARTESIAN_POINT('',(1.,0.));
#5685 = ( GEOMETRIC_REPRESENTATION_CONTEXT(2) 
PARAMETRIC_REPRESENTATION_CONTEXT() REPRESENTATION_CONTEXT('2D SPACE',''
  ) );
#5686 = ORIENTED_EDGE('',*,*,#5687,.F.);
#5687 = EDGE_CURVE('',#5623,#5667,#5688,.T.);
#5688 = SURFACE_CURVE('',#5689,(#5693,#5699),.PCURVE_S1.);
#5689 = LINE('',#5690,#5691);
#5690 = CARTESIAN_POINT('',(90.5,31.25,0.));
#5691 = VECTOR('',#5692,1.);
#5692 = DIRECTION('',(-0.,1.,0.));
#5693 = PCURVE('',#72,#5694);
#5694 = DEFINITIONAL_REPRESENTATION('',(#5695),#5698);
#5695 = B_SPLINE_CURVE_WITH_KNOTS('',1,(#5696,#5697),.UNSPECIFIED.,.F.,
  .F.,(2,2),(31.25,91.25),.PIECEWISE_BEZIER_KNOTS.);
#5696 = CARTESIAN_POINT('',(90.5,62.5));
#5697 = CARTESIAN_POINT('',(90.5,122.5));
#5698 = ( GEOMETRIC_REPRESENTATION_CONTEXT(2) 
PARAMETRIC_REPRESENTATION_CONTEXT() REPRESENTATION_CONTEXT('2D SPACE',''
  ) );
#5699 = PCURVE('',#2869,#5700);
#5700 = DEFINITIONAL_REPRESENTATION('',(#5701),#5704);
#5701 = B_SPLINE_CURVE_WITH_KNOTS('',1,(#5702,#5703),.UNSPECIFIED.,.F.,
  .F.,(2,2),(31.25,91.25),.PIECEWISE_BEZIER_KNOTS.);
#5702 = CARTESIAN_POINT('',(1.,0.));
#5703 = CARTESIAN_POINT('',(1.,-60.));
#5704 = ( GEOMETRIC_REPRESENTATION_CONTEXT(2) 
PARAMETRIC_REPRESENTATION_CONTEXT() REPRESENTATION_CONTEXT('2D SPACE',''
  ) );
#5705 = FACE_BOUND('',#5706,.F.);
#5706 = EDGE_LOOP('',(#5707));
#5707 = ORIENTED_EDGE('',*,*,#5708,.F.);
#5708 = EDGE_CURVE('',#5709,#5709,#5711,.T.);
#5709 = VERTEX_POINT('',#5710);
#5710 = CARTESIAN_POINT('',(101.7,70.,0.));
#5711 = SURFACE_CURVE('',#5712,(#5717,#5724),.PCURVE_S1.);
#5712 = CIRCLE('',#5713,1.7);
#5713 = AXIS2_PLACEMENT_3D('',#5714,#5715,#5716);
#5714 = CARTESIAN_POINT('',(100.,70.,0.));
#5715 = DIRECTION('',(0.,0.,1.));
#5716 = DIRECTION('',(1.,0.,-0.));
#5717 = PCURVE('',#72,#5718);
#5718 = DEFINITIONAL_REPRESENTATION('',(#5719),#5723);
#5719 = CIRCLE('',#5720,1.7);
#5720 = AXIS2_PLACEMENT_2D('',#5721,#5722);
#5721 = CARTESIAN_POINT('',(100.,70.));
#5722 = DIRECTION('',(1.,0.));
#5723 = ( GEOMETRIC_REPRESENTATION_CONTEXT(2) 
PARAMETRIC_REPRESENTATION_CONTEXT() REPRESENTATION_CONTEXT('2D SPACE',''
  ) );
#5724 = PCURVE('',#2899,#5725);
#5725 = DEFINITIONAL_REPRESENTATION('',(#5726),#5730);
#5726 = LINE('',#5727,#5728);
#5727 = CARTESIAN_POINT('',(0.,1.));
#5728 = VECTOR('',#5729,1.);
#5729 = DIRECTION('',(1.,0.));
#5730 = ( GEOMETRIC_REPRESENTATION_CONTEXT(2) 
PARAMETRIC_REPRESENTATION_CONTEXT() REPRESENTATION_CONTEXT('2D SPACE',''
  ) );
#5731 = FACE_BOUND('',#5732,.F.);
#5732 = EDGE_LOOP('',(#5733));
#5733 = ORIENTED_EDGE('',*,*,#5734,.F.);
#5734 = EDGE_CURVE('',#5735,#5735,#5737,.T.);
#5735 = VERTEX_POINT('',#5736);
#5736 = CARTESIAN_POINT('',(111.7,70.,0.));
#5737 = SURFACE_CURVE('',#5738,(#5743,#5750),.PCURVE_S1.);
#5738 = CIRCLE('',#5739,1.7);
#5739 = AXIS2_PLACEMENT_3D('',#5740,#5741,#5742);
#5740 = CARTESIAN_POINT('',(110.,70.,0.));
#5741 = DIRECTION('',(0.,0.,1.));
#5742 = DIRECTION('',(1.,0.,-0.));
#5743 = PCURVE('',#72,#5744);
#5744 = DEFINITIONAL_REPRESENTATION('',(#5745),#5749);
#5745 = CIRCLE('',#5746,1.7);
#5746 = AXIS2_PLACEMENT_2D('',#5747,#5748);
#5747 = CARTESIAN_POINT('',(110.,70.));
#5748 = DIRECTION('',(1.,0.));
#5749 = ( GEOMETRIC_REPRESENTATION_CONTEXT(2) 
PARAMETRIC_REPRESENTATION_CONTEXT() REPRESENTATION_CONTEXT('2D SPACE',''
  ) );
#5750 = PCURVE('',#2930,#5751);
#5751 = DEFINITIONAL_REPRESENTATION('',(#5752),#5756);
#5752 = LINE('',#5753,#5754);
#5753 = CARTESIAN_POINT('',(0.,1.));
#5754 = VECTOR('',#5755,1.);
#5755 = DIRECTION('',(1.,0.));
#5756 = ( GEOMETRIC_REPRESENTATION_CONTEXT(2) 
PARAMETRIC_REPRESENTATION_CONTEXT() REPRESENTATION_CONTEXT('2D SPACE',''
  ) );
#5757 = FACE_BOUND('',#5758,.F.);
#5758 = EDGE_LOOP('',(#5759));
#5759 = ORIENTED_EDGE('',*,*,#5760,.F.);
#5760 = EDGE_CURVE('',#5761,#5761,#5763,.T.);
#5761 = VERTEX_POINT('',#5762);
#5762 = CARTESIAN_POINT('',(121.7,70.,0.));
#5763 = SURFACE_CURVE('',#5764,(#5769,#5776),.PCURVE_S1.);
#5764 = CIRCLE('',#5765,1.7);
#5765 = AXIS2_PLACEMENT_3D('',#5766,#5767,#5768);
#5766 = CARTESIAN_POINT('',(120.,70.,0.));
#5767 = DIRECTION('',(0.,0.,1.));
#5768 = DIRECTION('',(1.,0.,-0.));
#5769 = PCURVE('',#72,#5770);
#5770 = DEFINITIONAL_REPRESENTATION('',(#5771),#5775);
#5771 = CIRCLE('',#5772,1.7);
#5772 = AXIS2_PLACEMENT_2D('',#5773,#5774);
#5773 = CARTESIAN_POINT('',(120.,70.));
#5774 = DIRECTION('',(1.,0.));
#5775 = ( GEOMETRIC_REPRESENTATION_CONTEXT(2) 
PARAMETRIC_REPRESENTATION_CONTEXT() REPRESENTATION_CONTEXT('2D SPACE',''
  ) );
#5776 = PCURVE('',#2961,#5777);
#5777 = DEFINITIONAL_REPRESENTATION('',(#5778),#5782);
#5778 = LINE('',#5779,#5780);
#5779 = CARTESIAN_POINT('',(0.,1.));
#5780 = VECTOR('',#5781,1.);
#5781 = DIRECTION('',(1.,0.));
#5782 = ( GEOMETRIC_REPRESENTATION_CONTEXT(2) 
PARAMETRIC_REPRESENTATION_CONTEXT() REPRESENTATION_CONTEXT('2D SPACE',''
  ) );
#5783 = FACE_BOUND('',#5784,.F.);
#5784 = EDGE_LOOP('',(#5785));
#5785 = ORIENTED_EDGE('',*,*,#5786,.F.);
#5786 = EDGE_CURVE('',#5787,#5787,#5789,.T.);
#5787 = VERTEX_POINT('',#5788);
#5788 = CARTESIAN_POINT('',(101.7,80.,0.));
#5789 = SURFACE_CURVE('',#5790,(#5795,#5802),.PCURVE_S1.);
#5790 = CIRCLE('',#5791,1.7);
#5791 = AXIS2_PLACEMENT_3D('',#5792,#5793,#5794);
#5792 = CARTESIAN_POINT('',(100.,80.,0.));
#5793 = DIRECTION('',(0.,0.,1.));
#5794 = DIRECTION('',(1.,0.,-0.));
#5795 = PCURVE('',#72,#5796);
#5796 = DEFINITIONAL_REPRESENTATION('',(#5797),#5801);
#5797 = CIRCLE('',#5798,1.7);
#5798 = AXIS2_PLACEMENT_2D('',#5799,#5800);
#5799 = CARTESIAN_POINT('',(100.,80.));
#5800 = DIRECTION('',(1.,0.));
#5801 = ( GEOMETRIC_REPRESENTATION_CONTEXT(2) 
PARAMETRIC_REPRESENTATION_CONTEXT() REPRESENTATION_CONTEXT('2D SPACE',''
  ) );
#5802 = PCURVE('',#2992,#5803);
#5803 = DEFINITIONAL_REPRESENTATION('',(#5804),#5808);
#5804 = LINE('',#5805,#5806);
#5805 = CARTESIAN_POINT('',(0.,1.));
#5806 = VECTOR('',#5807,1.);
#5807 = DIRECTION('',(1.,0.));
#5808 = ( GEOMETRIC_REPRESENTATION_CONTEXT(2) 
PARAMETRIC_REPRESENTATION_CONTEXT() REPRESENTATION_CONTEXT('2D SPACE',''
  ) );
#5809 = FACE_BOUND('',#5810,.F.);
#5810 = EDGE_LOOP('',(#5811));
#5811 = ORIENTED_EDGE('',*,*,#5812,.F.);
#5812 = EDGE_CURVE('',#5813,#5813,#5815,.T.);
#5813 = VERTEX_POINT('',#5814);
#5814 = CARTESIAN_POINT('',(101.7,90.,0.));
#5815 = SURFACE_CURVE('',#5816,(#5821,#5828),.PCURVE_S1.);
#5816 = CIRCLE('',#5817,1.7);
#5817 = AXIS2_PLACEMENT_3D('',#5818,#5819,#5820);
#5818 = CARTESIAN_POINT('',(100.,90.,0.));
#5819 = DIRECTION('',(0.,0.,1.));
#5820 = DIRECTION('',(1.,0.,-0.));
#5821 = PCURVE('',#72,#5822);
#5822 = DEFINITIONAL_REPRESENTATION('',(#5823),#5827);
#5823 = CIRCLE('',#5824,1.7);
#5824 = AXIS2_PLACEMENT_2D('',#5825,#5826);
#5825 = CARTESIAN_POINT('',(100.,90.));
#5826 = DIRECTION('',(1.,0.));
#5827 = ( GEOMETRIC_REPRESENTATION_CONTEXT(2) 
PARAMETRIC_REPRESENTATION_CONTEXT() REPRESENTATION_CONTEXT('2D SPACE',''
  ) );
#5828 = PCURVE('',#3023,#5829);
#5829 = DEFINITIONAL_REPRESENTATION('',(#5830),#5834);
#5830 = LINE('',#5831,#5832);
#5831 = CARTESIAN_POINT('',(0.,1.));
#5832 = VECTOR('',#5833,1.);
#5833 = DIRECTION('',(1.,0.));
#5834 = ( GEOMETRIC_REPRESENTATION_CONTEXT(2) 
PARAMETRIC_REPRESENTATION_CONTEXT() REPRESENTATION_CONTEXT('2D SPACE',''
  ) );
#5835 = FACE_BOUND('',#5836,.F.);
#5836 = EDGE_LOOP('',(#5837));
#5837 = ORIENTED_EDGE('',*,*,#5838,.F.);
#5838 = EDGE_CURVE('',#5839,#5839,#5841,.T.);
#5839 = VERTEX_POINT('',#5840);
#5840 = CARTESIAN_POINT('',(111.7,80.,0.));
#5841 = SURFACE_CURVE('',#5842,(#5847,#5854),.PCURVE_S1.);
#5842 = CIRCLE('',#5843,1.7);
#5843 = AXIS2_PLACEMENT_3D('',#5844,#5845,#5846);
#5844 = CARTESIAN_POINT('',(110.,80.,0.));
#5845 = DIRECTION('',(0.,0.,1.));
#5846 = DIRECTION('',(1.,0.,-0.));
#5847 = PCURVE('',#72,#5848);
#5848 = DEFINITIONAL_REPRESENTATION('',(#5849),#5853);
#5849 = CIRCLE('',#5850,1.7);
#5850 = AXIS2_PLACEMENT_2D('',#5851,#5852);
#5851 = CARTESIAN_POINT('',(110.,80.));
#5852 = DIRECTION('',(1.,0.));
#5853 = ( GEOMETRIC_REPRESENTATION_CONTEXT(2) 
PARAMETRIC_REPRESENTATION_CONTEXT() REPRESENTATION_CONTEXT('2D SPACE',''
  ) );
#5854 = PCURVE('',#3054,#5855);
#5855 = DEFINITIONAL_REPRESENTATION('',(#5856),#5860);
#5856 = LINE('',#5857,#5858);
#5857 = CARTESIAN_POINT('',(0.,1.));
#5858 = VECTOR('',#5859,1.);
#5859 = DIRECTION('',(1.,0.));
#5860 = ( GEOMETRIC_REPRESENTATION_CONTEXT(2) 
PARAMETRIC_REPRESENTATION_CONTEXT() REPRESENTATION_CONTEXT('2D SPACE',''
  ) );
#5861 = FACE_BOUND('',#5862,.F.);
#5862 = EDGE_LOOP('',(#5863));
#5863 = ORIENTED_EDGE('',*,*,#5864,.F.);
#5864 = EDGE_CURVE('',#5865,#5865,#5867,.T.);
#5865 = VERTEX_POINT('',#5866);
#5866 = CARTESIAN_POINT('',(121.7,80.,0.));
#5867 = SURFACE_CURVE('',#5868,(#5873,#5880),.PCURVE_S1.);
#5868 = CIRCLE('',#5869,1.7);
#5869 = AXIS2_PLACEMENT_3D('',#5870,#5871,#5872);
#5870 = CARTESIAN_POINT('',(120.,80.,0.));
#5871 = DIRECTION('',(0.,0.,1.));
#5872 = DIRECTION('',(1.,0.,-0.));
#5873 = PCURVE('',#72,#5874);
#5874 = DEFINITIONAL_REPRESENTATION('',(#5875),#5879);
#5875 = CIRCLE('',#5876,1.7);
#5876 = AXIS2_PLACEMENT_2D('',#5877,#5878);
#5877 = CARTESIAN_POINT('',(120.,80.));
#5878 = DIRECTION('',(1.,0.));
#5879 = ( GEOMETRIC_REPRESENTATION_CONTEXT(2) 
PARAMETRIC_REPRESENTATION_CONTEXT() REPRESENTATION_CONTEXT('2D SPACE',''
  ) );
#5880 = PCURVE('',#3085,#5881);
#5881 = DEFINITIONAL_REPRESENTATION('',(#5882),#5886);
#5882 = LINE('',#5883,#5884);
#5883 = CARTESIAN_POINT('',(0.,1.));
#5884 = VECTOR('',#5885,1.);
#5885 = DIRECTION('',(1.,0.));
#5886 = ( GEOMETRIC_REPRESENTATION_CONTEXT(2) 
PARAMETRIC_REPRESENTATION_CONTEXT() REPRESENTATION_CONTEXT('2D SPACE',''
  ) );
#5887 = FACE_BOUND('',#5888,.F.);
#5888 = EDGE_LOOP('',(#5889));
#5889 = ORIENTED_EDGE('',*,*,#5890,.F.);
#5890 = EDGE_CURVE('',#5891,#5891,#5893,.T.);
#5891 = VERTEX_POINT('',#5892);
#5892 = CARTESIAN_POINT('',(111.7,90.,0.));
#5893 = SURFACE_CURVE('',#5894,(#5899,#5906),.PCURVE_S1.);
#5894 = CIRCLE('',#5895,1.7);
#5895 = AXIS2_PLACEMENT_3D('',#5896,#5897,#5898);
#5896 = CARTESIAN_POINT('',(110.,90.,0.));
#5897 = DIRECTION('',(0.,0.,1.));
#5898 = DIRECTION('',(1.,0.,-0.));
#5899 = PCURVE('',#72,#5900);
#5900 = DEFINITIONAL_REPRESENTATION('',(#5901),#5905);
#5901 = CIRCLE('',#5902,1.7);
#5902 = AXIS2_PLACEMENT_2D('',#5903,#5904);
#5903 = CARTESIAN_POINT('',(110.,90.));
#5904 = DIRECTION('',(1.,0.));
#5905 = ( GEOMETRIC_REPRESENTATION_CONTEXT(2) 
PARAMETRIC_REPRESENTATION_CONTEXT() REPRESENTATION_CONTEXT('2D SPACE',''
  ) );
#5906 = PCURVE('',#3116,#5907);
#5907 = DEFINITIONAL_REPRESENTATION('',(#5908),#5912);
#5908 = LINE('',#5909,#5910);
#5909 = CARTESIAN_POINT('',(0.,1.));
#5910 = VECTOR('',#5911,1.);
#5911 = DIRECTION('',(1.,0.));
#5912 = ( GEOMETRIC_REPRESENTATION_CONTEXT(2) 
PARAMETRIC_REPRESENTATION_CONTEXT() REPRESENTATION_CONTEXT('2D SPACE',''
  ) );
#5913 = FACE_BOUND('',#5914,.F.);
#5914 = EDGE_LOOP('',(#5915));
#5915 = ORIENTED_EDGE('',*,*,#5916,.F.);
#5916 = EDGE_CURVE('',#5917,#5917,#5919,.T.);
#5917 = VERTEX_POINT('',#5918);
#5918 = CARTESIAN_POINT('',(121.7,90.,0.));
#5919 = SURFACE_CURVE('',#5920,(#5925,#5932),.PCURVE_S1.);
#5920 = CIRCLE('',#5921,1.7);
#5921 = AXIS2_PLACEMENT_3D('',#5922,#5923,#5924);
#5922 = CARTESIAN_POINT('',(120.,90.,0.));
#5923 = DIRECTION('',(0.,0.,1.));
#5924 = DIRECTION('',(1.,0.,-0.));
#5925 = PCURVE('',#72,#5926);
#5926 = DEFINITIONAL_REPRESENTATION('',(#5927),#5931);
#5927 = CIRCLE('',#5928,1.7);
#5928 = AXIS2_PLACEMENT_2D('',#5929,#5930);
#5929 = CARTESIAN_POINT('',(120.,90.));
#5930 = DIRECTION('',(1.,0.));
#5931 = ( GEOMETRIC_REPRESENTATION_CONTEXT(2) 
PARAMETRIC_REPRESENTATION_CONTEXT() REPRESENTATION_CONTEXT('2D SPACE',''
  ) );
#5932 = PCURVE('',#3147,#5933);
#5933 = DEFINITIONAL_REPRESENTATION('',(#5934),#5938);
#5934 = LINE('',#5935,#5936);
#5935 = CARTESIAN_POINT('',(0.,1.));
#5936 = VECTOR('',#5937,1.);
#5937 = DIRECTION('',(1.,0.));
#5938 = ( GEOMETRIC_REPRESENTATION_CONTEXT(2) 
PARAMETRIC_REPRESENTATION_CONTEXT() REPRESENTATION_CONTEXT('2D SPACE',''
  ) );
#5939 = FACE_BOUND('',#5940,.F.);
#5940 = EDGE_LOOP('',(#5941));
#5941 = ORIENTED_EDGE('',*,*,#5942,.F.);
#5942 = EDGE_CURVE('',#5943,#5943,#5945,.T.);
#5943 = VERTEX_POINT('',#5944);
#5944 = CARTESIAN_POINT('',(101.7,100.,0.));
#5945 = SURFACE_CURVE('',#5946,(#5951,#5958),.PCURVE_S1.);
#5946 = CIRCLE('',#5947,1.7);
#5947 = AXIS2_PLACEMENT_3D('',#5948,#5949,#5950);
#5948 = CARTESIAN_POINT('',(100.,100.,0.));
#5949 = DIRECTION('',(0.,0.,1.));
#5950 = DIRECTION('',(1.,0.,-0.));
#5951 = PCURVE('',#72,#5952);
#5952 = DEFINITIONAL_REPRESENTATION('',(#5953),#5957);
#5953 = CIRCLE('',#5954,1.7);
#5954 = AXIS2_PLACEMENT_2D('',#5955,#5956);
#5955 = CARTESIAN_POINT('',(100.,100.));
#5956 = DIRECTION('',(1.,0.));
#5957 = ( GEOMETRIC_REPRESENTATION_CONTEXT(2) 
PARAMETRIC_REPRESENTATION_CONTEXT() REPRESENTATION_CONTEXT('2D SPACE',''
  ) );
#5958 = PCURVE('',#3178,#5959);
#5959 = DEFINITIONAL_REPRESENTATION('',(#5960),#5964);
#5960 = LINE('',#5961,#5962);
#5961 = CARTESIAN_POINT('',(0.,1.));
#5962 = VECTOR('',#5963,1.);
#5963 = DIRECTION('',(1.,0.));
#5964 = ( GEOMETRIC_REPRESENTATION_CONTEXT(2) 
PARAMETRIC_REPRESENTATION_CONTEXT() REPRESENTATION_CONTEXT('2D SPACE',''
  ) );
#5965 = FACE_BOUND('',#5966,.F.);
#5966 = EDGE_LOOP('',(#5967));
#5967 = ORIENTED_EDGE('',*,*,#5968,.F.);
#5968 = EDGE_CURVE('',#5969,#5969,#5971,.T.);
#5969 = VERTEX_POINT('',#5970);
#5970 = CARTESIAN_POINT('',(111.7,100.,0.));
#5971 = SURFACE_CURVE('',#5972,(#5977,#5984),.PCURVE_S1.);
#5972 = CIRCLE('',#5973,1.7);
#5973 = AXIS2_PLACEMENT_3D('',#5974,#5975,#5976);
#5974 = CARTESIAN_POINT('',(110.,100.,0.));
#5975 = DIRECTION('',(0.,0.,1.));
#5976 = DIRECTION('',(1.,0.,-0.));
#5977 = PCURVE('',#72,#5978);
#5978 = DEFINITIONAL_REPRESENTATION('',(#5979),#5983);
#5979 = CIRCLE('',#5980,1.7);
#5980 = AXIS2_PLACEMENT_2D('',#5981,#5982);
#5981 = CARTESIAN_POINT('',(110.,100.));
#5982 = DIRECTION('',(1.,0.));
#5983 = ( GEOMETRIC_REPRESENTATION_CONTEXT(2) 
PARAMETRIC_REPRESENTATION_CONTEXT() REPRESENTATION_CONTEXT('2D SPACE',''
  ) );
#5984 = PCURVE('',#3209,#5985);
#5985 = DEFINITIONAL_REPRESENTATION('',(#5986),#5990);
#5986 = LINE('',#5987,#5988);
#5987 = CARTESIAN_POINT('',(0.,1.));
#5988 = VECTOR('',#5989,1.);
#5989 = DIRECTION('',(1.,0.));
#5990 = ( GEOMETRIC_REPRESENTATION_CONTEXT(2) 
PARAMETRIC_REPRESENTATION_CONTEXT() REPRESENTATION_CONTEXT('2D SPACE',''
  ) );
#5991 = FACE_BOUND('',#5992,.F.);
#5992 = EDGE_LOOP('',(#5993));
#5993 = ORIENTED_EDGE('',*,*,#5994,.F.);
#5994 = EDGE_CURVE('',#5995,#5995,#5997,.T.);
#5995 = VERTEX_POINT('',#5996);
#5996 = CARTESIAN_POINT('',(121.7,100.,0.));
#5997 = SURFACE_CURVE('',#5998,(#6003,#6010),.PCURVE_S1.);
#5998 = CIRCLE('',#5999,1.7);
#5999 = AXIS2_PLACEMENT_3D('',#6000,#6001,#6002);
#6000 = CARTESIAN_POINT('',(120.,100.,0.));
#6001 = DIRECTION('',(0.,0.,1.));
#6002 = DIRECTION('',(1.,0.,-0.));
#6003 = PCURVE('',#72,#6004);
#6004 = DEFINITIONAL_REPRESENTATION('',(#6005),#6009);
#6005 = CIRCLE('',#6006,1.7);
#6006 = AXIS2_PLACEMENT_2D('',#6007,#6008);
#6007 = CARTESIAN_POINT('',(120.,100.));
#6008 = DIRECTION('',(1.,0.));
#6009 = ( GEOMETRIC_REPRESENTATION_CONTEXT(2) 
PARAMETRIC_REPRESENTATION_CONTEXT() REPRESENTATION_CONTEXT('2D SPACE',''
  ) );
#6010 = PCURVE('',#3240,#6011);
#6011 = DEFINITIONAL_REPRESENTATION('',(#6012),#6016);
#6012 = LINE('',#6013,#6014);
#6013 = CARTESIAN_POINT('',(0.,1.));
#6014 = VECTOR('',#6015,1.);
#6015 = DIRECTION('',(1.,0.));
#6016 = ( GEOMETRIC_REPRESENTATION_CONTEXT(2) 
PARAMETRIC_REPRESENTATION_CONTEXT() REPRESENTATION_CONTEXT('2D SPACE',''
  ) );
#6017 = FACE_BOUND('',#6018,.F.);
#6018 = EDGE_LOOP('',(#6019));
#6019 = ORIENTED_EDGE('',*,*,#6020,.F.);
#6020 = EDGE_CURVE('',#6021,#6021,#6023,.T.);
#6021 = VERTEX_POINT('',#6022);
#6022 = CARTESIAN_POINT('',(111.7,106.,0.));
#6023 = SURFACE_CURVE('',#6024,(#6029,#6036),.PCURVE_S1.);
#6024 = CIRCLE('',#6025,1.7);
#6025 = AXIS2_PLACEMENT_3D('',#6026,#6027,#6028);
#6026 = CARTESIAN_POINT('',(110.,106.,0.));
#6027 = DIRECTION('',(0.,0.,1.));
#6028 = DIRECTION('',(1.,0.,-0.));
#6029 = PCURVE('',#72,#6030);
#6030 = DEFINITIONAL_REPRESENTATION('',(#6031),#6035);
#6031 = CIRCLE('',#6032,1.7);
#6032 = AXIS2_PLACEMENT_2D('',#6033,#6034);
#6033 = CARTESIAN_POINT('',(110.,106.));
#6034 = DIRECTION('',(1.,0.));
#6035 = ( GEOMETRIC_REPRESENTATION_CONTEXT(2) 
PARAMETRIC_REPRESENTATION_CONTEXT() REPRESENTATION_CONTEXT('2D SPACE',''
  ) );
#6036 = PCURVE('',#3271,#6037);
#6037 = DEFINITIONAL_REPRESENTATION('',(#6038),#6042);
#6038 = LINE('',#6039,#6040);
#6039 = CARTESIAN_POINT('',(0.,1.));
#6040 = VECTOR('',#6041,1.);
#6041 = DIRECTION('',(1.,0.));
#6042 = ( GEOMETRIC_REPRESENTATION_CONTEXT(2) 
PARAMETRIC_REPRESENTATION_CONTEXT() REPRESENTATION_CONTEXT('2D SPACE',''
  ) );
#6043 = FACE_BOUND('',#6044,.F.);
#6044 = EDGE_LOOP('',(#6045));
#6045 = ORIENTED_EDGE('',*,*,#6046,.F.);
#6046 = EDGE_CURVE('',#6047,#6047,#6049,.T.);
#6047 = VERTEX_POINT('',#6048);
#6048 = CARTESIAN_POINT('',(101.7,110.,0.));
#6049 = SURFACE_CURVE('',#6050,(#6055,#6062),.PCURVE_S1.);
#6050 = CIRCLE('',#6051,1.7);
#6051 = AXIS2_PLACEMENT_3D('',#6052,#6053,#6054);
#6052 = CARTESIAN_POINT('',(100.,110.,0.));
#6053 = DIRECTION('',(0.,0.,1.));
#6054 = DIRECTION('',(1.,0.,-0.));
#6055 = PCURVE('',#72,#6056);
#6056 = DEFINITIONAL_REPRESENTATION('',(#6057),#6061);
#6057 = CIRCLE('',#6058,1.7);
#6058 = AXIS2_PLACEMENT_2D('',#6059,#6060);
#6059 = CARTESIAN_POINT('',(100.,110.));
#6060 = DIRECTION('',(1.,0.));
#6061 = ( GEOMETRIC_REPRESENTATION_CONTEXT(2) 
PARAMETRIC_REPRESENTATION_CONTEXT() REPRESENTATION_CONTEXT('2D SPACE',''
  ) );
#6062 = PCURVE('',#3302,#6063);
#6063 = DEFINITIONAL_REPRESENTATION('',(#6064),#6068);
#6064 = LINE('',#6065,#6066);
#6065 = CARTESIAN_POINT('',(0.,1.));
#6066 = VECTOR('',#6067,1.);
#6067 = DIRECTION('',(1.,0.));
#6068 = ( GEOMETRIC_REPRESENTATION_CONTEXT(2) 
PARAMETRIC_REPRESENTATION_CONTEXT() REPRESENTATION_CONTEXT('2D SPACE',''
  ) );
#6069 = FACE_BOUND('',#6070,.F.);
#6070 = EDGE_LOOP('',(#6071));
#6071 = ORIENTED_EDGE('',*,*,#6072,.F.);
#6072 = EDGE_CURVE('',#6073,#6073,#6075,.T.);
#6073 = VERTEX_POINT('',#6074);
#6074 = CARTESIAN_POINT('',(101.7,120.,0.));
#6075 = SURFACE_CURVE('',#6076,(#6081,#6088),.PCURVE_S1.);
#6076 = CIRCLE('',#6077,1.7);
#6077 = AXIS2_PLACEMENT_3D('',#6078,#6079,#6080);
#6078 = CARTESIAN_POINT('',(100.,120.,0.));
#6079 = DIRECTION('',(0.,0.,1.));
#6080 = DIRECTION('',(1.,0.,-0.));
#6081 = PCURVE('',#72,#6082);
#6082 = DEFINITIONAL_REPRESENTATION('',(#6083),#6087);
#6083 = CIRCLE('',#6084,1.7);
#6084 = AXIS2_PLACEMENT_2D('',#6085,#6086);
#6085 = CARTESIAN_POINT('',(100.,120.));
#6086 = DIRECTION('',(1.,0.));
#6087 = ( GEOMETRIC_REPRESENTATION_CONTEXT(2) 
PARAMETRIC_REPRESENTATION_CONTEXT() REPRESENTATION_CONTEXT('2D SPACE',''
  ) );
#6088 = PCURVE('',#3333,#6089);
#6089 = DEFINITIONAL_REPRESENTATION('',(#6090),#6094);
#6090 = LINE('',#6091,#6092);
#6091 = CARTESIAN_POINT('',(0.,1.));
#6092 = VECTOR('',#6093,1.);
#6093 = DIRECTION('',(1.,0.));
#6094 = ( GEOMETRIC_REPRESENTATION_CONTEXT(2) 
PARAMETRIC_REPRESENTATION_CONTEXT() REPRESENTATION_CONTEXT('2D SPACE',''
  ) );
#6095 = FACE_BOUND('',#6096,.F.);
#6096 = EDGE_LOOP('',(#6097));
#6097 = ORIENTED_EDGE('',*,*,#6098,.F.);
#6098 = EDGE_CURVE('',#6099,#6099,#6101,.T.);
#6099 = VERTEX_POINT('',#6100);
#6100 = CARTESIAN_POINT('',(121.7,110.,0.));
#6101 = SURFACE_CURVE('',#6102,(#6107,#6114),.PCURVE_S1.);
#6102 = CIRCLE('',#6103,1.7);
#6103 = AXIS2_PLACEMENT_3D('',#6104,#6105,#6106);
#6104 = CARTESIAN_POINT('',(120.,110.,0.));
#6105 = DIRECTION('',(0.,0.,1.));
#6106 = DIRECTION('',(1.,0.,-0.));
#6107 = PCURVE('',#72,#6108);
#6108 = DEFINITIONAL_REPRESENTATION('',(#6109),#6113);
#6109 = CIRCLE('',#6110,1.7);
#6110 = AXIS2_PLACEMENT_2D('',#6111,#6112);
#6111 = CARTESIAN_POINT('',(120.,110.));
#6112 = DIRECTION('',(1.,0.));
#6113 = ( GEOMETRIC_REPRESENTATION_CONTEXT(2) 
PARAMETRIC_REPRESENTATION_CONTEXT() REPRESENTATION_CONTEXT('2D SPACE',''
  ) );
#6114 = PCURVE('',#3364,#6115);
#6115 = DEFINITIONAL_REPRESENTATION('',(#6116),#6120);
#6116 = LINE('',#6117,#6118);
#6117 = CARTESIAN_POINT('',(0.,1.));
#6118 = VECTOR('',#6119,1.);
#6119 = DIRECTION('',(1.,0.));
#6120 = ( GEOMETRIC_REPRESENTATION_CONTEXT(2) 
PARAMETRIC_REPRESENTATION_CONTEXT() REPRESENTATION_CONTEXT('2D SPACE',''
  ) );
#6121 = FACE_BOUND('',#6122,.F.);
#6122 = EDGE_LOOP('',(#6123));
#6123 = ORIENTED_EDGE('',*,*,#6124,.F.);
#6124 = EDGE_CURVE('',#6125,#6125,#6127,.T.);
#6125 = VERTEX_POINT('',#6126);
#6126 = CARTESIAN_POINT('',(111.7,120.,0.));
#6127 = SURFACE_CURVE('',#6128,(#6133,#6140),.PCURVE_S1.);
#6128 = CIRCLE('',#6129,1.7);
#6129 = AXIS2_PLACEMENT_3D('',#6130,#6131,#6132);
#6130 = CARTESIAN_POINT('',(110.,120.,0.));
#6131 = DIRECTION('',(0.,0.,1.));
#6132 = DIRECTION('',(1.,0.,-0.));
#6133 = PCURVE('',#72,#6134);
#6134 = DEFINITIONAL_REPRESENTATION('',(#6135),#6139);
#6135 = CIRCLE('',#6136,1.7);
#6136 = AXIS2_PLACEMENT_2D('',#6137,#6138);
#6137 = CARTESIAN_POINT('',(110.,120.));
#6138 = DIRECTION('',(1.,0.));
#6139 = ( GEOMETRIC_REPRESENTATION_CONTEXT(2) 
PARAMETRIC_REPRESENTATION_CONTEXT() REPRESENTATION_CONTEXT('2D SPACE',''
  ) );
#6140 = PCURVE('',#3395,#6141);
#6141 = DEFINITIONAL_REPRESENTATION('',(#6142),#6146);
#6142 = LINE('',#6143,#6144);
#6143 = CARTESIAN_POINT('',(0.,1.));
#6144 = VECTOR('',#6145,1.);
#6145 = DIRECTION('',(1.,0.));
#6146 = ( GEOMETRIC_REPRESENTATION_CONTEXT(2) 
PARAMETRIC_REPRESENTATION_CONTEXT() REPRESENTATION_CONTEXT('2D SPACE',''
  ) );
#6147 = FACE_BOUND('',#6148,.F.);
#6148 = EDGE_LOOP('',(#6149));
#6149 = ORIENTED_EDGE('',*,*,#6150,.F.);
#6150 = EDGE_CURVE('',#6151,#6151,#6153,.T.);
#6151 = VERTEX_POINT('',#6152);
#6152 = CARTESIAN_POINT('',(121.7,120.,0.));
#6153 = SURFACE_CURVE('',#6154,(#6159,#6166),.PCURVE_S1.);
#6154 = CIRCLE('',#6155,1.7);
#6155 = AXIS2_PLACEMENT_3D('',#6156,#6157,#6158);
#6156 = CARTESIAN_POINT('',(120.,120.,0.));
#6157 = DIRECTION('',(0.,0.,1.));
#6158 = DIRECTION('',(1.,0.,-0.));
#6159 = PCURVE('',#72,#6160);
#6160 = DEFINITIONAL_REPRESENTATION('',(#6161),#6165);
#6161 = CIRCLE('',#6162,1.7);
#6162 = AXIS2_PLACEMENT_2D('',#6163,#6164);
#6163 = CARTESIAN_POINT('',(120.,120.));
#6164 = DIRECTION('',(1.,0.));
#6165 = ( GEOMETRIC_REPRESENTATION_CONTEXT(2) 
PARAMETRIC_REPRESENTATION_CONTEXT() REPRESENTATION_CONTEXT('2D SPACE',''
  ) );
#6166 = PCURVE('',#3426,#6167);
#6167 = DEFINITIONAL_REPRESENTATION('',(#6168),#6172);
#6168 = LINE('',#6169,#6170);
#6169 = CARTESIAN_POINT('',(0.,1.));
#6170 = VECTOR('',#6171,1.);
#6171 = DIRECTION('',(1.,0.));
#6172 = ( GEOMETRIC_REPRESENTATION_CONTEXT(2) 
PARAMETRIC_REPRESENTATION_CONTEXT() REPRESENTATION_CONTEXT('2D SPACE',''
  ) );
#6173 = ADVANCED_FACE('',(#6174),#202,.T.);
#6174 = FACE_BOUND('',#6175,.T.);
#6175 = EDGE_LOOP('',(#6176,#6177,#6178,#6179));
#6176 = ORIENTED_EDGE('',*,*,#188,.F.);
#6177 = ORIENTED_EDGE('',*,*,#3492,.T.);
#6178 = ORIENTED_EDGE('',*,*,#3466,.T.);
#6179 = ORIENTED_EDGE('',*,*,#219,.F.);
#6180 = ADVANCED_FACE('',(#6181),#282,.F.);
#6181 = FACE_BOUND('',#6182,.F.);
#6182 = EDGE_LOOP('',(#6183,#6184,#6205,#6206));
#6183 = ORIENTED_EDGE('',*,*,#265,.F.);
#6184 = ORIENTED_EDGE('',*,*,#6185,.F.);
#6185 = EDGE_CURVE('',#3517,#266,#6186,.T.);
#6186 = SEAM_CURVE('',#6187,(#6191,#6198),.PCURVE_S1.);
#6187 = LINE('',#6188,#6189);
#6188 = CARTESIAN_POINT('',(11.7,10.,-1.));
#6189 = VECTOR('',#6190,1.);
#6190 = DIRECTION('',(0.,0.,1.));
#6191 = PCURVE('',#282,#6192);
#6192 = DEFINITIONAL_REPRESENTATION('',(#6193),#6197);
#6193 = LINE('',#6194,#6195);
#6194 = CARTESIAN_POINT('',(6.28318530718,-0.));
#6195 = VECTOR('',#6196,1.);
#6196 = DIRECTION('',(0.,1.));
#6197 = ( GEOMETRIC_REPRESENTATION_CONTEXT(2) 
PARAMETRIC_REPRESENTATION_CONTEXT() REPRESENTATION_CONTEXT('2D SPACE',''
  ) );
#6198 = PCURVE('',#282,#6199);
#6199 = DEFINITIONAL_REPRESENTATION('',(#6200),#6204);
#6200 = LINE('',#6201,#6202);
#6201 = CARTESIAN_POINT('',(0.,-0.));
#6202 = VECTOR('',#6203,1.);
#6203 = DIRECTION('',(0.,1.));
#6204 = ( GEOMETRIC_REPRESENTATION_CONTEXT(2) 
PARAMETRIC_REPRESENTATION_CONTEXT() REPRESENTATION_CONTEXT('2D SPACE',''
  ) );
#6205 = ORIENTED_EDGE('',*,*,#3516,.T.);
#6206 = ORIENTED_EDGE('',*,*,#6185,.T.);
#6207 = ADVANCED_FACE('',(#6208),#313,.F.);
#6208 = FACE_BOUND('',#6209,.F.);
#6209 = EDGE_LOOP('',(#6210,#6211,#6232,#6233));
#6210 = ORIENTED_EDGE('',*,*,#296,.F.);
#6211 = ORIENTED_EDGE('',*,*,#6212,.F.);
#6212 = EDGE_CURVE('',#3543,#297,#6213,.T.);
#6213 = SEAM_CURVE('',#6214,(#6218,#6225),.PCURVE_S1.);
#6214 = LINE('',#6215,#6216);
#6215 = CARTESIAN_POINT('',(21.7,10.,-1.));
#6216 = VECTOR('',#6217,1.);
#6217 = DIRECTION('',(0.,0.,1.));
#6218 = PCURVE('',#313,#6219);
#6219 = DEFINITIONAL_REPRESENTATION('',(#6220),#6224);
#6220 = LINE('',#6221,#6222);
#6221 = CARTESIAN_POINT('',(6.28318530718,-0.));
#6222 = VECTOR('',#6223,1.);
#6223 = DIRECTION('',(0.,1.));
#6224 = ( GEOMETRIC_REPRESENTATION_CONTEXT(2) 
PARAMETRIC_REPRESENTATION_CONTEXT() REPRESENTATION_CONTEXT('2D SPACE',''
  ) );
#6225 = PCURVE('',#313,#6226);
#6226 = DEFINITIONAL_REPRESENTATION('',(#6227),#6231);
#6227 = LINE('',#6228,#6229);
#6228 = CARTESIAN_POINT('',(0.,-0.));
#6229 = VECTOR('',#6230,1.);
#6230 = DIRECTION('',(0.,1.));
#6231 = ( GEOMETRIC_REPRESENTATION_CONTEXT(2) 
PARAMETRIC_REPRESENTATION_CONTEXT() REPRESENTATION_CONTEXT('2D SPACE',''
  ) );
#6232 = ORIENTED_EDGE('',*,*,#3542,.T.);
#6233 = ORIENTED_EDGE('',*,*,#6212,.T.);
#6234 = ADVANCED_FACE('',(#6235),#344,.F.);
#6235 = FACE_BOUND('',#6236,.F.);
#6236 = EDGE_LOOP('',(#6237,#6238,#6259,#6260));
#6237 = ORIENTED_EDGE('',*,*,#327,.F.);
#6238 = ORIENTED_EDGE('',*,*,#6239,.F.);
#6239 = EDGE_CURVE('',#3569,#328,#6240,.T.);
#6240 = SEAM_CURVE('',#6241,(#6245,#6252),.PCURVE_S1.);
#6241 = LINE('',#6242,#6243);
#6242 = CARTESIAN_POINT('',(11.7,20.,-1.));
#6243 = VECTOR('',#6244,1.);
#6244 = DIRECTION('',(0.,0.,1.));
#6245 = PCURVE('',#344,#6246);
#6246 = DEFINITIONAL_REPRESENTATION('',(#6247),#6251);
#6247 = LINE('',#6248,#6249);
#6248 = CARTESIAN_POINT('',(6.28318530718,-0.));
#6249 = VECTOR('',#6250,1.);
#6250 = DIRECTION('',(0.,1.));
#6251 = ( GEOMETRIC_REPRESENTATION_CONTEXT(2) 
PARAMETRIC_REPRESENTATION_CONTEXT() REPRESENTATION_CONTEXT('2D SPACE',''
  ) );
#6252 = PCURVE('',#344,#6253);
#6253 = DEFINITIONAL_REPRESENTATION('',(#6254),#6258);
#6254 = LINE('',#6255,#6256);
#6255 = CARTESIAN_POINT('',(0.,-0.));
#6256 = VECTOR('',#6257,1.);
#6257 = DIRECTION('',(0.,1.));
#6258 = ( GEOMETRIC_REPRESENTATION_CONTEXT(2) 
PARAMETRIC_REPRESENTATION_CONTEXT() REPRESENTATION_CONTEXT('2D SPACE',''
  ) );
#6259 = ORIENTED_EDGE('',*,*,#3568,.T.);
#6260 = ORIENTED_EDGE('',*,*,#6239,.T.);
#6261 = ADVANCED_FACE('',(#6262),#375,.F.);
#6262 = FACE_BOUND('',#6263,.F.);
#6263 = EDGE_LOOP('',(#6264,#6265,#6286,#6287));
#6264 = ORIENTED_EDGE('',*,*,#358,.F.);
#6265 = ORIENTED_EDGE('',*,*,#6266,.F.);
#6266 = EDGE_CURVE('',#3595,#359,#6267,.T.);
#6267 = SEAM_CURVE('',#6268,(#6272,#6279),.PCURVE_S1.);
#6268 = LINE('',#6269,#6270);
#6269 = CARTESIAN_POINT('',(21.7,20.,-1.));
#6270 = VECTOR('',#6271,1.);
#6271 = DIRECTION('',(0.,0.,1.));
#6272 = PCURVE('',#375,#6273);
#6273 = DEFINITIONAL_REPRESENTATION('',(#6274),#6278);
#6274 = LINE('',#6275,#6276);
#6275 = CARTESIAN_POINT('',(6.28318530718,-0.));
#6276 = VECTOR('',#6277,1.);
#6277 = DIRECTION('',(0.,1.));
#6278 = ( GEOMETRIC_REPRESENTATION_CONTEXT(2) 
PARAMETRIC_REPRESENTATION_CONTEXT() REPRESENTATION_CONTEXT('2D SPACE',''
  ) );
#6279 = PCURVE('',#375,#6280);
#6280 = DEFINITIONAL_REPRESENTATION('',(#6281),#6285);
#6281 = LINE('',#6282,#6283);
#6282 = CARTESIAN_POINT('',(0.,-0.));
#6283 = VECTOR('',#6284,1.);
#6284 = DIRECTION('',(0.,1.));
#6285 = ( GEOMETRIC_REPRESENTATION_CONTEXT(2) 
PARAMETRIC_REPRESENTATION_CONTEXT() REPRESENTATION_CONTEXT('2D SPACE',''
  ) );
#6286 = ORIENTED_EDGE('',*,*,#3594,.T.);
#6287 = ORIENTED_EDGE('',*,*,#6266,.T.);
#6288 = ADVANCED_FACE('',(#6289),#406,.F.);
#6289 = FACE_BOUND('',#6290,.F.);
#6290 = EDGE_LOOP('',(#6291,#6292,#6313,#6314));
#6291 = ORIENTED_EDGE('',*,*,#389,.F.);
#6292 = ORIENTED_EDGE('',*,*,#6293,.F.);
#6293 = EDGE_CURVE('',#3621,#390,#6294,.T.);
#6294 = SEAM_CURVE('',#6295,(#6299,#6306),.PCURVE_S1.);
#6295 = LINE('',#6296,#6297);
#6296 = CARTESIAN_POINT('',(31.7,10.,-1.));
#6297 = VECTOR('',#6298,1.);
#6298 = DIRECTION('',(0.,0.,1.));
#6299 = PCURVE('',#406,#6300);
#6300 = DEFINITIONAL_REPRESENTATION('',(#6301),#6305);
#6301 = LINE('',#6302,#6303);
#6302 = CARTESIAN_POINT('',(6.28318530718,-0.));
#6303 = VECTOR('',#6304,1.);
#6304 = DIRECTION('',(0.,1.));
#6305 = ( GEOMETRIC_REPRESENTATION_CONTEXT(2) 
PARAMETRIC_REPRESENTATION_CONTEXT() REPRESENTATION_CONTEXT('2D SPACE',''
  ) );
#6306 = PCURVE('',#406,#6307);
#6307 = DEFINITIONAL_REPRESENTATION('',(#6308),#6312);
#6308 = LINE('',#6309,#6310);
#6309 = CARTESIAN_POINT('',(0.,-0.));
#6310 = VECTOR('',#6311,1.);
#6311 = DIRECTION('',(0.,1.));
#6312 = ( GEOMETRIC_REPRESENTATION_CONTEXT(2) 
PARAMETRIC_REPRESENTATION_CONTEXT() REPRESENTATION_CONTEXT('2D SPACE',''
  ) );
#6313 = ORIENTED_EDGE('',*,*,#3620,.T.);
#6314 = ORIENTED_EDGE('',*,*,#6293,.T.);
#6315 = ADVANCED_FACE('',(#6316),#437,.F.);
#6316 = FACE_BOUND('',#6317,.F.);
#6317 = EDGE_LOOP('',(#6318,#6319,#6340,#6341));
#6318 = ORIENTED_EDGE('',*,*,#420,.F.);
#6319 = ORIENTED_EDGE('',*,*,#6320,.F.);
#6320 = EDGE_CURVE('',#3647,#421,#6321,.T.);
#6321 = SEAM_CURVE('',#6322,(#6326,#6333),.PCURVE_S1.);
#6322 = LINE('',#6323,#6324);
#6323 = CARTESIAN_POINT('',(31.7,20.,-1.));
#6324 = VECTOR('',#6325,1.);
#6325 = DIRECTION('',(0.,0.,1.));
#6326 = PCURVE('',#437,#6327);
#6327 = DEFINITIONAL_REPRESENTATION('',(#6328),#6332);
#6328 = LINE('',#6329,#6330);
#6329 = CARTESIAN_POINT('',(6.28318530718,-0.));
#6330 = VECTOR('',#6331,1.);
#6331 = DIRECTION('',(0.,1.));
#6332 = ( GEOMETRIC_REPRESENTATION_CONTEXT(2) 
PARAMETRIC_REPRESENTATION_CONTEXT() REPRESENTATION_CONTEXT('2D SPACE',''
  ) );
#6333 = PCURVE('',#437,#6334);
#6334 = DEFINITIONAL_REPRESENTATION('',(#6335),#6339);
#6335 = LINE('',#6336,#6337);
#6336 = CARTESIAN_POINT('',(0.,-0.));
#6337 = VECTOR('',#6338,1.);
#6338 = DIRECTION('',(0.,1.));
#6339 = ( GEOMETRIC_REPRESENTATION_CONTEXT(2) 
PARAMETRIC_REPRESENTATION_CONTEXT() REPRESENTATION_CONTEXT('2D SPACE',''
  ) );
#6340 = ORIENTED_EDGE('',*,*,#3646,.T.);
#6341 = ORIENTED_EDGE('',*,*,#6320,.T.);
#6342 = ADVANCED_FACE('',(#6343),#468,.F.);
#6343 = FACE_BOUND('',#6344,.F.);
#6344 = EDGE_LOOP('',(#6345,#6346,#6367,#6368));
#6345 = ORIENTED_EDGE('',*,*,#451,.F.);
#6346 = ORIENTED_EDGE('',*,*,#6347,.F.);
#6347 = EDGE_CURVE('',#3673,#452,#6348,.T.);
#6348 = SEAM_CURVE('',#6349,(#6353,#6360),.PCURVE_S1.);
#6349 = LINE('',#6350,#6351);
#6350 = CARTESIAN_POINT('',(11.7,30.,-1.));
#6351 = VECTOR('',#6352,1.);
#6352 = DIRECTION('',(0.,0.,1.));
#6353 = PCURVE('',#468,#6354);
#6354 = DEFINITIONAL_REPRESENTATION('',(#6355),#6359);
#6355 = LINE('',#6356,#6357);
#6356 = CARTESIAN_POINT('',(6.28318530718,-0.));
#6357 = VECTOR('',#6358,1.);
#6358 = DIRECTION('',(0.,1.));
#6359 = ( GEOMETRIC_REPRESENTATION_CONTEXT(2) 
PARAMETRIC_REPRESENTATION_CONTEXT() REPRESENTATION_CONTEXT('2D SPACE',''
  ) );
#6360 = PCURVE('',#468,#6361);
#6361 = DEFINITIONAL_REPRESENTATION('',(#6362),#6366);
#6362 = LINE('',#6363,#6364);
#6363 = CARTESIAN_POINT('',(0.,-0.));
#6364 = VECTOR('',#6365,1.);
#6365 = DIRECTION('',(0.,1.));
#6366 = ( GEOMETRIC_REPRESENTATION_CONTEXT(2) 
PARAMETRIC_REPRESENTATION_CONTEXT() REPRESENTATION_CONTEXT('2D SPACE',''
  ) );
#6367 = ORIENTED_EDGE('',*,*,#3672,.T.);
#6368 = ORIENTED_EDGE('',*,*,#6347,.T.);
#6369 = ADVANCED_FACE('',(#6370),#499,.F.);
#6370 = FACE_BOUND('',#6371,.F.);
#6371 = EDGE_LOOP('',(#6372,#6373,#6394,#6395));
#6372 = ORIENTED_EDGE('',*,*,#482,.F.);
#6373 = ORIENTED_EDGE('',*,*,#6374,.F.);
#6374 = EDGE_CURVE('',#3699,#483,#6375,.T.);
#6375 = SEAM_CURVE('',#6376,(#6380,#6387),.PCURVE_S1.);
#6376 = LINE('',#6377,#6378);
#6377 = CARTESIAN_POINT('',(21.7,30.,-1.));
#6378 = VECTOR('',#6379,1.);
#6379 = DIRECTION('',(0.,0.,1.));
#6380 = PCURVE('',#499,#6381);
#6381 = DEFINITIONAL_REPRESENTATION('',(#6382),#6386);
#6382 = LINE('',#6383,#6384);
#6383 = CARTESIAN_POINT('',(6.28318530718,-0.));
#6384 = VECTOR('',#6385,1.);
#6385 = DIRECTION('',(0.,1.));
#6386 = ( GEOMETRIC_REPRESENTATION_CONTEXT(2) 
PARAMETRIC_REPRESENTATION_CONTEXT() REPRESENTATION_CONTEXT('2D SPACE',''
  ) );
#6387 = PCURVE('',#499,#6388);
#6388 = DEFINITIONAL_REPRESENTATION('',(#6389),#6393);
#6389 = LINE('',#6390,#6391);
#6390 = CARTESIAN_POINT('',(0.,-0.));
#6391 = VECTOR('',#6392,1.);
#6392 = DIRECTION('',(0.,1.));
#6393 = ( GEOMETRIC_REPRESENTATION_CONTEXT(2) 
PARAMETRIC_REPRESENTATION_CONTEXT() REPRESENTATION_CONTEXT('2D SPACE',''
  ) );
#6394 = ORIENTED_EDGE('',*,*,#3698,.T.);
#6395 = ORIENTED_EDGE('',*,*,#6374,.T.);
#6396 = ADVANCED_FACE('',(#6397),#530,.F.);
#6397 = FACE_BOUND('',#6398,.F.);
#6398 = EDGE_LOOP('',(#6399,#6400,#6421,#6422));
#6399 = ORIENTED_EDGE('',*,*,#513,.F.);
#6400 = ORIENTED_EDGE('',*,*,#6401,.F.);
#6401 = EDGE_CURVE('',#3725,#514,#6402,.T.);
#6402 = SEAM_CURVE('',#6403,(#6407,#6414),.PCURVE_S1.);
#6403 = LINE('',#6404,#6405);
#6404 = CARTESIAN_POINT('',(31.7,30.,-1.));
#6405 = VECTOR('',#6406,1.);
#6406 = DIRECTION('',(0.,0.,1.));
#6407 = PCURVE('',#530,#6408);
#6408 = DEFINITIONAL_REPRESENTATION('',(#6409),#6413);
#6409 = LINE('',#6410,#6411);
#6410 = CARTESIAN_POINT('',(6.28318530718,-0.));
#6411 = VECTOR('',#6412,1.);
#6412 = DIRECTION('',(0.,1.));
#6413 = ( GEOMETRIC_REPRESENTATION_CONTEXT(2) 
PARAMETRIC_REPRESENTATION_CONTEXT() REPRESENTATION_CONTEXT('2D SPACE',''
  ) );
#6414 = PCURVE('',#530,#6415);
#6415 = DEFINITIONAL_REPRESENTATION('',(#6416),#6420);
#6416 = LINE('',#6417,#6418);
#6417 = CARTESIAN_POINT('',(0.,-0.));
#6418 = VECTOR('',#6419,1.);
#6419 = DIRECTION('',(0.,1.));
#6420 = ( GEOMETRIC_REPRESENTATION_CONTEXT(2) 
PARAMETRIC_REPRESENTATION_CONTEXT() REPRESENTATION_CONTEXT('2D SPACE',''
  ) );
#6421 = ORIENTED_EDGE('',*,*,#3724,.T.);
#6422 = ORIENTED_EDGE('',*,*,#6401,.T.);
#6423 = ADVANCED_FACE('',(#6424),#561,.F.);
#6424 = FACE_BOUND('',#6425,.F.);
#6425 = EDGE_LOOP('',(#6426,#6427,#6448,#6449));
#6426 = ORIENTED_EDGE('',*,*,#544,.F.);
#6427 = ORIENTED_EDGE('',*,*,#6428,.F.);
#6428 = EDGE_CURVE('',#3751,#545,#6429,.T.);
#6429 = SEAM_CURVE('',#6430,(#6434,#6441),.PCURVE_S1.);
#6430 = LINE('',#6431,#6432);
#6431 = CARTESIAN_POINT('',(41.7,10.,-1.));
#6432 = VECTOR('',#6433,1.);
#6433 = DIRECTION('',(0.,0.,1.));
#6434 = PCURVE('',#561,#6435);
#6435 = DEFINITIONAL_REPRESENTATION('',(#6436),#6440);
#6436 = LINE('',#6437,#6438);
#6437 = CARTESIAN_POINT('',(6.28318530718,-0.));
#6438 = VECTOR('',#6439,1.);
#6439 = DIRECTION('',(0.,1.));
#6440 = ( GEOMETRIC_REPRESENTATION_CONTEXT(2) 
PARAMETRIC_REPRESENTATION_CONTEXT() REPRESENTATION_CONTEXT('2D SPACE',''
  ) );
#6441 = PCURVE('',#561,#6442);
#6442 = DEFINITIONAL_REPRESENTATION('',(#6443),#6447);
#6443 = LINE('',#6444,#6445);
#6444 = CARTESIAN_POINT('',(0.,-0.));
#6445 = VECTOR('',#6446,1.);
#6446 = DIRECTION('',(0.,1.));
#6447 = ( GEOMETRIC_REPRESENTATION_CONTEXT(2) 
PARAMETRIC_REPRESENTATION_CONTEXT() REPRESENTATION_CONTEXT('2D SPACE',''
  ) );
#6448 = ORIENTED_EDGE('',*,*,#3750,.T.);
#6449 = ORIENTED_EDGE('',*,*,#6428,.T.);
#6450 = ADVANCED_FACE('',(#6451),#592,.F.);
#6451 = FACE_BOUND('',#6452,.F.);
#6452 = EDGE_LOOP('',(#6453,#6454,#6475,#6476));
#6453 = ORIENTED_EDGE('',*,*,#575,.F.);
#6454 = ORIENTED_EDGE('',*,*,#6455,.F.);
#6455 = EDGE_CURVE('',#3777,#576,#6456,.T.);
#6456 = SEAM_CURVE('',#6457,(#6461,#6468),.PCURVE_S1.);
#6457 = LINE('',#6458,#6459);
#6458 = CARTESIAN_POINT('',(50.7,15.,-1.));
#6459 = VECTOR('',#6460,1.);
#6460 = DIRECTION('',(0.,0.,1.));
#6461 = PCURVE('',#592,#6462);
#6462 = DEFINITIONAL_REPRESENTATION('',(#6463),#6467);
#6463 = LINE('',#6464,#6465);
#6464 = CARTESIAN_POINT('',(6.28318530718,-0.));
#6465 = VECTOR('',#6466,1.);
#6466 = DIRECTION('',(0.,1.));
#6467 = ( GEOMETRIC_REPRESENTATION_CONTEXT(2) 
PARAMETRIC_REPRESENTATION_CONTEXT() REPRESENTATION_CONTEXT('2D SPACE',''
  ) );
#6468 = PCURVE('',#592,#6469);
#6469 = DEFINITIONAL_REPRESENTATION('',(#6470),#6474);
#6470 = LINE('',#6471,#6472);
#6471 = CARTESIAN_POINT('',(0.,-0.));
#6472 = VECTOR('',#6473,1.);
#6473 = DIRECTION('',(0.,1.));
#6474 = ( GEOMETRIC_REPRESENTATION_CONTEXT(2) 
PARAMETRIC_REPRESENTATION_CONTEXT() REPRESENTATION_CONTEXT('2D SPACE',''
  ) );
#6475 = ORIENTED_EDGE('',*,*,#3776,.T.);
#6476 = ORIENTED_EDGE('',*,*,#6455,.T.);
#6477 = ADVANCED_FACE('',(#6478),#623,.F.);
#6478 = FACE_BOUND('',#6479,.F.);
#6479 = EDGE_LOOP('',(#6480,#6481,#6502,#6503));
#6480 = ORIENTED_EDGE('',*,*,#606,.F.);
#6481 = ORIENTED_EDGE('',*,*,#6482,.F.);
#6482 = EDGE_CURVE('',#3803,#607,#6483,.T.);
#6483 = SEAM_CURVE('',#6484,(#6488,#6495),.PCURVE_S1.);
#6484 = LINE('',#6485,#6486);
#6485 = CARTESIAN_POINT('',(41.7,20.,-1.));
#6486 = VECTOR('',#6487,1.);
#6487 = DIRECTION('',(0.,0.,1.));
#6488 = PCURVE('',#623,#6489);
#6489 = DEFINITIONAL_REPRESENTATION('',(#6490),#6494);
#6490 = LINE('',#6491,#6492);
#6491 = CARTESIAN_POINT('',(6.28318530718,-0.));
#6492 = VECTOR('',#6493,1.);
#6493 = DIRECTION('',(0.,1.));
#6494 = ( GEOMETRIC_REPRESENTATION_CONTEXT(2) 
PARAMETRIC_REPRESENTATION_CONTEXT() REPRESENTATION_CONTEXT('2D SPACE',''
  ) );
#6495 = PCURVE('',#623,#6496);
#6496 = DEFINITIONAL_REPRESENTATION('',(#6497),#6501);
#6497 = LINE('',#6498,#6499);
#6498 = CARTESIAN_POINT('',(0.,-0.));
#6499 = VECTOR('',#6500,1.);
#6500 = DIRECTION('',(0.,1.));
#6501 = ( GEOMETRIC_REPRESENTATION_CONTEXT(2) 
PARAMETRIC_REPRESENTATION_CONTEXT() REPRESENTATION_CONTEXT('2D SPACE',''
  ) );
#6502 = ORIENTED_EDGE('',*,*,#3802,.T.);
#6503 = ORIENTED_EDGE('',*,*,#6482,.T.);
#6504 = ADVANCED_FACE('',(#6505),#654,.F.);
#6505 = FACE_BOUND('',#6506,.F.);
#6506 = EDGE_LOOP('',(#6507,#6508,#6529,#6530));
#6507 = ORIENTED_EDGE('',*,*,#637,.F.);
#6508 = ORIENTED_EDGE('',*,*,#6509,.F.);
#6509 = EDGE_CURVE('',#3829,#638,#6510,.T.);
#6510 = SEAM_CURVE('',#6511,(#6515,#6522),.PCURVE_S1.);
#6511 = LINE('',#6512,#6513);
#6512 = CARTESIAN_POINT('',(61.7,10.,-1.));
#6513 = VECTOR('',#6514,1.);
#6514 = DIRECTION('',(0.,0.,1.));
#6515 = PCURVE('',#654,#6516);
#6516 = DEFINITIONAL_REPRESENTATION('',(#6517),#6521);
#6517 = LINE('',#6518,#6519);
#6518 = CARTESIAN_POINT('',(6.28318530718,-0.));
#6519 = VECTOR('',#6520,1.);
#6520 = DIRECTION('',(0.,1.));
#6521 = ( GEOMETRIC_REPRESENTATION_CONTEXT(2) 
PARAMETRIC_REPRESENTATION_CONTEXT() REPRESENTATION_CONTEXT('2D SPACE',''
  ) );
#6522 = PCURVE('',#654,#6523);
#6523 = DEFINITIONAL_REPRESENTATION('',(#6524),#6528);
#6524 = LINE('',#6525,#6526);
#6525 = CARTESIAN_POINT('',(0.,-0.));
#6526 = VECTOR('',#6527,1.);
#6527 = DIRECTION('',(0.,1.));
#6528 = ( GEOMETRIC_REPRESENTATION_CONTEXT(2) 
PARAMETRIC_REPRESENTATION_CONTEXT() REPRESENTATION_CONTEXT('2D SPACE',''
  ) );
#6529 = ORIENTED_EDGE('',*,*,#3828,.T.);
#6530 = ORIENTED_EDGE('',*,*,#6509,.T.);
#6531 = ADVANCED_FACE('',(#6532),#685,.F.);
#6532 = FACE_BOUND('',#6533,.F.);
#6533 = EDGE_LOOP('',(#6534,#6535,#6556,#6557));
#6534 = ORIENTED_EDGE('',*,*,#668,.F.);
#6535 = ORIENTED_EDGE('',*,*,#6536,.F.);
#6536 = EDGE_CURVE('',#3855,#669,#6537,.T.);
#6537 = SEAM_CURVE('',#6538,(#6542,#6549),.PCURVE_S1.);
#6538 = LINE('',#6539,#6540);
#6539 = CARTESIAN_POINT('',(61.7,20.,-1.));
#6540 = VECTOR('',#6541,1.);
#6541 = DIRECTION('',(0.,0.,1.));
#6542 = PCURVE('',#685,#6543);
#6543 = DEFINITIONAL_REPRESENTATION('',(#6544),#6548);
#6544 = LINE('',#6545,#6546);
#6545 = CARTESIAN_POINT('',(6.28318530718,-0.));
#6546 = VECTOR('',#6547,1.);
#6547 = DIRECTION('',(0.,1.));
#6548 = ( GEOMETRIC_REPRESENTATION_CONTEXT(2) 
PARAMETRIC_REPRESENTATION_CONTEXT() REPRESENTATION_CONTEXT('2D SPACE',''
  ) );
#6549 = PCURVE('',#685,#6550);
#6550 = DEFINITIONAL_REPRESENTATION('',(#6551),#6555);
#6551 = LINE('',#6552,#6553);
#6552 = CARTESIAN_POINT('',(0.,-0.));
#6553 = VECTOR('',#6554,1.);
#6554 = DIRECTION('',(0.,1.));
#6555 = ( GEOMETRIC_REPRESENTATION_CONTEXT(2) 
PARAMETRIC_REPRESENTATION_CONTEXT() REPRESENTATION_CONTEXT('2D SPACE',''
  ) );
#6556 = ORIENTED_EDGE('',*,*,#3854,.T.);
#6557 = ORIENTED_EDGE('',*,*,#6536,.T.);
#6558 = ADVANCED_FACE('',(#6559),#716,.F.);
#6559 = FACE_BOUND('',#6560,.F.);
#6560 = EDGE_LOOP('',(#6561,#6562,#6583,#6584));
#6561 = ORIENTED_EDGE('',*,*,#699,.F.);
#6562 = ORIENTED_EDGE('',*,*,#6563,.F.);
#6563 = EDGE_CURVE('',#3881,#700,#6564,.T.);
#6564 = SEAM_CURVE('',#6565,(#6569,#6576),.PCURVE_S1.);
#6565 = LINE('',#6566,#6567);
#6566 = CARTESIAN_POINT('',(41.7,30.,-1.));
#6567 = VECTOR('',#6568,1.);
#6568 = DIRECTION('',(0.,0.,1.));
#6569 = PCURVE('',#716,#6570);
#6570 = DEFINITIONAL_REPRESENTATION('',(#6571),#6575);
#6571 = LINE('',#6572,#6573);
#6572 = CARTESIAN_POINT('',(6.28318530718,-0.));
#6573 = VECTOR('',#6574,1.);
#6574 = DIRECTION('',(0.,1.));
#6575 = ( GEOMETRIC_REPRESENTATION_CONTEXT(2) 
PARAMETRIC_REPRESENTATION_CONTEXT() REPRESENTATION_CONTEXT('2D SPACE',''
  ) );
#6576 = PCURVE('',#716,#6577);
#6577 = DEFINITIONAL_REPRESENTATION('',(#6578),#6582);
#6578 = LINE('',#6579,#6580);
#6579 = CARTESIAN_POINT('',(0.,-0.));
#6580 = VECTOR('',#6581,1.);
#6581 = DIRECTION('',(0.,1.));
#6582 = ( GEOMETRIC_REPRESENTATION_CONTEXT(2) 
PARAMETRIC_REPRESENTATION_CONTEXT() REPRESENTATION_CONTEXT('2D SPACE',''
  ) );
#6583 = ORIENTED_EDGE('',*,*,#3880,.T.);
#6584 = ORIENTED_EDGE('',*,*,#6563,.T.);
#6585 = ADVANCED_FACE('',(#6586),#747,.F.);
#6586 = FACE_BOUND('',#6587,.F.);
#6587 = EDGE_LOOP('',(#6588,#6589,#6610,#6611));
#6588 = ORIENTED_EDGE('',*,*,#730,.F.);
#6589 = ORIENTED_EDGE('',*,*,#6590,.F.);
#6590 = EDGE_CURVE('',#3907,#731,#6591,.T.);
#6591 = SEAM_CURVE('',#6592,(#6596,#6603),.PCURVE_S1.);
#6592 = LINE('',#6593,#6594);
#6593 = CARTESIAN_POINT('',(51.7,30.,-1.));
#6594 = VECTOR('',#6595,1.);
#6595 = DIRECTION('',(0.,0.,1.));
#6596 = PCURVE('',#747,#6597);
#6597 = DEFINITIONAL_REPRESENTATION('',(#6598),#6602);
#6598 = LINE('',#6599,#6600);
#6599 = CARTESIAN_POINT('',(6.28318530718,-0.));
#6600 = VECTOR('',#6601,1.);
#6601 = DIRECTION('',(0.,1.));
#6602 = ( GEOMETRIC_REPRESENTATION_CONTEXT(2) 
PARAMETRIC_REPRESENTATION_CONTEXT() REPRESENTATION_CONTEXT('2D SPACE',''
  ) );
#6603 = PCURVE('',#747,#6604);
#6604 = DEFINITIONAL_REPRESENTATION('',(#6605),#6609);
#6605 = LINE('',#6606,#6607);
#6606 = CARTESIAN_POINT('',(0.,-0.));
#6607 = VECTOR('',#6608,1.);
#6608 = DIRECTION('',(0.,1.));
#6609 = ( GEOMETRIC_REPRESENTATION_CONTEXT(2) 
PARAMETRIC_REPRESENTATION_CONTEXT() REPRESENTATION_CONTEXT('2D SPACE',''
  ) );
#6610 = ORIENTED_EDGE('',*,*,#3906,.T.);
#6611 = ORIENTED_EDGE('',*,*,#6590,.T.);
#6612 = ADVANCED_FACE('',(#6613),#778,.F.);
#6613 = FACE_BOUND('',#6614,.F.);
#6614 = EDGE_LOOP('',(#6615,#6616,#6637,#6638));
#6615 = ORIENTED_EDGE('',*,*,#761,.F.);
#6616 = ORIENTED_EDGE('',*,*,#6617,.F.);
#6617 = EDGE_CURVE('',#3933,#762,#6618,.T.);
#6618 = SEAM_CURVE('',#6619,(#6623,#6630),.PCURVE_S1.);
#6619 = LINE('',#6620,#6621);
#6620 = CARTESIAN_POINT('',(61.7,30.,-1.));
#6621 = VECTOR('',#6622,1.);
#6622 = DIRECTION('',(0.,0.,1.));
#6623 = PCURVE('',#778,#6624);
#6624 = DEFINITIONAL_REPRESENTATION('',(#6625),#6629);
#6625 = LINE('',#6626,#6627);
#6626 = CARTESIAN_POINT('',(6.28318530718,-0.));
#6627 = VECTOR('',#6628,1.);
#6628 = DIRECTION('',(0.,1.));
#6629 = ( GEOMETRIC_REPRESENTATION_CONTEXT(2) 
PARAMETRIC_REPRESENTATION_CONTEXT() REPRESENTATION_CONTEXT('2D SPACE',''
  ) );
#6630 = PCURVE('',#778,#6631);
#6631 = DEFINITIONAL_REPRESENTATION('',(#6632),#6636);
#6632 = LINE('',#6633,#6634);
#6633 = CARTESIAN_POINT('',(0.,-0.));
#6634 = VECTOR('',#6635,1.);
#6635 = DIRECTION('',(0.,1.));
#6636 = ( GEOMETRIC_REPRESENTATION_CONTEXT(2) 
PARAMETRIC_REPRESENTATION_CONTEXT() REPRESENTATION_CONTEXT('2D SPACE',''
  ) );
#6637 = ORIENTED_EDGE('',*,*,#3932,.T.);
#6638 = ORIENTED_EDGE('',*,*,#6617,.T.);
#6639 = ADVANCED_FACE('',(#6640),#809,.F.);
#6640 = FACE_BOUND('',#6641,.F.);
#6641 = EDGE_LOOP('',(#6642,#6643,#6664,#6665));
#6642 = ORIENTED_EDGE('',*,*,#792,.F.);
#6643 = ORIENTED_EDGE('',*,*,#6644,.F.);
#6644 = EDGE_CURVE('',#3959,#793,#6645,.T.);
#6645 = SEAM_CURVE('',#6646,(#6650,#6657),.PCURVE_S1.);
#6646 = LINE('',#6647,#6648);
#6647 = CARTESIAN_POINT('',(11.7,40.,-1.));
#6648 = VECTOR('',#6649,1.);
#6649 = DIRECTION('',(0.,0.,1.));
#6650 = PCURVE('',#809,#6651);
#6651 = DEFINITIONAL_REPRESENTATION('',(#6652),#6656);
#6652 = LINE('',#6653,#6654);
#6653 = CARTESIAN_POINT('',(6.28318530718,-0.));
#6654 = VECTOR('',#6655,1.);
#6655 = DIRECTION('',(0.,1.));
#6656 = ( GEOMETRIC_REPRESENTATION_CONTEXT(2) 
PARAMETRIC_REPRESENTATION_CONTEXT() REPRESENTATION_CONTEXT('2D SPACE',''
  ) );
#6657 = PCURVE('',#809,#6658);
#6658 = DEFINITIONAL_REPRESENTATION('',(#6659),#6663);
#6659 = LINE('',#6660,#6661);
#6660 = CARTESIAN_POINT('',(0.,-0.));
#6661 = VECTOR('',#6662,1.);
#6662 = DIRECTION('',(0.,1.));
#6663 = ( GEOMETRIC_REPRESENTATION_CONTEXT(2) 
PARAMETRIC_REPRESENTATION_CONTEXT() REPRESENTATION_CONTEXT('2D SPACE',''
  ) );
#6664 = ORIENTED_EDGE('',*,*,#3958,.T.);
#6665 = ORIENTED_EDGE('',*,*,#6644,.T.);
#6666 = ADVANCED_FACE('',(#6667),#840,.F.);
#6667 = FACE_BOUND('',#6668,.F.);
#6668 = EDGE_LOOP('',(#6669,#6670,#6691,#6692));
#6669 = ORIENTED_EDGE('',*,*,#823,.F.);
#6670 = ORIENTED_EDGE('',*,*,#6671,.F.);
#6671 = EDGE_CURVE('',#3985,#824,#6672,.T.);
#6672 = SEAM_CURVE('',#6673,(#6677,#6684),.PCURVE_S1.);
#6673 = LINE('',#6674,#6675);
#6674 = CARTESIAN_POINT('',(21.7,40.,-1.));
#6675 = VECTOR('',#6676,1.);
#6676 = DIRECTION('',(0.,0.,1.));
#6677 = PCURVE('',#840,#6678);
#6678 = DEFINITIONAL_REPRESENTATION('',(#6679),#6683);
#6679 = LINE('',#6680,#6681);
#6680 = CARTESIAN_POINT('',(6.28318530718,-0.));
#6681 = VECTOR('',#6682,1.);
#6682 = DIRECTION('',(0.,1.));
#6683 = ( GEOMETRIC_REPRESENTATION_CONTEXT(2) 
PARAMETRIC_REPRESENTATION_CONTEXT() REPRESENTATION_CONTEXT('2D SPACE',''
  ) );
#6684 = PCURVE('',#840,#6685);
#6685 = DEFINITIONAL_REPRESENTATION('',(#6686),#6690);
#6686 = LINE('',#6687,#6688);
#6687 = CARTESIAN_POINT('',(0.,-0.));
#6688 = VECTOR('',#6689,1.);
#6689 = DIRECTION('',(0.,1.));
#6690 = ( GEOMETRIC_REPRESENTATION_CONTEXT(2) 
PARAMETRIC_REPRESENTATION_CONTEXT() REPRESENTATION_CONTEXT('2D SPACE',''
  ) );
#6691 = ORIENTED_EDGE('',*,*,#3984,.T.);
#6692 = ORIENTED_EDGE('',*,*,#6671,.T.);
#6693 = ADVANCED_FACE('',(#6694),#871,.F.);
#6694 = FACE_BOUND('',#6695,.F.);
#6695 = EDGE_LOOP('',(#6696,#6697,#6718,#6719));
#6696 = ORIENTED_EDGE('',*,*,#854,.F.);
#6697 = ORIENTED_EDGE('',*,*,#6698,.F.);
#6698 = EDGE_CURVE('',#4011,#855,#6699,.T.);
#6699 = SEAM_CURVE('',#6700,(#6704,#6711),.PCURVE_S1.);
#6700 = LINE('',#6701,#6702);
#6701 = CARTESIAN_POINT('',(11.7,50.,-1.));
#6702 = VECTOR('',#6703,1.);
#6703 = DIRECTION('',(0.,0.,1.));
#6704 = PCURVE('',#871,#6705);
#6705 = DEFINITIONAL_REPRESENTATION('',(#6706),#6710);
#6706 = LINE('',#6707,#6708);
#6707 = CARTESIAN_POINT('',(6.28318530718,-0.));
#6708 = VECTOR('',#6709,1.);
#6709 = DIRECTION('',(0.,1.));
#6710 = ( GEOMETRIC_REPRESENTATION_CONTEXT(2) 
PARAMETRIC_REPRESENTATION_CONTEXT() REPRESENTATION_CONTEXT('2D SPACE',''
  ) );
#6711 = PCURVE('',#871,#6712);
#6712 = DEFINITIONAL_REPRESENTATION('',(#6713),#6717);
#6713 = LINE('',#6714,#6715);
#6714 = CARTESIAN_POINT('',(0.,-0.));
#6715 = VECTOR('',#6716,1.);
#6716 = DIRECTION('',(0.,1.));
#6717 = ( GEOMETRIC_REPRESENTATION_CONTEXT(2) 
PARAMETRIC_REPRESENTATION_CONTEXT() REPRESENTATION_CONTEXT('2D SPACE',''
  ) );
#6718 = ORIENTED_EDGE('',*,*,#4010,.T.);
#6719 = ORIENTED_EDGE('',*,*,#6698,.T.);
#6720 = ADVANCED_FACE('',(#6721),#902,.F.);
#6721 = FACE_BOUND('',#6722,.F.);
#6722 = EDGE_LOOP('',(#6723,#6724,#6745,#6746));
#6723 = ORIENTED_EDGE('',*,*,#885,.F.);
#6724 = ORIENTED_EDGE('',*,*,#6725,.F.);
#6725 = EDGE_CURVE('',#4037,#886,#6726,.T.);
#6726 = SEAM_CURVE('',#6727,(#6731,#6738),.PCURVE_S1.);
#6727 = LINE('',#6728,#6729);
#6728 = CARTESIAN_POINT('',(21.7,50.,-1.));
#6729 = VECTOR('',#6730,1.);
#6730 = DIRECTION('',(0.,0.,1.));
#6731 = PCURVE('',#902,#6732);
#6732 = DEFINITIONAL_REPRESENTATION('',(#6733),#6737);
#6733 = LINE('',#6734,#6735);
#6734 = CARTESIAN_POINT('',(6.28318530718,-0.));
#6735 = VECTOR('',#6736,1.);
#6736 = DIRECTION('',(0.,1.));
#6737 = ( GEOMETRIC_REPRESENTATION_CONTEXT(2) 
PARAMETRIC_REPRESENTATION_CONTEXT() REPRESENTATION_CONTEXT('2D SPACE',''
  ) );
#6738 = PCURVE('',#902,#6739);
#6739 = DEFINITIONAL_REPRESENTATION('',(#6740),#6744);
#6740 = LINE('',#6741,#6742);
#6741 = CARTESIAN_POINT('',(0.,-0.));
#6742 = VECTOR('',#6743,1.);
#6743 = DIRECTION('',(0.,1.));
#6744 = ( GEOMETRIC_REPRESENTATION_CONTEXT(2) 
PARAMETRIC_REPRESENTATION_CONTEXT() REPRESENTATION_CONTEXT('2D SPACE',''
  ) );
#6745 = ORIENTED_EDGE('',*,*,#4036,.T.);
#6746 = ORIENTED_EDGE('',*,*,#6725,.T.);
#6747 = ADVANCED_FACE('',(#6748),#933,.F.);
#6748 = FACE_BOUND('',#6749,.F.);
#6749 = EDGE_LOOP('',(#6750,#6751,#6772,#6773));
#6750 = ORIENTED_EDGE('',*,*,#916,.F.);
#6751 = ORIENTED_EDGE('',*,*,#6752,.F.);
#6752 = EDGE_CURVE('',#4063,#917,#6753,.T.);
#6753 = SEAM_CURVE('',#6754,(#6758,#6765),.PCURVE_S1.);
#6754 = LINE('',#6755,#6756);
#6755 = CARTESIAN_POINT('',(31.7,40.,-1.));
#6756 = VECTOR('',#6757,1.);
#6757 = DIRECTION('',(0.,0.,1.));
#6758 = PCURVE('',#933,#6759);
#6759 = DEFINITIONAL_REPRESENTATION('',(#6760),#6764);
#6760 = LINE('',#6761,#6762);
#6761 = CARTESIAN_POINT('',(6.28318530718,-0.));
#6762 = VECTOR('',#6763,1.);
#6763 = DIRECTION('',(0.,1.));
#6764 = ( GEOMETRIC_REPRESENTATION_CONTEXT(2) 
PARAMETRIC_REPRESENTATION_CONTEXT() REPRESENTATION_CONTEXT('2D SPACE',''
  ) );
#6765 = PCURVE('',#933,#6766);
#6766 = DEFINITIONAL_REPRESENTATION('',(#6767),#6771);
#6767 = LINE('',#6768,#6769);
#6768 = CARTESIAN_POINT('',(0.,-0.));
#6769 = VECTOR('',#6770,1.);
#6770 = DIRECTION('',(0.,1.));
#6771 = ( GEOMETRIC_REPRESENTATION_CONTEXT(2) 
PARAMETRIC_REPRESENTATION_CONTEXT() REPRESENTATION_CONTEXT('2D SPACE',''
  ) );
#6772 = ORIENTED_EDGE('',*,*,#4062,.T.);
#6773 = ORIENTED_EDGE('',*,*,#6752,.T.);
#6774 = ADVANCED_FACE('',(#6775),#964,.F.);
#6775 = FACE_BOUND('',#6776,.F.);
#6776 = EDGE_LOOP('',(#6777,#6778,#6799,#6800));
#6777 = ORIENTED_EDGE('',*,*,#947,.F.);
#6778 = ORIENTED_EDGE('',*,*,#6779,.F.);
#6779 = EDGE_CURVE('',#4089,#948,#6780,.T.);
#6780 = SEAM_CURVE('',#6781,(#6785,#6792),.PCURVE_S1.);
#6781 = LINE('',#6782,#6783);
#6782 = CARTESIAN_POINT('',(31.7,50.,-1.));
#6783 = VECTOR('',#6784,1.);
#6784 = DIRECTION('',(0.,0.,1.));
#6785 = PCURVE('',#964,#6786);
#6786 = DEFINITIONAL_REPRESENTATION('',(#6787),#6791);
#6787 = LINE('',#6788,#6789);
#6788 = CARTESIAN_POINT('',(6.28318530718,-0.));
#6789 = VECTOR('',#6790,1.);
#6790 = DIRECTION('',(0.,1.));
#6791 = ( GEOMETRIC_REPRESENTATION_CONTEXT(2) 
PARAMETRIC_REPRESENTATION_CONTEXT() REPRESENTATION_CONTEXT('2D SPACE',''
  ) );
#6792 = PCURVE('',#964,#6793);
#6793 = DEFINITIONAL_REPRESENTATION('',(#6794),#6798);
#6794 = LINE('',#6795,#6796);
#6795 = CARTESIAN_POINT('',(0.,-0.));
#6796 = VECTOR('',#6797,1.);
#6797 = DIRECTION('',(0.,1.));
#6798 = ( GEOMETRIC_REPRESENTATION_CONTEXT(2) 
PARAMETRIC_REPRESENTATION_CONTEXT() REPRESENTATION_CONTEXT('2D SPACE',''
  ) );
#6799 = ORIENTED_EDGE('',*,*,#4088,.T.);
#6800 = ORIENTED_EDGE('',*,*,#6779,.T.);
#6801 = ADVANCED_FACE('',(#6802),#995,.F.);
#6802 = FACE_BOUND('',#6803,.F.);
#6803 = EDGE_LOOP('',(#6804,#6805,#6826,#6827));
#6804 = ORIENTED_EDGE('',*,*,#978,.F.);
#6805 = ORIENTED_EDGE('',*,*,#6806,.F.);
#6806 = EDGE_CURVE('',#4115,#979,#6807,.T.);
#6807 = SEAM_CURVE('',#6808,(#6812,#6819),.PCURVE_S1.);
#6808 = LINE('',#6809,#6810);
#6809 = CARTESIAN_POINT('',(11.7,60.,-1.));
#6810 = VECTOR('',#6811,1.);
#6811 = DIRECTION('',(0.,0.,1.));
#6812 = PCURVE('',#995,#6813);
#6813 = DEFINITIONAL_REPRESENTATION('',(#6814),#6818);
#6814 = LINE('',#6815,#6816);
#6815 = CARTESIAN_POINT('',(6.28318530718,-0.));
#6816 = VECTOR('',#6817,1.);
#6817 = DIRECTION('',(0.,1.));
#6818 = ( GEOMETRIC_REPRESENTATION_CONTEXT(2) 
PARAMETRIC_REPRESENTATION_CONTEXT() REPRESENTATION_CONTEXT('2D SPACE',''
  ) );
#6819 = PCURVE('',#995,#6820);
#6820 = DEFINITIONAL_REPRESENTATION('',(#6821),#6825);
#6821 = LINE('',#6822,#6823);
#6822 = CARTESIAN_POINT('',(0.,-0.));
#6823 = VECTOR('',#6824,1.);
#6824 = DIRECTION('',(0.,1.));
#6825 = ( GEOMETRIC_REPRESENTATION_CONTEXT(2) 
PARAMETRIC_REPRESENTATION_CONTEXT() REPRESENTATION_CONTEXT('2D SPACE',''
  ) );
#6826 = ORIENTED_EDGE('',*,*,#4114,.T.);
#6827 = ORIENTED_EDGE('',*,*,#6806,.T.);
#6828 = ADVANCED_FACE('',(#6829),#1026,.F.);
#6829 = FACE_BOUND('',#6830,.F.);
#6830 = EDGE_LOOP('',(#6831,#6832,#6853,#6854));
#6831 = ORIENTED_EDGE('',*,*,#1009,.F.);
#6832 = ORIENTED_EDGE('',*,*,#6833,.F.);
#6833 = EDGE_CURVE('',#4141,#1010,#6834,.T.);
#6834 = SEAM_CURVE('',#6835,(#6839,#6846),.PCURVE_S1.);
#6835 = LINE('',#6836,#6837);
#6836 = CARTESIAN_POINT('',(21.7,60.,-1.));
#6837 = VECTOR('',#6838,1.);
#6838 = DIRECTION('',(0.,0.,1.));
#6839 = PCURVE('',#1026,#6840);
#6840 = DEFINITIONAL_REPRESENTATION('',(#6841),#6845);
#6841 = LINE('',#6842,#6843);
#6842 = CARTESIAN_POINT('',(6.28318530718,-0.));
#6843 = VECTOR('',#6844,1.);
#6844 = DIRECTION('',(0.,1.));
#6845 = ( GEOMETRIC_REPRESENTATION_CONTEXT(2) 
PARAMETRIC_REPRESENTATION_CONTEXT() REPRESENTATION_CONTEXT('2D SPACE',''
  ) );
#6846 = PCURVE('',#1026,#6847);
#6847 = DEFINITIONAL_REPRESENTATION('',(#6848),#6852);
#6848 = LINE('',#6849,#6850);
#6849 = CARTESIAN_POINT('',(0.,-0.));
#6850 = VECTOR('',#6851,1.);
#6851 = DIRECTION('',(0.,1.));
#6852 = ( GEOMETRIC_REPRESENTATION_CONTEXT(2) 
PARAMETRIC_REPRESENTATION_CONTEXT() REPRESENTATION_CONTEXT('2D SPACE',''
  ) );
#6853 = ORIENTED_EDGE('',*,*,#4140,.T.);
#6854 = ORIENTED_EDGE('',*,*,#6833,.T.);
#6855 = ADVANCED_FACE('',(#6856),#1057,.F.);
#6856 = FACE_BOUND('',#6857,.F.);
#6857 = EDGE_LOOP('',(#6858,#6859,#6880,#6881));
#6858 = ORIENTED_EDGE('',*,*,#1040,.F.);
#6859 = ORIENTED_EDGE('',*,*,#6860,.F.);
#6860 = EDGE_CURVE('',#4167,#1041,#6861,.T.);
#6861 = SEAM_CURVE('',#6862,(#6866,#6873),.PCURVE_S1.);
#6862 = LINE('',#6863,#6864);
#6863 = CARTESIAN_POINT('',(31.7,60.,-1.));
#6864 = VECTOR('',#6865,1.);
#6865 = DIRECTION('',(0.,0.,1.));
#6866 = PCURVE('',#1057,#6867);
#6867 = DEFINITIONAL_REPRESENTATION('',(#6868),#6872);
#6868 = LINE('',#6869,#6870);
#6869 = CARTESIAN_POINT('',(6.28318530718,-0.));
#6870 = VECTOR('',#6871,1.);
#6871 = DIRECTION('',(0.,1.));
#6872 = ( GEOMETRIC_REPRESENTATION_CONTEXT(2) 
PARAMETRIC_REPRESENTATION_CONTEXT() REPRESENTATION_CONTEXT('2D SPACE',''
  ) );
#6873 = PCURVE('',#1057,#6874);
#6874 = DEFINITIONAL_REPRESENTATION('',(#6875),#6879);
#6875 = LINE('',#6876,#6877);
#6876 = CARTESIAN_POINT('',(0.,-0.));
#6877 = VECTOR('',#6878,1.);
#6878 = DIRECTION('',(0.,1.));
#6879 = ( GEOMETRIC_REPRESENTATION_CONTEXT(2) 
PARAMETRIC_REPRESENTATION_CONTEXT() REPRESENTATION_CONTEXT('2D SPACE',''
  ) );
#6880 = ORIENTED_EDGE('',*,*,#4166,.T.);
#6881 = ORIENTED_EDGE('',*,*,#6860,.T.);
#6882 = ADVANCED_FACE('',(#6883),#1088,.F.);
#6883 = FACE_BOUND('',#6884,.F.);
#6884 = EDGE_LOOP('',(#6885,#6886,#6907,#6908));
#6885 = ORIENTED_EDGE('',*,*,#1071,.F.);
#6886 = ORIENTED_EDGE('',*,*,#6887,.F.);
#6887 = EDGE_CURVE('',#4193,#1072,#6888,.T.);
#6888 = SEAM_CURVE('',#6889,(#6893,#6900),.PCURVE_S1.);
#6889 = LINE('',#6890,#6891);
#6890 = CARTESIAN_POINT('',(41.7,40.,-1.));
#6891 = VECTOR('',#6892,1.);
#6892 = DIRECTION('',(0.,0.,1.));
#6893 = PCURVE('',#1088,#6894);
#6894 = DEFINITIONAL_REPRESENTATION('',(#6895),#6899);
#6895 = LINE('',#6896,#6897);
#6896 = CARTESIAN_POINT('',(6.28318530718,-0.));
#6897 = VECTOR('',#6898,1.);
#6898 = DIRECTION('',(0.,1.));
#6899 = ( GEOMETRIC_REPRESENTATION_CONTEXT(2) 
PARAMETRIC_REPRESENTATION_CONTEXT() REPRESENTATION_CONTEXT('2D SPACE',''
  ) );
#6900 = PCURVE('',#1088,#6901);
#6901 = DEFINITIONAL_REPRESENTATION('',(#6902),#6906);
#6902 = LINE('',#6903,#6904);
#6903 = CARTESIAN_POINT('',(0.,-0.));
#6904 = VECTOR('',#6905,1.);
#6905 = DIRECTION('',(0.,1.));
#6906 = ( GEOMETRIC_REPRESENTATION_CONTEXT(2) 
PARAMETRIC_REPRESENTATION_CONTEXT() REPRESENTATION_CONTEXT('2D SPACE',''
  ) );
#6907 = ORIENTED_EDGE('',*,*,#4192,.T.);
#6908 = ORIENTED_EDGE('',*,*,#6887,.T.);
#6909 = ADVANCED_FACE('',(#6910),#1119,.F.);
#6910 = FACE_BOUND('',#6911,.F.);
#6911 = EDGE_LOOP('',(#6912,#6913,#6934,#6935));
#6912 = ORIENTED_EDGE('',*,*,#1102,.F.);
#6913 = ORIENTED_EDGE('',*,*,#6914,.F.);
#6914 = EDGE_CURVE('',#4219,#1103,#6915,.T.);
#6915 = SEAM_CURVE('',#6916,(#6920,#6927),.PCURVE_S1.);
#6916 = LINE('',#6917,#6918);
#6917 = CARTESIAN_POINT('',(51.7,40.,-1.));
#6918 = VECTOR('',#6919,1.);
#6919 = DIRECTION('',(0.,0.,1.));
#6920 = PCURVE('',#1119,#6921);
#6921 = DEFINITIONAL_REPRESENTATION('',(#6922),#6926);
#6922 = LINE('',#6923,#6924);
#6923 = CARTESIAN_POINT('',(6.28318530718,-0.));
#6924 = VECTOR('',#6925,1.);
#6925 = DIRECTION('',(0.,1.));
#6926 = ( GEOMETRIC_REPRESENTATION_CONTEXT(2) 
PARAMETRIC_REPRESENTATION_CONTEXT() REPRESENTATION_CONTEXT('2D SPACE',''
  ) );
#6927 = PCURVE('',#1119,#6928);
#6928 = DEFINITIONAL_REPRESENTATION('',(#6929),#6933);
#6929 = LINE('',#6930,#6931);
#6930 = CARTESIAN_POINT('',(0.,-0.));
#6931 = VECTOR('',#6932,1.);
#6932 = DIRECTION('',(0.,1.));
#6933 = ( GEOMETRIC_REPRESENTATION_CONTEXT(2) 
PARAMETRIC_REPRESENTATION_CONTEXT() REPRESENTATION_CONTEXT('2D SPACE',''
  ) );
#6934 = ORIENTED_EDGE('',*,*,#4218,.T.);
#6935 = ORIENTED_EDGE('',*,*,#6914,.T.);
#6936 = ADVANCED_FACE('',(#6937),#1150,.F.);
#6937 = FACE_BOUND('',#6938,.F.);
#6938 = EDGE_LOOP('',(#6939,#6940,#6961,#6962));
#6939 = ORIENTED_EDGE('',*,*,#1133,.F.);
#6940 = ORIENTED_EDGE('',*,*,#6941,.F.);
#6941 = EDGE_CURVE('',#4245,#1134,#6942,.T.);
#6942 = SEAM_CURVE('',#6943,(#6947,#6954),.PCURVE_S1.);
#6943 = LINE('',#6944,#6945);
#6944 = CARTESIAN_POINT('',(41.7,50.,-1.));
#6945 = VECTOR('',#6946,1.);
#6946 = DIRECTION('',(0.,0.,1.));
#6947 = PCURVE('',#1150,#6948);
#6948 = DEFINITIONAL_REPRESENTATION('',(#6949),#6953);
#6949 = LINE('',#6950,#6951);
#6950 = CARTESIAN_POINT('',(6.28318530718,-0.));
#6951 = VECTOR('',#6952,1.);
#6952 = DIRECTION('',(0.,1.));
#6953 = ( GEOMETRIC_REPRESENTATION_CONTEXT(2) 
PARAMETRIC_REPRESENTATION_CONTEXT() REPRESENTATION_CONTEXT('2D SPACE',''
  ) );
#6954 = PCURVE('',#1150,#6955);
#6955 = DEFINITIONAL_REPRESENTATION('',(#6956),#6960);
#6956 = LINE('',#6957,#6958);
#6957 = CARTESIAN_POINT('',(0.,-0.));
#6958 = VECTOR('',#6959,1.);
#6959 = DIRECTION('',(0.,1.));
#6960 = ( GEOMETRIC_REPRESENTATION_CONTEXT(2) 
PARAMETRIC_REPRESENTATION_CONTEXT() REPRESENTATION_CONTEXT('2D SPACE',''
  ) );
#6961 = ORIENTED_EDGE('',*,*,#4244,.T.);
#6962 = ORIENTED_EDGE('',*,*,#6941,.T.);
#6963 = ADVANCED_FACE('',(#6964),#1181,.F.);
#6964 = FACE_BOUND('',#6965,.F.);
#6965 = EDGE_LOOP('',(#6966,#6967,#6988,#6989));
#6966 = ORIENTED_EDGE('',*,*,#1164,.F.);
#6967 = ORIENTED_EDGE('',*,*,#6968,.F.);
#6968 = EDGE_CURVE('',#4271,#1165,#6969,.T.);
#6969 = SEAM_CURVE('',#6970,(#6974,#6981),.PCURVE_S1.);
#6970 = LINE('',#6971,#6972);
#6971 = CARTESIAN_POINT('',(51.7,50.,-1.));
#6972 = VECTOR('',#6973,1.);
#6973 = DIRECTION('',(0.,0.,1.));
#6974 = PCURVE('',#1181,#6975);
#6975 = DEFINITIONAL_REPRESENTATION('',(#6976),#6980);
#6976 = LINE('',#6977,#6978);
#6977 = CARTESIAN_POINT('',(6.28318530718,-0.));
#6978 = VECTOR('',#6979,1.);
#6979 = DIRECTION('',(0.,1.));
#6980 = ( GEOMETRIC_REPRESENTATION_CONTEXT(2) 
PARAMETRIC_REPRESENTATION_CONTEXT() REPRESENTATION_CONTEXT('2D SPACE',''
  ) );
#6981 = PCURVE('',#1181,#6982);
#6982 = DEFINITIONAL_REPRESENTATION('',(#6983),#6987);
#6983 = LINE('',#6984,#6985);
#6984 = CARTESIAN_POINT('',(0.,-0.));
#6985 = VECTOR('',#6986,1.);
#6986 = DIRECTION('',(0.,1.));
#6987 = ( GEOMETRIC_REPRESENTATION_CONTEXT(2) 
PARAMETRIC_REPRESENTATION_CONTEXT() REPRESENTATION_CONTEXT('2D SPACE',''
  ) );
#6988 = ORIENTED_EDGE('',*,*,#4270,.T.);
#6989 = ORIENTED_EDGE('',*,*,#6968,.T.);
#6990 = ADVANCED_FACE('',(#6991),#1212,.F.);
#6991 = FACE_BOUND('',#6992,.F.);
#6992 = EDGE_LOOP('',(#6993,#6994,#7015,#7016));
#6993 = ORIENTED_EDGE('',*,*,#1195,.F.);
#6994 = ORIENTED_EDGE('',*,*,#6995,.F.);
#6995 = EDGE_CURVE('',#4297,#1196,#6996,.T.);
#6996 = SEAM_CURVE('',#6997,(#7001,#7008),.PCURVE_S1.);
#6997 = LINE('',#6998,#6999);
#6998 = CARTESIAN_POINT('',(61.7,40.,-1.));
#6999 = VECTOR('',#7000,1.);
#7000 = DIRECTION('',(0.,0.,1.));
#7001 = PCURVE('',#1212,#7002);
#7002 = DEFINITIONAL_REPRESENTATION('',(#7003),#7007);
#7003 = LINE('',#7004,#7005);
#7004 = CARTESIAN_POINT('',(6.28318530718,-0.));
#7005 = VECTOR('',#7006,1.);
#7006 = DIRECTION('',(0.,1.));
#7007 = ( GEOMETRIC_REPRESENTATION_CONTEXT(2) 
PARAMETRIC_REPRESENTATION_CONTEXT() REPRESENTATION_CONTEXT('2D SPACE',''
  ) );
#7008 = PCURVE('',#1212,#7009);
#7009 = DEFINITIONAL_REPRESENTATION('',(#7010),#7014);
#7010 = LINE('',#7011,#7012);
#7011 = CARTESIAN_POINT('',(0.,-0.));
#7012 = VECTOR('',#7013,1.);
#7013 = DIRECTION('',(0.,1.));
#7014 = ( GEOMETRIC_REPRESENTATION_CONTEXT(2) 
PARAMETRIC_REPRESENTATION_CONTEXT() REPRESENTATION_CONTEXT('2D SPACE',''
  ) );
#7015 = ORIENTED_EDGE('',*,*,#4296,.T.);
#7016 = ORIENTED_EDGE('',*,*,#6995,.T.);
#7017 = ADVANCED_FACE('',(#7018),#1243,.F.);
#7018 = FACE_BOUND('',#7019,.F.);
#7019 = EDGE_LOOP('',(#7020,#7021,#7042,#7043));
#7020 = ORIENTED_EDGE('',*,*,#1226,.F.);
#7021 = ORIENTED_EDGE('',*,*,#7022,.F.);
#7022 = EDGE_CURVE('',#4323,#1227,#7023,.T.);
#7023 = SEAM_CURVE('',#7024,(#7028,#7035),.PCURVE_S1.);
#7024 = LINE('',#7025,#7026);
#7025 = CARTESIAN_POINT('',(61.7,50.,-1.));
#7026 = VECTOR('',#7027,1.);
#7027 = DIRECTION('',(0.,0.,1.));
#7028 = PCURVE('',#1243,#7029);
#7029 = DEFINITIONAL_REPRESENTATION('',(#7030),#7034);
#7030 = LINE('',#7031,#7032);
#7031 = CARTESIAN_POINT('',(6.28318530718,-0.));
#7032 = VECTOR('',#7033,1.);
#7033 = DIRECTION('',(0.,1.));
#7034 = ( GEOMETRIC_REPRESENTATION_CONTEXT(2) 
PARAMETRIC_REPRESENTATION_CONTEXT() REPRESENTATION_CONTEXT('2D SPACE',''
  ) );
#7035 = PCURVE('',#1243,#7036);
#7036 = DEFINITIONAL_REPRESENTATION('',(#7037),#7041);
#7037 = LINE('',#7038,#7039);
#7038 = CARTESIAN_POINT('',(0.,-0.));
#7039 = VECTOR('',#7040,1.);
#7040 = DIRECTION('',(0.,1.));
#7041 = ( GEOMETRIC_REPRESENTATION_CONTEXT(2) 
PARAMETRIC_REPRESENTATION_CONTEXT() REPRESENTATION_CONTEXT('2D SPACE',''
  ) );
#7042 = ORIENTED_EDGE('',*,*,#4322,.T.);
#7043 = ORIENTED_EDGE('',*,*,#7022,.T.);
#7044 = ADVANCED_FACE('',(#7045),#1274,.F.);
#7045 = FACE_BOUND('',#7046,.F.);
#7046 = EDGE_LOOP('',(#7047,#7048,#7069,#7070));
#7047 = ORIENTED_EDGE('',*,*,#1257,.F.);
#7048 = ORIENTED_EDGE('',*,*,#7049,.F.);
#7049 = EDGE_CURVE('',#4349,#1258,#7050,.T.);
#7050 = SEAM_CURVE('',#7051,(#7055,#7062),.PCURVE_S1.);
#7051 = LINE('',#7052,#7053);
#7052 = CARTESIAN_POINT('',(71.7,10.,-1.));
#7053 = VECTOR('',#7054,1.);
#7054 = DIRECTION('',(0.,0.,1.));
#7055 = PCURVE('',#1274,#7056);
#7056 = DEFINITIONAL_REPRESENTATION('',(#7057),#7061);
#7057 = LINE('',#7058,#7059);
#7058 = CARTESIAN_POINT('',(6.28318530718,-0.));
#7059 = VECTOR('',#7060,1.);
#7060 = DIRECTION('',(0.,1.));
#7061 = ( GEOMETRIC_REPRESENTATION_CONTEXT(2) 
PARAMETRIC_REPRESENTATION_CONTEXT() REPRESENTATION_CONTEXT('2D SPACE',''
  ) );
#7062 = PCURVE('',#1274,#7063);
#7063 = DEFINITIONAL_REPRESENTATION('',(#7064),#7068);
#7064 = LINE('',#7065,#7066);
#7065 = CARTESIAN_POINT('',(0.,-0.));
#7066 = VECTOR('',#7067,1.);
#7067 = DIRECTION('',(0.,1.));
#7068 = ( GEOMETRIC_REPRESENTATION_CONTEXT(2) 
PARAMETRIC_REPRESENTATION_CONTEXT() REPRESENTATION_CONTEXT('2D SPACE',''
  ) );
#7069 = ORIENTED_EDGE('',*,*,#4348,.T.);
#7070 = ORIENTED_EDGE('',*,*,#7049,.T.);
#7071 = ADVANCED_FACE('',(#7072),#1305,.F.);
#7072 = FACE_BOUND('',#7073,.F.);
#7073 = EDGE_LOOP('',(#7074,#7075,#7096,#7097));
#7074 = ORIENTED_EDGE('',*,*,#1288,.F.);
#7075 = ORIENTED_EDGE('',*,*,#7076,.F.);
#7076 = EDGE_CURVE('',#4375,#1289,#7077,.T.);
#7077 = SEAM_CURVE('',#7078,(#7082,#7089),.PCURVE_S1.);
#7078 = LINE('',#7079,#7080);
#7079 = CARTESIAN_POINT('',(71.7,20.,-1.));
#7080 = VECTOR('',#7081,1.);
#7081 = DIRECTION('',(0.,0.,1.));
#7082 = PCURVE('',#1305,#7083);
#7083 = DEFINITIONAL_REPRESENTATION('',(#7084),#7088);
#7084 = LINE('',#7085,#7086);
#7085 = CARTESIAN_POINT('',(6.28318530718,-0.));
#7086 = VECTOR('',#7087,1.);
#7087 = DIRECTION('',(0.,1.));
#7088 = ( GEOMETRIC_REPRESENTATION_CONTEXT(2) 
PARAMETRIC_REPRESENTATION_CONTEXT() REPRESENTATION_CONTEXT('2D SPACE',''
  ) );
#7089 = PCURVE('',#1305,#7090);
#7090 = DEFINITIONAL_REPRESENTATION('',(#7091),#7095);
#7091 = LINE('',#7092,#7093);
#7092 = CARTESIAN_POINT('',(0.,-0.));
#7093 = VECTOR('',#7094,1.);
#7094 = DIRECTION('',(0.,1.));
#7095 = ( GEOMETRIC_REPRESENTATION_CONTEXT(2) 
PARAMETRIC_REPRESENTATION_CONTEXT() REPRESENTATION_CONTEXT('2D SPACE',''
  ) );
#7096 = ORIENTED_EDGE('',*,*,#4374,.T.);
#7097 = ORIENTED_EDGE('',*,*,#7076,.T.);
#7098 = ADVANCED_FACE('',(#7099),#1336,.F.);
#7099 = FACE_BOUND('',#7100,.F.);
#7100 = EDGE_LOOP('',(#7101,#7102,#7123,#7124));
#7101 = ORIENTED_EDGE('',*,*,#1319,.F.);
#7102 = ORIENTED_EDGE('',*,*,#7103,.F.);
#7103 = EDGE_CURVE('',#4401,#1320,#7104,.T.);
#7104 = SEAM_CURVE('',#7105,(#7109,#7116),.PCURVE_S1.);
#7105 = LINE('',#7106,#7107);
#7106 = CARTESIAN_POINT('',(83.7,15.,-1.));
#7107 = VECTOR('',#7108,1.);
#7108 = DIRECTION('',(0.,0.,1.));
#7109 = PCURVE('',#1336,#7110);
#7110 = DEFINITIONAL_REPRESENTATION('',(#7111),#7115);
#7111 = LINE('',#7112,#7113);
#7112 = CARTESIAN_POINT('',(6.28318530718,-0.));
#7113 = VECTOR('',#7114,1.);
#7114 = DIRECTION('',(0.,1.));
#7115 = ( GEOMETRIC_REPRESENTATION_CONTEXT(2) 
PARAMETRIC_REPRESENTATION_CONTEXT() REPRESENTATION_CONTEXT('2D SPACE',''
  ) );
#7116 = PCURVE('',#1336,#7117);
#7117 = DEFINITIONAL_REPRESENTATION('',(#7118),#7122);
#7118 = LINE('',#7119,#7120);
#7119 = CARTESIAN_POINT('',(0.,-0.));
#7120 = VECTOR('',#7121,1.);
#7121 = DIRECTION('',(0.,1.));
#7122 = ( GEOMETRIC_REPRESENTATION_CONTEXT(2) 
PARAMETRIC_REPRESENTATION_CONTEXT() REPRESENTATION_CONTEXT('2D SPACE',''
  ) );
#7123 = ORIENTED_EDGE('',*,*,#4400,.T.);
#7124 = ORIENTED_EDGE('',*,*,#7103,.T.);
#7125 = ADVANCED_FACE('',(#7126),#1367,.F.);
#7126 = FACE_BOUND('',#7127,.F.);
#7127 = EDGE_LOOP('',(#7128,#7129,#7150,#7151));
#7128 = ORIENTED_EDGE('',*,*,#1350,.F.);
#7129 = ORIENTED_EDGE('',*,*,#7130,.F.);
#7130 = EDGE_CURVE('',#4427,#1351,#7131,.T.);
#7131 = SEAM_CURVE('',#7132,(#7136,#7143),.PCURVE_S1.);
#7132 = LINE('',#7133,#7134);
#7133 = CARTESIAN_POINT('',(91.7,10.,-1.));
#7134 = VECTOR('',#7135,1.);
#7135 = DIRECTION('',(0.,0.,1.));
#7136 = PCURVE('',#1367,#7137);
#7137 = DEFINITIONAL_REPRESENTATION('',(#7138),#7142);
#7138 = LINE('',#7139,#7140);
#7139 = CARTESIAN_POINT('',(6.28318530718,-0.));
#7140 = VECTOR('',#7141,1.);
#7141 = DIRECTION('',(0.,1.));
#7142 = ( GEOMETRIC_REPRESENTATION_CONTEXT(2) 
PARAMETRIC_REPRESENTATION_CONTEXT() REPRESENTATION_CONTEXT('2D SPACE',''
  ) );
#7143 = PCURVE('',#1367,#7144);
#7144 = DEFINITIONAL_REPRESENTATION('',(#7145),#7149);
#7145 = LINE('',#7146,#7147);
#7146 = CARTESIAN_POINT('',(0.,-0.));
#7147 = VECTOR('',#7148,1.);
#7148 = DIRECTION('',(0.,1.));
#7149 = ( GEOMETRIC_REPRESENTATION_CONTEXT(2) 
PARAMETRIC_REPRESENTATION_CONTEXT() REPRESENTATION_CONTEXT('2D SPACE',''
  ) );
#7150 = ORIENTED_EDGE('',*,*,#4426,.T.);
#7151 = ORIENTED_EDGE('',*,*,#7130,.T.);
#7152 = ADVANCED_FACE('',(#7153),#1398,.F.);
#7153 = FACE_BOUND('',#7154,.F.);
#7154 = EDGE_LOOP('',(#7155,#7156,#7177,#7178));
#7155 = ORIENTED_EDGE('',*,*,#1381,.F.);
#7156 = ORIENTED_EDGE('',*,*,#7157,.F.);
#7157 = EDGE_CURVE('',#4453,#1382,#7158,.T.);
#7158 = SEAM_CURVE('',#7159,(#7163,#7170),.PCURVE_S1.);
#7159 = LINE('',#7160,#7161);
#7160 = CARTESIAN_POINT('',(91.7,20.,-1.));
#7161 = VECTOR('',#7162,1.);
#7162 = DIRECTION('',(0.,0.,1.));
#7163 = PCURVE('',#1398,#7164);
#7164 = DEFINITIONAL_REPRESENTATION('',(#7165),#7169);
#7165 = LINE('',#7166,#7167);
#7166 = CARTESIAN_POINT('',(6.28318530718,-0.));
#7167 = VECTOR('',#7168,1.);
#7168 = DIRECTION('',(0.,1.));
#7169 = ( GEOMETRIC_REPRESENTATION_CONTEXT(2) 
PARAMETRIC_REPRESENTATION_CONTEXT() REPRESENTATION_CONTEXT('2D SPACE',''
  ) );
#7170 = PCURVE('',#1398,#7171);
#7171 = DEFINITIONAL_REPRESENTATION('',(#7172),#7176);
#7172 = LINE('',#7173,#7174);
#7173 = CARTESIAN_POINT('',(0.,-0.));
#7174 = VECTOR('',#7175,1.);
#7175 = DIRECTION('',(0.,1.));
#7176 = ( GEOMETRIC_REPRESENTATION_CONTEXT(2) 
PARAMETRIC_REPRESENTATION_CONTEXT() REPRESENTATION_CONTEXT('2D SPACE',''
  ) );
#7177 = ORIENTED_EDGE('',*,*,#4452,.T.);
#7178 = ORIENTED_EDGE('',*,*,#7157,.T.);
#7179 = ADVANCED_FACE('',(#7180),#1429,.F.);
#7180 = FACE_BOUND('',#7181,.F.);
#7181 = EDGE_LOOP('',(#7182,#7183,#7204,#7205));
#7182 = ORIENTED_EDGE('',*,*,#1412,.F.);
#7183 = ORIENTED_EDGE('',*,*,#7184,.F.);
#7184 = EDGE_CURVE('',#4479,#1413,#7185,.T.);
#7185 = SEAM_CURVE('',#7186,(#7190,#7197),.PCURVE_S1.);
#7186 = LINE('',#7187,#7188);
#7187 = CARTESIAN_POINT('',(71.7,30.,-1.));
#7188 = VECTOR('',#7189,1.);
#7189 = DIRECTION('',(0.,0.,1.));
#7190 = PCURVE('',#1429,#7191);
#7191 = DEFINITIONAL_REPRESENTATION('',(#7192),#7196);
#7192 = LINE('',#7193,#7194);
#7193 = CARTESIAN_POINT('',(6.28318530718,-0.));
#7194 = VECTOR('',#7195,1.);
#7195 = DIRECTION('',(0.,1.));
#7196 = ( GEOMETRIC_REPRESENTATION_CONTEXT(2) 
PARAMETRIC_REPRESENTATION_CONTEXT() REPRESENTATION_CONTEXT('2D SPACE',''
  ) );
#7197 = PCURVE('',#1429,#7198);
#7198 = DEFINITIONAL_REPRESENTATION('',(#7199),#7203);
#7199 = LINE('',#7200,#7201);
#7200 = CARTESIAN_POINT('',(0.,-0.));
#7201 = VECTOR('',#7202,1.);
#7202 = DIRECTION('',(0.,1.));
#7203 = ( GEOMETRIC_REPRESENTATION_CONTEXT(2) 
PARAMETRIC_REPRESENTATION_CONTEXT() REPRESENTATION_CONTEXT('2D SPACE',''
  ) );
#7204 = ORIENTED_EDGE('',*,*,#4478,.T.);
#7205 = ORIENTED_EDGE('',*,*,#7184,.T.);
#7206 = ADVANCED_FACE('',(#7207),#1460,.F.);
#7207 = FACE_BOUND('',#7208,.F.);
#7208 = EDGE_LOOP('',(#7209,#7210,#7231,#7232));
#7209 = ORIENTED_EDGE('',*,*,#1443,.F.);
#7210 = ORIENTED_EDGE('',*,*,#7211,.F.);
#7211 = EDGE_CURVE('',#4505,#1444,#7212,.T.);
#7212 = SEAM_CURVE('',#7213,(#7217,#7224),.PCURVE_S1.);
#7213 = LINE('',#7214,#7215);
#7214 = CARTESIAN_POINT('',(81.7,30.,-1.));
#7215 = VECTOR('',#7216,1.);
#7216 = DIRECTION('',(0.,0.,1.));
#7217 = PCURVE('',#1460,#7218);
#7218 = DEFINITIONAL_REPRESENTATION('',(#7219),#7223);
#7219 = LINE('',#7220,#7221);
#7220 = CARTESIAN_POINT('',(6.28318530718,-0.));
#7221 = VECTOR('',#7222,1.);
#7222 = DIRECTION('',(0.,1.));
#7223 = ( GEOMETRIC_REPRESENTATION_CONTEXT(2) 
PARAMETRIC_REPRESENTATION_CONTEXT() REPRESENTATION_CONTEXT('2D SPACE',''
  ) );
#7224 = PCURVE('',#1460,#7225);
#7225 = DEFINITIONAL_REPRESENTATION('',(#7226),#7230);
#7226 = LINE('',#7227,#7228);
#7227 = CARTESIAN_POINT('',(0.,-0.));
#7228 = VECTOR('',#7229,1.);
#7229 = DIRECTION('',(0.,1.));
#7230 = ( GEOMETRIC_REPRESENTATION_CONTEXT(2) 
PARAMETRIC_REPRESENTATION_CONTEXT() REPRESENTATION_CONTEXT('2D SPACE',''
  ) );
#7231 = ORIENTED_EDGE('',*,*,#4504,.T.);
#7232 = ORIENTED_EDGE('',*,*,#7211,.T.);
#7233 = ADVANCED_FACE('',(#7234),#1491,.F.);
#7234 = FACE_BOUND('',#7235,.F.);
#7235 = EDGE_LOOP('',(#7236,#7237,#7258,#7259));
#7236 = ORIENTED_EDGE('',*,*,#1474,.F.);
#7237 = ORIENTED_EDGE('',*,*,#7238,.F.);
#7238 = EDGE_CURVE('',#4531,#1475,#7239,.T.);
#7239 = SEAM_CURVE('',#7240,(#7244,#7251),.PCURVE_S1.);
#7240 = LINE('',#7241,#7242);
#7241 = CARTESIAN_POINT('',(91.7,30.,-1.));
#7242 = VECTOR('',#7243,1.);
#7243 = DIRECTION('',(0.,0.,1.));
#7244 = PCURVE('',#1491,#7245);
#7245 = DEFINITIONAL_REPRESENTATION('',(#7246),#7250);
#7246 = LINE('',#7247,#7248);
#7247 = CARTESIAN_POINT('',(6.28318530718,-0.));
#7248 = VECTOR('',#7249,1.);
#7249 = DIRECTION('',(0.,1.));
#7250 = ( GEOMETRIC_REPRESENTATION_CONTEXT(2) 
PARAMETRIC_REPRESENTATION_CONTEXT() REPRESENTATION_CONTEXT('2D SPACE',''
  ) );
#7251 = PCURVE('',#1491,#7252);
#7252 = DEFINITIONAL_REPRESENTATION('',(#7253),#7257);
#7253 = LINE('',#7254,#7255);
#7254 = CARTESIAN_POINT('',(0.,-0.));
#7255 = VECTOR('',#7256,1.);
#7256 = DIRECTION('',(0.,1.));
#7257 = ( GEOMETRIC_REPRESENTATION_CONTEXT(2) 
PARAMETRIC_REPRESENTATION_CONTEXT() REPRESENTATION_CONTEXT('2D SPACE',''
  ) );
#7258 = ORIENTED_EDGE('',*,*,#4530,.T.);
#7259 = ORIENTED_EDGE('',*,*,#7238,.T.);
#7260 = ADVANCED_FACE('',(#7261),#1522,.F.);
#7261 = FACE_BOUND('',#7262,.F.);
#7262 = EDGE_LOOP('',(#7263,#7264,#7285,#7286));
#7263 = ORIENTED_EDGE('',*,*,#1505,.F.);
#7264 = ORIENTED_EDGE('',*,*,#7265,.F.);
#7265 = EDGE_CURVE('',#4557,#1506,#7266,.T.);
#7266 = SEAM_CURVE('',#7267,(#7271,#7278),.PCURVE_S1.);
#7267 = LINE('',#7268,#7269);
#7268 = CARTESIAN_POINT('',(101.7,10.,-1.));
#7269 = VECTOR('',#7270,1.);
#7270 = DIRECTION('',(0.,0.,1.));
#7271 = PCURVE('',#1522,#7272);
#7272 = DEFINITIONAL_REPRESENTATION('',(#7273),#7277);
#7273 = LINE('',#7274,#7275);
#7274 = CARTESIAN_POINT('',(6.28318530718,-0.));
#7275 = VECTOR('',#7276,1.);
#7276 = DIRECTION('',(0.,1.));
#7277 = ( GEOMETRIC_REPRESENTATION_CONTEXT(2) 
PARAMETRIC_REPRESENTATION_CONTEXT() REPRESENTATION_CONTEXT('2D SPACE',''
  ) );
#7278 = PCURVE('',#1522,#7279);
#7279 = DEFINITIONAL_REPRESENTATION('',(#7280),#7284);
#7280 = LINE('',#7281,#7282);
#7281 = CARTESIAN_POINT('',(0.,-0.));
#7282 = VECTOR('',#7283,1.);
#7283 = DIRECTION('',(0.,1.));
#7284 = ( GEOMETRIC_REPRESENTATION_CONTEXT(2) 
PARAMETRIC_REPRESENTATION_CONTEXT() REPRESENTATION_CONTEXT('2D SPACE',''
  ) );
#7285 = ORIENTED_EDGE('',*,*,#4556,.T.);
#7286 = ORIENTED_EDGE('',*,*,#7265,.T.);
#7287 = ADVANCED_FACE('',(#7288),#1553,.F.);
#7288 = FACE_BOUND('',#7289,.F.);
#7289 = EDGE_LOOP('',(#7290,#7291,#7312,#7313));
#7290 = ORIENTED_EDGE('',*,*,#1536,.F.);
#7291 = ORIENTED_EDGE('',*,*,#7292,.F.);
#7292 = EDGE_CURVE('',#4583,#1537,#7293,.T.);
#7293 = SEAM_CURVE('',#7294,(#7298,#7305),.PCURVE_S1.);
#7294 = LINE('',#7295,#7296);
#7295 = CARTESIAN_POINT('',(101.7,20.,-1.));
#7296 = VECTOR('',#7297,1.);
#7297 = DIRECTION('',(0.,0.,1.));
#7298 = PCURVE('',#1553,#7299);
#7299 = DEFINITIONAL_REPRESENTATION('',(#7300),#7304);
#7300 = LINE('',#7301,#7302);
#7301 = CARTESIAN_POINT('',(6.28318530718,-0.));
#7302 = VECTOR('',#7303,1.);
#7303 = DIRECTION('',(0.,1.));
#7304 = ( GEOMETRIC_REPRESENTATION_CONTEXT(2) 
PARAMETRIC_REPRESENTATION_CONTEXT() REPRESENTATION_CONTEXT('2D SPACE',''
  ) );
#7305 = PCURVE('',#1553,#7306);
#7306 = DEFINITIONAL_REPRESENTATION('',(#7307),#7311);
#7307 = LINE('',#7308,#7309);
#7308 = CARTESIAN_POINT('',(0.,-0.));
#7309 = VECTOR('',#7310,1.);
#7310 = DIRECTION('',(0.,1.));
#7311 = ( GEOMETRIC_REPRESENTATION_CONTEXT(2) 
PARAMETRIC_REPRESENTATION_CONTEXT() REPRESENTATION_CONTEXT('2D SPACE',''
  ) );
#7312 = ORIENTED_EDGE('',*,*,#4582,.T.);
#7313 = ORIENTED_EDGE('',*,*,#7292,.T.);
#7314 = ADVANCED_FACE('',(#7315),#1584,.F.);
#7315 = FACE_BOUND('',#7316,.F.);
#7316 = EDGE_LOOP('',(#7317,#7318,#7339,#7340));
#7317 = ORIENTED_EDGE('',*,*,#1567,.F.);
#7318 = ORIENTED_EDGE('',*,*,#7319,.F.);
#7319 = EDGE_CURVE('',#4609,#1568,#7320,.T.);
#7320 = SEAM_CURVE('',#7321,(#7325,#7332),.PCURVE_S1.);
#7321 = LINE('',#7322,#7323);
#7322 = CARTESIAN_POINT('',(111.7,10.,-1.));
#7323 = VECTOR('',#7324,1.);
#7324 = DIRECTION('',(0.,0.,1.));
#7325 = PCURVE('',#1584,#7326);
#7326 = DEFINITIONAL_REPRESENTATION('',(#7327),#7331);
#7327 = LINE('',#7328,#7329);
#7328 = CARTESIAN_POINT('',(6.28318530718,-0.));
#7329 = VECTOR('',#7330,1.);
#7330 = DIRECTION('',(0.,1.));
#7331 = ( GEOMETRIC_REPRESENTATION_CONTEXT(2) 
PARAMETRIC_REPRESENTATION_CONTEXT() REPRESENTATION_CONTEXT('2D SPACE',''
  ) );
#7332 = PCURVE('',#1584,#7333);
#7333 = DEFINITIONAL_REPRESENTATION('',(#7334),#7338);
#7334 = LINE('',#7335,#7336);
#7335 = CARTESIAN_POINT('',(0.,-0.));
#7336 = VECTOR('',#7337,1.);
#7337 = DIRECTION('',(0.,1.));
#7338 = ( GEOMETRIC_REPRESENTATION_CONTEXT(2) 
PARAMETRIC_REPRESENTATION_CONTEXT() REPRESENTATION_CONTEXT('2D SPACE',''
  ) );
#7339 = ORIENTED_EDGE('',*,*,#4608,.T.);
#7340 = ORIENTED_EDGE('',*,*,#7319,.T.);
#7341 = ADVANCED_FACE('',(#7342),#1615,.F.);
#7342 = FACE_BOUND('',#7343,.F.);
#7343 = EDGE_LOOP('',(#7344,#7345,#7366,#7367));
#7344 = ORIENTED_EDGE('',*,*,#1598,.F.);
#7345 = ORIENTED_EDGE('',*,*,#7346,.F.);
#7346 = EDGE_CURVE('',#4635,#1599,#7347,.T.);
#7347 = SEAM_CURVE('',#7348,(#7352,#7359),.PCURVE_S1.);
#7348 = LINE('',#7349,#7350);
#7349 = CARTESIAN_POINT('',(121.7,10.,-1.));
#7350 = VECTOR('',#7351,1.);
#7351 = DIRECTION('',(0.,0.,1.));
#7352 = PCURVE('',#1615,#7353);
#7353 = DEFINITIONAL_REPRESENTATION('',(#7354),#7358);
#7354 = LINE('',#7355,#7356);
#7355 = CARTESIAN_POINT('',(6.28318530718,-0.));
#7356 = VECTOR('',#7357,1.);
#7357 = DIRECTION('',(0.,1.));
#7358 = ( GEOMETRIC_REPRESENTATION_CONTEXT(2) 
PARAMETRIC_REPRESENTATION_CONTEXT() REPRESENTATION_CONTEXT('2D SPACE',''
  ) );
#7359 = PCURVE('',#1615,#7360);
#7360 = DEFINITIONAL_REPRESENTATION('',(#7361),#7365);
#7361 = LINE('',#7362,#7363);
#7362 = CARTESIAN_POINT('',(0.,-0.));
#7363 = VECTOR('',#7364,1.);
#7364 = DIRECTION('',(0.,1.));
#7365 = ( GEOMETRIC_REPRESENTATION_CONTEXT(2) 
PARAMETRIC_REPRESENTATION_CONTEXT() REPRESENTATION_CONTEXT('2D SPACE',''
  ) );
#7366 = ORIENTED_EDGE('',*,*,#4634,.T.);
#7367 = ORIENTED_EDGE('',*,*,#7346,.T.);
#7368 = ADVANCED_FACE('',(#7369),#1646,.F.);
#7369 = FACE_BOUND('',#7370,.F.);
#7370 = EDGE_LOOP('',(#7371,#7372,#7393,#7394));
#7371 = ORIENTED_EDGE('',*,*,#1629,.F.);
#7372 = ORIENTED_EDGE('',*,*,#7373,.F.);
#7373 = EDGE_CURVE('',#4661,#1630,#7374,.T.);
#7374 = SEAM_CURVE('',#7375,(#7379,#7386),.PCURVE_S1.);
#7375 = LINE('',#7376,#7377);
#7376 = CARTESIAN_POINT('',(111.7,20.,-1.));
#7377 = VECTOR('',#7378,1.);
#7378 = DIRECTION('',(0.,0.,1.));
#7379 = PCURVE('',#1646,#7380);
#7380 = DEFINITIONAL_REPRESENTATION('',(#7381),#7385);
#7381 = LINE('',#7382,#7383);
#7382 = CARTESIAN_POINT('',(6.28318530718,-0.));
#7383 = VECTOR('',#7384,1.);
#7384 = DIRECTION('',(0.,1.));
#7385 = ( GEOMETRIC_REPRESENTATION_CONTEXT(2) 
PARAMETRIC_REPRESENTATION_CONTEXT() REPRESENTATION_CONTEXT('2D SPACE',''
  ) );
#7386 = PCURVE('',#1646,#7387);
#7387 = DEFINITIONAL_REPRESENTATION('',(#7388),#7392);
#7388 = LINE('',#7389,#7390);
#7389 = CARTESIAN_POINT('',(0.,-0.));
#7390 = VECTOR('',#7391,1.);
#7391 = DIRECTION('',(0.,1.));
#7392 = ( GEOMETRIC_REPRESENTATION_CONTEXT(2) 
PARAMETRIC_REPRESENTATION_CONTEXT() REPRESENTATION_CONTEXT('2D SPACE',''
  ) );
#7393 = ORIENTED_EDGE('',*,*,#4660,.T.);
#7394 = ORIENTED_EDGE('',*,*,#7373,.T.);
#7395 = ADVANCED_FACE('',(#7396),#1677,.F.);
#7396 = FACE_BOUND('',#7397,.F.);
#7397 = EDGE_LOOP('',(#7398,#7399,#7420,#7421));
#7398 = ORIENTED_EDGE('',*,*,#1660,.F.);
#7399 = ORIENTED_EDGE('',*,*,#7400,.F.);
#7400 = EDGE_CURVE('',#4687,#1661,#7401,.T.);
#7401 = SEAM_CURVE('',#7402,(#7406,#7413),.PCURVE_S1.);
#7402 = LINE('',#7403,#7404);
#7403 = CARTESIAN_POINT('',(121.7,20.,-1.));
#7404 = VECTOR('',#7405,1.);
#7405 = DIRECTION('',(0.,0.,1.));
#7406 = PCURVE('',#1677,#7407);
#7407 = DEFINITIONAL_REPRESENTATION('',(#7408),#7412);
#7408 = LINE('',#7409,#7410);
#7409 = CARTESIAN_POINT('',(6.28318530718,-0.));
#7410 = VECTOR('',#7411,1.);
#7411 = DIRECTION('',(0.,1.));
#7412 = ( GEOMETRIC_REPRESENTATION_CONTEXT(2) 
PARAMETRIC_REPRESENTATION_CONTEXT() REPRESENTATION_CONTEXT('2D SPACE',''
  ) );
#7413 = PCURVE('',#1677,#7414);
#7414 = DEFINITIONAL_REPRESENTATION('',(#7415),#7419);
#7415 = LINE('',#7416,#7417);
#7416 = CARTESIAN_POINT('',(0.,-0.));
#7417 = VECTOR('',#7418,1.);
#7418 = DIRECTION('',(0.,1.));
#7419 = ( GEOMETRIC_REPRESENTATION_CONTEXT(2) 
PARAMETRIC_REPRESENTATION_CONTEXT() REPRESENTATION_CONTEXT('2D SPACE',''
  ) );
#7420 = ORIENTED_EDGE('',*,*,#4686,.T.);
#7421 = ORIENTED_EDGE('',*,*,#7400,.T.);
#7422 = ADVANCED_FACE('',(#7423),#1708,.F.);
#7423 = FACE_BOUND('',#7424,.F.);
#7424 = EDGE_LOOP('',(#7425,#7426,#7447,#7448));
#7425 = ORIENTED_EDGE('',*,*,#1691,.F.);
#7426 = ORIENTED_EDGE('',*,*,#7427,.F.);
#7427 = EDGE_CURVE('',#4713,#1692,#7428,.T.);
#7428 = SEAM_CURVE('',#7429,(#7433,#7440),.PCURVE_S1.);
#7429 = LINE('',#7430,#7431);
#7430 = CARTESIAN_POINT('',(101.7,30.,-1.));
#7431 = VECTOR('',#7432,1.);
#7432 = DIRECTION('',(0.,0.,1.));
#7433 = PCURVE('',#1708,#7434);
#7434 = DEFINITIONAL_REPRESENTATION('',(#7435),#7439);
#7435 = LINE('',#7436,#7437);
#7436 = CARTESIAN_POINT('',(6.28318530718,-0.));
#7437 = VECTOR('',#7438,1.);
#7438 = DIRECTION('',(0.,1.));
#7439 = ( GEOMETRIC_REPRESENTATION_CONTEXT(2) 
PARAMETRIC_REPRESENTATION_CONTEXT() REPRESENTATION_CONTEXT('2D SPACE',''
  ) );
#7440 = PCURVE('',#1708,#7441);
#7441 = DEFINITIONAL_REPRESENTATION('',(#7442),#7446);
#7442 = LINE('',#7443,#7444);
#7443 = CARTESIAN_POINT('',(0.,-0.));
#7444 = VECTOR('',#7445,1.);
#7445 = DIRECTION('',(0.,1.));
#7446 = ( GEOMETRIC_REPRESENTATION_CONTEXT(2) 
PARAMETRIC_REPRESENTATION_CONTEXT() REPRESENTATION_CONTEXT('2D SPACE',''
  ) );
#7447 = ORIENTED_EDGE('',*,*,#4712,.T.);
#7448 = ORIENTED_EDGE('',*,*,#7427,.T.);
#7449 = ADVANCED_FACE('',(#7450),#1739,.F.);
#7450 = FACE_BOUND('',#7451,.F.);
#7451 = EDGE_LOOP('',(#7452,#7453,#7474,#7475));
#7452 = ORIENTED_EDGE('',*,*,#1722,.F.);
#7453 = ORIENTED_EDGE('',*,*,#7454,.F.);
#7454 = EDGE_CURVE('',#4739,#1723,#7455,.T.);
#7455 = SEAM_CURVE('',#7456,(#7460,#7467),.PCURVE_S1.);
#7456 = LINE('',#7457,#7458);
#7457 = CARTESIAN_POINT('',(111.7,30.,-1.));
#7458 = VECTOR('',#7459,1.);
#7459 = DIRECTION('',(0.,0.,1.));
#7460 = PCURVE('',#1739,#7461);
#7461 = DEFINITIONAL_REPRESENTATION('',(#7462),#7466);
#7462 = LINE('',#7463,#7464);
#7463 = CARTESIAN_POINT('',(6.28318530718,-0.));
#7464 = VECTOR('',#7465,1.);
#7465 = DIRECTION('',(0.,1.));
#7466 = ( GEOMETRIC_REPRESENTATION_CONTEXT(2) 
PARAMETRIC_REPRESENTATION_CONTEXT() REPRESENTATION_CONTEXT('2D SPACE',''
  ) );
#7467 = PCURVE('',#1739,#7468);
#7468 = DEFINITIONAL_REPRESENTATION('',(#7469),#7473);
#7469 = LINE('',#7470,#7471);
#7470 = CARTESIAN_POINT('',(0.,-0.));
#7471 = VECTOR('',#7472,1.);
#7472 = DIRECTION('',(0.,1.));
#7473 = ( GEOMETRIC_REPRESENTATION_CONTEXT(2) 
PARAMETRIC_REPRESENTATION_CONTEXT() REPRESENTATION_CONTEXT('2D SPACE',''
  ) );
#7474 = ORIENTED_EDGE('',*,*,#4738,.T.);
#7475 = ORIENTED_EDGE('',*,*,#7454,.T.);
#7476 = ADVANCED_FACE('',(#7477),#1770,.F.);
#7477 = FACE_BOUND('',#7478,.F.);
#7478 = EDGE_LOOP('',(#7479,#7480,#7501,#7502));
#7479 = ORIENTED_EDGE('',*,*,#1753,.F.);
#7480 = ORIENTED_EDGE('',*,*,#7481,.F.);
#7481 = EDGE_CURVE('',#4765,#1754,#7482,.T.);
#7482 = SEAM_CURVE('',#7483,(#7487,#7494),.PCURVE_S1.);
#7483 = LINE('',#7484,#7485);
#7484 = CARTESIAN_POINT('',(121.7,30.,-1.));
#7485 = VECTOR('',#7486,1.);
#7486 = DIRECTION('',(0.,0.,1.));
#7487 = PCURVE('',#1770,#7488);
#7488 = DEFINITIONAL_REPRESENTATION('',(#7489),#7493);
#7489 = LINE('',#7490,#7491);
#7490 = CARTESIAN_POINT('',(6.28318530718,-0.));
#7491 = VECTOR('',#7492,1.);
#7492 = DIRECTION('',(0.,1.));
#7493 = ( GEOMETRIC_REPRESENTATION_CONTEXT(2) 
PARAMETRIC_REPRESENTATION_CONTEXT() REPRESENTATION_CONTEXT('2D SPACE',''
  ) );
#7494 = PCURVE('',#1770,#7495);
#7495 = DEFINITIONAL_REPRESENTATION('',(#7496),#7500);
#7496 = LINE('',#7497,#7498);
#7497 = CARTESIAN_POINT('',(0.,-0.));
#7498 = VECTOR('',#7499,1.);
#7499 = DIRECTION('',(0.,1.));
#7500 = ( GEOMETRIC_REPRESENTATION_CONTEXT(2) 
PARAMETRIC_REPRESENTATION_CONTEXT() REPRESENTATION_CONTEXT('2D SPACE',''
  ) );
#7501 = ORIENTED_EDGE('',*,*,#4764,.T.);
#7502 = ORIENTED_EDGE('',*,*,#7481,.T.);
#7503 = ADVANCED_FACE('',(#7504),#1801,.F.);
#7504 = FACE_BOUND('',#7505,.F.);
#7505 = EDGE_LOOP('',(#7506,#7507,#7528,#7529));
#7506 = ORIENTED_EDGE('',*,*,#1784,.F.);
#7507 = ORIENTED_EDGE('',*,*,#7508,.F.);
#7508 = EDGE_CURVE('',#4791,#1785,#7509,.T.);
#7509 = SEAM_CURVE('',#7510,(#7514,#7521),.PCURVE_S1.);
#7510 = LINE('',#7511,#7512);
#7511 = CARTESIAN_POINT('',(71.7,40.,-1.));
#7512 = VECTOR('',#7513,1.);
#7513 = DIRECTION('',(0.,0.,1.));
#7514 = PCURVE('',#1801,#7515);
#7515 = DEFINITIONAL_REPRESENTATION('',(#7516),#7520);
#7516 = LINE('',#7517,#7518);
#7517 = CARTESIAN_POINT('',(6.28318530718,-0.));
#7518 = VECTOR('',#7519,1.);
#7519 = DIRECTION('',(0.,1.));
#7520 = ( GEOMETRIC_REPRESENTATION_CONTEXT(2) 
PARAMETRIC_REPRESENTATION_CONTEXT() REPRESENTATION_CONTEXT('2D SPACE',''
  ) );
#7521 = PCURVE('',#1801,#7522);
#7522 = DEFINITIONAL_REPRESENTATION('',(#7523),#7527);
#7523 = LINE('',#7524,#7525);
#7524 = CARTESIAN_POINT('',(0.,-0.));
#7525 = VECTOR('',#7526,1.);
#7526 = DIRECTION('',(0.,1.));
#7527 = ( GEOMETRIC_REPRESENTATION_CONTEXT(2) 
PARAMETRIC_REPRESENTATION_CONTEXT() REPRESENTATION_CONTEXT('2D SPACE',''
  ) );
#7528 = ORIENTED_EDGE('',*,*,#4790,.T.);
#7529 = ORIENTED_EDGE('',*,*,#7508,.T.);
#7530 = ADVANCED_FACE('',(#7531),#1832,.F.);
#7531 = FACE_BOUND('',#7532,.F.);
#7532 = EDGE_LOOP('',(#7533,#7534,#7555,#7556));
#7533 = ORIENTED_EDGE('',*,*,#1815,.F.);
#7534 = ORIENTED_EDGE('',*,*,#7535,.F.);
#7535 = EDGE_CURVE('',#4817,#1816,#7536,.T.);
#7536 = SEAM_CURVE('',#7537,(#7541,#7548),.PCURVE_S1.);
#7537 = LINE('',#7538,#7539);
#7538 = CARTESIAN_POINT('',(71.7,50.,-1.));
#7539 = VECTOR('',#7540,1.);
#7540 = DIRECTION('',(0.,0.,1.));
#7541 = PCURVE('',#1832,#7542);
#7542 = DEFINITIONAL_REPRESENTATION('',(#7543),#7547);
#7543 = LINE('',#7544,#7545);
#7544 = CARTESIAN_POINT('',(6.28318530718,-0.));
#7545 = VECTOR('',#7546,1.);
#7546 = DIRECTION('',(0.,1.));
#7547 = ( GEOMETRIC_REPRESENTATION_CONTEXT(2) 
PARAMETRIC_REPRESENTATION_CONTEXT() REPRESENTATION_CONTEXT('2D SPACE',''
  ) );
#7548 = PCURVE('',#1832,#7549);
#7549 = DEFINITIONAL_REPRESENTATION('',(#7550),#7554);
#7550 = LINE('',#7551,#7552);
#7551 = CARTESIAN_POINT('',(0.,-0.));
#7552 = VECTOR('',#7553,1.);
#7553 = DIRECTION('',(0.,1.));
#7554 = ( GEOMETRIC_REPRESENTATION_CONTEXT(2) 
PARAMETRIC_REPRESENTATION_CONTEXT() REPRESENTATION_CONTEXT('2D SPACE',''
  ) );
#7555 = ORIENTED_EDGE('',*,*,#4816,.T.);
#7556 = ORIENTED_EDGE('',*,*,#7535,.T.);
#7557 = ADVANCED_FACE('',(#7558),#1863,.F.);
#7558 = FACE_BOUND('',#7559,.F.);
#7559 = EDGE_LOOP('',(#7560,#7561,#7582,#7583));
#7560 = ORIENTED_EDGE('',*,*,#1846,.F.);
#7561 = ORIENTED_EDGE('',*,*,#7562,.F.);
#7562 = EDGE_CURVE('',#4843,#1847,#7563,.T.);
#7563 = SEAM_CURVE('',#7564,(#7568,#7575),.PCURVE_S1.);
#7564 = LINE('',#7565,#7566);
#7565 = CARTESIAN_POINT('',(81.7,40.,-1.));
#7566 = VECTOR('',#7567,1.);
#7567 = DIRECTION('',(0.,0.,1.));
#7568 = PCURVE('',#1863,#7569);
#7569 = DEFINITIONAL_REPRESENTATION('',(#7570),#7574);
#7570 = LINE('',#7571,#7572);
#7571 = CARTESIAN_POINT('',(6.28318530718,-0.));
#7572 = VECTOR('',#7573,1.);
#7573 = DIRECTION('',(0.,1.));
#7574 = ( GEOMETRIC_REPRESENTATION_CONTEXT(2) 
PARAMETRIC_REPRESENTATION_CONTEXT() REPRESENTATION_CONTEXT('2D SPACE',''
  ) );
#7575 = PCURVE('',#1863,#7576);
#7576 = DEFINITIONAL_REPRESENTATION('',(#7577),#7581);
#7577 = LINE('',#7578,#7579);
#7578 = CARTESIAN_POINT('',(0.,-0.));
#7579 = VECTOR('',#7580,1.);
#7580 = DIRECTION('',(0.,1.));
#7581 = ( GEOMETRIC_REPRESENTATION_CONTEXT(2) 
PARAMETRIC_REPRESENTATION_CONTEXT() REPRESENTATION_CONTEXT('2D SPACE',''
  ) );
#7582 = ORIENTED_EDGE('',*,*,#4842,.T.);
#7583 = ORIENTED_EDGE('',*,*,#7562,.T.);
#7584 = ADVANCED_FACE('',(#7585),#1894,.F.);
#7585 = FACE_BOUND('',#7586,.F.);
#7586 = EDGE_LOOP('',(#7587,#7588,#7609,#7610));
#7587 = ORIENTED_EDGE('',*,*,#1877,.F.);
#7588 = ORIENTED_EDGE('',*,*,#7589,.F.);
#7589 = EDGE_CURVE('',#4869,#1878,#7590,.T.);
#7590 = SEAM_CURVE('',#7591,(#7595,#7602),.PCURVE_S1.);
#7591 = LINE('',#7592,#7593);
#7592 = CARTESIAN_POINT('',(91.7,40.,-1.));
#7593 = VECTOR('',#7594,1.);
#7594 = DIRECTION('',(0.,0.,1.));
#7595 = PCURVE('',#1894,#7596);
#7596 = DEFINITIONAL_REPRESENTATION('',(#7597),#7601);
#7597 = LINE('',#7598,#7599);
#7598 = CARTESIAN_POINT('',(6.28318530718,-0.));
#7599 = VECTOR('',#7600,1.);
#7600 = DIRECTION('',(0.,1.));
#7601 = ( GEOMETRIC_REPRESENTATION_CONTEXT(2) 
PARAMETRIC_REPRESENTATION_CONTEXT() REPRESENTATION_CONTEXT('2D SPACE',''
  ) );
#7602 = PCURVE('',#1894,#7603);
#7603 = DEFINITIONAL_REPRESENTATION('',(#7604),#7608);
#7604 = LINE('',#7605,#7606);
#7605 = CARTESIAN_POINT('',(0.,-0.));
#7606 = VECTOR('',#7607,1.);
#7607 = DIRECTION('',(0.,1.));
#7608 = ( GEOMETRIC_REPRESENTATION_CONTEXT(2) 
PARAMETRIC_REPRESENTATION_CONTEXT() REPRESENTATION_CONTEXT('2D SPACE',''
  ) );
#7609 = ORIENTED_EDGE('',*,*,#4868,.T.);
#7610 = ORIENTED_EDGE('',*,*,#7589,.T.);
#7611 = ADVANCED_FACE('',(#7612),#1925,.F.);
#7612 = FACE_BOUND('',#7613,.F.);
#7613 = EDGE_LOOP('',(#7614,#7615,#7636,#7637));
#7614 = ORIENTED_EDGE('',*,*,#1908,.F.);
#7615 = ORIENTED_EDGE('',*,*,#7616,.F.);
#7616 = EDGE_CURVE('',#4895,#1909,#7617,.T.);
#7617 = SEAM_CURVE('',#7618,(#7622,#7629),.PCURVE_S1.);
#7618 = LINE('',#7619,#7620);
#7619 = CARTESIAN_POINT('',(81.7,50.,-1.));
#7620 = VECTOR('',#7621,1.);
#7621 = DIRECTION('',(0.,0.,1.));
#7622 = PCURVE('',#1925,#7623);
#7623 = DEFINITIONAL_REPRESENTATION('',(#7624),#7628);
#7624 = LINE('',#7625,#7626);
#7625 = CARTESIAN_POINT('',(6.28318530718,-0.));
#7626 = VECTOR('',#7627,1.);
#7627 = DIRECTION('',(0.,1.));
#7628 = ( GEOMETRIC_REPRESENTATION_CONTEXT(2) 
PARAMETRIC_REPRESENTATION_CONTEXT() REPRESENTATION_CONTEXT('2D SPACE',''
  ) );
#7629 = PCURVE('',#1925,#7630);
#7630 = DEFINITIONAL_REPRESENTATION('',(#7631),#7635);
#7631 = LINE('',#7632,#7633);
#7632 = CARTESIAN_POINT('',(0.,-0.));
#7633 = VECTOR('',#7634,1.);
#7634 = DIRECTION('',(0.,1.));
#7635 = ( GEOMETRIC_REPRESENTATION_CONTEXT(2) 
PARAMETRIC_REPRESENTATION_CONTEXT() REPRESENTATION_CONTEXT('2D SPACE',''
  ) );
#7636 = ORIENTED_EDGE('',*,*,#4894,.T.);
#7637 = ORIENTED_EDGE('',*,*,#7616,.T.);
#7638 = ADVANCED_FACE('',(#7639),#1956,.F.);
#7639 = FACE_BOUND('',#7640,.F.);
#7640 = EDGE_LOOP('',(#7641,#7642,#7663,#7664));
#7641 = ORIENTED_EDGE('',*,*,#1939,.F.);
#7642 = ORIENTED_EDGE('',*,*,#7643,.F.);
#7643 = EDGE_CURVE('',#4921,#1940,#7644,.T.);
#7644 = SEAM_CURVE('',#7645,(#7649,#7656),.PCURVE_S1.);
#7645 = LINE('',#7646,#7647);
#7646 = CARTESIAN_POINT('',(91.7,50.,-1.));
#7647 = VECTOR('',#7648,1.);
#7648 = DIRECTION('',(0.,0.,1.));
#7649 = PCURVE('',#1956,#7650);
#7650 = DEFINITIONAL_REPRESENTATION('',(#7651),#7655);
#7651 = LINE('',#7652,#7653);
#7652 = CARTESIAN_POINT('',(6.28318530718,-0.));
#7653 = VECTOR('',#7654,1.);
#7654 = DIRECTION('',(0.,1.));
#7655 = ( GEOMETRIC_REPRESENTATION_CONTEXT(2) 
PARAMETRIC_REPRESENTATION_CONTEXT() REPRESENTATION_CONTEXT('2D SPACE',''
  ) );
#7656 = PCURVE('',#1956,#7657);
#7657 = DEFINITIONAL_REPRESENTATION('',(#7658),#7662);
#7658 = LINE('',#7659,#7660);
#7659 = CARTESIAN_POINT('',(0.,-0.));
#7660 = VECTOR('',#7661,1.);
#7661 = DIRECTION('',(0.,1.));
#7662 = ( GEOMETRIC_REPRESENTATION_CONTEXT(2) 
PARAMETRIC_REPRESENTATION_CONTEXT() REPRESENTATION_CONTEXT('2D SPACE',''
  ) );
#7663 = ORIENTED_EDGE('',*,*,#4920,.T.);
#7664 = ORIENTED_EDGE('',*,*,#7643,.T.);
#7665 = ADVANCED_FACE('',(#7666),#1987,.F.);
#7666 = FACE_BOUND('',#7667,.F.);
#7667 = EDGE_LOOP('',(#7668,#7669,#7690,#7691));
#7668 = ORIENTED_EDGE('',*,*,#1970,.F.);
#7669 = ORIENTED_EDGE('',*,*,#7670,.F.);
#7670 = EDGE_CURVE('',#4947,#1971,#7671,.T.);
#7671 = SEAM_CURVE('',#7672,(#7676,#7683),.PCURVE_S1.);
#7672 = LINE('',#7673,#7674);
#7673 = CARTESIAN_POINT('',(101.7,40.,-1.));
#7674 = VECTOR('',#7675,1.);
#7675 = DIRECTION('',(0.,0.,1.));
#7676 = PCURVE('',#1987,#7677);
#7677 = DEFINITIONAL_REPRESENTATION('',(#7678),#7682);
#7678 = LINE('',#7679,#7680);
#7679 = CARTESIAN_POINT('',(6.28318530718,-0.));
#7680 = VECTOR('',#7681,1.);
#7681 = DIRECTION('',(0.,1.));
#7682 = ( GEOMETRIC_REPRESENTATION_CONTEXT(2) 
PARAMETRIC_REPRESENTATION_CONTEXT() REPRESENTATION_CONTEXT('2D SPACE',''
  ) );
#7683 = PCURVE('',#1987,#7684);
#7684 = DEFINITIONAL_REPRESENTATION('',(#7685),#7689);
#7685 = LINE('',#7686,#7687);
#7686 = CARTESIAN_POINT('',(0.,-0.));
#7687 = VECTOR('',#7688,1.);
#7688 = DIRECTION('',(0.,1.));
#7689 = ( GEOMETRIC_REPRESENTATION_CONTEXT(2) 
PARAMETRIC_REPRESENTATION_CONTEXT() REPRESENTATION_CONTEXT('2D SPACE',''
  ) );
#7690 = ORIENTED_EDGE('',*,*,#4946,.T.);
#7691 = ORIENTED_EDGE('',*,*,#7670,.T.);
#7692 = ADVANCED_FACE('',(#7693),#2018,.F.);
#7693 = FACE_BOUND('',#7694,.F.);
#7694 = EDGE_LOOP('',(#7695,#7696,#7717,#7718));
#7695 = ORIENTED_EDGE('',*,*,#2001,.F.);
#7696 = ORIENTED_EDGE('',*,*,#7697,.F.);
#7697 = EDGE_CURVE('',#4973,#2002,#7698,.T.);
#7698 = SEAM_CURVE('',#7699,(#7703,#7710),.PCURVE_S1.);
#7699 = LINE('',#7700,#7701);
#7700 = CARTESIAN_POINT('',(101.7,50.,-1.));
#7701 = VECTOR('',#7702,1.);
#7702 = DIRECTION('',(0.,0.,1.));
#7703 = PCURVE('',#2018,#7704);
#7704 = DEFINITIONAL_REPRESENTATION('',(#7705),#7709);
#7705 = LINE('',#7706,#7707);
#7706 = CARTESIAN_POINT('',(6.28318530718,-0.));
#7707 = VECTOR('',#7708,1.);
#7708 = DIRECTION('',(0.,1.));
#7709 = ( GEOMETRIC_REPRESENTATION_CONTEXT(2) 
PARAMETRIC_REPRESENTATION_CONTEXT() REPRESENTATION_CONTEXT('2D SPACE',''
  ) );
#7710 = PCURVE('',#2018,#7711);
#7711 = DEFINITIONAL_REPRESENTATION('',(#7712),#7716);
#7712 = LINE('',#7713,#7714);
#7713 = CARTESIAN_POINT('',(0.,-0.));
#7714 = VECTOR('',#7715,1.);
#7715 = DIRECTION('',(0.,1.));
#7716 = ( GEOMETRIC_REPRESENTATION_CONTEXT(2) 
PARAMETRIC_REPRESENTATION_CONTEXT() REPRESENTATION_CONTEXT('2D SPACE',''
  ) );
#7717 = ORIENTED_EDGE('',*,*,#4972,.T.);
#7718 = ORIENTED_EDGE('',*,*,#7697,.T.);
#7719 = ADVANCED_FACE('',(#7720),#2049,.F.);
#7720 = FACE_BOUND('',#7721,.F.);
#7721 = EDGE_LOOP('',(#7722,#7723,#7744,#7745));
#7722 = ORIENTED_EDGE('',*,*,#2032,.F.);
#7723 = ORIENTED_EDGE('',*,*,#7724,.F.);
#7724 = EDGE_CURVE('',#4999,#2033,#7725,.T.);
#7725 = SEAM_CURVE('',#7726,(#7730,#7737),.PCURVE_S1.);
#7726 = LINE('',#7727,#7728);
#7727 = CARTESIAN_POINT('',(111.7,40.,-1.));
#7728 = VECTOR('',#7729,1.);
#7729 = DIRECTION('',(0.,0.,1.));
#7730 = PCURVE('',#2049,#7731);
#7731 = DEFINITIONAL_REPRESENTATION('',(#7732),#7736);
#7732 = LINE('',#7733,#7734);
#7733 = CARTESIAN_POINT('',(6.28318530718,-0.));
#7734 = VECTOR('',#7735,1.);
#7735 = DIRECTION('',(0.,1.));
#7736 = ( GEOMETRIC_REPRESENTATION_CONTEXT(2) 
PARAMETRIC_REPRESENTATION_CONTEXT() REPRESENTATION_CONTEXT('2D SPACE',''
  ) );
#7737 = PCURVE('',#2049,#7738);
#7738 = DEFINITIONAL_REPRESENTATION('',(#7739),#7743);
#7739 = LINE('',#7740,#7741);
#7740 = CARTESIAN_POINT('',(0.,-0.));
#7741 = VECTOR('',#7742,1.);
#7742 = DIRECTION('',(0.,1.));
#7743 = ( GEOMETRIC_REPRESENTATION_CONTEXT(2) 
PARAMETRIC_REPRESENTATION_CONTEXT() REPRESENTATION_CONTEXT('2D SPACE',''
  ) );
#7744 = ORIENTED_EDGE('',*,*,#4998,.T.);
#7745 = ORIENTED_EDGE('',*,*,#7724,.T.);
#7746 = ADVANCED_FACE('',(#7747),#2080,.F.);
#7747 = FACE_BOUND('',#7748,.F.);
#7748 = EDGE_LOOP('',(#7749,#7750,#7771,#7772));
#7749 = ORIENTED_EDGE('',*,*,#2063,.F.);
#7750 = ORIENTED_EDGE('',*,*,#7751,.F.);
#7751 = EDGE_CURVE('',#5025,#2064,#7752,.T.);
#7752 = SEAM_CURVE('',#7753,(#7757,#7764),.PCURVE_S1.);
#7753 = LINE('',#7754,#7755);
#7754 = CARTESIAN_POINT('',(121.7,40.,-1.));
#7755 = VECTOR('',#7756,1.);
#7756 = DIRECTION('',(0.,0.,1.));
#7757 = PCURVE('',#2080,#7758);
#7758 = DEFINITIONAL_REPRESENTATION('',(#7759),#7763);
#7759 = LINE('',#7760,#7761);
#7760 = CARTESIAN_POINT('',(6.28318530718,-0.));
#7761 = VECTOR('',#7762,1.);
#7762 = DIRECTION('',(0.,1.));
#7763 = ( GEOMETRIC_REPRESENTATION_CONTEXT(2) 
PARAMETRIC_REPRESENTATION_CONTEXT() REPRESENTATION_CONTEXT('2D SPACE',''
  ) );
#7764 = PCURVE('',#2080,#7765);
#7765 = DEFINITIONAL_REPRESENTATION('',(#7766),#7770);
#7766 = LINE('',#7767,#7768);
#7767 = CARTESIAN_POINT('',(0.,-0.));
#7768 = VECTOR('',#7769,1.);
#7769 = DIRECTION('',(0.,1.));
#7770 = ( GEOMETRIC_REPRESENTATION_CONTEXT(2) 
PARAMETRIC_REPRESENTATION_CONTEXT() REPRESENTATION_CONTEXT('2D SPACE',''
  ) );
#7771 = ORIENTED_EDGE('',*,*,#5024,.T.);
#7772 = ORIENTED_EDGE('',*,*,#7751,.T.);
#7773 = ADVANCED_FACE('',(#7774),#2111,.F.);
#7774 = FACE_BOUND('',#7775,.F.);
#7775 = EDGE_LOOP('',(#7776,#7777,#7798,#7799));
#7776 = ORIENTED_EDGE('',*,*,#2094,.F.);
#7777 = ORIENTED_EDGE('',*,*,#7778,.F.);
#7778 = EDGE_CURVE('',#5051,#2095,#7779,.T.);
#7779 = SEAM_CURVE('',#7780,(#7784,#7791),.PCURVE_S1.);
#7780 = LINE('',#7781,#7782);
#7781 = CARTESIAN_POINT('',(111.7,50.,-1.));
#7782 = VECTOR('',#7783,1.);
#7783 = DIRECTION('',(0.,0.,1.));
#7784 = PCURVE('',#2111,#7785);
#7785 = DEFINITIONAL_REPRESENTATION('',(#7786),#7790);
#7786 = LINE('',#7787,#7788);
#7787 = CARTESIAN_POINT('',(6.28318530718,-0.));
#7788 = VECTOR('',#7789,1.);
#7789 = DIRECTION('',(0.,1.));
#7790 = ( GEOMETRIC_REPRESENTATION_CONTEXT(2) 
PARAMETRIC_REPRESENTATION_CONTEXT() REPRESENTATION_CONTEXT('2D SPACE',''
  ) );
#7791 = PCURVE('',#2111,#7792);
#7792 = DEFINITIONAL_REPRESENTATION('',(#7793),#7797);
#7793 = LINE('',#7794,#7795);
#7794 = CARTESIAN_POINT('',(0.,-0.));
#7795 = VECTOR('',#7796,1.);
#7796 = DIRECTION('',(0.,1.));
#7797 = ( GEOMETRIC_REPRESENTATION_CONTEXT(2) 
PARAMETRIC_REPRESENTATION_CONTEXT() REPRESENTATION_CONTEXT('2D SPACE',''
  ) );
#7798 = ORIENTED_EDGE('',*,*,#5050,.T.);
#7799 = ORIENTED_EDGE('',*,*,#7778,.T.);
#7800 = ADVANCED_FACE('',(#7801),#2142,.F.);
#7801 = FACE_BOUND('',#7802,.F.);
#7802 = EDGE_LOOP('',(#7803,#7804,#7825,#7826));
#7803 = ORIENTED_EDGE('',*,*,#2125,.F.);
#7804 = ORIENTED_EDGE('',*,*,#7805,.F.);
#7805 = EDGE_CURVE('',#5077,#2126,#7806,.T.);
#7806 = SEAM_CURVE('',#7807,(#7811,#7818),.PCURVE_S1.);
#7807 = LINE('',#7808,#7809);
#7808 = CARTESIAN_POINT('',(121.7,50.,-1.));
#7809 = VECTOR('',#7810,1.);
#7810 = DIRECTION('',(0.,0.,1.));
#7811 = PCURVE('',#2142,#7812);
#7812 = DEFINITIONAL_REPRESENTATION('',(#7813),#7817);
#7813 = LINE('',#7814,#7815);
#7814 = CARTESIAN_POINT('',(6.28318530718,-0.));
#7815 = VECTOR('',#7816,1.);
#7816 = DIRECTION('',(0.,1.));
#7817 = ( GEOMETRIC_REPRESENTATION_CONTEXT(2) 
PARAMETRIC_REPRESENTATION_CONTEXT() REPRESENTATION_CONTEXT('2D SPACE',''
  ) );
#7818 = PCURVE('',#2142,#7819);
#7819 = DEFINITIONAL_REPRESENTATION('',(#7820),#7824);
#7820 = LINE('',#7821,#7822);
#7821 = CARTESIAN_POINT('',(0.,-0.));
#7822 = VECTOR('',#7823,1.);
#7823 = DIRECTION('',(0.,1.));
#7824 = ( GEOMETRIC_REPRESENTATION_CONTEXT(2) 
PARAMETRIC_REPRESENTATION_CONTEXT() REPRESENTATION_CONTEXT('2D SPACE',''
  ) );
#7825 = ORIENTED_EDGE('',*,*,#5076,.T.);
#7826 = ORIENTED_EDGE('',*,*,#7805,.T.);
#7827 = ADVANCED_FACE('',(#7828),#2173,.F.);
#7828 = FACE_BOUND('',#7829,.F.);
#7829 = EDGE_LOOP('',(#7830,#7831,#7852,#7853));
#7830 = ORIENTED_EDGE('',*,*,#2156,.F.);
#7831 = ORIENTED_EDGE('',*,*,#7832,.F.);
#7832 = EDGE_CURVE('',#5103,#2157,#7833,.T.);
#7833 = SEAM_CURVE('',#7834,(#7838,#7845),.PCURVE_S1.);
#7834 = LINE('',#7835,#7836);
#7835 = CARTESIAN_POINT('',(101.7,60.,-1.));
#7836 = VECTOR('',#7837,1.);
#7837 = DIRECTION('',(0.,0.,1.));
#7838 = PCURVE('',#2173,#7839);
#7839 = DEFINITIONAL_REPRESENTATION('',(#7840),#7844);
#7840 = LINE('',#7841,#7842);
#7841 = CARTESIAN_POINT('',(6.28318530718,-0.));
#7842 = VECTOR('',#7843,1.);
#7843 = DIRECTION('',(0.,1.));
#7844 = ( GEOMETRIC_REPRESENTATION_CONTEXT(2) 
PARAMETRIC_REPRESENTATION_CONTEXT() REPRESENTATION_CONTEXT('2D SPACE',''
  ) );
#7845 = PCURVE('',#2173,#7846);
#7846 = DEFINITIONAL_REPRESENTATION('',(#7847),#7851);
#7847 = LINE('',#7848,#7849);
#7848 = CARTESIAN_POINT('',(0.,-0.));
#7849 = VECTOR('',#7850,1.);
#7850 = DIRECTION('',(0.,1.));
#7851 = ( GEOMETRIC_REPRESENTATION_CONTEXT(2) 
PARAMETRIC_REPRESENTATION_CONTEXT() REPRESENTATION_CONTEXT('2D SPACE',''
  ) );
#7852 = ORIENTED_EDGE('',*,*,#5102,.T.);
#7853 = ORIENTED_EDGE('',*,*,#7832,.T.);
#7854 = ADVANCED_FACE('',(#7855),#2204,.F.);
#7855 = FACE_BOUND('',#7856,.F.);
#7856 = EDGE_LOOP('',(#7857,#7858,#7879,#7880));
#7857 = ORIENTED_EDGE('',*,*,#2187,.F.);
#7858 = ORIENTED_EDGE('',*,*,#7859,.F.);
#7859 = EDGE_CURVE('',#5129,#2188,#7860,.T.);
#7860 = SEAM_CURVE('',#7861,(#7865,#7872),.PCURVE_S1.);
#7861 = LINE('',#7862,#7863);
#7862 = CARTESIAN_POINT('',(111.7,60.,-1.));
#7863 = VECTOR('',#7864,1.);
#7864 = DIRECTION('',(0.,0.,1.));
#7865 = PCURVE('',#2204,#7866);
#7866 = DEFINITIONAL_REPRESENTATION('',(#7867),#7871);
#7867 = LINE('',#7868,#7869);
#7868 = CARTESIAN_POINT('',(6.28318530718,-0.));
#7869 = VECTOR('',#7870,1.);
#7870 = DIRECTION('',(0.,1.));
#7871 = ( GEOMETRIC_REPRESENTATION_CONTEXT(2) 
PARAMETRIC_REPRESENTATION_CONTEXT() REPRESENTATION_CONTEXT('2D SPACE',''
  ) );
#7872 = PCURVE('',#2204,#7873);
#7873 = DEFINITIONAL_REPRESENTATION('',(#7874),#7878);
#7874 = LINE('',#7875,#7876);
#7875 = CARTESIAN_POINT('',(0.,-0.));
#7876 = VECTOR('',#7877,1.);
#7877 = DIRECTION('',(0.,1.));
#7878 = ( GEOMETRIC_REPRESENTATION_CONTEXT(2) 
PARAMETRIC_REPRESENTATION_CONTEXT() REPRESENTATION_CONTEXT('2D SPACE',''
  ) );
#7879 = ORIENTED_EDGE('',*,*,#5128,.T.);
#7880 = ORIENTED_EDGE('',*,*,#7859,.T.);
#7881 = ADVANCED_FACE('',(#7882),#2235,.F.);
#7882 = FACE_BOUND('',#7883,.F.);
#7883 = EDGE_LOOP('',(#7884,#7885,#7906,#7907));
#7884 = ORIENTED_EDGE('',*,*,#2218,.F.);
#7885 = ORIENTED_EDGE('',*,*,#7886,.F.);
#7886 = EDGE_CURVE('',#5155,#2219,#7887,.T.);
#7887 = SEAM_CURVE('',#7888,(#7892,#7899),.PCURVE_S1.);
#7888 = LINE('',#7889,#7890);
#7889 = CARTESIAN_POINT('',(121.7,60.,-1.));
#7890 = VECTOR('',#7891,1.);
#7891 = DIRECTION('',(0.,0.,1.));
#7892 = PCURVE('',#2235,#7893);
#7893 = DEFINITIONAL_REPRESENTATION('',(#7894),#7898);
#7894 = LINE('',#7895,#7896);
#7895 = CARTESIAN_POINT('',(6.28318530718,-0.));
#7896 = VECTOR('',#7897,1.);
#7897 = DIRECTION('',(0.,1.));
#7898 = ( GEOMETRIC_REPRESENTATION_CONTEXT(2) 
PARAMETRIC_REPRESENTATION_CONTEXT() REPRESENTATION_CONTEXT('2D SPACE',''
  ) );
#7899 = PCURVE('',#2235,#7900);
#7900 = DEFINITIONAL_REPRESENTATION('',(#7901),#7905);
#7901 = LINE('',#7902,#7903);
#7902 = CARTESIAN_POINT('',(0.,-0.));
#7903 = VECTOR('',#7904,1.);
#7904 = DIRECTION('',(0.,1.));
#7905 = ( GEOMETRIC_REPRESENTATION_CONTEXT(2) 
PARAMETRIC_REPRESENTATION_CONTEXT() REPRESENTATION_CONTEXT('2D SPACE',''
  ) );
#7906 = ORIENTED_EDGE('',*,*,#5154,.T.);
#7907 = ORIENTED_EDGE('',*,*,#7886,.T.);
#7908 = ADVANCED_FACE('',(#7909),#2266,.F.);
#7909 = FACE_BOUND('',#7910,.F.);
#7910 = EDGE_LOOP('',(#7911,#7912,#7933,#7934));
#7911 = ORIENTED_EDGE('',*,*,#2249,.F.);
#7912 = ORIENTED_EDGE('',*,*,#7913,.F.);
#7913 = EDGE_CURVE('',#5181,#2250,#7914,.T.);
#7914 = SEAM_CURVE('',#7915,(#7919,#7926),.PCURVE_S1.);
#7915 = LINE('',#7916,#7917);
#7916 = CARTESIAN_POINT('',(11.7,70.,-1.));
#7917 = VECTOR('',#7918,1.);
#7918 = DIRECTION('',(0.,0.,1.));
#7919 = PCURVE('',#2266,#7920);
#7920 = DEFINITIONAL_REPRESENTATION('',(#7921),#7925);
#7921 = LINE('',#7922,#7923);
#7922 = CARTESIAN_POINT('',(6.28318530718,-0.));
#7923 = VECTOR('',#7924,1.);
#7924 = DIRECTION('',(0.,1.));
#7925 = ( GEOMETRIC_REPRESENTATION_CONTEXT(2) 
PARAMETRIC_REPRESENTATION_CONTEXT() REPRESENTATION_CONTEXT('2D SPACE',''
  ) );
#7926 = PCURVE('',#2266,#7927);
#7927 = DEFINITIONAL_REPRESENTATION('',(#7928),#7932);
#7928 = LINE('',#7929,#7930);
#7929 = CARTESIAN_POINT('',(0.,-0.));
#7930 = VECTOR('',#7931,1.);
#7931 = DIRECTION('',(0.,1.));
#7932 = ( GEOMETRIC_REPRESENTATION_CONTEXT(2) 
PARAMETRIC_REPRESENTATION_CONTEXT() REPRESENTATION_CONTEXT('2D SPACE',''
  ) );
#7933 = ORIENTED_EDGE('',*,*,#5180,.T.);
#7934 = ORIENTED_EDGE('',*,*,#7913,.T.);
#7935 = ADVANCED_FACE('',(#7936),#2297,.F.);
#7936 = FACE_BOUND('',#7937,.F.);
#7937 = EDGE_LOOP('',(#7938,#7939,#7960,#7961));
#7938 = ORIENTED_EDGE('',*,*,#2280,.F.);
#7939 = ORIENTED_EDGE('',*,*,#7940,.F.);
#7940 = EDGE_CURVE('',#5207,#2281,#7941,.T.);
#7941 = SEAM_CURVE('',#7942,(#7946,#7953),.PCURVE_S1.);
#7942 = LINE('',#7943,#7944);
#7943 = CARTESIAN_POINT('',(21.7,70.,-1.));
#7944 = VECTOR('',#7945,1.);
#7945 = DIRECTION('',(0.,0.,1.));
#7946 = PCURVE('',#2297,#7947);
#7947 = DEFINITIONAL_REPRESENTATION('',(#7948),#7952);
#7948 = LINE('',#7949,#7950);
#7949 = CARTESIAN_POINT('',(6.28318530718,-0.));
#7950 = VECTOR('',#7951,1.);
#7951 = DIRECTION('',(0.,1.));
#7952 = ( GEOMETRIC_REPRESENTATION_CONTEXT(2) 
PARAMETRIC_REPRESENTATION_CONTEXT() REPRESENTATION_CONTEXT('2D SPACE',''
  ) );
#7953 = PCURVE('',#2297,#7954);
#7954 = DEFINITIONAL_REPRESENTATION('',(#7955),#7959);
#7955 = LINE('',#7956,#7957);
#7956 = CARTESIAN_POINT('',(0.,-0.));
#7957 = VECTOR('',#7958,1.);
#7958 = DIRECTION('',(0.,1.));
#7959 = ( GEOMETRIC_REPRESENTATION_CONTEXT(2) 
PARAMETRIC_REPRESENTATION_CONTEXT() REPRESENTATION_CONTEXT('2D SPACE',''
  ) );
#7960 = ORIENTED_EDGE('',*,*,#5206,.T.);
#7961 = ORIENTED_EDGE('',*,*,#7940,.T.);
#7962 = ADVANCED_FACE('',(#7963),#2328,.F.);
#7963 = FACE_BOUND('',#7964,.F.);
#7964 = EDGE_LOOP('',(#7965,#7966,#7987,#7988));
#7965 = ORIENTED_EDGE('',*,*,#2311,.F.);
#7966 = ORIENTED_EDGE('',*,*,#7967,.F.);
#7967 = EDGE_CURVE('',#5233,#2312,#7968,.T.);
#7968 = SEAM_CURVE('',#7969,(#7973,#7980),.PCURVE_S1.);
#7969 = LINE('',#7970,#7971);
#7970 = CARTESIAN_POINT('',(31.7,70.,-1.));
#7971 = VECTOR('',#7972,1.);
#7972 = DIRECTION('',(0.,0.,1.));
#7973 = PCURVE('',#2328,#7974);
#7974 = DEFINITIONAL_REPRESENTATION('',(#7975),#7979);
#7975 = LINE('',#7976,#7977);
#7976 = CARTESIAN_POINT('',(6.28318530718,-0.));
#7977 = VECTOR('',#7978,1.);
#7978 = DIRECTION('',(0.,1.));
#7979 = ( GEOMETRIC_REPRESENTATION_CONTEXT(2) 
PARAMETRIC_REPRESENTATION_CONTEXT() REPRESENTATION_CONTEXT('2D SPACE',''
  ) );
#7980 = PCURVE('',#2328,#7981);
#7981 = DEFINITIONAL_REPRESENTATION('',(#7982),#7986);
#7982 = LINE('',#7983,#7984);
#7983 = CARTESIAN_POINT('',(0.,-0.));
#7984 = VECTOR('',#7985,1.);
#7985 = DIRECTION('',(0.,1.));
#7986 = ( GEOMETRIC_REPRESENTATION_CONTEXT(2) 
PARAMETRIC_REPRESENTATION_CONTEXT() REPRESENTATION_CONTEXT('2D SPACE',''
  ) );
#7987 = ORIENTED_EDGE('',*,*,#5232,.T.);
#7988 = ORIENTED_EDGE('',*,*,#7967,.T.);
#7989 = ADVANCED_FACE('',(#7990),#2359,.F.);
#7990 = FACE_BOUND('',#7991,.F.);
#7991 = EDGE_LOOP('',(#7992,#7993,#8014,#8015));
#7992 = ORIENTED_EDGE('',*,*,#2342,.F.);
#7993 = ORIENTED_EDGE('',*,*,#7994,.F.);
#7994 = EDGE_CURVE('',#5259,#2343,#7995,.T.);
#7995 = SEAM_CURVE('',#7996,(#8000,#8007),.PCURVE_S1.);
#7996 = LINE('',#7997,#7998);
#7997 = CARTESIAN_POINT('',(11.7,80.,-1.));
#7998 = VECTOR('',#7999,1.);
#7999 = DIRECTION('',(0.,0.,1.));
#8000 = PCURVE('',#2359,#8001);
#8001 = DEFINITIONAL_REPRESENTATION('',(#8002),#8006);
#8002 = LINE('',#8003,#8004);
#8003 = CARTESIAN_POINT('',(6.28318530718,-0.));
#8004 = VECTOR('',#8005,1.);
#8005 = DIRECTION('',(0.,1.));
#8006 = ( GEOMETRIC_REPRESENTATION_CONTEXT(2) 
PARAMETRIC_REPRESENTATION_CONTEXT() REPRESENTATION_CONTEXT('2D SPACE',''
  ) );
#8007 = PCURVE('',#2359,#8008);
#8008 = DEFINITIONAL_REPRESENTATION('',(#8009),#8013);
#8009 = LINE('',#8010,#8011);
#8010 = CARTESIAN_POINT('',(0.,-0.));
#8011 = VECTOR('',#8012,1.);
#8012 = DIRECTION('',(0.,1.));
#8013 = ( GEOMETRIC_REPRESENTATION_CONTEXT(2) 
PARAMETRIC_REPRESENTATION_CONTEXT() REPRESENTATION_CONTEXT('2D SPACE',''
  ) );
#8014 = ORIENTED_EDGE('',*,*,#5258,.T.);
#8015 = ORIENTED_EDGE('',*,*,#7994,.T.);
#8016 = ADVANCED_FACE('',(#8017),#2390,.F.);
#8017 = FACE_BOUND('',#8018,.F.);
#8018 = EDGE_LOOP('',(#8019,#8020,#8041,#8042));
#8019 = ORIENTED_EDGE('',*,*,#2373,.F.);
#8020 = ORIENTED_EDGE('',*,*,#8021,.F.);
#8021 = EDGE_CURVE('',#5285,#2374,#8022,.T.);
#8022 = SEAM_CURVE('',#8023,(#8027,#8034),.PCURVE_S1.);
#8023 = LINE('',#8024,#8025);
#8024 = CARTESIAN_POINT('',(21.7,80.,-1.));
#8025 = VECTOR('',#8026,1.);
#8026 = DIRECTION('',(0.,0.,1.));
#8027 = PCURVE('',#2390,#8028);
#8028 = DEFINITIONAL_REPRESENTATION('',(#8029),#8033);
#8029 = LINE('',#8030,#8031);
#8030 = CARTESIAN_POINT('',(6.28318530718,-0.));
#8031 = VECTOR('',#8032,1.);
#8032 = DIRECTION('',(0.,1.));
#8033 = ( GEOMETRIC_REPRESENTATION_CONTEXT(2) 
PARAMETRIC_REPRESENTATION_CONTEXT() REPRESENTATION_CONTEXT('2D SPACE',''
  ) );
#8034 = PCURVE('',#2390,#8035);
#8035 = DEFINITIONAL_REPRESENTATION('',(#8036),#8040);
#8036 = LINE('',#8037,#8038);
#8037 = CARTESIAN_POINT('',(0.,-0.));
#8038 = VECTOR('',#8039,1.);
#8039 = DIRECTION('',(0.,1.));
#8040 = ( GEOMETRIC_REPRESENTATION_CONTEXT(2) 
PARAMETRIC_REPRESENTATION_CONTEXT() REPRESENTATION_CONTEXT('2D SPACE',''
  ) );
#8041 = ORIENTED_EDGE('',*,*,#5284,.T.);
#8042 = ORIENTED_EDGE('',*,*,#8021,.T.);
#8043 = ADVANCED_FACE('',(#8044),#2421,.F.);
#8044 = FACE_BOUND('',#8045,.F.);
#8045 = EDGE_LOOP('',(#8046,#8047,#8068,#8069));
#8046 = ORIENTED_EDGE('',*,*,#2404,.F.);
#8047 = ORIENTED_EDGE('',*,*,#8048,.F.);
#8048 = EDGE_CURVE('',#5311,#2405,#8049,.T.);
#8049 = SEAM_CURVE('',#8050,(#8054,#8061),.PCURVE_S1.);
#8050 = LINE('',#8051,#8052);
#8051 = CARTESIAN_POINT('',(11.7,90.,-1.));
#8052 = VECTOR('',#8053,1.);
#8053 = DIRECTION('',(0.,0.,1.));
#8054 = PCURVE('',#2421,#8055);
#8055 = DEFINITIONAL_REPRESENTATION('',(#8056),#8060);
#8056 = LINE('',#8057,#8058);
#8057 = CARTESIAN_POINT('',(6.28318530718,-0.));
#8058 = VECTOR('',#8059,1.);
#8059 = DIRECTION('',(0.,1.));
#8060 = ( GEOMETRIC_REPRESENTATION_CONTEXT(2) 
PARAMETRIC_REPRESENTATION_CONTEXT() REPRESENTATION_CONTEXT('2D SPACE',''
  ) );
#8061 = PCURVE('',#2421,#8062);
#8062 = DEFINITIONAL_REPRESENTATION('',(#8063),#8067);
#8063 = LINE('',#8064,#8065);
#8064 = CARTESIAN_POINT('',(0.,-0.));
#8065 = VECTOR('',#8066,1.);
#8066 = DIRECTION('',(0.,1.));
#8067 = ( GEOMETRIC_REPRESENTATION_CONTEXT(2) 
PARAMETRIC_REPRESENTATION_CONTEXT() REPRESENTATION_CONTEXT('2D SPACE',''
  ) );
#8068 = ORIENTED_EDGE('',*,*,#5310,.T.);
#8069 = ORIENTED_EDGE('',*,*,#8048,.T.);
#8070 = ADVANCED_FACE('',(#8071),#2452,.F.);
#8071 = FACE_BOUND('',#8072,.F.);
#8072 = EDGE_LOOP('',(#8073,#8074,#8095,#8096));
#8073 = ORIENTED_EDGE('',*,*,#2435,.F.);
#8074 = ORIENTED_EDGE('',*,*,#8075,.F.);
#8075 = EDGE_CURVE('',#5337,#2436,#8076,.T.);
#8076 = SEAM_CURVE('',#8077,(#8081,#8088),.PCURVE_S1.);
#8077 = LINE('',#8078,#8079);
#8078 = CARTESIAN_POINT('',(31.7,80.,-1.));
#8079 = VECTOR('',#8080,1.);
#8080 = DIRECTION('',(0.,0.,1.));
#8081 = PCURVE('',#2452,#8082);
#8082 = DEFINITIONAL_REPRESENTATION('',(#8083),#8087);
#8083 = LINE('',#8084,#8085);
#8084 = CARTESIAN_POINT('',(6.28318530718,-0.));
#8085 = VECTOR('',#8086,1.);
#8086 = DIRECTION('',(0.,1.));
#8087 = ( GEOMETRIC_REPRESENTATION_CONTEXT(2) 
PARAMETRIC_REPRESENTATION_CONTEXT() REPRESENTATION_CONTEXT('2D SPACE',''
  ) );
#8088 = PCURVE('',#2452,#8089);
#8089 = DEFINITIONAL_REPRESENTATION('',(#8090),#8094);
#8090 = LINE('',#8091,#8092);
#8091 = CARTESIAN_POINT('',(0.,-0.));
#8092 = VECTOR('',#8093,1.);
#8093 = DIRECTION('',(0.,1.));
#8094 = ( GEOMETRIC_REPRESENTATION_CONTEXT(2) 
PARAMETRIC_REPRESENTATION_CONTEXT() REPRESENTATION_CONTEXT('2D SPACE',''
  ) );
#8095 = ORIENTED_EDGE('',*,*,#5336,.T.);
#8096 = ORIENTED_EDGE('',*,*,#8075,.T.);
#8097 = ADVANCED_FACE('',(#8098),#2483,.F.);
#8098 = FACE_BOUND('',#8099,.F.);
#8099 = EDGE_LOOP('',(#8100,#8101,#8122,#8123));
#8100 = ORIENTED_EDGE('',*,*,#2466,.F.);
#8101 = ORIENTED_EDGE('',*,*,#8102,.F.);
#8102 = EDGE_CURVE('',#5363,#2467,#8103,.T.);
#8103 = SEAM_CURVE('',#8104,(#8108,#8115),.PCURVE_S1.);
#8104 = LINE('',#8105,#8106);
#8105 = CARTESIAN_POINT('',(31.7,90.,-1.));
#8106 = VECTOR('',#8107,1.);
#8107 = DIRECTION('',(0.,0.,1.));
#8108 = PCURVE('',#2483,#8109);
#8109 = DEFINITIONAL_REPRESENTATION('',(#8110),#8114);
#8110 = LINE('',#8111,#8112);
#8111 = CARTESIAN_POINT('',(6.28318530718,-0.));
#8112 = VECTOR('',#8113,1.);
#8113 = DIRECTION('',(0.,1.));
#8114 = ( GEOMETRIC_REPRESENTATION_CONTEXT(2) 
PARAMETRIC_REPRESENTATION_CONTEXT() REPRESENTATION_CONTEXT('2D SPACE',''
  ) );
#8115 = PCURVE('',#2483,#8116);
#8116 = DEFINITIONAL_REPRESENTATION('',(#8117),#8121);
#8117 = LINE('',#8118,#8119);
#8118 = CARTESIAN_POINT('',(0.,-0.));
#8119 = VECTOR('',#8120,1.);
#8120 = DIRECTION('',(0.,1.));
#8121 = ( GEOMETRIC_REPRESENTATION_CONTEXT(2) 
PARAMETRIC_REPRESENTATION_CONTEXT() REPRESENTATION_CONTEXT('2D SPACE',''
  ) );
#8122 = ORIENTED_EDGE('',*,*,#5362,.T.);
#8123 = ORIENTED_EDGE('',*,*,#8102,.T.);
#8124 = ADVANCED_FACE('',(#8125),#2514,.F.);
#8125 = FACE_BOUND('',#8126,.F.);
#8126 = EDGE_LOOP('',(#8127,#8128,#8149,#8150));
#8127 = ORIENTED_EDGE('',*,*,#2497,.F.);
#8128 = ORIENTED_EDGE('',*,*,#8129,.F.);
#8129 = EDGE_CURVE('',#5389,#2498,#8130,.T.);
#8130 = SEAM_CURVE('',#8131,(#8135,#8142),.PCURVE_S1.);
#8131 = LINE('',#8132,#8133);
#8132 = CARTESIAN_POINT('',(11.7,100.,-1.));
#8133 = VECTOR('',#8134,1.);
#8134 = DIRECTION('',(0.,0.,1.));
#8135 = PCURVE('',#2514,#8136);
#8136 = DEFINITIONAL_REPRESENTATION('',(#8137),#8141);
#8137 = LINE('',#8138,#8139);
#8138 = CARTESIAN_POINT('',(6.28318530718,-0.));
#8139 = VECTOR('',#8140,1.);
#8140 = DIRECTION('',(0.,1.));
#8141 = ( GEOMETRIC_REPRESENTATION_CONTEXT(2) 
PARAMETRIC_REPRESENTATION_CONTEXT() REPRESENTATION_CONTEXT('2D SPACE',''
  ) );
#8142 = PCURVE('',#2514,#8143);
#8143 = DEFINITIONAL_REPRESENTATION('',(#8144),#8148);
#8144 = LINE('',#8145,#8146);
#8145 = CARTESIAN_POINT('',(0.,-0.));
#8146 = VECTOR('',#8147,1.);
#8147 = DIRECTION('',(0.,1.));
#8148 = ( GEOMETRIC_REPRESENTATION_CONTEXT(2) 
PARAMETRIC_REPRESENTATION_CONTEXT() REPRESENTATION_CONTEXT('2D SPACE',''
  ) );
#8149 = ORIENTED_EDGE('',*,*,#5388,.T.);
#8150 = ORIENTED_EDGE('',*,*,#8129,.T.);
#8151 = ADVANCED_FACE('',(#8152),#2545,.F.);
#8152 = FACE_BOUND('',#8153,.F.);
#8153 = EDGE_LOOP('',(#8154,#8155,#8176,#8177));
#8154 = ORIENTED_EDGE('',*,*,#2528,.F.);
#8155 = ORIENTED_EDGE('',*,*,#8156,.F.);
#8156 = EDGE_CURVE('',#5415,#2529,#8157,.T.);
#8157 = SEAM_CURVE('',#8158,(#8162,#8169),.PCURVE_S1.);
#8158 = LINE('',#8159,#8160);
#8159 = CARTESIAN_POINT('',(21.7,95.,-1.));
#8160 = VECTOR('',#8161,1.);
#8161 = DIRECTION('',(0.,0.,1.));
#8162 = PCURVE('',#2545,#8163);
#8163 = DEFINITIONAL_REPRESENTATION('',(#8164),#8168);
#8164 = LINE('',#8165,#8166);
#8165 = CARTESIAN_POINT('',(6.28318530718,-0.));
#8166 = VECTOR('',#8167,1.);
#8167 = DIRECTION('',(0.,1.));
#8168 = ( GEOMETRIC_REPRESENTATION_CONTEXT(2) 
PARAMETRIC_REPRESENTATION_CONTEXT() REPRESENTATION_CONTEXT('2D SPACE',''
  ) );
#8169 = PCURVE('',#2545,#8170);
#8170 = DEFINITIONAL_REPRESENTATION('',(#8171),#8175);
#8171 = LINE('',#8172,#8173);
#8172 = CARTESIAN_POINT('',(0.,-0.));
#8173 = VECTOR('',#8174,1.);
#8174 = DIRECTION('',(0.,1.));
#8175 = ( GEOMETRIC_REPRESENTATION_CONTEXT(2) 
PARAMETRIC_REPRESENTATION_CONTEXT() REPRESENTATION_CONTEXT('2D SPACE',''
  ) );
#8176 = ORIENTED_EDGE('',*,*,#5414,.T.);
#8177 = ORIENTED_EDGE('',*,*,#8156,.T.);
#8178 = ADVANCED_FACE('',(#8179),#2576,.F.);
#8179 = FACE_BOUND('',#8180,.F.);
#8180 = EDGE_LOOP('',(#8181,#8182,#8203,#8204));
#8181 = ORIENTED_EDGE('',*,*,#2559,.F.);
#8182 = ORIENTED_EDGE('',*,*,#8183,.F.);
#8183 = EDGE_CURVE('',#5441,#2560,#8184,.T.);
#8184 = SEAM_CURVE('',#8185,(#8189,#8196),.PCURVE_S1.);
#8185 = LINE('',#8186,#8187);
#8186 = CARTESIAN_POINT('',(31.7,100.,-1.));
#8187 = VECTOR('',#8188,1.);
#8188 = DIRECTION('',(0.,0.,1.));
#8189 = PCURVE('',#2576,#8190);
#8190 = DEFINITIONAL_REPRESENTATION('',(#8191),#8195);
#8191 = LINE('',#8192,#8193);
#8192 = CARTESIAN_POINT('',(6.28318530718,-0.));
#8193 = VECTOR('',#8194,1.);
#8194 = DIRECTION('',(0.,1.));
#8195 = ( GEOMETRIC_REPRESENTATION_CONTEXT(2) 
PARAMETRIC_REPRESENTATION_CONTEXT() REPRESENTATION_CONTEXT('2D SPACE',''
  ) );
#8196 = PCURVE('',#2576,#8197);
#8197 = DEFINITIONAL_REPRESENTATION('',(#8198),#8202);
#8198 = LINE('',#8199,#8200);
#8199 = CARTESIAN_POINT('',(0.,-0.));
#8200 = VECTOR('',#8201,1.);
#8201 = DIRECTION('',(0.,1.));
#8202 = ( GEOMETRIC_REPRESENTATION_CONTEXT(2) 
PARAMETRIC_REPRESENTATION_CONTEXT() REPRESENTATION_CONTEXT('2D SPACE',''
  ) );
#8203 = ORIENTED_EDGE('',*,*,#5440,.T.);
#8204 = ORIENTED_EDGE('',*,*,#8183,.T.);
#8205 = ADVANCED_FACE('',(#8206),#2607,.F.);
#8206 = FACE_BOUND('',#8207,.F.);
#8207 = EDGE_LOOP('',(#8208,#8209,#8230,#8231));
#8208 = ORIENTED_EDGE('',*,*,#2590,.F.);
#8209 = ORIENTED_EDGE('',*,*,#8210,.F.);
#8210 = EDGE_CURVE('',#5467,#2591,#8211,.T.);
#8211 = SEAM_CURVE('',#8212,(#8216,#8223),.PCURVE_S1.);
#8212 = LINE('',#8213,#8214);
#8213 = CARTESIAN_POINT('',(11.7,110.,-1.));
#8214 = VECTOR('',#8215,1.);
#8215 = DIRECTION('',(0.,0.,1.));
#8216 = PCURVE('',#2607,#8217);
#8217 = DEFINITIONAL_REPRESENTATION('',(#8218),#8222);
#8218 = LINE('',#8219,#8220);
#8219 = CARTESIAN_POINT('',(6.28318530718,-0.));
#8220 = VECTOR('',#8221,1.);
#8221 = DIRECTION('',(0.,1.));
#8222 = ( GEOMETRIC_REPRESENTATION_CONTEXT(2) 
PARAMETRIC_REPRESENTATION_CONTEXT() REPRESENTATION_CONTEXT('2D SPACE',''
  ) );
#8223 = PCURVE('',#2607,#8224);
#8224 = DEFINITIONAL_REPRESENTATION('',(#8225),#8229);
#8225 = LINE('',#8226,#8227);
#8226 = CARTESIAN_POINT('',(0.,-0.));
#8227 = VECTOR('',#8228,1.);
#8228 = DIRECTION('',(0.,1.));
#8229 = ( GEOMETRIC_REPRESENTATION_CONTEXT(2) 
PARAMETRIC_REPRESENTATION_CONTEXT() REPRESENTATION_CONTEXT('2D SPACE',''
  ) );
#8230 = ORIENTED_EDGE('',*,*,#5466,.T.);
#8231 = ORIENTED_EDGE('',*,*,#8210,.T.);
#8232 = ADVANCED_FACE('',(#8233),#2638,.F.);
#8233 = FACE_BOUND('',#8234,.F.);
#8234 = EDGE_LOOP('',(#8235,#8236,#8257,#8258));
#8235 = ORIENTED_EDGE('',*,*,#2621,.F.);
#8236 = ORIENTED_EDGE('',*,*,#8237,.F.);
#8237 = EDGE_CURVE('',#5493,#2622,#8238,.T.);
#8238 = SEAM_CURVE('',#8239,(#8243,#8250),.PCURVE_S1.);
#8239 = LINE('',#8240,#8241);
#8240 = CARTESIAN_POINT('',(21.7,110.,-1.));
#8241 = VECTOR('',#8242,1.);
#8242 = DIRECTION('',(0.,0.,1.));
#8243 = PCURVE('',#2638,#8244);
#8244 = DEFINITIONAL_REPRESENTATION('',(#8245),#8249);
#8245 = LINE('',#8246,#8247);
#8246 = CARTESIAN_POINT('',(6.28318530718,-0.));
#8247 = VECTOR('',#8248,1.);
#8248 = DIRECTION('',(0.,1.));
#8249 = ( GEOMETRIC_REPRESENTATION_CONTEXT(2) 
PARAMETRIC_REPRESENTATION_CONTEXT() REPRESENTATION_CONTEXT('2D SPACE',''
  ) );
#8250 = PCURVE('',#2638,#8251);
#8251 = DEFINITIONAL_REPRESENTATION('',(#8252),#8256);
#8252 = LINE('',#8253,#8254);
#8253 = CARTESIAN_POINT('',(0.,-0.));
#8254 = VECTOR('',#8255,1.);
#8255 = DIRECTION('',(0.,1.));
#8256 = ( GEOMETRIC_REPRESENTATION_CONTEXT(2) 
PARAMETRIC_REPRESENTATION_CONTEXT() REPRESENTATION_CONTEXT('2D SPACE',''
  ) );
#8257 = ORIENTED_EDGE('',*,*,#5492,.T.);
#8258 = ORIENTED_EDGE('',*,*,#8237,.T.);
#8259 = ADVANCED_FACE('',(#8260),#2669,.F.);
#8260 = FACE_BOUND('',#8261,.F.);
#8261 = EDGE_LOOP('',(#8262,#8263,#8284,#8285));
#8262 = ORIENTED_EDGE('',*,*,#2652,.F.);
#8263 = ORIENTED_EDGE('',*,*,#8264,.F.);
#8264 = EDGE_CURVE('',#5519,#2653,#8265,.T.);
#8265 = SEAM_CURVE('',#8266,(#8270,#8277),.PCURVE_S1.);
#8266 = LINE('',#8267,#8268);
#8267 = CARTESIAN_POINT('',(11.7,120.,-1.));
#8268 = VECTOR('',#8269,1.);
#8269 = DIRECTION('',(0.,0.,1.));
#8270 = PCURVE('',#2669,#8271);
#8271 = DEFINITIONAL_REPRESENTATION('',(#8272),#8276);
#8272 = LINE('',#8273,#8274);
#8273 = CARTESIAN_POINT('',(6.28318530718,-0.));
#8274 = VECTOR('',#8275,1.);
#8275 = DIRECTION('',(0.,1.));
#8276 = ( GEOMETRIC_REPRESENTATION_CONTEXT(2) 
PARAMETRIC_REPRESENTATION_CONTEXT() REPRESENTATION_CONTEXT('2D SPACE',''
  ) );
#8277 = PCURVE('',#2669,#8278);
#8278 = DEFINITIONAL_REPRESENTATION('',(#8279),#8283);
#8279 = LINE('',#8280,#8281);
#8280 = CARTESIAN_POINT('',(0.,-0.));
#8281 = VECTOR('',#8282,1.);
#8282 = DIRECTION('',(0.,1.));
#8283 = ( GEOMETRIC_REPRESENTATION_CONTEXT(2) 
PARAMETRIC_REPRESENTATION_CONTEXT() REPRESENTATION_CONTEXT('2D SPACE',''
  ) );
#8284 = ORIENTED_EDGE('',*,*,#5518,.T.);
#8285 = ORIENTED_EDGE('',*,*,#8264,.T.);
#8286 = ADVANCED_FACE('',(#8287),#2700,.F.);
#8287 = FACE_BOUND('',#8288,.F.);
#8288 = EDGE_LOOP('',(#8289,#8290,#8311,#8312));
#8289 = ORIENTED_EDGE('',*,*,#2683,.F.);
#8290 = ORIENTED_EDGE('',*,*,#8291,.F.);
#8291 = EDGE_CURVE('',#5545,#2684,#8292,.T.);
#8292 = SEAM_CURVE('',#8293,(#8297,#8304),.PCURVE_S1.);
#8293 = LINE('',#8294,#8295);
#8294 = CARTESIAN_POINT('',(21.7,120.,-1.));
#8295 = VECTOR('',#8296,1.);
#8296 = DIRECTION('',(0.,0.,1.));
#8297 = PCURVE('',#2700,#8298);
#8298 = DEFINITIONAL_REPRESENTATION('',(#8299),#8303);
#8299 = LINE('',#8300,#8301);
#8300 = CARTESIAN_POINT('',(6.28318530718,-0.));
#8301 = VECTOR('',#8302,1.);
#8302 = DIRECTION('',(0.,1.));
#8303 = ( GEOMETRIC_REPRESENTATION_CONTEXT(2) 
PARAMETRIC_REPRESENTATION_CONTEXT() REPRESENTATION_CONTEXT('2D SPACE',''
  ) );
#8304 = PCURVE('',#2700,#8305);
#8305 = DEFINITIONAL_REPRESENTATION('',(#8306),#8310);
#8306 = LINE('',#8307,#8308);
#8307 = CARTESIAN_POINT('',(0.,-0.));
#8308 = VECTOR('',#8309,1.);
#8309 = DIRECTION('',(0.,1.));
#8310 = ( GEOMETRIC_REPRESENTATION_CONTEXT(2) 
PARAMETRIC_REPRESENTATION_CONTEXT() REPRESENTATION_CONTEXT('2D SPACE',''
  ) );
#8311 = ORIENTED_EDGE('',*,*,#5544,.T.);
#8312 = ORIENTED_EDGE('',*,*,#8291,.T.);
#8313 = ADVANCED_FACE('',(#8314),#2731,.F.);
#8314 = FACE_BOUND('',#8315,.F.);
#8315 = EDGE_LOOP('',(#8316,#8317,#8338,#8339));
#8316 = ORIENTED_EDGE('',*,*,#2714,.F.);
#8317 = ORIENTED_EDGE('',*,*,#8318,.F.);
#8318 = EDGE_CURVE('',#5571,#2715,#8319,.T.);
#8319 = SEAM_CURVE('',#8320,(#8324,#8331),.PCURVE_S1.);
#8320 = LINE('',#8321,#8322);
#8321 = CARTESIAN_POINT('',(31.7,110.,-1.));
#8322 = VECTOR('',#8323,1.);
#8323 = DIRECTION('',(0.,0.,1.));
#8324 = PCURVE('',#2731,#8325);
#8325 = DEFINITIONAL_REPRESENTATION('',(#8326),#8330);
#8326 = LINE('',#8327,#8328);
#8327 = CARTESIAN_POINT('',(6.28318530718,-0.));
#8328 = VECTOR('',#8329,1.);
#8329 = DIRECTION('',(0.,1.));
#8330 = ( GEOMETRIC_REPRESENTATION_CONTEXT(2) 
PARAMETRIC_REPRESENTATION_CONTEXT() REPRESENTATION_CONTEXT('2D SPACE',''
  ) );
#8331 = PCURVE('',#2731,#8332);
#8332 = DEFINITIONAL_REPRESENTATION('',(#8333),#8337);
#8333 = LINE('',#8334,#8335);
#8334 = CARTESIAN_POINT('',(0.,-0.));
#8335 = VECTOR('',#8336,1.);
#8336 = DIRECTION('',(0.,1.));
#8337 = ( GEOMETRIC_REPRESENTATION_CONTEXT(2) 
PARAMETRIC_REPRESENTATION_CONTEXT() REPRESENTATION_CONTEXT('2D SPACE',''
  ) );
#8338 = ORIENTED_EDGE('',*,*,#5570,.T.);
#8339 = ORIENTED_EDGE('',*,*,#8318,.T.);
#8340 = ADVANCED_FACE('',(#8341),#2762,.F.);
#8341 = FACE_BOUND('',#8342,.F.);
#8342 = EDGE_LOOP('',(#8343,#8344,#8365,#8366));
#8343 = ORIENTED_EDGE('',*,*,#2745,.F.);
#8344 = ORIENTED_EDGE('',*,*,#8345,.F.);
#8345 = EDGE_CURVE('',#5597,#2746,#8346,.T.);
#8346 = SEAM_CURVE('',#8347,(#8351,#8358),.PCURVE_S1.);
#8347 = LINE('',#8348,#8349);
#8348 = CARTESIAN_POINT('',(31.7,120.,-1.));
#8349 = VECTOR('',#8350,1.);
#8350 = DIRECTION('',(0.,0.,1.));
#8351 = PCURVE('',#2762,#8352);
#8352 = DEFINITIONAL_REPRESENTATION('',(#8353),#8357);
#8353 = LINE('',#8354,#8355);
#8354 = CARTESIAN_POINT('',(6.28318530718,-0.));
#8355 = VECTOR('',#8356,1.);
#8356 = DIRECTION('',(0.,1.));
#8357 = ( GEOMETRIC_REPRESENTATION_CONTEXT(2) 
PARAMETRIC_REPRESENTATION_CONTEXT() REPRESENTATION_CONTEXT('2D SPACE',''
  ) );
#8358 = PCURVE('',#2762,#8359);
#8359 = DEFINITIONAL_REPRESENTATION('',(#8360),#8364);
#8360 = LINE('',#8361,#8362);
#8361 = CARTESIAN_POINT('',(0.,-0.));
#8362 = VECTOR('',#8363,1.);
#8363 = DIRECTION('',(0.,1.));
#8364 = ( GEOMETRIC_REPRESENTATION_CONTEXT(2) 
PARAMETRIC_REPRESENTATION_CONTEXT() REPRESENTATION_CONTEXT('2D SPACE',''
  ) );
#8365 = ORIENTED_EDGE('',*,*,#5596,.T.);
#8366 = ORIENTED_EDGE('',*,*,#8345,.T.);
#8367 = ADVANCED_FACE('',(#8368),#2793,.T.);
#8368 = FACE_BOUND('',#8369,.T.);
#8369 = EDGE_LOOP('',(#8370,#8391,#8392,#8413));
#8370 = ORIENTED_EDGE('',*,*,#8371,.F.);
#8371 = EDGE_CURVE('',#5623,#2777,#8372,.T.);
#8372 = SURFACE_CURVE('',#8373,(#8377,#8384),.PCURVE_S1.);
#8373 = LINE('',#8374,#8375);
#8374 = CARTESIAN_POINT('',(90.5,62.5,-1.));
#8375 = VECTOR('',#8376,1.);
#8376 = DIRECTION('',(0.,0.,1.));
#8377 = PCURVE('',#2793,#8378);
#8378 = DEFINITIONAL_REPRESENTATION('',(#8379),#8383);
#8379 = LINE('',#8380,#8381);
#8380 = CARTESIAN_POINT('',(0.,50.));
#8381 = VECTOR('',#8382,1.);
#8382 = DIRECTION('',(1.,0.));
#8383 = ( GEOMETRIC_REPRESENTATION_CONTEXT(2) 
PARAMETRIC_REPRESENTATION_CONTEXT() REPRESENTATION_CONTEXT('2D SPACE',''
  ) );
#8384 = PCURVE('',#2869,#8385);
#8385 = DEFINITIONAL_REPRESENTATION('',(#8386),#8390);
#8386 = LINE('',#8387,#8388);
#8387 = CARTESIAN_POINT('',(0.,0.));
#8388 = VECTOR('',#8389,1.);
#8389 = DIRECTION('',(1.,0.));
#8390 = ( GEOMETRIC_REPRESENTATION_CONTEXT(2) 
PARAMETRIC_REPRESENTATION_CONTEXT() REPRESENTATION_CONTEXT('2D SPACE',''
  ) );
#8391 = ORIENTED_EDGE('',*,*,#5622,.T.);
#8392 = ORIENTED_EDGE('',*,*,#8393,.T.);
#8393 = EDGE_CURVE('',#5625,#2779,#8394,.T.);
#8394 = SURFACE_CURVE('',#8395,(#8399,#8406),.PCURVE_S1.);
#8395 = LINE('',#8396,#8397);
#8396 = CARTESIAN_POINT('',(40.5,62.5,-1.));
#8397 = VECTOR('',#8398,1.);
#8398 = DIRECTION('',(0.,0.,1.));
#8399 = PCURVE('',#2793,#8400);
#8400 = DEFINITIONAL_REPRESENTATION('',(#8401),#8405);
#8401 = LINE('',#8402,#8403);
#8402 = CARTESIAN_POINT('',(0.,0.));
#8403 = VECTOR('',#8404,1.);
#8404 = DIRECTION('',(1.,0.));
#8405 = ( GEOMETRIC_REPRESENTATION_CONTEXT(2) 
PARAMETRIC_REPRESENTATION_CONTEXT() REPRESENTATION_CONTEXT('2D SPACE',''
  ) );
#8406 = PCURVE('',#2819,#8407);
#8407 = DEFINITIONAL_REPRESENTATION('',(#8408),#8412);
#8408 = LINE('',#8409,#8410);
#8409 = CARTESIAN_POINT('',(0.,0.));
#8410 = VECTOR('',#8411,1.);
#8411 = DIRECTION('',(1.,0.));
#8412 = ( GEOMETRIC_REPRESENTATION_CONTEXT(2) 
PARAMETRIC_REPRESENTATION_CONTEXT() REPRESENTATION_CONTEXT('2D SPACE',''
  ) );
#8413 = ORIENTED_EDGE('',*,*,#2776,.F.);
#8414 = ADVANCED_FACE('',(#8415),#2869,.F.);
#8415 = FACE_BOUND('',#8416,.F.);
#8416 = EDGE_LOOP('',(#8417,#8418,#8419,#8440));
#8417 = ORIENTED_EDGE('',*,*,#8371,.F.);
#8418 = ORIENTED_EDGE('',*,*,#5687,.T.);
#8419 = ORIENTED_EDGE('',*,*,#8420,.T.);
#8420 = EDGE_CURVE('',#5667,#2831,#8421,.T.);
#8421 = SURFACE_CURVE('',#8422,(#8426,#8433),.PCURVE_S1.);
#8422 = LINE('',#8423,#8424);
#8423 = CARTESIAN_POINT('',(90.5,122.5,-1.));
#8424 = VECTOR('',#8425,1.);
#8425 = DIRECTION('',(0.,0.,1.));
#8426 = PCURVE('',#2869,#8427);
#8427 = DEFINITIONAL_REPRESENTATION('',(#8428),#8432);
#8428 = LINE('',#8429,#8430);
#8429 = CARTESIAN_POINT('',(0.,-60.));
#8430 = VECTOR('',#8431,1.);
#8431 = DIRECTION('',(1.,0.));
#8432 = ( GEOMETRIC_REPRESENTATION_CONTEXT(2) 
PARAMETRIC_REPRESENTATION_CONTEXT() REPRESENTATION_CONTEXT('2D SPACE',''
  ) );
#8433 = PCURVE('',#2845,#8434);
#8434 = DEFINITIONAL_REPRESENTATION('',(#8435),#8439);
#8435 = LINE('',#8436,#8437);
#8436 = CARTESIAN_POINT('',(0.,50.));
#8437 = VECTOR('',#8438,1.);
#8438 = DIRECTION('',(1.,0.));
#8439 = ( GEOMETRIC_REPRESENTATION_CONTEXT(2) 
PARAMETRIC_REPRESENTATION_CONTEXT() REPRESENTATION_CONTEXT('2D SPACE',''
  ) );
#8440 = ORIENTED_EDGE('',*,*,#2856,.F.);
#8441 = ADVANCED_FACE('',(#8442),#2819,.T.);
#8442 = FACE_BOUND('',#8443,.T.);
#8443 = EDGE_LOOP('',(#8444,#8445,#8446,#8467));
#8444 = ORIENTED_EDGE('',*,*,#8393,.F.);
#8445 = ORIENTED_EDGE('',*,*,#5645,.T.);
#8446 = ORIENTED_EDGE('',*,*,#8447,.T.);
#8447 = EDGE_CURVE('',#5646,#2805,#8448,.T.);
#8448 = SURFACE_CURVE('',#8449,(#8453,#8460),.PCURVE_S1.);
#8449 = LINE('',#8450,#8451);
#8450 = CARTESIAN_POINT('',(40.5,122.5,-1.));
#8451 = VECTOR('',#8452,1.);
#8452 = DIRECTION('',(0.,0.,1.));
#8453 = PCURVE('',#2819,#8454);
#8454 = DEFINITIONAL_REPRESENTATION('',(#8455),#8459);
#8455 = LINE('',#8456,#8457);
#8456 = CARTESIAN_POINT('',(0.,-60.));
#8457 = VECTOR('',#8458,1.);
#8458 = DIRECTION('',(1.,0.));
#8459 = ( GEOMETRIC_REPRESENTATION_CONTEXT(2) 
PARAMETRIC_REPRESENTATION_CONTEXT() REPRESENTATION_CONTEXT('2D SPACE',''
  ) );
#8460 = PCURVE('',#2845,#8461);
#8461 = DEFINITIONAL_REPRESENTATION('',(#8462),#8466);
#8462 = LINE('',#8463,#8464);
#8463 = CARTESIAN_POINT('',(0.,0.));
#8464 = VECTOR('',#8465,1.);
#8465 = DIRECTION('',(1.,0.));
#8466 = ( GEOMETRIC_REPRESENTATION_CONTEXT(2) 
PARAMETRIC_REPRESENTATION_CONTEXT() REPRESENTATION_CONTEXT('2D SPACE',''
  ) );
#8467 = ORIENTED_EDGE('',*,*,#2804,.F.);
#8468 = ADVANCED_FACE('',(#8469),#2845,.F.);
#8469 = FACE_BOUND('',#8470,.F.);
#8470 = EDGE_LOOP('',(#8471,#8472,#8473,#8474));
#8471 = ORIENTED_EDGE('',*,*,#8420,.F.);
#8472 = ORIENTED_EDGE('',*,*,#5666,.T.);
#8473 = ORIENTED_EDGE('',*,*,#8447,.T.);
#8474 = ORIENTED_EDGE('',*,*,#2830,.F.);
#8475 = ADVANCED_FACE('',(#8476),#2899,.F.);
#8476 = FACE_BOUND('',#8477,.F.);
#8477 = EDGE_LOOP('',(#8478,#8479,#8500,#8501));
#8478 = ORIENTED_EDGE('',*,*,#2882,.F.);
#8479 = ORIENTED_EDGE('',*,*,#8480,.F.);
#8480 = EDGE_CURVE('',#5709,#2883,#8481,.T.);
#8481 = SEAM_CURVE('',#8482,(#8486,#8493),.PCURVE_S1.);
#8482 = LINE('',#8483,#8484);
#8483 = CARTESIAN_POINT('',(101.7,70.,-1.));
#8484 = VECTOR('',#8485,1.);
#8485 = DIRECTION('',(0.,0.,1.));
#8486 = PCURVE('',#2899,#8487);
#8487 = DEFINITIONAL_REPRESENTATION('',(#8488),#8492);
#8488 = LINE('',#8489,#8490);
#8489 = CARTESIAN_POINT('',(6.28318530718,-0.));
#8490 = VECTOR('',#8491,1.);
#8491 = DIRECTION('',(0.,1.));
#8492 = ( GEOMETRIC_REPRESENTATION_CONTEXT(2) 
PARAMETRIC_REPRESENTATION_CONTEXT() REPRESENTATION_CONTEXT('2D SPACE',''
  ) );
#8493 = PCURVE('',#2899,#8494);
#8494 = DEFINITIONAL_REPRESENTATION('',(#8495),#8499);
#8495 = LINE('',#8496,#8497);
#8496 = CARTESIAN_POINT('',(0.,-0.));
#8497 = VECTOR('',#8498,1.);
#8498 = DIRECTION('',(0.,1.));
#8499 = ( GEOMETRIC_REPRESENTATION_CONTEXT(2) 
PARAMETRIC_REPRESENTATION_CONTEXT() REPRESENTATION_CONTEXT('2D SPACE',''
  ) );
#8500 = ORIENTED_EDGE('',*,*,#5708,.T.);
#8501 = ORIENTED_EDGE('',*,*,#8480,.T.);
#8502 = ADVANCED_FACE('',(#8503),#2930,.F.);
#8503 = FACE_BOUND('',#8504,.F.);
#8504 = EDGE_LOOP('',(#8505,#8506,#8527,#8528));
#8505 = ORIENTED_EDGE('',*,*,#2913,.F.);
#8506 = ORIENTED_EDGE('',*,*,#8507,.F.);
#8507 = EDGE_CURVE('',#5735,#2914,#8508,.T.);
#8508 = SEAM_CURVE('',#8509,(#8513,#8520),.PCURVE_S1.);
#8509 = LINE('',#8510,#8511);
#8510 = CARTESIAN_POINT('',(111.7,70.,-1.));
#8511 = VECTOR('',#8512,1.);
#8512 = DIRECTION('',(0.,0.,1.));
#8513 = PCURVE('',#2930,#8514);
#8514 = DEFINITIONAL_REPRESENTATION('',(#8515),#8519);
#8515 = LINE('',#8516,#8517);
#8516 = CARTESIAN_POINT('',(6.28318530718,-0.));
#8517 = VECTOR('',#8518,1.);
#8518 = DIRECTION('',(0.,1.));
#8519 = ( GEOMETRIC_REPRESENTATION_CONTEXT(2) 
PARAMETRIC_REPRESENTATION_CONTEXT() REPRESENTATION_CONTEXT('2D SPACE',''
  ) );
#8520 = PCURVE('',#2930,#8521);
#8521 = DEFINITIONAL_REPRESENTATION('',(#8522),#8526);
#8522 = LINE('',#8523,#8524);
#8523 = CARTESIAN_POINT('',(0.,-0.));
#8524 = VECTOR('',#8525,1.);
#8525 = DIRECTION('',(0.,1.));
#8526 = ( GEOMETRIC_REPRESENTATION_CONTEXT(2) 
PARAMETRIC_REPRESENTATION_CONTEXT() REPRESENTATION_CONTEXT('2D SPACE',''
  ) );
#8527 = ORIENTED_EDGE('',*,*,#5734,.T.);
#8528 = ORIENTED_EDGE('',*,*,#8507,.T.);
#8529 = ADVANCED_FACE('',(#8530),#2961,.F.);
#8530 = FACE_BOUND('',#8531,.F.);
#8531 = EDGE_LOOP('',(#8532,#8533,#8554,#8555));
#8532 = ORIENTED_EDGE('',*,*,#2944,.F.);
#8533 = ORIENTED_EDGE('',*,*,#8534,.F.);
#8534 = EDGE_CURVE('',#5761,#2945,#8535,.T.);
#8535 = SEAM_CURVE('',#8536,(#8540,#8547),.PCURVE_S1.);
#8536 = LINE('',#8537,#8538);
#8537 = CARTESIAN_POINT('',(121.7,70.,-1.));
#8538 = VECTOR('',#8539,1.);
#8539 = DIRECTION('',(0.,0.,1.));
#8540 = PCURVE('',#2961,#8541);
#8541 = DEFINITIONAL_REPRESENTATION('',(#8542),#8546);
#8542 = LINE('',#8543,#8544);
#8543 = CARTESIAN_POINT('',(6.28318530718,-0.));
#8544 = VECTOR('',#8545,1.);
#8545 = DIRECTION('',(0.,1.));
#8546 = ( GEOMETRIC_REPRESENTATION_CONTEXT(2) 
PARAMETRIC_REPRESENTATION_CONTEXT() REPRESENTATION_CONTEXT('2D SPACE',''
  ) );
#8547 = PCURVE('',#2961,#8548);
#8548 = DEFINITIONAL_REPRESENTATION('',(#8549),#8553);
#8549 = LINE('',#8550,#8551);
#8550 = CARTESIAN_POINT('',(0.,-0.));
#8551 = VECTOR('',#8552,1.);
#8552 = DIRECTION('',(0.,1.));
#8553 = ( GEOMETRIC_REPRESENTATION_CONTEXT(2) 
PARAMETRIC_REPRESENTATION_CONTEXT() REPRESENTATION_CONTEXT('2D SPACE',''
  ) );
#8554 = ORIENTED_EDGE('',*,*,#5760,.T.);
#8555 = ORIENTED_EDGE('',*,*,#8534,.T.);
#8556 = ADVANCED_FACE('',(#8557),#2992,.F.);
#8557 = FACE_BOUND('',#8558,.F.);
#8558 = EDGE_LOOP('',(#8559,#8560,#8581,#8582));
#8559 = ORIENTED_EDGE('',*,*,#2975,.F.);
#8560 = ORIENTED_EDGE('',*,*,#8561,.F.);
#8561 = EDGE_CURVE('',#5787,#2976,#8562,.T.);
#8562 = SEAM_CURVE('',#8563,(#8567,#8574),.PCURVE_S1.);
#8563 = LINE('',#8564,#8565);
#8564 = CARTESIAN_POINT('',(101.7,80.,-1.));
#8565 = VECTOR('',#8566,1.);
#8566 = DIRECTION('',(0.,0.,1.));
#8567 = PCURVE('',#2992,#8568);
#8568 = DEFINITIONAL_REPRESENTATION('',(#8569),#8573);
#8569 = LINE('',#8570,#8571);
#8570 = CARTESIAN_POINT('',(6.28318530718,-0.));
#8571 = VECTOR('',#8572,1.);
#8572 = DIRECTION('',(0.,1.));
#8573 = ( GEOMETRIC_REPRESENTATION_CONTEXT(2) 
PARAMETRIC_REPRESENTATION_CONTEXT() REPRESENTATION_CONTEXT('2D SPACE',''
  ) );
#8574 = PCURVE('',#2992,#8575);
#8575 = DEFINITIONAL_REPRESENTATION('',(#8576),#8580);
#8576 = LINE('',#8577,#8578);
#8577 = CARTESIAN_POINT('',(0.,-0.));
#8578 = VECTOR('',#8579,1.);
#8579 = DIRECTION('',(0.,1.));
#8580 = ( GEOMETRIC_REPRESENTATION_CONTEXT(2) 
PARAMETRIC_REPRESENTATION_CONTEXT() REPRESENTATION_CONTEXT('2D SPACE',''
  ) );
#8581 = ORIENTED_EDGE('',*,*,#5786,.T.);
#8582 = ORIENTED_EDGE('',*,*,#8561,.T.);
#8583 = ADVANCED_FACE('',(#8584),#3023,.F.);
#8584 = FACE_BOUND('',#8585,.F.);
#8585 = EDGE_LOOP('',(#8586,#8587,#8608,#8609));
#8586 = ORIENTED_EDGE('',*,*,#3006,.F.);
#8587 = ORIENTED_EDGE('',*,*,#8588,.F.);
#8588 = EDGE_CURVE('',#5813,#3007,#8589,.T.);
#8589 = SEAM_CURVE('',#8590,(#8594,#8601),.PCURVE_S1.);
#8590 = LINE('',#8591,#8592);
#8591 = CARTESIAN_POINT('',(101.7,90.,-1.));
#8592 = VECTOR('',#8593,1.);
#8593 = DIRECTION('',(0.,0.,1.));
#8594 = PCURVE('',#3023,#8595);
#8595 = DEFINITIONAL_REPRESENTATION('',(#8596),#8600);
#8596 = LINE('',#8597,#8598);
#8597 = CARTESIAN_POINT('',(6.28318530718,-0.));
#8598 = VECTOR('',#8599,1.);
#8599 = DIRECTION('',(0.,1.));
#8600 = ( GEOMETRIC_REPRESENTATION_CONTEXT(2) 
PARAMETRIC_REPRESENTATION_CONTEXT() REPRESENTATION_CONTEXT('2D SPACE',''
  ) );
#8601 = PCURVE('',#3023,#8602);
#8602 = DEFINITIONAL_REPRESENTATION('',(#8603),#8607);
#8603 = LINE('',#8604,#8605);
#8604 = CARTESIAN_POINT('',(0.,-0.));
#8605 = VECTOR('',#8606,1.);
#8606 = DIRECTION('',(0.,1.));
#8607 = ( GEOMETRIC_REPRESENTATION_CONTEXT(2) 
PARAMETRIC_REPRESENTATION_CONTEXT() REPRESENTATION_CONTEXT('2D SPACE',''
  ) );
#8608 = ORIENTED_EDGE('',*,*,#5812,.T.);
#8609 = ORIENTED_EDGE('',*,*,#8588,.T.);
#8610 = ADVANCED_FACE('',(#8611),#3054,.F.);
#8611 = FACE_BOUND('',#8612,.F.);
#8612 = EDGE_LOOP('',(#8613,#8614,#8635,#8636));
#8613 = ORIENTED_EDGE('',*,*,#3037,.F.);
#8614 = ORIENTED_EDGE('',*,*,#8615,.F.);
#8615 = EDGE_CURVE('',#5839,#3038,#8616,.T.);
#8616 = SEAM_CURVE('',#8617,(#8621,#8628),.PCURVE_S1.);
#8617 = LINE('',#8618,#8619);
#8618 = CARTESIAN_POINT('',(111.7,80.,-1.));
#8619 = VECTOR('',#8620,1.);
#8620 = DIRECTION('',(0.,0.,1.));
#8621 = PCURVE('',#3054,#8622);
#8622 = DEFINITIONAL_REPRESENTATION('',(#8623),#8627);
#8623 = LINE('',#8624,#8625);
#8624 = CARTESIAN_POINT('',(6.28318530718,-0.));
#8625 = VECTOR('',#8626,1.);
#8626 = DIRECTION('',(0.,1.));
#8627 = ( GEOMETRIC_REPRESENTATION_CONTEXT(2) 
PARAMETRIC_REPRESENTATION_CONTEXT() REPRESENTATION_CONTEXT('2D SPACE',''
  ) );
#8628 = PCURVE('',#3054,#8629);
#8629 = DEFINITIONAL_REPRESENTATION('',(#8630),#8634);
#8630 = LINE('',#8631,#8632);
#8631 = CARTESIAN_POINT('',(0.,-0.));
#8632 = VECTOR('',#8633,1.);
#8633 = DIRECTION('',(0.,1.));
#8634 = ( GEOMETRIC_REPRESENTATION_CONTEXT(2) 
PARAMETRIC_REPRESENTATION_CONTEXT() REPRESENTATION_CONTEXT('2D SPACE',''
  ) );
#8635 = ORIENTED_EDGE('',*,*,#5838,.T.);
#8636 = ORIENTED_EDGE('',*,*,#8615,.T.);
#8637 = ADVANCED_FACE('',(#8638),#3085,.F.);
#8638 = FACE_BOUND('',#8639,.F.);
#8639 = EDGE_LOOP('',(#8640,#8641,#8662,#8663));
#8640 = ORIENTED_EDGE('',*,*,#3068,.F.);
#8641 = ORIENTED_EDGE('',*,*,#8642,.F.);
#8642 = EDGE_CURVE('',#5865,#3069,#8643,.T.);
#8643 = SEAM_CURVE('',#8644,(#8648,#8655),.PCURVE_S1.);
#8644 = LINE('',#8645,#8646);
#8645 = CARTESIAN_POINT('',(121.7,80.,-1.));
#8646 = VECTOR('',#8647,1.);
#8647 = DIRECTION('',(0.,0.,1.));
#8648 = PCURVE('',#3085,#8649);
#8649 = DEFINITIONAL_REPRESENTATION('',(#8650),#8654);
#8650 = LINE('',#8651,#8652);
#8651 = CARTESIAN_POINT('',(6.28318530718,-0.));
#8652 = VECTOR('',#8653,1.);
#8653 = DIRECTION('',(0.,1.));
#8654 = ( GEOMETRIC_REPRESENTATION_CONTEXT(2) 
PARAMETRIC_REPRESENTATION_CONTEXT() REPRESENTATION_CONTEXT('2D SPACE',''
  ) );
#8655 = PCURVE('',#3085,#8656);
#8656 = DEFINITIONAL_REPRESENTATION('',(#8657),#8661);
#8657 = LINE('',#8658,#8659);
#8658 = CARTESIAN_POINT('',(0.,-0.));
#8659 = VECTOR('',#8660,1.);
#8660 = DIRECTION('',(0.,1.));
#8661 = ( GEOMETRIC_REPRESENTATION_CONTEXT(2) 
PARAMETRIC_REPRESENTATION_CONTEXT() REPRESENTATION_CONTEXT('2D SPACE',''
  ) );
#8662 = ORIENTED_EDGE('',*,*,#5864,.T.);
#8663 = ORIENTED_EDGE('',*,*,#8642,.T.);
#8664 = ADVANCED_FACE('',(#8665),#3116,.F.);
#8665 = FACE_BOUND('',#8666,.F.);
#8666 = EDGE_LOOP('',(#8667,#8668,#8689,#8690));
#8667 = ORIENTED_EDGE('',*,*,#3099,.F.);
#8668 = ORIENTED_EDGE('',*,*,#8669,.F.);
#8669 = EDGE_CURVE('',#5891,#3100,#8670,.T.);
#8670 = SEAM_CURVE('',#8671,(#8675,#8682),.PCURVE_S1.);
#8671 = LINE('',#8672,#8673);
#8672 = CARTESIAN_POINT('',(111.7,90.,-1.));
#8673 = VECTOR('',#8674,1.);
#8674 = DIRECTION('',(0.,0.,1.));
#8675 = PCURVE('',#3116,#8676);
#8676 = DEFINITIONAL_REPRESENTATION('',(#8677),#8681);
#8677 = LINE('',#8678,#8679);
#8678 = CARTESIAN_POINT('',(6.28318530718,-0.));
#8679 = VECTOR('',#8680,1.);
#8680 = DIRECTION('',(0.,1.));
#8681 = ( GEOMETRIC_REPRESENTATION_CONTEXT(2) 
PARAMETRIC_REPRESENTATION_CONTEXT() REPRESENTATION_CONTEXT('2D SPACE',''
  ) );
#8682 = PCURVE('',#3116,#8683);
#8683 = DEFINITIONAL_REPRESENTATION('',(#8684),#8688);
#8684 = LINE('',#8685,#8686);
#8685 = CARTESIAN_POINT('',(0.,-0.));
#8686 = VECTOR('',#8687,1.);
#8687 = DIRECTION('',(0.,1.));
#8688 = ( GEOMETRIC_REPRESENTATION_CONTEXT(2) 
PARAMETRIC_REPRESENTATION_CONTEXT() REPRESENTATION_CONTEXT('2D SPACE',''
  ) );
#8689 = ORIENTED_EDGE('',*,*,#5890,.T.);
#8690 = ORIENTED_EDGE('',*,*,#8669,.T.);
#8691 = ADVANCED_FACE('',(#8692),#3147,.F.);
#8692 = FACE_BOUND('',#8693,.F.);
#8693 = EDGE_LOOP('',(#8694,#8695,#8716,#8717));
#8694 = ORIENTED_EDGE('',*,*,#3130,.F.);
#8695 = ORIENTED_EDGE('',*,*,#8696,.F.);
#8696 = EDGE_CURVE('',#5917,#3131,#8697,.T.);
#8697 = SEAM_CURVE('',#8698,(#8702,#8709),.PCURVE_S1.);
#8698 = LINE('',#8699,#8700);
#8699 = CARTESIAN_POINT('',(121.7,90.,-1.));
#8700 = VECTOR('',#8701,1.);
#8701 = DIRECTION('',(0.,0.,1.));
#8702 = PCURVE('',#3147,#8703);
#8703 = DEFINITIONAL_REPRESENTATION('',(#8704),#8708);
#8704 = LINE('',#8705,#8706);
#8705 = CARTESIAN_POINT('',(6.28318530718,-0.));
#8706 = VECTOR('',#8707,1.);
#8707 = DIRECTION('',(0.,1.));
#8708 = ( GEOMETRIC_REPRESENTATION_CONTEXT(2) 
PARAMETRIC_REPRESENTATION_CONTEXT() REPRESENTATION_CONTEXT('2D SPACE',''
  ) );
#8709 = PCURVE('',#3147,#8710);
#8710 = DEFINITIONAL_REPRESENTATION('',(#8711),#8715);
#8711 = LINE('',#8712,#8713);
#8712 = CARTESIAN_POINT('',(0.,-0.));
#8713 = VECTOR('',#8714,1.);
#8714 = DIRECTION('',(0.,1.));
#8715 = ( GEOMETRIC_REPRESENTATION_CONTEXT(2) 
PARAMETRIC_REPRESENTATION_CONTEXT() REPRESENTATION_CONTEXT('2D SPACE',''
  ) );
#8716 = ORIENTED_EDGE('',*,*,#5916,.T.);
#8717 = ORIENTED_EDGE('',*,*,#8696,.T.);
#8718 = ADVANCED_FACE('',(#8719),#3178,.F.);
#8719 = FACE_BOUND('',#8720,.F.);
#8720 = EDGE_LOOP('',(#8721,#8722,#8743,#8744));
#8721 = ORIENTED_EDGE('',*,*,#3161,.F.);
#8722 = ORIENTED_EDGE('',*,*,#8723,.F.);
#8723 = EDGE_CURVE('',#5943,#3162,#8724,.T.);
#8724 = SEAM_CURVE('',#8725,(#8729,#8736),.PCURVE_S1.);
#8725 = LINE('',#8726,#8727);
#8726 = CARTESIAN_POINT('',(101.7,100.,-1.));
#8727 = VECTOR('',#8728,1.);
#8728 = DIRECTION('',(0.,0.,1.));
#8729 = PCURVE('',#3178,#8730);
#8730 = DEFINITIONAL_REPRESENTATION('',(#8731),#8735);
#8731 = LINE('',#8732,#8733);
#8732 = CARTESIAN_POINT('',(6.28318530718,-0.));
#8733 = VECTOR('',#8734,1.);
#8734 = DIRECTION('',(0.,1.));
#8735 = ( GEOMETRIC_REPRESENTATION_CONTEXT(2) 
PARAMETRIC_REPRESENTATION_CONTEXT() REPRESENTATION_CONTEXT('2D SPACE',''
  ) );
#8736 = PCURVE('',#3178,#8737);
#8737 = DEFINITIONAL_REPRESENTATION('',(#8738),#8742);
#8738 = LINE('',#8739,#8740);
#8739 = CARTESIAN_POINT('',(0.,-0.));
#8740 = VECTOR('',#8741,1.);
#8741 = DIRECTION('',(0.,1.));
#8742 = ( GEOMETRIC_REPRESENTATION_CONTEXT(2) 
PARAMETRIC_REPRESENTATION_CONTEXT() REPRESENTATION_CONTEXT('2D SPACE',''
  ) );
#8743 = ORIENTED_EDGE('',*,*,#5942,.T.);
#8744 = ORIENTED_EDGE('',*,*,#8723,.T.);
#8745 = ADVANCED_FACE('',(#8746),#3209,.F.);
#8746 = FACE_BOUND('',#8747,.F.);
#8747 = EDGE_LOOP('',(#8748,#8749,#8770,#8771));
#8748 = ORIENTED_EDGE('',*,*,#3192,.F.);
#8749 = ORIENTED_EDGE('',*,*,#8750,.F.);
#8750 = EDGE_CURVE('',#5969,#3193,#8751,.T.);
#8751 = SEAM_CURVE('',#8752,(#8756,#8763),.PCURVE_S1.);
#8752 = LINE('',#8753,#8754);
#8753 = CARTESIAN_POINT('',(111.7,100.,-1.));
#8754 = VECTOR('',#8755,1.);
#8755 = DIRECTION('',(0.,0.,1.));
#8756 = PCURVE('',#3209,#8757);
#8757 = DEFINITIONAL_REPRESENTATION('',(#8758),#8762);
#8758 = LINE('',#8759,#8760);
#8759 = CARTESIAN_POINT('',(6.28318530718,-0.));
#8760 = VECTOR('',#8761,1.);
#8761 = DIRECTION('',(0.,1.));
#8762 = ( GEOMETRIC_REPRESENTATION_CONTEXT(2) 
PARAMETRIC_REPRESENTATION_CONTEXT() REPRESENTATION_CONTEXT('2D SPACE',''
  ) );
#8763 = PCURVE('',#3209,#8764);
#8764 = DEFINITIONAL_REPRESENTATION('',(#8765),#8769);
#8765 = LINE('',#8766,#8767);
#8766 = CARTESIAN_POINT('',(0.,-0.));
#8767 = VECTOR('',#8768,1.);
#8768 = DIRECTION('',(0.,1.));
#8769 = ( GEOMETRIC_REPRESENTATION_CONTEXT(2) 
PARAMETRIC_REPRESENTATION_CONTEXT() REPRESENTATION_CONTEXT('2D SPACE',''
  ) );
#8770 = ORIENTED_EDGE('',*,*,#5968,.T.);
#8771 = ORIENTED_EDGE('',*,*,#8750,.T.);
#8772 = ADVANCED_FACE('',(#8773),#3240,.F.);
#8773 = FACE_BOUND('',#8774,.F.);
#8774 = EDGE_LOOP('',(#8775,#8776,#8797,#8798));
#8775 = ORIENTED_EDGE('',*,*,#3223,.F.);
#8776 = ORIENTED_EDGE('',*,*,#8777,.F.);
#8777 = EDGE_CURVE('',#5995,#3224,#8778,.T.);
#8778 = SEAM_CURVE('',#8779,(#8783,#8790),.PCURVE_S1.);
#8779 = LINE('',#8780,#8781);
#8780 = CARTESIAN_POINT('',(121.7,100.,-1.));
#8781 = VECTOR('',#8782,1.);
#8782 = DIRECTION('',(0.,0.,1.));
#8783 = PCURVE('',#3240,#8784);
#8784 = DEFINITIONAL_REPRESENTATION('',(#8785),#8789);
#8785 = LINE('',#8786,#8787);
#8786 = CARTESIAN_POINT('',(6.28318530718,-0.));
#8787 = VECTOR('',#8788,1.);
#8788 = DIRECTION('',(0.,1.));
#8789 = ( GEOMETRIC_REPRESENTATION_CONTEXT(2) 
PARAMETRIC_REPRESENTATION_CONTEXT() REPRESENTATION_CONTEXT('2D SPACE',''
  ) );
#8790 = PCURVE('',#3240,#8791);
#8791 = DEFINITIONAL_REPRESENTATION('',(#8792),#8796);
#8792 = LINE('',#8793,#8794);
#8793 = CARTESIAN_POINT('',(0.,-0.));
#8794 = VECTOR('',#8795,1.);
#8795 = DIRECTION('',(0.,1.));
#8796 = ( GEOMETRIC_REPRESENTATION_CONTEXT(2) 
PARAMETRIC_REPRESENTATION_CONTEXT() REPRESENTATION_CONTEXT('2D SPACE',''
  ) );
#8797 = ORIENTED_EDGE('',*,*,#5994,.T.);
#8798 = ORIENTED_EDGE('',*,*,#8777,.T.);
#8799 = ADVANCED_FACE('',(#8800),#3271,.F.);
#8800 = FACE_BOUND('',#8801,.F.);
#8801 = EDGE_LOOP('',(#8802,#8803,#8824,#8825));
#8802 = ORIENTED_EDGE('',*,*,#3254,.F.);
#8803 = ORIENTED_EDGE('',*,*,#8804,.F.);
#8804 = EDGE_CURVE('',#6021,#3255,#8805,.T.);
#8805 = SEAM_CURVE('',#8806,(#8810,#8817),.PCURVE_S1.);
#8806 = LINE('',#8807,#8808);
#8807 = CARTESIAN_POINT('',(111.7,106.,-1.));
#8808 = VECTOR('',#8809,1.);
#8809 = DIRECTION('',(0.,0.,1.));
#8810 = PCURVE('',#3271,#8811);
#8811 = DEFINITIONAL_REPRESENTATION('',(#8812),#8816);
#8812 = LINE('',#8813,#8814);
#8813 = CARTESIAN_POINT('',(6.28318530718,-0.));
#8814 = VECTOR('',#8815,1.);
#8815 = DIRECTION('',(0.,1.));
#8816 = ( GEOMETRIC_REPRESENTATION_CONTEXT(2) 
PARAMETRIC_REPRESENTATION_CONTEXT() REPRESENTATION_CONTEXT('2D SPACE',''
  ) );
#8817 = PCURVE('',#3271,#8818);
#8818 = DEFINITIONAL_REPRESENTATION('',(#8819),#8823);
#8819 = LINE('',#8820,#8821);
#8820 = CARTESIAN_POINT('',(0.,-0.));
#8821 = VECTOR('',#8822,1.);
#8822 = DIRECTION('',(0.,1.));
#8823 = ( GEOMETRIC_REPRESENTATION_CONTEXT(2) 
PARAMETRIC_REPRESENTATION_CONTEXT() REPRESENTATION_CONTEXT('2D SPACE',''
  ) );
#8824 = ORIENTED_EDGE('',*,*,#6020,.T.);
#8825 = ORIENTED_EDGE('',*,*,#8804,.T.);
#8826 = ADVANCED_FACE('',(#8827),#3302,.F.);
#8827 = FACE_BOUND('',#8828,.F.);
#8828 = EDGE_LOOP('',(#8829,#8830,#8851,#8852));
#8829 = ORIENTED_EDGE('',*,*,#3285,.F.);
#8830 = ORIENTED_EDGE('',*,*,#8831,.F.);
#8831 = EDGE_CURVE('',#6047,#3286,#8832,.T.);
#8832 = SEAM_CURVE('',#8833,(#8837,#8844),.PCURVE_S1.);
#8833 = LINE('',#8834,#8835);
#8834 = CARTESIAN_POINT('',(101.7,110.,-1.));
#8835 = VECTOR('',#8836,1.);
#8836 = DIRECTION('',(0.,0.,1.));
#8837 = PCURVE('',#3302,#8838);
#8838 = DEFINITIONAL_REPRESENTATION('',(#8839),#8843);
#8839 = LINE('',#8840,#8841);
#8840 = CARTESIAN_POINT('',(6.28318530718,-0.));
#8841 = VECTOR('',#8842,1.);
#8842 = DIRECTION('',(0.,1.));
#8843 = ( GEOMETRIC_REPRESENTATION_CONTEXT(2) 
PARAMETRIC_REPRESENTATION_CONTEXT() REPRESENTATION_CONTEXT('2D SPACE',''
  ) );
#8844 = PCURVE('',#3302,#8845);
#8845 = DEFINITIONAL_REPRESENTATION('',(#8846),#8850);
#8846 = LINE('',#8847,#8848);
#8847 = CARTESIAN_POINT('',(0.,-0.));
#8848 = VECTOR('',#8849,1.);
#8849 = DIRECTION('',(0.,1.));
#8850 = ( GEOMETRIC_REPRESENTATION_CONTEXT(2) 
PARAMETRIC_REPRESENTATION_CONTEXT() REPRESENTATION_CONTEXT('2D SPACE',''
  ) );
#8851 = ORIENTED_EDGE('',*,*,#6046,.T.);
#8852 = ORIENTED_EDGE('',*,*,#8831,.T.);
#8853 = ADVANCED_FACE('',(#8854),#3333,.F.);
#8854 = FACE_BOUND('',#8855,.F.);
#8855 = EDGE_LOOP('',(#8856,#8857,#8878,#8879));
#8856 = ORIENTED_EDGE('',*,*,#3316,.F.);
#8857 = ORIENTED_EDGE('',*,*,#8858,.F.);
#8858 = EDGE_CURVE('',#6073,#3317,#8859,.T.);
#8859 = SEAM_CURVE('',#8860,(#8864,#8871),.PCURVE_S1.);
#8860 = LINE('',#8861,#8862);
#8861 = CARTESIAN_POINT('',(101.7,120.,-1.));
#8862 = VECTOR('',#8863,1.);
#8863 = DIRECTION('',(0.,0.,1.));
#8864 = PCURVE('',#3333,#8865);
#8865 = DEFINITIONAL_REPRESENTATION('',(#8866),#8870);
#8866 = LINE('',#8867,#8868);
#8867 = CARTESIAN_POINT('',(6.28318530718,-0.));
#8868 = VECTOR('',#8869,1.);
#8869 = DIRECTION('',(0.,1.));
#8870 = ( GEOMETRIC_REPRESENTATION_CONTEXT(2) 
PARAMETRIC_REPRESENTATION_CONTEXT() REPRESENTATION_CONTEXT('2D SPACE',''
  ) );
#8871 = PCURVE('',#3333,#8872);
#8872 = DEFINITIONAL_REPRESENTATION('',(#8873),#8877);
#8873 = LINE('',#8874,#8875);
#8874 = CARTESIAN_POINT('',(0.,-0.));
#8875 = VECTOR('',#8876,1.);
#8876 = DIRECTION('',(0.,1.));
#8877 = ( GEOMETRIC_REPRESENTATION_CONTEXT(2) 
PARAMETRIC_REPRESENTATION_CONTEXT() REPRESENTATION_CONTEXT('2D SPACE',''
  ) );
#8878 = ORIENTED_EDGE('',*,*,#6072,.T.);
#8879 = ORIENTED_EDGE('',*,*,#8858,.T.);
#8880 = ADVANCED_FACE('',(#8881),#3364,.F.);
#8881 = FACE_BOUND('',#8882,.F.);
#8882 = EDGE_LOOP('',(#8883,#8884,#8905,#8906));
#8883 = ORIENTED_EDGE('',*,*,#3347,.F.);
#8884 = ORIENTED_EDGE('',*,*,#8885,.F.);
#8885 = EDGE_CURVE('',#6099,#3348,#8886,.T.);
#8886 = SEAM_CURVE('',#8887,(#8891,#8898),.PCURVE_S1.);
#8887 = LINE('',#8888,#8889);
#8888 = CARTESIAN_POINT('',(121.7,110.,-1.));
#8889 = VECTOR('',#8890,1.);
#8890 = DIRECTION('',(0.,0.,1.));
#8891 = PCURVE('',#3364,#8892);
#8892 = DEFINITIONAL_REPRESENTATION('',(#8893),#8897);
#8893 = LINE('',#8894,#8895);
#8894 = CARTESIAN_POINT('',(6.28318530718,-0.));
#8895 = VECTOR('',#8896,1.);
#8896 = DIRECTION('',(0.,1.));
#8897 = ( GEOMETRIC_REPRESENTATION_CONTEXT(2) 
PARAMETRIC_REPRESENTATION_CONTEXT() REPRESENTATION_CONTEXT('2D SPACE',''
  ) );
#8898 = PCURVE('',#3364,#8899);
#8899 = DEFINITIONAL_REPRESENTATION('',(#8900),#8904);
#8900 = LINE('',#8901,#8902);
#8901 = CARTESIAN_POINT('',(0.,-0.));
#8902 = VECTOR('',#8903,1.);
#8903 = DIRECTION('',(0.,1.));
#8904 = ( GEOMETRIC_REPRESENTATION_CONTEXT(2) 
PARAMETRIC_REPRESENTATION_CONTEXT() REPRESENTATION_CONTEXT('2D SPACE',''
  ) );
#8905 = ORIENTED_EDGE('',*,*,#6098,.T.);
#8906 = ORIENTED_EDGE('',*,*,#8885,.T.);
#8907 = ADVANCED_FACE('',(#8908),#3395,.F.);
#8908 = FACE_BOUND('',#8909,.F.);
#8909 = EDGE_LOOP('',(#8910,#8911,#8932,#8933));
#8910 = ORIENTED_EDGE('',*,*,#3378,.F.);
#8911 = ORIENTED_EDGE('',*,*,#8912,.F.);
#8912 = EDGE_CURVE('',#6125,#3379,#8913,.T.);
#8913 = SEAM_CURVE('',#8914,(#8918,#8925),.PCURVE_S1.);
#8914 = LINE('',#8915,#8916);
#8915 = CARTESIAN_POINT('',(111.7,120.,-1.));
#8916 = VECTOR('',#8917,1.);
#8917 = DIRECTION('',(0.,0.,1.));
#8918 = PCURVE('',#3395,#8919);
#8919 = DEFINITIONAL_REPRESENTATION('',(#8920),#8924);
#8920 = LINE('',#8921,#8922);
#8921 = CARTESIAN_POINT('',(6.28318530718,-0.));
#8922 = VECTOR('',#8923,1.);
#8923 = DIRECTION('',(0.,1.));
#8924 = ( GEOMETRIC_REPRESENTATION_CONTEXT(2) 
PARAMETRIC_REPRESENTATION_CONTEXT() REPRESENTATION_CONTEXT('2D SPACE',''
  ) );
#8925 = PCURVE('',#3395,#8926);
#8926 = DEFINITIONAL_REPRESENTATION('',(#8927),#8931);
#8927 = LINE('',#8928,#8929);
#8928 = CARTESIAN_POINT('',(0.,-0.));
#8929 = VECTOR('',#8930,1.);
#8930 = DIRECTION('',(0.,1.));
#8931 = ( GEOMETRIC_REPRESENTATION_CONTEXT(2) 
PARAMETRIC_REPRESENTATION_CONTEXT() REPRESENTATION_CONTEXT('2D SPACE',''
  ) );
#8932 = ORIENTED_EDGE('',*,*,#6124,.T.);
#8933 = ORIENTED_EDGE('',*,*,#8912,.T.);
#8934 = ADVANCED_FACE('',(#8935),#3426,.F.);
#8935 = FACE_BOUND('',#8936,.F.);
#8936 = EDGE_LOOP('',(#8937,#8938,#8959,#8960));
#8937 = ORIENTED_EDGE('',*,*,#3409,.F.);
#8938 = ORIENTED_EDGE('',*,*,#8939,.F.);
#8939 = EDGE_CURVE('',#6151,#3410,#8940,.T.);
#8940 = SEAM_CURVE('',#8941,(#8945,#8952),.PCURVE_S1.);
#8941 = LINE('',#8942,#8943);
#8942 = CARTESIAN_POINT('',(121.7,120.,-1.));
#8943 = VECTOR('',#8944,1.);
#8944 = DIRECTION('',(0.,0.,1.));
#8945 = PCURVE('',#3426,#8946);
#8946 = DEFINITIONAL_REPRESENTATION('',(#8947),#8951);
#8947 = LINE('',#8948,#8949);
#8948 = CARTESIAN_POINT('',(6.28318530718,-0.));
#8949 = VECTOR('',#8950,1.);
#8950 = DIRECTION('',(0.,1.));
#8951 = ( GEOMETRIC_REPRESENTATION_CONTEXT(2) 
PARAMETRIC_REPRESENTATION_CONTEXT() REPRESENTATION_CONTEXT('2D SPACE',''
  ) );
#8952 = PCURVE('',#3426,#8953);
#8953 = DEFINITIONAL_REPRESENTATION('',(#8954),#8958);
#8954 = LINE('',#8955,#8956);
#8955 = CARTESIAN_POINT('',(0.,-0.));
#8956 = VECTOR('',#8957,1.);
#8957 = DIRECTION('',(0.,1.));
#8958 = ( GEOMETRIC_REPRESENTATION_CONTEXT(2) 
PARAMETRIC_REPRESENTATION_CONTEXT() REPRESENTATION_CONTEXT('2D SPACE',''
  ) );
#8959 = ORIENTED_EDGE('',*,*,#6150,.T.);
#8960 = ORIENTED_EDGE('',*,*,#8939,.T.);
#8961 = ( GEOMETRIC_REPRESENTATION_CONTEXT(3) 
GLOBAL_UNCERTAINTY_ASSIGNED_CONTEXT((#8965)) 
GLOBAL_UNIT_ASSIGNED_CONTEXT((#8962,#8963,#8964)) REPRESENTATION_CONTEXT
('Context #1','3D Context with UNIT and UNCERTAINTY') );
#8962 = ( LENGTH_UNIT() NAMED_UNIT(*) SI_UNIT(.MILLI.,.METRE.) );
#8963 = ( NAMED_UNIT(*) PLANE_ANGLE_UNIT() SI_UNIT($,.RADIAN.) );
#8964 = ( NAMED_UNIT(*) SI_UNIT($,.STERADIAN.) SOLID_ANGLE_UNIT() );
#8965 = UNCERTAINTY_MEASURE_WITH_UNIT(LENGTH_MEASURE(1.E-07),#8962,
  'distance_accuracy_value','confusion accuracy');
#8966 = PRODUCT_RELATED_PRODUCT_CATEGORY('part',$,(#7));
ENDSEC;
END-ISO-10303-21;
