Via,UUID,KiCad X mm,KiCad Y mm,Gerber/CPL X mm,Gerber/CPL Y mm,Drill mm,Diameter mm,Net,SMD pad drill overlap
V0001,23926cb7-e395-58c4-a8c0-bd9d463f352c,18.5,58.65,18.5,-58.65,0.2,0.45,Main/GND,M_R14.2@F.Cu
V0002,36f87b47-4219-541e-a226-e7230b8a34c0,18.9,61.2,18.9,-61.2,0.3,0.6,Main/BTN_M_IN1,
V0003,7a5e59b8-7468-5a0c-9ebd-6fefb7b23288,19.0,94.05,19.0,-94.05,0.3,0.6,Main/SOURCE_OK,
V0004,86ef981c-37a4-5d53-9050-07a7625029ca,19.0,97.95,19.0,-97.95,0.3,0.6,Main/GND,
V0005,5b515630-e9f4-5120-a6b3-82bb56c7d545,19.0,102.7,19.0,-102.7,0.3,0.6,Main/ACT_DRIVE_EN,
V0006,2a4784bc-954f-5505-bcba-e2646a8902a2,19.0,104.65,19.0,-104.65,0.3,0.6,Main/ACT_DRIVE_EN,
V0007,dcbd91f8-c462-55bf-86da-096eb1d3a295,19.175,29.8,19.175,-29.8,0.3,0.6,Main/VBUS_USB,
V0008,c64f768f-16fb-5327-aeea-8e850c5aee69,19.9,91.55,19.9,-91.55,0.2,0.45,Main/BTN_L_IN1,
V0009,450f2e32-296f-5e7d-9811-00c05ef84fa8,19.95,72.3,19.95,-72.3,0.2,0.45,Main/BTN_L_IN1,
V0010,3e2b6091-9942-54ab-9d00-f5a1f7a4044c,20.0,47.55,20.0,-47.55,0.3,0.6,Main/HALL_EN,
V0011,5a54675d-0f88-5450-9dc8-9c9e3fe7992a,20.1,106.6,20.1,-106.6,0.3,0.6,Main/GND,
V0012,1a231894-2a90-5e6d-9a1d-1a9879f89905,20.4,94.75,20.4,-94.75,0.2,0.45,Main/ACT_REQ,M_U16.2@F.Cu
V0013,eea72843-9e5b-5ce0-aee5-244b3527fffc,20.5,59.7,20.5,-59.7,0.3,0.6,Main/GND,
V0014,2ecc036c-8027-5b2a-8523-47c8fd6a06c2,20.8,49.5,20.8,-49.5,0.3,0.6,Main/+3V3,
V0015,b7076e4d-2970-5f88-a314-67d4b1e6559a,20.9,93.45,20.9,-93.45,0.2,0.45,Main/HALL_EN,
V0016,27c4e64c-ddd2-5804-9593-7f3f2a7b6eda,20.9,106.7,20.9,-106.7,0.3,0.6,Main/BTN_L_IN2,
V0017,107d93a0-66fa-5ba4-8146-51e47b514577,21.0,27.7,21.0,-27.7,0.3,0.6,Main/GND,
V0018,a21902c8-ae07-5acd-bab2-3d872f1c6da8,21.0,50.3,21.0,-50.3,0.3,0.6,Main/GND,
V0019,50aab9b6-a0b3-568f-bd7d-54ed4ce7ff61,21.0,53.8,21.0,-53.8,0.3,0.6,Main/GND,
V0020,68d7ece3-c609-59d7-90b1-26177cc82242,21.2,109.0,21.2,-109.0,0.3,0.6,Main/GND,
V0021,2dee25a3-2f9c-5f46-8d20-0ecfb8194056,21.4,92.4,21.4,-92.4,0.3,0.6,Main/GND,
V0022,57ffaed9-5020-5422-941c-098b1d633800,21.4,102.5,21.4,-102.5,0.3,0.6,Main/BTN_L_CMD1,
V0023,695d6d23-e64c-57e2-9602-127ab924ade7,21.6,70.3,21.6,-70.3,0.3,0.6,Main/BTN_M_IN2,
V0024,f5c27a83-9f4b-500f-b899-be7dc77f4aa7,21.7,55.5,21.7,-55.5,0.3,0.6,Main/BTN_L_IN2,
V0025,c71ef190-4ec3-5c39-af56-80d02b582001,21.8,50.199999,21.8,-50.199999,0.3,0.6,Main/HALL_EN,
V0026,7cf08382-d068-5bac-9355-67c86140a0fd,21.9,72.5,21.9,-72.5,0.3,0.6,Main/GND,
V0027,f2abd6eb-aa0d-5600-829f-18c3af6a5496,22.0,27.7,22.0,-27.7,0.3,0.6,Main/GND,
V0028,eaa6bae1-8941-5633-ace0-3a2d58deb147,22.0,44.8,22.0,-44.8,0.3,0.6,Main/BTN_L_COIL_P,
V0029,b558edf0-21ca-5d90-bfce-484ea233f35f,22.0,56.3,22.0,-56.3,0.3,0.6,Main/+3V3,
V0030,8a11dbfc-f157-54a0-9520-03bf73e65c91,22.1,95.9,22.1,-95.9,0.3,0.6,Main/+3V3,
V0031,5ca4686e-68ea-5071-9305-a431b35b34b1,22.3,51.1,22.3,-51.1,0.2,0.45,Main/BTN_L_ISENSE,
V0032,85f801db-adfe-53cf-8ea1-b5c788f2486d,22.3,51.8,22.3,-51.8,0.3,0.6,Main/BTN_L_IN2,
V0033,9bf93bc5-c983-5c9b-803e-e7361b248a4e,22.3,62.1,22.3,-62.1,0.3,0.6,Main/BTN_M_IN1,
V0034,c536cc70-c88d-52e1-ab99-8021116270bb,22.65,97.5,22.65,-97.5,0.2,0.45,Main/ACT_REQ,
V0035,331c4bbf-c028-5e53-bbce-bcc003206121,22.8,98.1,22.8,-98.1,0.2,0.45,Main/HALL_EN,
V0036,50eb6680-f408-5b4e-b7bd-03ac47aea2f6,22.95,59.7,22.95,-59.7,0.2,0.45,Main/BTN_M_ISENSE,
V0037,982571c3-8c20-57bd-b9c0-112ec5db510f,23.0,27.7,23.0,-27.7,0.3,0.6,Main/GND,
V0038,34fc7eb1-b614-5b15-81a3-dc87f89a4023,23.0,91.7,23.0,-91.7,0.2,0.45,Main/HALL_EN,
V0039,21682a04-ae20-5d14-9cb3-b803e3a03f50,23.6,50.449999,23.6,-50.449999,0.3,0.6,Main/GND,
V0040,5a498e1d-3c60-5a63-811e-8073d6527a2f,23.6,53.55,23.6,-53.55,0.3,0.6,Main/GND,
V0041,950c8172-41c2-512c-b984-1f374ba3c7af,23.6,59.45,23.6,-59.45,0.3,0.6,Main/GND,
V0042,68646e32-40b6-5dad-8679-e11c4c3df0d9,23.6,62.55,23.6,-62.55,0.3,0.6,Main/GND,
V0043,5c09a335-78fd-5348-bb60-10eeadb56c28,24.0,65.2,24.0,-65.2,0.3,0.6,Main/BTN_M_COIL_P,
V0044,ff388dba-d1da-5126-8e98-3b21be567c31,24.2,106.0,24.2,-106.0,0.3,0.6,Main/ARM_VALID,
V0045,f37c2842-579d-5009-8910-498b996575be,24.4,50.449999,24.4,-50.449999,0.3,0.6,Main/GND,
V0046,818ccf95-6a4b-5451-8fe4-c4189338c280,24.4,53.55,24.4,-53.55,0.3,0.6,Main/GND,
V0047,d64ed57e-1afd-578c-95a0-84f8f78ef7f0,24.4,59.45,24.4,-59.45,0.3,0.6,Main/GND,
V0048,f831d7af-13cd-574a-8758-8fabcab8f7ae,24.4,62.55,24.4,-62.55,0.3,0.6,Main/GND,
V0049,00d240a7-7406-5178-a0ac-c9bab322f954,24.5,110.0,24.5,-110.0,0.3,0.6,Main/BTN_L_CMD2,
V0050,cfab6fa3-757a-54bb-bdcd-f0651462f9c7,24.6,102.0,24.6,-102.0,0.3,0.6,Main/BTN_M_IN2,
V0051,2ac0b3d1-cdd7-5f4d-be51-2eebc5c6cd12,24.65,95.8,24.65,-95.8,0.3,0.6,Main/CC_OUT2_INV,
V0052,b0bfd43f-f791-55c2-80d8-bc356ecaa492,24.7,100.4,24.7,-100.4,0.3,0.6,Main/GND,
V0053,20748ab7-18e3-552b-8c05-aa6d9c2b8a6f,24.7,109.0,24.7,-109.0,0.3,0.6,Main/GND,
V0054,8d018ab4-f59c-5eb5-b55c-5f563ab0476c,24.75,47.35,24.75,-47.35,0.2,0.45,Main/HALL_L,
V0055,b9a38437-bb3d-549b-a074-fe48cb16443b,24.9,93.3,24.9,-93.3,0.3,0.6,Main/+3V3,
V0056,4073a19a-b0cc-5e42-8e98-66409077e2f7,24.95,92.65,24.95,-92.65,0.3,0.6,Main/+3V3,
V0057,ff2f153b-072b-5d9d-8c0b-15b197e2d32a,24.9571,48.1227,24.9571,-48.1227,0.2,0.45,Main/GND,
V0058,a09c1b1f-9403-57ce-ab45-305cb969d287,25.0,31.0,25.0,-31.0,0.3,0.6,Main/GND,
V0059,04296bb3-df0b-506a-a1dc-a9be6bf869f4,25.0,97.3,25.0,-97.3,0.3,0.6,Main/SOURCE_OK,M_U16.9@F.Cu
V0060,4dea73a5-04d8-5069-886a-a735016c51a6,25.6,106.6,25.6,-106.6,0.3,0.6,Main/BTN_M_IN1,
V0061,168aa604-2abf-5a85-a9aa-42caed4aa769,25.7,80.0,25.7,-80.0,0.3,0.6,Main/GND,
V0062,db46d2c5-b8ad-5318-a8e9-558a00e3804f,25.8,54.4,25.8,-54.4,0.3,0.6,Main/GND,
V0063,9824ae5b-c902-5727-bbee-8466a55ea03a,25.8,56.1,25.8,-56.1,0.3,0.6,Main/ACT_5V,
V0064,f6b359af-caee-556f-a984-7be297a71297,25.9,52.05,25.9,-52.05,0.3,0.6,Main/BTN_L_COIL_P,
V0065,ac8de926-343f-5799-8c31-84ee8994578a,25.9,61.05,25.9,-61.05,0.3,0.6,Main/BTN_M_COIL_P,
V0066,5be679bf-0bf3-50c7-9019-52ab1ff54fc0,25.9,72.5,25.9,-72.5,0.3,0.6,Main/GND,
V0067,bc3bd7b7-dd92-57a5-ad40-c77e71cafb01,25.95,62.4,25.95,-62.4,0.3,0.6,Main/+3V3,
V0068,45ca999f-3633-5a9c-ba87-d6b77dd20a4c,26.0,65.2,26.0,-65.2,0.3,0.6,Main/BTN_M_COIL_N,
V0069,0af3a1b1-efd6-5162-9e5f-900ad2905459,26.05,60.25,26.05,-60.25,0.3,0.6,Main/BTN_M_COIL_N,
V0070,91cfa152-da4d-5e41-a178-d1c71bc9b47d,26.1,48.6,26.1,-48.6,0.3,0.6,Main/+3V3,
V0071,146e28f2-1b13-5e32-ad4f-180c877b751d,26.1,53.4,26.1,-53.4,0.3,0.6,Main/ACT_5V,
V0072,69b9115e-06b5-59ad-a2d5-5b1d6b1c4825,26.2,74.9,26.2,-74.9,0.3,0.6,Main/GND,
V0073,3d914e93-891e-5e34-8818-8069b468d112,26.2,90.05,26.2,-90.05,0.2,0.45,Main/OPT_CTRL,
V0074,8f5f0bd5-2de1-5467-a60d-1ea07566f4fc,26.55,84.95,26.55,-84.95,0.2,0.45,Main/OPT_LED_P,
V0075,99027f38-53fd-5fcc-beea-c5447eaef7da,26.75,97.95,26.75,-97.95,0.3,0.6,Main/SOURCE_3A,
V0076,d99b05f1-f965-5662-bba8-32a869bf0df4,27.0,30.525,27.0,-30.525,0.3,0.6,Main/GND,
V0077,27aeae63-a2b1-5180-be29-8a901510bdfc,27.0,58.8,27.0,-58.8,0.3,0.6,Main/GND,
V0078,621031a7-f8cb-5934-ad24-a3d5b892c72b,27.0,95.8,27.0,-95.8,0.3,0.6,Main/ACT_DRIVE_EN,
V0079,31d745b7-ed49-58a6-afd7-5d5f3dac7d9c,27.0,102.7,27.0,-102.7,0.3,0.6,Main/ACT_DRIVE_EN,
V0080,c2ad72f1-ec52-5d32-8c5d-a4c6fed9f1cd,27.0,104.65,27.0,-104.65,0.3,0.6,Main/ACT_DRIVE_EN,
V0081,e7006758-805c-5b51-9ad5-f149c28b05b3,27.2,90.4,27.2,-90.4,0.3,0.6,Main/+3V3,
V0082,cf52bfc0-d5d9-5b58-a3fd-7182ed5c3129,27.4,92.6,27.4,-92.6,0.2,0.45,Main/UART_RX,
V0083,8c1e143f-c1f9-52bd-afc1-b6a35442ecb7,27.5,102.1,27.5,-102.1,0.3,0.6,Main/BTN_M_CMD2,
V0084,6de76f88-304e-596c-a432-5e6a938d139e,27.75,62.7,27.75,-62.7,0.3,0.6,Main/+3V3,
V0085,522d6289-41b3-58e0-832b-d4d4bc0ef21c,27.8,49.05,27.8,-49.05,0.3,0.6,Main/+3V3,
V0086,82ff2762-83f4-543e-8694-4e87c95a3165,27.9,50.6,27.9,-50.6,0.3,0.6,Main/GND,
V0087,d3fc131a-50df-5766-bf45-86d299d15a89,28.05,55.6,28.05,-55.6,0.3,0.6,Main/+3V3,
V0088,765af8ff-fb3f-5502-9c4c-d10631206302,28.1,98.9,28.1,-98.9,0.3,0.6,Main/ACT_DRIVE_EN,
V0089,1c1f9441-3c83-512c-a2ad-fbece765c9b7,28.2,32.675,28.2,-32.675,0.3,0.6,Main/GND,
V0090,8d0ccc45-a7ed-5d4d-880e-34f2e4b4dca2,28.2,109.2,28.2,-109.2,0.3,0.6,Main/GND,
V0091,694d3ecf-f75c-56e2-92bc-527d84b85f15,28.3,56.95,28.3,-56.95,0.2,0.45,Main/BTN_L_ISENSE,
V0092,f025812d-746d-5445-ba88-d221a8c3b03d,28.3,90.7,28.3,-90.7,0.2,0.45,Main/OPT_CTRL,
V0093,497241b2-9d97-589c-b224-bb6d431d3536,28.35,77.6,28.35,-77.6,0.2,0.45,Main/OPT_CTRL,
V0094,861975da-caf1-5b0f-941b-5ba1f1b7389e,28.35,86.3,28.35,-86.3,0.3,0.6,Main/SOURCE_3A,
V0095,5bf112df-7279-585b-8c85-bf33fc61df7d,28.35,94.25,28.35,-94.25,0.2,0.45,Main/BOOT,
V0096,5aec9f41-e1c0-5dd1-9927-58c6e453bf42,28.4,50.1,28.4,-50.1,0.2,0.45,Main/+3V3,
V0097,26addb35-1489-57de-90d7-7a96ffe2f55e,28.4,85.45,28.4,-85.45,0.2,0.45,Main/SPI_MOSI,
V0098,a214ff3e-7a02-5335-86c7-9591d29ceaf4,28.6,39.15,28.6,-39.15,0.2,0.45,Main/ENC_3V3,
V0099,7be2879b-9618-5139-9c2f-51bfb09be706,28.85,38.5,28.85,-38.5,0.3,0.6,Main/SOURCE_OK,
V0100,205ecc93-bb7c-57b4-a044-0bf81f082b72,28.85,84.05,28.85,-84.05,0.2,0.45,Main/SOURCE_OK,
V0101,44a314c2-09b3-57d6-9fd2-dbc2d09a19e9,28.95,51.85,28.95,-51.85,0.2,0.45,Main/+3V3,
V0102,3db913d7-b019-512d-b1a7-1b62b3199035,29.15,29.25,29.15,-29.25,0.3,0.6,Main/VBUS_USB,
V0103,f848667f-9e00-54ef-8083-24c832488ecc,29.25,40.15,29.25,-40.15,0.3,0.6,Main/SOURCE_OK,
V0104,9b8bc221-524f-547b-a524-addd3346f66d,29.4,88.2,29.4,-88.2,0.3,0.6,Main/+3V3,
V0105,c3a35c56-58fc-5e9b-821f-771f83fccc14,29.45,52.35,29.45,-52.35,0.2,0.45,Main/+3V3,
V0106,63023771-c2fa-5afe-80ab-56557ad91848,29.5,56.05,29.5,-56.05,0.2,0.45,Main/CC_OUT2,
V0107,9b544450-d2d0-5bc4-a2be-84d6cca31da5,29.5,76.45,29.5,-76.45,0.2,0.45,Main/+3V3,
V0108,d5eb7de8-c644-5635-8ea8-27a5f47a8d16,29.5,83.4,29.5,-83.4,0.2,0.45,Main/+3V3,
V0109,2dfa2cdc-888e-5232-9808-8eb5e8a1d892,29.65,36.25,29.65,-36.25,0.3,0.6,Main/MCU_EN,
V0110,5ee15b11-d077-5227-9135-da3a8ca55142,29.7,34.45,29.7,-34.45,0.3,0.6,Main/PWR_5V,
V0111,6dd3071a-8712-5032-a3b7-5534a4bbb97c,29.7,64.9,29.7,-64.9,0.2,0.45,Main/GND,
V0112,3c2ac30f-4af1-582f-9e73-d16261561949,29.75,56.65,29.75,-56.65,0.2,0.45,Main/BTN_M_ISENSE,
V0113,6e523aae-a60c-5b5f-b844-651b9b149ee3,29.8,71.0,29.8,-71.0,0.3,0.6,Main/+3V3,
V0114,e9b1ee51-fc2a-57c7-9ebb-f7abcfaafb5e,29.8,96.9,29.8,-96.9,0.2,0.45,Main/CS_PAW,
V0115,6249259b-9379-5a28-8fa9-011909115fff,29.85,91.7,29.85,-91.7,0.2,0.45,Main/BOOT,
V0116,7fe02852-e4de-5543-910f-e51839148382,29.9,54.199999,29.9,-54.199999,0.3,0.6,Main/GND,
V0117,310ac7cf-e81a-5bcf-9bd7-498afe115693,29.9,72.5,29.9,-72.5,0.3,0.6,Main/GND,
V0118,a9b6246e-a6e9-5c69-9a0a-1f3643b1ab77,29.95,58.65,29.95,-58.65,0.2,0.45,Main/SOURCE_OK,
V0119,4f82b2e8-9fac-5b15-ba44-38a9fa835d05,29.95,68.85,29.95,-68.85,0.2,0.45,Main/+3V3,
V0120,bb89e8d9-0ea6-58bf-a699-2c768cbaf9b9,30.0,29.25,30.0,-29.25,0.3,0.6,Main/VBUS_USB,
V0121,0e09507c-119a-597e-849f-ddc140097447,30.0,63.1,30.0,-63.1,0.2,0.45,Main/BTN_M_VREF,
V0122,efb87a50-4a0e-5e06-a9a1-3a37fe1f4cdf,30.0,99.95,30.0,-99.95,0.2,0.45,Main/BOOT,
V0123,c63cac70-0b7b-510f-9ec8-81bb738c376b,30.1,66.9,30.1,-66.9,0.3,0.6,Main/+3V3,
V0124,ffaa317a-359d-5536-8ddc-8a45e426549f,30.2,47.35,30.2,-47.35,0.2,0.45,Main/HALL_L,
V0125,7c0fedee-6935-5ec2-ae89-9f6dd251f591,30.2,67.8,30.2,-67.8,0.2,0.45,Main/GND,
V0126,867df0fb-3fd2-544c-95a0-2f2b5df0d581,30.25,40.1,30.25,-40.1,0.3,0.6,Main/GND,
V0127,5cc8ec5f-8ad4-55c2-b461-23e6f9cf07bf,30.25,48.35,30.25,-48.35,0.3,0.6,Main/HALL_EN,
V0128,dd2e5ab4-d055-5eb3-93ab-7fd26cee7372,30.3,98.1,30.3,-98.1,0.2,0.45,Main/ACT_HEARTBEAT,
V0129,4db73e91-01f7-5574-9149-6e96f3c9c94e,30.4,37.75,30.4,-37.75,0.3,0.6,Main/GND,
V0130,5d0b01e4-ba6a-53b3-a0b7-ea53efa511a1,30.4,53.15,30.4,-53.15,0.2,0.45,Main/CC_OUT2,M_U14.3@F.Cu
V0131,6b948dc1-480b-5eb7-8faf-d3a7b2387bbe,30.5,34.45,30.5,-34.45,0.3,0.6,Main/PWR_5V,
V0132,54b10e60-e613-5ff5-8aa2-00e4a34b0f2b,30.5,59.1,30.5,-59.1,0.3,0.6,Main/GND,
V0133,986e1ec2-f0a7-5c8f-8d54-2079f4c985b3,30.6,96.9,30.6,-96.9,0.2,0.45,Main/GND,
V0134,0df175ec-94af-5c37-8e35-92556d8c57c3,30.65,85.45,30.65,-85.45,0.2,0.45,Main/GND,
V0135,587c532e-6d79-5996-afc8-f2ba3f493682,30.6529,49.0404,30.6529,-49.0404,0.2,0.45,Main/GND,
V0136,1937533d-3b47-53d5-a475-de1e4cff2bcd,30.75,83.0,30.75,-83.0,0.2,0.45,Main/+3V3,
V0137,b474b36f-01df-569a-a4c6-e0174001ffb9,30.85,29.25,30.85,-29.25,0.3,0.6,Main/VBUS_USB,
V0138,86beff96-923c-59f5-9977-bf056ac0b122,31.1,56.95,31.1,-56.95,0.2,0.45,Main/GND,M_R12.2@F.Cu
V0139,11ed2a67-24a2-5298-a67a-c61ba301ef06,31.15,90.8,31.15,-90.8,0.2,0.45,Main/OPT_CTRL,
V0140,5096bb77-b14e-5520-b175-7a18bf69f392,31.2,51.35,31.2,-51.35,0.3,0.6,Main/CC_OUT1,
V0141,73312285-9b48-51a1-86a4-6d69fd8e4c4c,31.3,34.45,31.3,-34.45,0.3,0.6,Main/PWR_5V,
V0142,27cadf85-b734-521e-ad2f-f58ac1d39c6a,31.35,81.85,31.35,-81.85,0.3,0.6,Main/SOURCE_3A,
V0143,b36b1764-266e-5f13-bbeb-dca1812c3aed,31.5,99.1,31.5,-99.1,0.2,0.45,Main/ACT_REQ,
V0144,ffdfe963-7907-5f5e-b37e-cb35e4d68a9b,31.65,92.95,31.65,-92.95,0.2,0.45,Main/ACT_HEARTBEAT,M_R47.1@F.Cu
V0145,aba3b059-8efc-5c9a-9199-ee752eafa861,31.7,58.95,31.7,-58.95,0.2,0.45,Main/HALL_EN,
V0146,f7f8c2cd-383f-598b-a495-229611158ffd,31.7,60.75,31.7,-60.75,0.2,0.45,Main/BTN_M_VREF,
V0147,54965c7f-b890-5a06-854c-ab234d17fdf6,31.7,68.25,31.7,-68.25,0.2,0.45,Main/HALL_EN,
V0148,d632badf-76a2-583d-afe5-776c28e42f19,31.75,27.4,31.75,-27.4,0.2,0.45,Main/ENC_MISO_LOCAL,M_J6.8@F.Cu
V0149,d1df675b-6f1b-5f5b-a8ea-2f7b902e8845,31.75,52.55,31.75,-52.55,0.2,0.45,Main/+3V3,M_U14.5@F.Cu
V0150,8be9b04b-1a8a-52ee-8503-495db1e7326a,31.75,54.15,31.75,-54.15,0.2,0.45,Main/SOURCE_OK,
V0151,500229a4-52e5-570b-9872-b2fffff43d75,31.8,67.0,31.8,-67.0,0.2,0.45,Main/GND,
V0152,a918b617-9fc3-56f4-a0f7-53f13e02ea1b,31.85,82.45,31.85,-82.45,0.2,0.45,Main/HALL_EN,
V0153,4de6d0cb-4575-52f9-a3ec-a8f70a543278,31.85,86.25,31.85,-86.25,0.2,0.45,Main/DRV_FAULT_N,
V0154,c5a86738-811c-5285-a912-2f56ec1f8929,31.9,33.0,31.9,-33.0,0.3,0.6,Main/GND,
V0155,93b37528-fc88-582e-acf3-cd796eee0579,32.05,85.65,32.05,-85.65,0.2,0.45,Main/OPT_LED_P,
V0156,b5ea6b6e-7495-56ff-8725-392c2f70cff0,32.05,101.2,32.05,-101.2,0.2,0.45,Main/CC_OUT2,
V0157,597d2ee6-c8d7-5023-b7a4-ec664bf2beb8,32.25,46.45,32.25,-46.45,0.3,0.6,Main/HALL_EN,
V0158,dfbf2d18-b29d-537a-8125-8168a0c79ded,32.3,33.9,32.3,-33.9,0.3,0.6,Main/SOURCE_OK,
V0159,724f5b13-590a-512f-9d3f-a5aa47604db4,32.3,49.95,32.3,-49.95,0.2,0.45,Main/ENC_SCLK_LOCAL,M_U29.3@F.Cu
V0160,7dfbfa7b-a39e-551e-9d4b-d9fa6365b110,32.4,77.15,32.4,-77.15,0.2,0.45,Main/OPT_1V9,
V0161,5c88a420-26be-5e06-8cc8-ca931c7b15b2,32.4,82.1,32.4,-82.1,0.2,0.45,Main/OPT_1V9,
V0162,615f609b-5665-524d-abfe-ca8c30a220e6,32.5,27.5,32.5,-27.5,0.2,0.45,Main/GND,M_J6.7@F.Cu
V0163,8c45b3b5-5e57-5acf-99a4-c1dd8b120aa7,32.6,96.1,32.6,-96.1,0.3,0.6,Main/ACT_5V,
V0164,370b5e23-704b-578a-a482-69a9b99d4701,32.65,31.2,32.65,-31.2,0.3,0.6,Main/PWR_5V,
V0165,8402403e-edd0-545e-9b12-4f6d0e7bcd1f,32.75,73.4,32.75,-73.4,0.2,0.45,Main/OPT_1V9,
V0166,e7958461-9b7b-57a2-9a39-04091ca0f0c5,32.75,75.55,32.75,-75.55,0.2,0.45,Main/OPT_1V9,
V0167,36eb2d50-cf36-5f78-b447-fc47db20b55d,32.75,83.45,32.75,-83.45,0.2,0.45,Main/CS_DRV8316,
V0168,62dc153d-3fc8-58ff-8199-fb76fe5b4f26,32.85,60.8,32.85,-60.8,0.2,0.45,Main/+3V3,
V0169,2552e0da-7f98-59b3-ae3a-7eee59b7e1bd,32.95,42.05,32.95,-42.05,0.3,0.6,Main/+3V3,
V0170,b5cc6b06-df30-52be-91a5-01f296ebd8bd,32.95,51.449999,32.95,-51.449999,0.3,0.6,Main/SOURCE_OK,
V0171,e0ccd947-6c31-5424-8cd2-e7c6444a821a,33.0,40.45,33.0,-40.45,0.3,0.6,Main/GND,
V0172,443ef893-1262-5e7e-8377-7b441af822ad,33.0,50.6125,33.0,-50.6125,0.2,0.45,Main/GND,M_U29.4@F.Cu
V0173,a5e9a968-7574-5cd9-9c39-c0a4d7f2401d,33.05,39.2,33.05,-39.2,0.3,0.6,Main/GND,
V0174,8519d521-f0d4-5cc9-84e5-3028dc5f881f,33.05,52.25,33.05,-52.25,0.3,0.6,Main/+3V3,
V0175,aff7dc9f-cb54-5029-827e-91a572087f4c,33.15,54.35,33.15,-54.35,0.3,0.6,Main/CC_OUT2_INV,
V0176,a2aa1140-b472-5f1c-b206-a59bef6c5a09,33.15,93.0,33.15,-93.0,0.2,0.45,Main/GND,M_R47.2@F.Cu
V0177,b12aad54-9de3-5f16-b301-09516a00ce94,33.2,48.35,33.2,-48.35,0.2,0.45,Main/CC_OUT1,
V0178,1100e2e4-9e90-5e3a-ac48-8987ddb9d5d6,33.25,47.35,33.25,-47.35,0.2,0.45,Main/HALL_L,
V0179,fb6c1367-ad72-5621-9473-dc2c4d47e1a1,33.25,57.15,33.25,-57.15,0.2,0.45,Main/BTN_M_ISENSE,
V0180,6ff9c047-ec4a-5dba-a697-b9cb6fd71324,33.25,89.0,33.25,-89.0,0.2,0.45,Main/CS_DRV8316,
V0181,30795034-f18d-5f4d-96bc-8a57d7d0694d,33.3,66.2,33.3,-66.2,0.2,0.45,Main/HALL_M,
V0182,7dc4da04-e31c-53ea-8d45-8db2310ef413,33.4,56.15,33.4,-56.15,0.2,0.45,Main/GND,
V0183,1e33e01d-4f21-5104-9ac9-b7115d31760a,33.45,43.2,33.45,-43.2,0.3,0.6,Main/GND,
V0184,6d0691c5-2a46-58da-bf9f-f4a0e00f448c,33.45,106.5,33.45,-106.5,0.2,0.45,Main/BTN_M_CMD1,
V0185,009133c1-6f93-553a-b200-d1c9205c178b,33.5,102.1,33.5,-102.1,0.3,0.6,Main/ARM_VALID,
V0186,989a073e-9e49-5af1-a04e-530cf6a6991e,33.55,37.35,33.55,-37.35,0.3,0.6,Main/USB_ILM,
V0187,7928899b-01de-5c4c-acaf-9482ac987d84,33.6,91.975,33.6,-91.975,0.2,0.45,Main/+3V3,
V0188,6417d247-26ef-58b2-a650-4bff9908bc37,33.65,51.7,33.65,-51.7,0.2,0.45,Main/CS_MA735,
V0189,02b6e071-e1be-57ef-bf76-5ecae6547408,33.7,65.4,33.7,-65.4,0.3,0.6,Main/ACT_5V,
V0190,3bc7bc7f-458c-59a5-b696-e296e3900251,33.7,99.8321,33.7,-99.8321,0.2,0.45,Main/GND,
V0191,35ce6801-d2a4-5848-82a2-4b0e2f6c507a,33.8,27.8,33.8,-27.8,0.2,0.45,Main/ENC_CS_LOCAL,M_J6.6@F.Cu
V0192,f6565336-243c-5873-ad6f-9ee7dd3ef52d,33.85,42.65,33.85,-42.65,0.2,0.45,Main/CS_MA735,
V0193,e4e5b6d6-9764-5731-a7e8-c4cd7241b28e,33.85,72.25,33.85,-72.25,0.2,0.45,Main/+3V3,
V0194,0f964b62-4c85-5219-a777-aef14a8c259b,33.9,82.3,33.9,-82.3,0.2,0.45,Main/+3V3,M_C77.1@F.Cu
V0195,74492764-c1c9-5bed-bdfe-c7974bfab2cc,34.0,63.25,34.0,-63.25,0.2,0.45,Main/GND,
V0196,6363f7ff-d474-5e66-91d1-9094c1275ad4,34.0,83.6,34.0,-83.6,0.2,0.45,Main/+3V3,M_C77.1@F.Cu
V0197,1652b83a-e159-5269-8a2a-59515f622f25,34.05,79.3,34.05,-79.3,0.2,0.45,Main/+3V3,M_U38.1@F.Cu
V0198,9e8cf309-3caf-5243-ad50-f44fa2b1006c,34.1,45.55,34.1,-45.55,0.2,0.45,Main/ENC_3V3,
V0199,c8035fa0-f6b2-5c1d-b27a-fccfd7e0848c,34.116,47.85,34.116,-47.85,0.2,0.45,Main/GND,
V0200,45879c6e-5ff3-58b3-9740-ab8d32fc3ec3,34.15,93.5,34.15,-93.5,0.2,0.45,Main/ACT_REQ,
V0201,5441e3a0-4a20-5d51-b13c-055597096536,34.2,97.05,34.2,-97.05,0.2,0.45,Main/+3V3,
V0202,621b8897-ae70-50d3-9969-d45be9a7293d,34.25,75.45,34.25,-75.45,0.2,0.45,Main/OPT_1V9,
V0203,296ca15f-7a5d-584b-9788-a348f995836c,34.3,50.1,34.3,-50.1,0.2,0.45,Main/ENC_MOSI_LOCAL,M_U29.6@F.Cu
V0204,4ae6aeca-60ea-53c1-b416-1ffefa4f3bb8,34.3,58.75,34.3,-58.75,0.2,0.45,Main/BTN_M_ISENSE,
V0205,7cd6812e-2234-54b3-99a2-3c87cf65593b,34.3,88.85,34.3,-88.85,0.2,0.45,Main/CS_IMU,
V0206,3dcdf7cc-a6ca-5220-a361-70b0d55e781b,34.35,52.65,34.35,-52.65,0.2,0.45,Main/SPI_MOSI,
V0207,00127b45-d256-5cd2-8489-2f8078e5d4ac,34.4,70.2,34.4,-70.2,0.3,0.6,Main/ACT_5V,
V0208,c514e370-2f2d-5019-aa12-10f75e92df88,34.4,74.85,34.4,-74.85,0.2,0.45,Main/GND,
V0209,1534aad4-9a03-5ca1-9cf3-4e4d92c04f28,34.5,27.5,34.5,-27.5,0.2,0.45,Main/ENC_MOSI_LOCAL,M_J6.5@F.Cu
V0210,f417f4d4-15f8-5d40-bc2f-a13046d3c4f5,34.5,42.75,34.5,-42.75,0.2,0.45,Main/ENC_CS_LOCAL,
V0211,6958dcd7-4d56-5c3f-94d4-8b5b4c0939ea,34.55,30.9,34.55,-30.9,0.3,0.6,Main/GND,
V0212,18c373c5-2e47-51a7-9fb4-43abe243cba5,34.55,99.9,34.55,-99.9,0.2,0.45,Main/UART_RX,
V0213,478b8894-0672-5c84-8c50-0f7a4556935a,34.7,86.45,34.7,-86.45,0.2,0.45,Main/+3V3,
V0214,9f97a341-fe43-5fc9-bdec-26db5fd6682a,34.7,98.1,34.7,-98.1,0.2,0.45,Main/CS_DRV8316,
V0215,3e876e0b-644f-5799-85f2-d641b1d80a42,34.75,48.15,34.75,-48.15,0.2,0.45,Main/SPI_SCLK,
V0216,1ef650cd-463f-5834-971d-21c50d986aa5,34.75,88.4,34.75,-88.4,0.2,0.45,Main/CS_DRV8316,
V0217,e0234073-7bb8-59f3-9648-09559eee4b53,34.8,48.85,34.8,-48.85,0.3,0.6,Main/SOURCE_3A,
V0218,aaed219f-049b-506c-8247-6084f99ec11d,34.8,74.15,34.8,-74.15,0.2,0.45,Main/+3V3,
V0219,97ead195-a3be-594c-93d8-7dd4589b15c3,34.8657,89.4157,34.8657,-89.4157,0.2,0.45,Main/GND,
V0220,e2dcd79e-8a71-5e64-aa40-26a72c99289a,35.2,80.0,35.2,-80.0,0.2,0.45,Main/GND,
V0221,9d592d4d-cdc6-5060-93e3-fe9fd068145c,35.3,79.05,35.3,-79.05,0.2,0.45,Main/SPI_MISO,
V0222,3005869e-7930-5b76-98d2-e5621e80c61b,35.3,81.35,35.3,-81.35,0.2,0.45,Main/DRV_FAULT_N,
V0223,ffe0904e-c1bf-54e7-84c2-4031be2da0b9,35.35,96.4,35.35,-96.4,0.2,0.45,Main/+3V3,
V0224,ef5479e4-fff6-51b8-af54-7e90920c2b81,35.4265,98.1433,35.4265,-98.1433,0.2,0.45,Main/GND,
V0225,dfedf4c2-fa74-53bf-8da8-60240de70915,35.5,78.15,35.5,-78.15,0.2,0.45,Main/OPT_3V3,
V0226,7bad4cc8-e560-5989-96b9-222e1a46adde,35.5,83.45,35.5,-83.45,0.2,0.45,Main/GND,M_C77.2@F.Cu
V0227,937fdc1a-95cd-5031-8809-78a810dc8721,35.55,99.75,35.55,-99.75,0.2,0.45,Main/DRV_FAULT_N,
V0228,6caa2638-0928-526e-83b3-23260189256d,35.6,43.15,35.6,-43.15,0.2,0.45,Main/USB_IMON_BUF,
V0229,2f040225-6a2f-5ae0-83d2-1d3593e3c480,35.7,50.1,35.7,-50.1,0.2,0.45,Main/GND,
V0230,27378f31-b6b6-53da-956f-c5923d45301b,35.7,55.55,35.7,-55.55,0.2,0.45,Main/CS_MA735,
V0231,7cdc58d8-ed16-50b8-8f1e-cd43cea521ae,35.75,58.6,35.75,-58.6,0.2,0.45,Main/BTN_M_ISENSE,
V0232,496cbf54-0491-5d3b-8a97-22a8701a3983,35.75,87.9,35.75,-87.9,0.2,0.45,Main/CS_PAW,M_R72.2@F.Cu;M_TP16.1@B.Cu
V0233,cb7a1e35-fbd2-5440-9174-a878dde68fb5,35.75,90.05,35.75,-90.05,0.2,0.45,Main/+3V3,M_R72.1@F.Cu
V0234,b8ffd35c-3e7e-5873-9ab7-f695fe0cb4eb,35.85,41.35,35.85,-41.35,0.3,0.6,Main/+3V3,
V0235,b14dc009-0f07-5128-b5fc-a3690a1027c4,35.95,73.65,35.95,-73.65,0.2,0.45,Main/OPT_3V3,
V0236,ce69d48e-7dee-58e5-881a-09bde0c6086c,36.0,28.6,36.0,-28.6,0.2,0.45,Main/GND,
V0237,5a41ccce-22f5-5895-8747-540bcad56abf,36.1,91.35,36.1,-91.35,0.2,0.45,Main/+3V3,
V0238,8dd91585-1e68-5583-9ad3-7eb976af8b41,36.1,94.55,36.1,-94.55,0.2,0.45,Main/CS_IMU,
V0239,3c3d5004-b895-57a4-8ce4-0012d1940806,36.15,72.0,36.15,-72.0,0.2,0.45,Main/GND,M_U36.2@F.Cu
V0240,1b012b91-bc43-5675-aff9-fa61763efdf5,36.15,85.0,36.15,-85.0,0.2,0.45,Main/GND,
V0241,256071a2-ee5b-59dd-ac00-2b616898a18d,36.2,27.5,36.2,-27.5,0.2,0.45,Main/ENC_SCLK_LOCAL,M_J6.3@F.Cu
V0242,7c6f462b-4a0e-5393-a26e-c655e7d24219,36.3,93.0,36.3,-93.0,0.2,0.45,Main/GND,M_R48.2@F.Cu
V0243,f7da426d-b73c-5750-8b65-fffdf45ca10f,36.4,97.75,36.4,-97.75,0.2,0.45,Main/CS_MA735,
V0244,cc6bc58f-efdc-5eb2-84e6-4bbf8cbe4337,36.4,100.0,36.4,-100.0,0.2,0.45,Main/PAW_MOTION_N,
V0245,25deedb0-3efd-52d7-8531-3a354b76433a,36.55,58.6,36.55,-58.6,0.2,0.45,Main/GND,
V0246,9f4cb692-a08e-5950-ad62-dd1d763ce535,37.0,78.15,37.0,-78.15,0.2,0.45,Main/GND,
V0247,808fc838-e7e2-5ed1-8c07-60a617bc09fb,37.0,100.2,37.0,-100.2,0.2,0.45,Main/IMU_INT1,
V0248,64a6e47d-3ad8-5f45-bb72-37dbebbee4c1,37.0,108.5,37.0,-108.5,0.2,0.45,Main/HALL_EN,
V0249,6acb82b3-45d8-53df-8380-06ad5a899715,37.1,50.4,37.1,-50.4,0.3,0.6,Main/+3V3,
V0250,9b4afcb6-10e0-5988-afdf-bb96498e2ca4,37.1,73.849999,37.1,-73.849999,0.2,0.45,Main/SPI_MISO,
V0251,a7b60c8c-ecd4-5b1a-821f-fc29d7ef129b,37.2,93.45,37.2,-93.45,0.2,0.45,Main/ACT_REQ,
V0252,00e1bfbc-be4c-551d-9776-a806b90594bb,37.5,28.7,37.5,-28.7,0.2,0.45,Main/GND,
V0253,eb5c7032-553c-5986-bd6d-f93ca095a3c8,37.55,41.35,37.55,-41.35,0.3,0.6,Main/GND,
V0254,f104e2b8-5566-5baf-9482-3bcadafa01d7,37.55,78.9,37.55,-78.9,0.2,0.45,Main/OPT_3V3,
V0255,7a3b966f-ca14-51a6-b332-0af28011371c,37.55,88.7,37.55,-88.7,0.2,0.45,Main/BOOT,
V0256,9f84c820-2e65-5ba9-b52a-e007dc1d7cb4,37.6,47.0,37.6,-47.0,0.2,0.45,Main/GND,
V0257,ea0bb8a1-639c-5b7d-9d20-adef6d4d99c5,37.6,78.25,37.6,-78.25,0.2,0.45,Main/CS_MA735,
V0258,61f0e511-e9b7-5d82-bcd5-f5bfbc3bbcd4,37.7,59.6,37.7,-59.6,0.2,0.45,Main/CS_MA735,
V0259,ea1bd50d-cf0e-5d52-b593-cadc39e33b4d,37.9,90.9,37.9,-90.9,0.2,0.45,Main/OPT_CTRL,
V0260,a5754c9b-9d41-5b92-af16-22e7fa7dc1dd,37.95,63.4,37.95,-63.4,0.2,0.45,Main/OPT_3V3,
V0261,46b6edfc-78ab-55c0-a1db-2cfcd6767deb,38.0,101.95,38.0,-101.95,0.2,0.45,Main/CC_OUT2,
V0262,858037e8-f3f2-5132-a008-10f7aa430eaa,38.0343,85.3343,38.0343,-85.3343,0.2,0.45,Main/GND,
V0263,4acbc960-2376-5a22-a1b2-48461c6b9a3f,38.15,71.55,38.15,-71.55,0.2,0.45,Main/PAW_MOTION_N,
V0264,e51cd17f-9076-5fcd-91ab-a62cf5aaa150,38.15,75.4,38.15,-75.4,0.2,0.45,Main/ADC_CS,
V0265,bc88dbdd-2e4c-598a-962c-017ee1710064,38.2,68.8,38.2,-68.8,0.2,0.45,Main/GND,
V0266,ac2857dc-ae61-5cde-b174-96748979fc0f,38.3,37.25,38.3,-37.25,0.3,0.6,Main/HALL_EN,
V0267,633ba1bc-0747-59dc-be4c-73dd00982cab,38.3,60.8,38.3,-60.8,0.3,0.6,Main/ACT_5V,
V0268,339c1270-ade3-5bd9-98b5-14c53f76abcc,38.3,106.1,38.3,-106.1,0.3,0.6,Main/BTN_M_CMD2,
V0269,40be1b7c-84c4-5746-b477-e28c0aefd885,38.35,30.25,38.35,-30.25,0.2,0.45,Main/ENC_3V3,
V0270,bfab6e9f-8fb2-5d4e-879f-1922ec2511f3,38.35,33.4,38.35,-33.4,0.2,0.45,Main/ENC_CS_LOCAL,
V0271,4eb7d2cb-9ad3-509d-88db-1ed776db2a33,38.35,72.375,38.35,-72.375,0.2,0.45,Main/GND,
V0272,64cce8e9-ff77-556e-81f5-f6a52f9c4215,38.4,96.0,38.4,-96.0,0.3,0.6,Main/ACT_REQ,
V0273,d21d3499-e2c7-5817-81da-4f08c98e2c53,38.5,34.1,38.5,-34.1,0.3,0.6,Main/CC_OUT2,
V0274,edf67c9d-aab0-52f8-a8a2-e8f285e32725,38.55,100.75,38.55,-100.75,0.2,0.45,Main/PAW_MOTION_N,
V0275,7d8a98f9-13f8-5b3d-85b1-d6ce0e5567c6,38.55,103.05,38.55,-103.05,0.2,0.45,Main/UART_TX,
V0276,f0f884fe-219c-5d71-92f3-c8433b0689da,38.6,85.9,38.6,-85.9,0.2,0.45,Main/ADC_CS,M_R7.2@F.Cu
V0277,1e632a0e-f29f-55b4-88f8-4e742f38dc8d,38.65,97.3,38.65,-97.3,0.2,0.45,Main/+3V3,
V0278,54dadd18-d033-583d-bfc9-dfa905e40b7a,38.65,98.55,38.65,-98.55,0.2,0.45,Main/PAW_MOTION_N,M_TP26.1@B.Cu
V0279,bc71540c-f7b2-5b0e-a887-c1c3005a7936,38.7,101.95,38.7,-101.95,0.3,0.6,Main/ACT_PERMIT,
V0280,9db642d0-c05f-5794-8cc7-9b2ce2de48f3,38.95,39.55,38.95,-39.55,0.3,0.6,Main/GND,
V0281,5c791a2b-2f1b-59b4-a8ba-fccbcd917e5c,39.0,95.0,39.0,-95.0,0.2,0.45,Main/GND,M_TP15.1@B.Cu
V0282,55f0e472-58db-5338-9c0a-29cac16aeb7a,39.1,59.5,39.1,-59.5,0.2,0.45,Main/OPT_3V3,
V0283,2f2b3abf-6334-5726-82a0-70b80384b0c5,39.1,106.8,39.1,-106.8,0.3,0.6,Main/GND,
V0284,fd991f8d-3866-586d-8869-832a1aa52572,39.1,110.4,39.1,-110.4,0.3,0.6,Main/GND,
V0285,e2f9ffff-e340-5be9-b681-060e72c7a897,39.15,33.45,39.15,-33.45,0.3,0.6,Main/HALL_EN,
V0286,0a909112-c444-530a-aa3f-91202753e519,39.2,100.85,39.2,-100.85,0.2,0.45,Main/PAW_MOTION_N,
V0287,89a37794-b97d-52cf-ad1f-be0ff22c9965,39.25,46.3,39.25,-46.3,0.2,0.45,Main/ENC_3V3,
V0288,aa343a4e-10a1-57a4-b9fa-78420725641a,39.25,97.15,39.25,-97.15,0.2,0.45,Main/CS_ADC2,
V0289,46e28696-0a94-5454-9072-f488f48a9786,39.35,64.25,39.35,-64.25,0.2,0.45,Main/GND,
V0290,9c7b5503-7d99-5ac0-9f23-551778b43d94,39.35,90.05,39.35,-90.05,0.2,0.45,Main/UART_RX,
V0291,4654a6cd-2a86-5b19-9360-6ae95476275d,39.35,109.6,39.35,-109.6,0.2,0.45,Main/MCU_EN,
V0292,3f2c1cf5-507a-5b9d-9438-46173b4a196c,39.4,71.15,39.4,-71.15,0.2,0.45,Main/OPT_SCLK,
V0293,bb86732d-a8e1-549d-8bd3-8a880e30b0f5,39.5,60.0,39.5,-60.0,0.2,0.45,Main/GND,
V0294,118aaad9-4a22-5185-ac81-ae78070e0bd5,39.6,72.375,39.6,-72.375,0.2,0.45,Main/OPT_SCLK,M_R133.2@F.Cu
V0295,8dfd4141-2695-50a4-ab59-fdd998d06252,39.6,76.1,39.6,-76.1,0.2,0.45,Main/GND,
V0296,c98b5cde-a755-54f4-a713-08239371a3af,39.65,83.3,39.65,-83.3,0.2,0.45,Main/OPT_LED_P,
V0297,2f16d622-f19d-5393-89bb-4d489de1fa81,39.65,102.45,39.65,-102.45,0.2,0.45,Main/DRV_FAULT_N,M_U3.37@F.Cu
V0298,28c4c6e8-e3f0-5fe8-98f9-2c5d1ec4681a,39.799999,79.4,39.799999,-79.4,0.2,0.45,Main/OPT_3V3,
V0299,1c51e66f-b5f4-5d07-adf1-a2b6fdcbe811,39.9,67.85,39.9,-67.85,0.2,0.45,Main/DRV_FAULT_N,
V0300,eb4c9cc5-9a76-548b-b39a-7a0ec039e00f,40.0,30.25,40.0,-30.25,0.2,0.45,Main/ENC_CS_LOCAL,
V0301,acafa365-b4ce-53d2-be6c-0ce39f906966,40.0,32.55,40.0,-32.55,0.3,0.6,Main/GND,
V0302,aaab144f-8174-5643-872d-1ea89e2ec904,40.0,41.35,40.0,-41.35,0.3,0.6,Main/GND,
V0303,ee1ed2c5-5a5b-502a-aac7-d334be2fe856,40.0,95.6,40.0,-95.6,0.3,0.6,Main/GND,
V0304,5d8a187c-4a59-502f-9880-d5a0fd7d3d8f,40.15,76.4,40.15,-76.4,0.2,0.45,Main/OPT_MOSI,
V0305,9a2cbf6b-dc55-584b-97dc-a66380812f47,40.299999,29.134,40.299999,-29.134,0.2,0.45,Main/GND,
V0306,ca2908d2-de31-514b-9064-61b94c7545f1,40.35,55.0,40.35,-55.0,0.3,0.6,Main/+3V3,
V0307,9bcde9d3-3894-5961-a9f3-6e05fd22cb2f,40.4,36.4,40.4,-36.4,0.2,0.45,Main/USB_IMON_BUF,
V0308,1bb92219-1d24-5e43-8cc1-04d1d4b2d761,40.4,66.1,40.4,-66.1,0.2,0.45,Main/OPT_CS_N,
V0309,0ec0c636-503f-5010-af81-d699f4d8f569,40.549999,58.65,40.549999,-58.65,0.2,0.45,Main/SPI_MOSI,
V0310,4bda8891-5f88-56a6-a9aa-ba4fd2488cf1,40.6375,62.7,40.6375,-62.7,0.2,0.45,Main/CS_PAW,
V0311,83cdf631-f3da-5e1a-a62c-6de5666dfe05,40.7,76.0,40.7,-76.0,0.2,0.45,Main/OPT_MISO,
V0312,57d6d03b-b9ee-5e71-8623-58f8ca9a4925,40.7,77.6,40.7,-77.6,0.2,0.45,Main/OPT_MISO,
V0313,2190253d-202e-5f20-99a3-2fe68eb83327,40.75,90.5,40.75,-90.5,0.2,0.45,Main/CS_MA735,
V0314,96ecf4d6-c3e5-5d85-9e08-ffb82bab5778,40.75,92.5,40.75,-92.5,0.2,0.45,Main/IMU_INT1,
V0315,3ca08c8b-f233-56e6-b548-c427c8cae5a8,40.8,30.0,40.8,-30.0,0.2,0.45,Main/ENC_CS_LOCAL,M_R99.2@F.Cu
V0316,571f7704-cb5f-5802-9161-d5a9a5e142cb,40.8,99.35,40.8,-99.35,0.2,0.45,Main/PAW_MOTION_N,
V0317,6fd5014b-3085-5152-8bc9-f87f9cdf4e20,40.8,100.35,40.8,-100.35,0.2,0.45,Main/IMU_INT1,
V0318,90b789b5-fcfe-5def-923c-02cf721e7cf7,40.8,107.3,40.8,-107.3,0.3,0.6,Main/GND,
V0319,06cbb4a6-65c6-5158-b473-b78111c401df,41.0,95.5,41.0,-95.5,0.2,0.45,Main/CS_IMU,
V0320,9d841fc9-616a-5126-b933-df89ab1584c7,41.0,109.6,41.0,-109.6,0.3,0.6,Main/GND,
V0321,4e3cfaa9-315a-5958-9f40-f5569576cdd5,41.05,104.45,41.05,-104.45,0.2,0.45,Main/BOOT,
V0322,4461e50f-8be5-56b4-8409-0709ecf4ba95,41.1,79.15,41.1,-79.15,0.2,0.45,Main/OPT_CS_N,
V0323,d2eb2113-eb9b-5bb2-bf44-b5dc60b891d5,41.1,79.95,41.1,-79.95,0.2,0.45,Main/GND,
V0324,8037dedb-51e1-5b22-8b60-ea6365a04028,41.15,68.8,41.15,-68.8,0.2,0.45,Main/CS_DRV8316,
V0325,3976de06-4a95-565b-aef2-5d7c80c6d952,41.2,36.4,41.2,-36.4,0.2,0.45,Main/GND,
V0326,68152796-c6ad-5598-bfd6-05929f76c733,41.25,96.85,41.25,-96.85,0.2,0.45,Main/WHEEL_PWM_C,M_U3.30@F.Cu
V0327,ed818b4d-ff5d-56fc-8453-c8ad8ec16007,41.4,94.85,41.4,-94.85,0.2,0.45,Main/IMU_INT1,
V0328,49df6c94-327b-5246-8e10-c2b183cea5e5,41.55,99.6,41.55,-99.6,0.2,0.45,Main/IMU_INT1,
V0329,6e3a4bb2-56d0-5b44-a4e8-5f7a59a60e1e,41.6,107.4,41.6,-107.4,0.3,0.6,Main/BTN_L_CMD1,
V0330,e667b2e4-2ac1-56a3-bfe1-634e4565f2b2,41.6375,61.65,41.6375,-61.65,0.2,0.45,Main/OPT_3V3,M_U39.5@F.Cu
V0331,224a01d7-db50-5e97-8011-57089fba8a6b,41.65,66.1,41.65,-66.1,0.2,0.45,Main/SPI_MISO,
V0332,f9567947-d605-5128-9d54-949672b5f2fa,41.7,103.1,41.7,-103.1,0.2,0.45,Main/WHEEL_PWM_A,
V0333,ae571e95-237d-50dd-97a7-ac2bc684464d,41.8,9.95,41.8,-9.95,0.3,0.6,Main/GND,
V0334,9ffb733e-f5b3-5573-8ce9-6e3b3647a592,41.8,14.13,41.8,-14.13,0.3,0.6,Main/GND,
V0335,da394920-1842-5741-9094-768996419f7e,41.9,94.5,41.9,-94.5,0.2,0.45,Main/MOTOR_SPI_MOSI,
V0336,50e09228-df1e-5bce-ba8d-78a251b07ca0,41.9,109.6,41.9,-109.6,0.3,0.6,Main/GND,
V0337,a3248730-9e17-5b1c-9ab3-c53590a9d2a5,41.95,96.7,41.95,-96.7,0.2,0.45,Main/MOTOR_SPI_SCLK,M_U3.29@F.Cu
V0338,62003dba-0eb9-5a1a-998e-c13cbf50d524,41.95,98.3,41.95,-98.3,0.2,0.45,Main/MOTOR_SPI_SCLK,
V0339,6e70a6b3-f863-58b8-900a-2ab0e484e467,42.1,31.0,42.1,-31.0,0.3,0.6,Main/CC_OUT2,
V0340,38ed5c8b-b98d-5a82-83bd-c04a49f1135b,42.1,99.85,42.1,-99.85,0.2,0.45,Main/IMU_INT1,
V0341,b1a53212-edc6-5ee0-95f5-e97af44c05ab,42.15,69.95,42.15,-69.95,0.2,0.45,Main/PAW_MOTION_N,
V0342,fe86a3cd-ec84-50c2-89ca-c7fc1daf8f6e,42.2,67.0,42.2,-67.0,0.2,0.45,Main/OPT_SCLK,
V0343,1ae280c5-31bf-58da-a23d-b2241bc92123,42.25,65.2651,42.25,-65.2651,0.2,0.45,Main/GND,
V0344,222fc9d0-1e6f-5fa4-8403-b79ae7677b1a,42.35,92.0,42.35,-92.0,0.3,0.6,Main/GND,
V0345,243bd4f6-a184-56bf-a665-9092b709c988,42.5,93.85,42.5,-93.85,0.2,0.45,Main/CS_DRV8316,
V0346,c64c620e-a8a7-5af9-8c0d-4bc36f03f464,42.7,63.2,42.7,-63.2,0.2,0.45,Main/SPI_SCLK,
V0347,a5027100-fc2b-5a91-b1e1-8cb7d94133d8,42.8,104.8,42.8,-104.8,0.3,0.6,Main/BTN_M_CMD2,
V0348,d1682f90-674f-5273-ad38-bd63145bf41b,42.8,109.6,42.8,-109.6,0.3,0.6,Main/GND,
V0349,366922e8-ed08-5b8b-a8ad-63131857f154,42.9,68.65,42.9,-68.65,0.2,0.45,Main/DRV_FAULT_N,
V0350,15c301c6-f3a3-577d-8304-71f83a106ef1,43.45,31.5,43.45,-31.5,0.3,0.6,Main/VBUS_USB,
V0351,a29211cf-ac8a-50df-a568-1a032bb3289a,43.45,58.65,43.45,-58.65,0.2,0.45,Main/OPT_CTRL,
V0352,80c90516-5c67-549b-8e0e-0040f48eed5b,43.5,32.3,43.5,-32.3,0.2,0.45,Main/CC_OUT1,
V0353,2dc24f22-d162-587a-b79a-dfaf28222648,43.5,63.1,43.5,-63.1,0.2,0.45,Main/SPI_MOSI,
V0354,4f22ecdf-1e20-5f32-9b70-dc9ad85ee542,43.5,66.4,43.5,-66.4,0.2,0.45,Main/ADC_CS,
V0355,a2db6ae9-39d4-5e2e-8a9b-e4a2b0b9fa6e,43.6,100.35,43.6,-100.35,0.2,0.45,Main/DRV_FAULT_N,
V0356,991b5ce4-9adb-560b-8193-41c02ed9c22e,43.6,109.6,43.6,-109.6,0.3,0.6,Main/GND,
V0357,acad96ad-6eda-5ed9-b7b9-ff60fb374501,43.65,70.05,43.65,-70.05,0.2,0.45,Main/OPT_MISO,
V0358,09093b79-e0cc-51d2-a03b-dc1e8e7e3029,43.75,16.3,43.75,-16.3,0.3,0.6,Main/GND,
V0359,ef8b5ff3-cc13-50ef-bbda-f8ff7f31a5bf,43.8,60.3,43.8,-60.3,0.2,0.45,Main/HALL_L,
V0360,9119b247-3cba-56b0-b09b-99e1d582829e,43.8,95.55,43.8,-95.55,0.3,0.6,Main/+3V3,
V0361,a7f98c1c-4b8b-5a03-92fb-f0f08e812446,43.85,66.9,43.85,-66.9,0.2,0.45,Main/CS_PAW,
V0362,855dd888-d1a6-5ca8-9139-2a24a618190c,43.85,103.35,43.85,-103.35,0.2,0.45,Main/SPI_MOSI,
V0363,ad74b1f0-ef0f-57a8-b442-aa29de0acd4f,43.85,104.3,43.85,-104.3,0.2,0.45,Main/BOOT,
V0364,533e8724-a18f-544b-b4ce-618aee450aa6,44.0,92.5,44.0,-92.5,0.2,0.45,Main/OPT_CTRL,
V0365,8311311c-c135-51f2-8fe2-47281fc038ce,44.0365,98.5495,44.0365,-98.5495,0.2,0.45,Main/GND,
V0366,d13b7944-6865-5f3e-b8f3-540407f4069c,44.05,91.1,44.05,-91.1,0.2,0.45,Main/GND,
V0367,e66031a3-f698-5da8-bd2d-f2e6b9904498,44.35,103.95,44.35,-103.95,0.2,0.45,Main/MOTOR_SPI_SCLK,
V0368,ff434f0c-6e2d-5e06-bb5d-71a4bcc7bd36,44.4,109.6,44.4,-109.6,0.3,0.6,Main/GND,
V0369,c7f3ec36-9c84-5ef8-938a-a7171599f692,44.45,96.45,44.45,-96.45,0.2,0.45,Main/OPT_CTRL,M_U3.26@F.Cu
V0370,703ea765-a11a-542d-bfbb-15d71387a26f,44.55,16.7,44.55,-16.7,0.3,0.6,Main/VBUS_USB,
V0371,d59506f3-8ac6-5dc8-b120-d25aab2af250,44.55,17.5,44.55,-17.5,0.3,0.6,Main/VBUS_USB,
V0372,64e3a5fd-7c56-5817-9be3-c1d59dece249,44.6,62.65,44.6,-62.65,0.2,0.45,Main/SPI_MOSI,M_U37.2@F.Cu
V0373,aafcd074-8976-5c6c-9b2e-caddc4d80fe5,44.65,63.4,44.65,-63.4,0.2,0.45,Main/OPT_MOSI,M_U37.3@F.Cu
V0374,f7b22cf3-62c4-5b8c-90e9-d2494cc6a1a8,44.65,66.55,44.65,-66.55,0.2,0.45,Main/GND,
V0375,c33f5cc0-400b-540b-9721-dc1040c420fb,44.75,69.95,44.75,-69.95,0.2,0.45,Main/OPT_3V3,
V0376,2e88ef54-2b17-511d-b155-e88055eb2e25,44.8,95.7,44.8,-95.7,0.2,0.45,Main/CS_IMU,
V0377,ad45a484-dd50-5981-9b5e-748333eebd6c,44.95,98.15,44.95,-98.15,0.2,0.45,Main/ACT_HEARTBEAT,
V0378,6bb2bc6b-1300-558d-a35e-adcfc99623b9,45.175,92.2,45.175,-92.2,0.2,0.45,Main/WHEEL_RUN_REQ,M_R77.1@F.Cu
V0379,2d11a5d5-845b-57f9-9bbe-bb317e590b9f,45.2,62.7,45.2,-62.7,0.2,0.45,Main/SPI_MOSI,M_U37.2@F.Cu
V0380,78a00334-166d-5790-abd5-ad50f6eaa08c,45.2,64.0,45.2,-64.0,0.2,0.45,Main/CS_PAW,M_U37.4@F.Cu
V0381,0b3263ad-7a63-58d6-9fb4-f8b89536b516,45.3,109.6,45.3,-109.6,0.3,0.6,Main/GND,
V0382,89750f9a-a981-5019-90f4-923240c95d57,45.35,17.0,45.35,-17.0,0.2,0.45,Main/USB_CC2,
V0383,80ad4494-8956-51e1-b95d-4492039b91d4,45.35,100.3,45.35,-100.3,0.3,0.6,Main/GND,
V0384,14ff5ed8-cd57-596a-b6fa-28986e6654b6,45.45,59.4,45.45,-59.4,0.2,0.45,Main/GND,
V0385,edd547cd-43e9-5921-bb46-d76ea913e486,45.7,64.4,45.7,-64.4,0.2,0.45,Main/SPI_SCLK,
V0386,ecf58384-5b76-5d84-8959-ff39b2dfdba3,45.8,106.6,45.8,-106.6,0.3,0.6,Main/BTN_M_CMD2,
V0387,1d2cbd8c-8c55-527b-bbec-2c44bef620c0,45.8655,104.825,45.8655,-104.825,0.2,0.45,Main/GND,M_U3.61@F.Cu
V0388,8d2cdc94-1e9a-58e6-8773-770d7d1c9aae,45.9,70.05,45.9,-70.05,0.2,0.45,Main/GND,
V0389,a65fc14f-2e58-5355-bb74-16a07a27f2a3,46.15,99.7,46.15,-99.7,0.2,0.45,Main/WHEEL_PWM_A,
V0390,bf056453-717f-5a94-9b7d-c6e8712bd22c,46.2,109.6,46.2,-109.6,0.3,0.6,Main/GND,
V0391,19815625-a86a-509d-9582-b5320ed612c1,46.3,67.1,46.3,-67.1,0.2,0.45,Main/SPI_MISO,
V0392,97333489-2426-52d4-861f-7f8f42d1030b,46.6,88.2,46.6,-88.2,0.2,0.45,Main/OPT_1V9,
V0393,427d0897-719b-5a32-b8e1-bf4fc6a2e398,46.75,61.45,46.75,-61.45,0.2,0.45,Main/HALL_M,
V0394,c7d9d935-f79b-5052-9af3-b727fd9a793e,47.0,31.575,47.0,-31.575,0.2,0.45,Main/GND,M_U1.3@F.Cu
V0395,4c84be77-5dcc-5a7b-ab06-739551c06d9b,47.0,109.6,47.0,-109.6,0.3,0.6,Main/GND,
V0396,116c7516-273b-5f45-b2b8-ec5fb8cc83e9,47.15,62.3,47.15,-62.3,0.2,0.45,Main/OPT_CTRL,
V0397,c4d1dcce-ab20-5b9d-81e6-60642dbd12a9,47.15,69.05,47.15,-69.05,0.2,0.45,Main/CS_DRV8316,
V0398,76015e80-7d01-50ea-ae3b-f5f927c29bfc,47.15,93.9,47.15,-93.9,0.2,0.45,Main/OPT_CTRL,
V0399,4db89a4a-b565-5e12-a775-5392c486c450,47.3882,70.0563,47.3882,-70.0563,0.2,0.45,Main/GND,
V0400,013f2022-9e0f-51e0-a340-220f26d3a7b1,47.4495,63.4135,47.4495,-63.4135,0.2,0.45,Main/GND,
V0401,125647c2-24fe-5890-ac55-cf5377474c6e,47.7,89.6,47.7,-89.6,0.2,0.45,Main/SPI_MISO,
V0402,5af03401-b101-5381-8547-3466925a1dc3,47.8,109.6,47.8,-109.6,0.3,0.6,Main/GND,
V0403,6bb48ca2-1b1c-5571-9729-8d2def9aa49a,48.1,67.4,48.1,-67.4,0.2,0.45,Main/SPI_SCLK,
V0404,a704e788-c37d-58d3-9d69-cf6b562558bd,48.2,68.6,48.2,-68.6,0.2,0.45,Main/DRV_FAULT_N,
V0405,1bbe714e-a64e-5154-8481-ce8e4990d0c2,48.5,95.65,48.5,-95.65,0.2,0.45,Main/SENS_REQ,
V0406,ab8279f1-c439-5d1c-bf73-5de956d4c717,48.5322,63.5822,48.5322,-63.5822,0.2,0.45,Main/GND,
V0407,9ce61336-74ac-59ad-9c46-5b7a811fd362,48.7,96.75,48.7,-96.75,0.2,0.45,Main/ACT_HEARTBEAT,M_U3.21@F.Cu
V0408,4e7d29cb-bfcc-5ea5-9937-836f89d537d7,48.7,109.6,48.7,-109.6,0.3,0.6,Main/GND,
V0409,f0af4749-e10c-5586-9ede-8987db7427c2,48.75,31.7,48.75,-31.7,0.2,0.45,Main/GND,
V0410,20ef4829-678e-5382-8215-55ba0f280bc5,48.75,89.975,48.75,-89.975,0.2,0.45,Main/GND,M_C72.2@F.Cu
V0411,6d1e9b08-eb56-50ea-b5b8-3d921d2ca8cf,48.75,97.75,48.75,-97.75,0.2,0.45,Main/CC_OUT2,
V0412,415236bb-c27f-5b02-8ba7-6408853dfe7c,48.85,59.35,48.85,-59.35,0.2,0.45,Main/HALL_L,
V0413,f645b1ec-a5e8-59ff-b6da-3c90d29e1eff,48.85,65.35,48.85,-65.35,0.2,0.45,Main/SPI_MISO,
V0414,eb80153a-26f8-5789-94e2-43057dc97588,49.0,67.7,49.0,-67.7,0.2,0.45,Main/DRV_FAULT_N,
V0415,40e6662a-148c-5806-9e4f-9eb6cdf5ba37,49.15,64.8,49.15,-64.8,0.2,0.45,Main/ADC_CS,
V0416,850c36ce-6690-5452-90bc-31a2769e32e2,49.15,93.75,49.15,-93.75,0.2,0.45,Main/OPT_CTRL,
V0417,0b4599d4-7ed8-5c45-9231-89411a8fb5e6,49.25,62.4,49.25,-62.4,0.2,0.45,Main/GND,
V0418,b17e166f-1398-55fe-898a-94fe124f0e40,49.35,69.9,49.35,-69.9,0.2,0.45,Main/CS_DRV8316,
V0419,f1aaae7f-00a4-5b0a-b1ff-9dc5a98e243a,49.45,16.7,49.45,-16.7,0.3,0.6,Main/VBUS_USB,
V0420,077bf8bb-bdd5-553d-8e98-afb9dfd98300,49.45,17.5,49.45,-17.5,0.3,0.6,Main/VBUS_USB,
V0421,879ecc69-c1e4-54bf-b40d-8268f8f63da8,49.45,96.6,49.45,-96.6,0.2,0.45,Main/ACT_REQ,M_U3.20@F.Cu
V0422,24a2258e-78fb-523b-9259-ebbf4b26804d,49.5,109.6,49.5,-109.6,0.3,0.6,Main/GND,
V0423,15ea9c83-1816-51d6-8e68-bd8891a01cbe,49.55,90.8,49.55,-90.8,0.3,0.6,Main/+3V3,
V0424,162866f4-1500-52c3-835c-be308f31c879,49.65,68.35,49.65,-68.35,0.2,0.45,Main/CS_MA735,
V0425,8cc45cad-77ad-5ef7-9cca-bcf8e07613ff,49.65,91.75,49.65,-91.75,0.2,0.45,Main/IMU_INT1,
V0426,e1127236-063a-5d31-8840-15cb1c52e10f,49.9,101.45,49.9,-101.45,0.2,0.45,Main/SPI_MOSI,
V0427,dcfe4c2c-9801-5274-a1bd-1eaa8fc88607,50.0,31.7,50.0,-31.7,0.2,0.45,Main/RGB_DIN,
V0428,8838cde3-4ac4-5979-b34f-0abbefd95bef,50.0,92.375,50.0,-92.375,0.2,0.45,Main/GND,
V0429,8996b123-e425-5c6d-9f40-ae3e85820438,50.0,94.85,50.0,-94.85,0.2,0.45,Main/RGB_DATA,M_R78.1@F.Cu
V0430,29ed6481-69cc-5486-adad-426b8b82c8f6,50.0,104.6,50.0,-104.6,0.3,0.6,Main/BTN_M_CMD2,
V0431,e2ea0920-5a19-5400-941e-eab587f8a64e,50.05,59.35,50.05,-59.35,0.2,0.45,Main/HALL_M,
V0432,c33afddb-4958-5d9b-962b-5599699eb14b,50.05,103.0,50.05,-103.0,0.2,0.45,Main/CS_PAW,
V0433,8ca5649c-d450-57b9-8cc3-3ab63d3902dc,50.15,66.65,50.15,-66.65,0.2,0.45,Main/OPT_3V3,
V0434,804c7f15-66ca-55d3-b408-568244d51488,50.15,69.9,50.15,-69.9,0.2,0.45,Main/GND,
V0435,a8ee3660-5b75-5f15-80de-f87cc3e6d1a7,50.2,106.25,50.2,-106.25,0.2,0.45,Main/MOTOR_SPI_SCLK,
V0436,e155f71f-d41d-517c-bd39-ddc6c00b4d10,50.25,16.3,50.25,-16.3,0.3,0.6,Main/GND,
V0437,aeb6248c-abdf-534d-bd89-5c5f6d304c8d,50.3,65.35,50.3,-65.35,0.2,0.45,Main/OPT_MISO,M_U37.9@F.Cu
V0438,413ba23e-6b08-56ba-8407-cbe545ba4730,50.35,64.65,50.35,-64.65,0.2,0.45,Main/CS_PAW,M_U37.10@F.Cu
V0439,4038b836-8189-551d-ad4a-9615f6665a26,50.4,109.6,50.4,-109.6,0.3,0.6,Main/GND,
V0440,53302ec5-b2dd-5037-b66d-ed908ffca116,50.45,58.6572,50.45,-58.6572,0.2,0.45,Main/GND,
V0441,d1f30af5-8aa4-5a6d-99c7-9bf6d8b53204,50.6,102.6,50.6,-102.6,0.3,0.6,Main/BTN_L_CMD2,
V0442,f6f4f4ad-9f36-5a50-b7f9-d33af172ec3f,50.6,106.9428,50.6,-106.9428,0.2,0.45,Main/GND,
V0443,016343d3-ffb0-50c8-ab80-3437961479b0,50.8,92.1625,50.8,-92.1625,0.2,0.45,Main/+3V3,
V0444,bc2b4c23-4285-5d41-a2ef-38f08380fa7c,50.85,101.5,50.85,-101.5,0.2,0.45,Main/CS_PAW,
V0445,309a0a2e-74c2-53fe-9c1e-96c4c96de3a8,50.95,67.85,50.95,-67.85,0.2,0.45,Main/ACT_5V,
V0446,f7e22724-45b9-54e8-bcaf-8398c87259de,51.05,96.85,51.05,-96.85,0.2,0.45,Main/CC_OUT1,M_U3.18@F.Cu
V0447,286dfae3-b466-56bf-846a-3713737934c0,51.1,90.75,51.1,-90.75,0.2,0.45,Main/SPI_SCLK,
V0448,aaac75af-46e9-58d5-873f-422ae638832e,51.199999,109.6,51.199999,-109.6,0.3,0.6,Main/GND,
V0449,af66e183-87c8-5065-bd5b-4ea3c5f181bb,51.2,99.0,51.2,-99.0,0.2,0.45,Main/WHEEL_PWM_A,M_TP29.1@B.Cu
V0450,ff9d71ab-30cb-5bf6-8daa-13f6c3479ad0,51.3,31.7,51.3,-31.7,0.2,0.45,Main/GND,
V0451,39c3720c-bd6f-5e09-aef1-5f268b1f9eb4,51.35,92.8,51.35,-92.8,0.2,0.45,Main/GND,
V0452,611e9433-a36e-542c-b883-b608eaa85ce2,51.65,101.5,51.65,-101.5,0.2,0.45,Main/GND,
V0453,f72e0b84-9a2e-5b2f-8d31-cbba15ea2a2a,51.7,89.0375,51.7,-89.0375,0.2,0.45,Main/SPI_SCLK,
V0454,052f0cc7-99fb-5d65-9c0c-868c0fe66952,51.7,90.95,51.7,-90.95,0.2,0.45,Main/CS_IMU,
V0455,c5713b03-1f60-5307-a285-499bcfcb612e,51.85,97.4,51.85,-97.4,0.2,0.45,Main/WHEEL_PWM_B,
V0456,18a65f67-3992-5897-9dc0-4b99d4a8ab6d,52.0,64.2,52.0,-64.2,0.2,0.45,Main/OPT_CTRL,
V0457,155a5ca5-cedf-5ebd-b0f2-6e3c3462aa3d,52.0,103.4,52.0,-103.4,0.3,0.6,Main/BTN_L_CMD1,
V0458,20cb53f9-3b50-5f0e-a658-2a5163db37ed,52.1,109.6,52.1,-109.6,0.3,0.6,Main/GND,
V0459,ebe12dcc-372e-5bd9-a519-e5abe1dce10b,52.1343,87.2157,52.1343,-87.2157,0.2,0.45,Main/GND,
V0460,3e55ef59-e1c4-5893-88a0-d1704fd67b5f,52.15,93.85,52.15,-93.85,0.2,0.45,Main/GND,
V0461,df81d3f6-9d6c-5799-bd56-3130922d2d6f,52.2,9.95,52.2,-9.95,0.3,0.6,Main/GND,
V0462,20c28516-f2f5-51cf-9d11-a708a7d5a9a1,52.2,14.13,52.2,-14.13,0.3,0.6,Main/GND,
V0463,a87cadc1-979e-5b10-9cc1-7ec4d71bd0c3,52.4,100.8,52.4,-100.8,0.2,0.45,Main/ACT_HEARTBEAT,
V0464,9d54f6bf-a0f7-5efb-8a08-39440ceebed8,52.55,104.7,52.55,-104.7,0.2,0.45,Main/CS_PAW,
V0465,37e83972-5898-5472-a082-735dd0e5f3ad,52.6,67.35,52.6,-67.35,0.2,0.45,Main/GND,
V0466,12eeeb01-6725-5729-aed6-89236d8a3c2a,52.7,86.65,52.7,-86.65,0.2,0.45,Main/ADC_CS,
V0467,608a5e48-8dd9-5ace-89d3-c942c318ac88,52.75,91.6,52.75,-91.6,0.2,0.45,Main/+3V3,M_U32.8@F.Cu
V0468,eaa9c3c2-7bc4-5f48-8c83-74a288ea0b66,52.85,31.65,52.85,-31.65,0.2,0.45,Main/RGB_DIN,
V0469,7b672eb8-5b67-5f88-b6f9-837e8bae623a,52.85,108.4,52.85,-108.4,0.2,0.45,Main/BOOT_SAFE_SPARE,
V0470,2654f0af-f804-50d6-9fac-ba8e2712e2f5,52.9,109.6,52.9,-109.6,0.3,0.6,Main/GND,
V0471,c86d10fa-5038-567a-bd40-06e0792164fc,52.95,95.65,52.95,-95.65,0.2,0.45,Main/WHEEL_PWM_C,
V0472,69ea2d7c-d747-5bca-b047-2bc97c5ee7c1,52.95,105.3928,52.95,-105.3928,0.2,0.45,Main/GND,
V0473,5bc62771-5897-5e05-bb6c-a322c3743cfe,53.1,98.8,53.1,-98.8,0.2,0.45,Main/RGB_DATA,
V0474,71c17674-a84a-52fb-9855-31a00c24240f,53.1,100.9,53.1,-100.9,0.3,0.6,Main/BTN_M_CMD2,
V0475,76c14efc-ddbb-5258-a154-97aa2779f666,53.1,102.6,53.1,-102.6,0.3,0.6,Main/BTN_L_CMD2,
V0476,c21ed181-e3b9-5838-9edc-dda898cb175e,53.1,103.4,53.1,-103.4,0.3,0.6,Main/BTN_L_CMD1,
V0477,2482c68f-5645-5ba5-98b7-2d105c700e5b,53.15,96.45,53.15,-96.45,0.2,0.45,Main/SPI_SCLK,M_U3.16@F.Cu
V0478,17b1739d-d043-51d3-ba90-00bf5bbc29cc,53.15,97.55,53.15,-97.55,0.2,0.45,Main/WHEEL_PWM_A,
V0479,d5ab7c28-98cf-5cc9-b6b7-cb0cdf0434fa,53.199999,109.0,53.199999,-109.0,0.3,0.6,Main/GND,
V0480,96cdc11a-3b7f-5cb3-9046-b7c6eb1c6f43,53.2,98.2,53.2,-98.2,0.2,0.45,Main/ACT_DRIVE_EN,
V0481,879276a4-086a-512e-aea4-a56fa9d455d7,53.2,99.4,53.2,-99.4,0.2,0.45,Main/MOTOR_SPI_MISO,
V0482,e742d260-3f06-592b-8750-054873dd57dd,53.2,107.8,53.2,-107.8,0.2,0.45,Main/BOOT,
V0483,e89eb77b-6735-5bfe-90a2-4c7ffcdcfa05,53.3,66.0,53.3,-66.0,0.2,0.45,Main/SPI_MISO,
V0484,71d022af-6855-53a7-97b8-2efbb86b5dc7,53.3,67.5,53.3,-67.5,0.2,0.45,Main/+3V3,
V0485,7379f304-6052-58f7-81ce-b127ce6f50bd,53.35,90.25,53.35,-90.25,0.2,0.45,Main/MOTOR_SPI_MOSI,
V0486,7a1d58d4-469c-5e88-9c51-a2037fb0fd06,53.35,92.05,53.35,-92.05,0.2,0.45,Main/ADC_CS,
V0487,12b7ebf4-572f-5db0-88b4-e246a7d37b1e,53.35,104.1,53.35,-104.1,0.2,0.45,Main/WHEEL_RUN_REQ,
V0488,53ab6bbc-68bf-59f0-aff3-f84b2432f7c6,53.4,62.7,53.4,-62.7,0.3,0.6,Main/+3V3,
V0489,54e0b422-50ea-5db0-bb06-7bdf95c63149,53.5,31.7,53.5,-31.7,0.2,0.45,Main/RGB_5V,
V0490,9b2a6064-bc1a-5896-8c38-1bfcc480ce3f,53.5,101.95,53.5,-101.95,0.2,0.45,Main/BTN_M_CMD1,
V0491,9ba4b2fa-93c9-5579-a656-0c40a5acee46,53.6,53.775,53.6,-53.775,0.2,0.45,Main/+3V3,M_C19.1@F.Cu
V0492,d37ff9a2-cee6-56c5-b464-321586576e6a,53.6,54.35,53.6,-54.35,0.2,0.45,Main/+3V3,
V0493,34a27fef-0d75-58bf-82fd-3e5459e195f4,53.6,56.95,53.6,-56.95,0.2,0.45,Main/BTN_M_ISENSE,
V0494,7d840f11-e769-5b34-af32-ac65707fc8df,53.7,87.9,53.7,-87.9,0.2,0.45,Main/CS_ADC2,
V0495,eb6543ca-09da-57fb-a726-1aacefcddc27,53.75,64.8,53.75,-64.8,0.2,0.45,Main/ACT_5V,
V0496,e2d752a9-d6a5-55ca-bb4f-00a1c702eedc,53.75,91.5,53.75,-91.5,0.2,0.45,Main/+3V3,M_C70.1@F.Cu
V0497,12da0015-e215-5d54-a000-d57360f69956,53.95,30.5,53.95,-30.5,0.2,0.45,Main/RGB_DIN,
V0498,3a67dac8-2d18-5be3-a9f7-9847a7e237a9,54.0,35.65,54.0,-35.65,0.2,0.45,Main/GND,M_R130.2@F.Cu
V0499,50a57a16-16dd-5333-9c25-82e0693a246c,54.0,37.3,54.0,-37.3,0.2,0.45,Main/RGB_5V,M_R130.1@F.Cu
V0500,8a154359-0a4f-502c-bab5-c5bfa3b5bb69,54.0,51.35,54.0,-51.35,0.2,0.45,Main/GND,
V0501,3d5ad82c-8d97-5752-8f67-14476e666958,54.0,92.525,54.0,-92.525,0.2,0.45,Main/GND,
V0502,489dd6a4-d72a-5319-b3ae-4608006cb076,54.0,97.5,54.0,-97.5,0.2,0.45,Main/SPI_MOSI,M_U3.15@F.Cu
V0503,38129015-a970-5d91-8f10-0d8b6e3d5939,54.0,100.05,54.0,-100.05,0.2,0.45,Main/BTN_R_CMD1,M_U3.12@F.Cu
V0504,24a8d082-f93d-5f2b-bca6-01b594ed9330,54.05,24.35,54.05,-24.35,0.2,0.45,Main/RGB_5V,M_U33.5@F.Cu
V0505,0d33b894-eb0e-58d0-83b7-d9a38571cfaf,54.05,29.0,54.05,-29.0,0.2,0.45,Main/PWR_5V,M_C73.1@F.Cu
V0506,970b17e8-2545-54b3-940c-c713c0b8795b,54.1,56.45,54.1,-56.45,0.2,0.45,Main/HALL_M,
V0507,bc891858-ba57-59f9-b8a9-7d850ff12c26,54.25,62.7,54.25,-62.7,0.2,0.45,Main/GND,
V0508,aaeec6ab-62c0-5c23-b3fa-0be16b9d3eda,54.3,81.6,54.3,-81.6,0.2,0.45,Main/OPT_VDDPIX,
V0509,27f1cc87-7889-5ca1-b38f-d363905bb245,54.3,95.2,54.3,-95.2,0.2,0.45,Main/BOOT_SAFE_SPARE,M_R80.1@F.Cu
V0510,2d8fcc40-2763-54ab-932a-c9b32f61bba3,54.4,68.7,54.4,-68.7,0.3,0.6,Main/ACT_5V,
V0511,3b1698f0-df6d-5a44-94d8-3fe0a6ea5b03,54.6,55.5,54.6,-55.5,0.2,0.45,Main/+3V3,
V0512,1c901a69-01f2-5058-9049-d1eee969ffda,54.6,67.35,54.6,-67.35,0.2,0.45,Main/MOTOR_SPI_MISO,
V0513,d745b0b4-5cac-560b-aded-2b47fc06ce1f,54.6,89.1,54.6,-89.1,0.2,0.45,Main/WHEEL_PWM_A,
V0514,2a9a9edb-a291-5a4c-8b97-6ef88a9c962c,54.65,74.616,54.65,-74.616,0.2,0.45,Main/GND,
V0515,2920f47f-2a4f-5d4a-b910-de60c77a705b,54.65,78.95,54.65,-78.95,0.2,0.45,Main/GND,
V0516,ce70e26c-c95c-553f-893e-9a114747e750,54.7,51.45,54.7,-51.45,0.2,0.45,Main/USB_IMON_ADC,
V0517,6028d34f-7b08-5c1c-9d5b-7072add55983,54.75,31.7,54.75,-31.7,0.2,0.45,Main/GND,M_R129.2@F.Cu
V0518,276c24da-1742-514a-bf19-ebbb500a49ee,54.8,27.8,54.8,-27.8,0.3,0.6,Main/HALL_EN,
V0519,d5230a74-0a4e-53f0-a07d-191f80ca0816,54.9,96.4,54.9,-96.4,0.3,0.6,Main/GND,
V0520,a8ec29b8-15af-5fe1-80c9-e117fe833043,54.9,110.4,54.9,-110.4,0.3,0.6,Main/GND,
V0521,a1e9ecc7-6862-5e5a-98fa-84578de04d47,54.95,35.325,54.95,-35.325,0.2,0.45,Main/RGB_DIN,
V0522,bb33c30f-9f38-5a62-9f2b-09cb8ac772ef,55.1,91.15,55.1,-91.15,0.2,0.45,Main/+3V3,
V0523,febe3cf7-2e63-558b-b050-267d36cecdb7,55.1,102.1,55.1,-102.1,0.3,0.6,Main/+3V3,
V0524,8db485bc-f356-5ab9-9e91-37d599f1b558,55.15,73.75,55.15,-73.75,0.2,0.45,Main/OPT_RESET_N,
V0525,876c96c1-65ae-5300-85df-b85d6690857b,55.2,54.55,55.2,-54.55,0.2,0.45,Main/USB_IMON_ADC,
V0526,9e63e3d1-303f-5084-92d1-731989278084,55.2,88.05,55.2,-88.05,0.2,0.45,Main/ADC_CS,
V0527,dad23420-c8c0-552f-a431-ce9b3b327f14,55.25,24.0,55.25,-24.0,0.2,0.45,Main/HALL_EN,
V0528,33e93ee5-8de5-5244-8f08-57ff48178420,55.25,25.8,55.25,-25.8,0.2,0.45,Main/GND,
V0529,388481ac-544f-5ecb-ae8c-c6d9d9516be0,55.3,55.2,55.3,-55.2,0.2,0.45,Main/+3V3,
V0530,e5352d43-705c-5579-bb4a-954df99d57ad,55.35,105.55,55.35,-105.55,0.3,0.6,Main/VBUS_PRESENT_N,
V0531,0e6db8a1-9f4c-52a4-a8b1-099d0326f989,55.45,29.35,55.45,-29.35,0.2,0.45,Main/GND,M_C73.2@F.Cu
V0532,f4fa8a65-79b6-5780-9f9e-4b39881271dd,55.45,86.9,55.45,-86.9,0.2,0.45,Main/SPI_MOSI,
V0533,515225fd-da92-54a5-b25c-2db08065e008,55.6,103.9,55.6,-103.9,0.3,0.6,Main/BTN_M_CMD2,
V0534,1ca9d819-44ce-567b-82a1-ae52ae846e80,55.65,48.6,55.65,-48.6,0.2,0.45,Main/USB_IMON_ADC,
V0535,7c20155c-d0e3-51ed-bd33-2371f40cef44,55.65,70.75,55.65,-70.75,0.2,0.45,Main/ENC_MISO_LOCAL,M_R101.1@F.Cu
V0536,44fc3e5d-78b9-5cba-8310-4b320ce1c9b9,55.7,32.2,55.7,-32.2,0.3,0.6,Main/VBUS_USB,
V0537,3fbc40c1-8571-5c2e-9438-6990279e30f7,55.7,35.55,55.7,-35.55,0.2,0.45,Main/RGB_5V,M_TP38.1@F.Cu
V0538,6b01b00a-34e4-5a24-9403-dba62a0d236f,55.7,88.6,55.7,-88.6,0.3,0.6,Main/WHEEL_RUN_REQ,
V0539,2701bcf3-d1ba-52c1-9b8a-b3180c89a7b2,55.75,62.5,55.75,-62.5,0.2,0.45,Main/ADC_CS,
V0540,f156eca1-66d8-53ce-a723-5d9e61ba966e,55.75,97.15,55.75,-97.15,0.2,0.45,Main/WHEEL_PWM_A,
V0541,055fbbe1-ff4e-5a5a-b9eb-abfab771f9d9,55.75,102.3,55.75,-102.3,0.2,0.45,Main/ACT_HEARTBEAT,
V0542,260008e6-fa8c-521e-bf3e-5418b99f288d,55.8,92.35,55.8,-92.35,0.2,0.45,Main/+3V3,
V0543,6f12b905-6119-5e34-a80c-1c3c682c78ee,55.85,56.7,55.85,-56.7,0.2,0.45,Main/GND,
V0544,3664fd34-fa65-58ca-9e3f-25bc63d0a08e,55.85,63.7,55.85,-63.7,0.2,0.45,Main/+3V3,
V0545,53937250-4523-5f5d-b0e8-4813d9e4cb0a,55.9,64.7,55.9,-64.7,0.2,0.45,Main/DRV_MISO_LOCAL,
V0546,bc8f8c66-13a3-51b8-a723-51cb91df1b61,55.9,68.85,55.9,-68.85,0.2,0.45,Main/DRV_MISO_LOCAL,
V0547,2f4d61f4-f913-5136-8082-88f501adc7ee,55.9,110.95,55.9,-110.95,0.2,0.45,Main/MCU_EN,
V0548,075d29d0-66a2-5bb2-be2f-0c2fa54243c9,56.0,60.0,56.0,-60.0,0.3,0.6,Main/GND,
V0549,ad14dec6-d5ee-57b8-a2dd-6557df0234ba,56.0,107.2,56.0,-107.2,0.3,0.6,Main/GND,
V0550,7de86eef-6bd2-55ab-accc-73d01ba4cecd,56.2,54.25,56.2,-54.25,0.2,0.45,Main/BTN_R_ISENSE,
V0551,d2074644-8409-51b4-9bff-bc44f1ab0b28,56.2227,87.1071,56.2227,-87.1071,0.2,0.45,Main/GND,
V0552,bdf2e1fe-43b6-5419-93e3-d55690df1700,56.25,30.65,56.25,-30.65,0.2,0.45,Main/RGB_BUFFER_OUT,
V0553,6a0197b6-444b-58a3-bb23-35a93117d144,56.25,35.35,56.25,-35.35,0.2,0.45,Main/RGB_5V,M_TP38.1@F.Cu
V0554,f6f2ee75-e507-5d78-86ec-422b8db2129a,56.25,65.75,56.25,-65.75,0.2,0.45,Main/CS_DRV8316,
V0555,ec937b49-6cc0-5235-82cf-9d7424cfdc17,56.3,38.85,56.3,-38.85,0.3,0.6,Main/MCU_EN,
V0556,4ce6efc7-f9be-5ed1-8544-2793002ba6de,56.4,102.1,56.4,-102.1,0.3,0.6,Main/+3V3,
V0557,e4ff4078-d26b-5fb7-8a23-4aa6ee04e25f,56.45,93.5,56.45,-93.5,0.2,0.45,Main/+3V3,M_C71.1@F.Cu
V0558,bbd9fde2-996e-54b0-9a44-46c54273c4f5,56.5,69.75,56.5,-69.75,0.2,0.45,Main/+3V3,
V0559,248b7069-dde2-5285-8a51-3c7f37df22fd,56.6,90.05,56.6,-90.05,0.2,0.45,Main/IMU_PIN9,
V0560,6ee9c4a4-c632-5b87-beba-ded801f36d24,56.65,48.4,56.65,-48.4,0.2,0.45,Main/USB_IMON_ADC,
V0561,d05cf857-f39f-56a0-b334-dfaf931215c9,56.7,92.25,56.7,-92.25,0.2,0.45,Main/WHEEL_PWM_A,
V0562,4fd42489-57b1-5483-8e21-646d99d4dcc5,56.8,55.6,56.8,-55.6,0.2,0.45,Main/+3V3,
V0563,5186c834-3185-5dc5-add3-e7456a4e2fd8,56.8,99.55,56.8,-99.55,0.3,0.6,Main/GND,
V0564,5e48aa8a-32de-578a-a54d-9e461de6d85c,56.8323,63.5767,56.8323,-63.5767,0.2,0.45,Main/GND,
V0565,5f2587a1-ba99-547a-a8fa-854a6b992eec,56.85,82.5,56.85,-82.5,0.2,0.45,Main/GND,
V0566,545bf712-10d5-5bdc-8c1c-ff46c4cc0798,56.9,27.35,56.9,-27.35,0.2,0.45,Main/USB_CC2,
V0567,b034c423-ad12-5a56-80f7-7612a4fe099b,56.9,72.349999,56.9,-72.349999,0.2,0.45,Main/OPT_CTRL,
V0568,2a5262aa-902d-5c31-985f-b1b6a74ed284,57.0,50.75,57.0,-50.75,0.2,0.45,Main/HALL_L,
V0569,2e32abde-5581-5556-afdc-0c2be63f5484,57.0,90.75,57.0,-90.75,0.2,0.45,Main/+3V3,
V0570,590e5cb8-79fb-528f-a6af-0582ecd4ed6a,57.0,102.6,57.0,-102.6,0.3,0.6,Main/GND,
V0571,43184a5d-3815-52f4-ba60-38d82b35c983,57.1,68.35,57.1,-68.35,0.2,0.45,Main/OPT_RESET_N,
V0572,e2c6476c-56b0-54e7-bc00-70bc57d545c3,57.1,71.7,57.1,-71.7,0.3,0.6,Main/GND,
V0573,7fbfee98-67c9-5049-a859-ce4003753704,57.15,105.35,57.15,-105.35,0.2,0.45,Main/+3V3,M_C5.1@F.Cu
V0574,5d810649-e62b-5263-8df2-2dc1be4c220f,57.2,76.4,57.2,-76.4,0.3,0.6,Main/ACT_5V,
V0575,1ee457fc-57c6-5261-94dd-0160801f1294,57.2,98.75,57.2,-98.75,0.3,0.6,Main/SENS_REQ,
V0576,339bbc7e-7477-5c21-98a2-74431ef97bb3,57.25,28.35,57.25,-28.35,0.2,0.45,Main/RGB_5V,M_C74.1@F.Cu
V0577,0423b972-67cf-59f7-bec3-954fd68386cc,57.25,30.15,57.25,-30.15,0.2,0.45,Main/RGB_DIN,
V0578,0faba3dc-01c2-56aa-825a-da77133db607,57.4,59.9,57.4,-59.9,0.3,0.6,Main/GND,
V0579,83a0ca0c-520d-5bee-bbe1-f198bdc6b8b3,57.45,48.4,57.45,-48.4,0.2,0.45,Main/GND,
V0580,493cc8c1-7078-55ef-8955-c3a7c4b42a37,57.45,50.3,57.45,-50.3,0.2,0.45,Main/HALL_M,
V0581,ad566aa0-abb3-5b9b-89fb-ea6b77c96851,57.45,78.05,57.45,-78.05,0.2,0.45,Main/GND,
V0582,407221b8-436a-505e-a4b4-40b5e8932c8a,57.45,83.4,57.45,-83.4,0.2,0.45,Main/GND,
V0583,2955e121-eef9-5df2-9564-448b228c57a7,57.5,53.0,57.5,-53.0,0.2,0.45,Main/GND,M_U10.17@F.Cu
V0584,dba55640-916b-5568-926e-b042f11b5227,57.5,69.0428,57.5,-69.0428,0.2,0.45,Main/GND,
V0585,30df43f2-8b46-5f02-a3ea-a5ce494c181a,57.55,81.8,57.55,-81.8,0.2,0.45,Main/OPT_1V9,
V0586,2c7f1e3a-3ef2-58ed-af7c-04201644913f,57.55,82.45,57.55,-82.45,0.2,0.45,Main/OPT_3V3,
V0587,03d45a8f-7e38-5461-9614-8ef31ce3ac62,57.55,85.55,57.55,-85.55,0.2,0.45,Main/OPT_VDDPIX,
V0588,c2cdda4f-6f0d-5645-bfcd-dc9f165c2b93,57.75,55.1075,57.75,-55.1075,0.2,0.45,Main/+3V3,
V0589,2d084448-84e5-5a33-a7fb-6b51c71d7e9b,57.75,90.6,57.75,-90.6,0.2,0.45,Main/GND,
V0590,e9ce0768-6a04-50a5-9e4a-055f923a3a4c,57.85,77.4,57.85,-77.4,0.2,0.45,Main/OPT_CTRL,
V0591,6e3395ba-4b45-52c8-bca0-e9428c33d975,57.9,28.35,57.9,-28.35,0.2,0.45,Main/RGB_5V,
V0592,f0ca1922-d02a-5bf9-8828-e01fc72056a2,57.95,71.15,57.95,-71.15,0.2,0.45,Main/ENC_MISO_LOCAL,
V0593,6c824e18-e821-555f-bbbb-0ff826d4c410,57.95,99.7,57.95,-99.7,0.2,0.45,Main/BTN_R_CMD1,
V0594,4598f08b-9620-547c-a9c7-3dcc7de6202b,58.0,71.849999,58.0,-71.849999,0.2,0.45,Main/DRV_MISO_LOCAL,
V0595,91f15e75-c16a-55cd-ad7f-e9dd28a686df,58.0,99.0,58.0,-99.0,0.3,0.6,Main/+3V3,
V0596,5de5e623-6eeb-5e47-a9d9-eca9700854cd,58.05,73.75,58.05,-73.75,0.2,0.45,Main/OPT_RESET_N,
V0597,7a5bb10a-cdef-5afc-9a3c-225136fdf5ac,58.05,80.0,58.05,-80.0,0.2,0.45,Main/MOTOR_SPI_MOSI,
V0598,06469e06-05ee-59b2-ab0c-7cd7db10dd55,58.05,93.9,58.05,-93.9,0.2,0.45,Main/OPT_CTRL,
V0599,efce9aa4-9fb9-5457-9a1d-36e3ffdf1ccb,58.1,61.1375,58.1,-61.1375,0.2,0.45,Main/DRV_FAULT_LOCAL_N,M_U25.12@F.Cu
V0600,4cd246ce-71e6-5230-80f7-489f156a8244,58.1,66.85,58.1,-66.85,0.2,0.45,Main/SPI_MISO,M_U25.3@F.Cu
V0601,ce1f88c7-8cbc-5337-a5ef-15400eb6b95d,58.2,105.85,58.2,-105.85,0.3,0.6,Main/SENS_REQ,
V0602,4b7bcddc-6193-532d-92be-a02e2f6ca3dd,58.3,51.6,58.3,-51.6,0.2,0.45,Main/SPI_SCLK,M_U10.13@F.Cu
V0603,1dc6f1c6-2bdf-5abb-9098-3dc39a944005,58.3,103.65,58.3,-103.65,0.2,0.45,Main/ACT_HEARTBEAT,
V0604,1620d721-4dfc-5cc2-b1a8-b7bf5fa31cda,58.5,59.25,58.5,-59.25,0.2,0.45,Main/ADC_CS,
V0605,0826950a-2661-5cfb-8673-b91b643cb3e3,58.55,85.1,58.55,-85.1,0.2,0.45,Main/OPT_CTRL,
V0606,50091b08-1a5f-50ae-b362-3c318174f7fe,58.6,35.5,58.6,-35.5,0.3,0.6,Main/GND,
V0607,b78901ff-becf-5798-a37a-a15b9c7158ce,58.6,95.55,58.6,-95.55,0.2,0.45,Main/IMU_PIN9,
V0608,3b3c2518-d761-56a6-9a4c-ba4f611c0ab4,58.7,76.05,58.7,-76.05,0.2,0.45,Main/CS_DRV8316,
V0609,3d8dab64-eed1-5b73-96cb-8d588224f961,58.7,94.95,58.7,-94.95,0.2,0.45,Main/MOTOR_SPI_MOSI,
V0610,ac793fa4-b8f9-54aa-bf45-14dd95010538,58.75,66.85,58.75,-66.85,0.2,0.45,Main/CS_MA735,M_U25.4@F.Cu
V0611,afc24f71-6ed1-5cb7-94ca-468aa2034449,58.75,101.65,58.75,-101.65,0.2,0.45,Main/ACT_DRIVE_EN,M_R49.1@F.Cu
V0612,fce48054-d420-5c98-8b68-4c999753583d,58.8,60.9,58.8,-60.9,0.2,0.45,Main/DRV_FAULT_N,M_U25.11@F.Cu
V0613,aa6b7455-b5c0-5b41-b558-9b6ec62f2f5f,58.95,52.2,58.95,-52.2,0.2,0.45,Main/SPI_MISO,M_U10.12@F.Cu
V0614,2503dd3c-a8ed-58e9-ad66-041ad47db168,59.0,30.6,59.0,-30.6,0.3,0.6,Main/+3V3,
V0615,d893a1f6-e14d-584e-9719-f2e802d922f8,59.0,86.0,59.0,-86.0,0.2,0.45,Main/OPT_VDDPIX,M_TP42.1@B.Cu
V0616,ed50b2bb-8d6c-54f0-92b8-f607c8635053,59.0,90.1,59.0,-90.1,0.2,0.45,Main/MOTOR_SPI_MOSI,
V0617,282b00a5-45bd-5dca-a68b-6bb3c1f95897,59.2,55.8,59.2,-55.8,0.2,0.45,Main/+3V3,
V0618,0f3685d1-3f67-5603-8383-4af31af8cfe6,59.3,75.85,59.3,-75.85,0.2,0.45,Main/SPI_MOSI,
V0619,7da0e634-d855-5b9b-b529-81fd1ae5fef1,59.3072,55.15,59.3072,-55.15,0.2,0.45,Main/GND,
V0620,2686ac91-bb24-52ba-b77d-92b69badf64b,59.35,83.1,59.35,-83.1,0.2,0.45,Main/SPI_MOSI,
V0621,4a71ea8c-3c65-5128-84cd-ea4e953cb6d2,59.4,66.8625,59.4,-66.8625,0.2,0.45,Main/ENC_MISO_LOCAL,M_U25.5@F.Cu
V0622,fc929a17-fea0-5cd4-8703-5bea12220622,59.4,107.75,59.4,-107.75,0.3,0.6,Main/GND,
V0623,7268fde4-8707-5a75-bb21-dfae6fd56716,59.6,91.0,59.6,-91.0,0.2,0.45,Main/GND,M_TP9.1@B.Cu
V0624,aa7b4f2d-efc6-53a1-a8e7-832e181b1d6d,59.6075,52.75,59.6075,-52.75,0.2,0.45,Main/ADC_CS,
V0625,c74cfca3-4ccc-5e1c-9ce5-3b2757769177,59.7575,53.45,59.7575,-53.45,0.2,0.45,Main/+3V3,
V0626,d2d143f7-70e1-53c7-b74c-b2ff89eea886,59.85,99.7,59.85,-99.7,0.2,0.45,Main/BOOT_SAFE_SPARE,
V0627,905c0089-e17f-515f-82ef-2b95ebd0b7a9,59.9,64.3,59.9,-64.3,0.2,0.45,Main/CS_ADC2,
V0628,87c1bc90-3b26-5a13-bb20-7f7f21577469,59.9,65.1,59.9,-65.1,0.2,0.45,Main/GND,
V0629,55cdd158-64e7-5051-8fb4-c846cf7cb4e0,59.95,36.7,59.95,-36.7,0.2,0.45,Main/VBUS_USB,
V0630,42ee6976-abd1-5645-91be-adba0c59b332,60.0,25.5,60.0,-25.5,0.3,0.6,Main/GND,
V0631,9b2c4911-a016-569a-b940-ecec95bfe75c,60.0,30.5,60.0,-30.5,0.3,0.6,Main/GND,
V0632,42f5adee-51fa-5a64-9d05-72c222a4c541,60.0,46.35,60.0,-46.35,0.3,0.6,Main/GND,
V0633,a93f9dc1-d9b5-55a9-83e2-b4657b02f5be,60.0,54.75,60.0,-54.75,0.2,0.45,Main/SPI_MOSI,
V0634,aa91d949-60dc-5a8a-b5bb-f0624dc3c5a7,60.0,103.5,60.0,-103.5,0.3,0.6,Main/+3V3,
V0635,5deacd72-a8f4-5d68-91b7-9af89a2f95d3,60.0,105.75,60.0,-105.75,0.2,0.45,Main/+3V3,
V0636,987538f4-ae69-5e60-a763-3f328628256f,60.05,66.4625,60.05,-66.4625,0.2,0.45,Main/SPI_MISO,M_U25.6@F.Cu
V0637,b386ac31-a343-5aac-86a2-d6223c0a4a76,60.1,100.3,60.1,-100.3,0.2,0.45,Main/ACT_DRIVE_EN,
V0638,e3999a1b-1223-5a2f-982d-d415875103e3,60.1824,59.2181,60.1824,-59.2181,0.2,0.45,Main/GND,
V0639,785d17d4-26ff-531e-a5ee-afbb07cd64fb,60.3607,76.9107,60.3607,-76.9107,0.2,0.45,Main/GND,
V0640,0e0ddfb1-7670-5842-871d-8f4f1d4c942e,60.4,104.05,60.4,-104.05,0.2,0.45,Main/BTN_R_IN2,
V0641,d6844bd4-9b17-5bcf-85da-5672357e0fce,60.45,35.15,60.45,-35.15,0.2,0.45,Main/RGB_5V,
V0642,67c15ba1-171b-5bdc-ab67-87e96225424b,60.5,90.75,60.5,-90.75,0.2,0.45,Main/CC_OUT1,
V0643,faec031b-9905-5089-9162-7745225f6774,60.65,44.0,60.65,-44.0,0.3,0.6,Main/+3V3,
V0644,1333d82d-4557-516a-836e-788a60248f7d,60.65,68.4,60.65,-68.4,0.2,0.45,Main/OPT_RESET_N,
V0645,aff63759-23c9-5180-9cab-bfe437d48282,60.7,27.2,60.7,-27.2,0.3,0.6,Main/GND,
V0646,431cad0e-519a-586d-b244-1162f4f1c769,60.7,61.15,60.7,-61.15,0.2,0.45,Main/MOTOR_SPI_MISO,M_U25.8@F.Cu
V0647,689b0435-4c04-5a36-9271-34376fbb2ab7,60.75,53.25,60.75,-53.25,0.2,0.45,Main/+3V3,M_C20.1@F.Cu
V0648,a769c7d5-7644-5ed6-8273-5ad6c47a3a35,60.75,63.55,60.75,-63.55,0.3,0.6,Main/DRV_FAULT_LOCAL_N,
V0649,437210e4-eced-555a-a7cd-c30bdf8606f6,60.75,64.25,60.75,-64.25,0.2,0.45,Main/ADC2_MISO_LOCAL,
V0650,c39b5e99-6ee2-5688-b0bb-64faec08b67b,60.9,73.95,60.9,-73.95,0.2,0.45,Main/SPI_MOSI,
V0651,d659ae3e-3fec-50b6-853a-ecd1566dccc0,61.0,51.35,61.0,-51.35,0.2,0.45,Main/GND,
V0652,1c857320-5500-502a-9ede-47347baa84f8,61.0,71.599999,61.0,-71.599999,0.2,0.45,Main/CS_DRV8316,
V0653,1d302ada-0334-52e1-aa09-6a85f8de77d7,61.0,76.5,61.0,-76.5,0.2,0.45,Main/MOTOR_SPI_SCLK,
V0654,6b0d428e-e0bd-5ebb-8cbd-d44b26c6f671,61.0,95.225,61.0,-95.225,0.3,0.6,Main/GND,
V0655,35136b06-b8bb-5bb2-aebe-6efd47475f3b,61.0,96.775,61.0,-96.775,0.3,0.6,Main/MCU_EN,
V0656,80695a6a-fe3f-5a45-bc71-805853584665,61.0,100.7,61.0,-100.7,0.3,0.6,Main/ACT_DRIVE_EN,M_TP13.1@B.Cu
V0657,b8ea5839-645a-5a0d-b44a-7d74b3c4c699,61.05,31.7,61.05,-31.7,0.2,0.45,Main/CC_OUT2,M_U11.8@F.Cu
V0658,cf2703dc-5f82-5b66-8526-1e99ae39ffc4,61.2,31.1,61.2,-31.1,0.3,0.6,Main/CC_OUT2,
V0659,42642ff5-5bc4-56b6-b8eb-3a0c2b4795d4,61.25,68.7,61.25,-68.7,0.2,0.45,Main/ENC_MISO_LOCAL,
V0660,1182eb96-2c98-5f0b-bc30-fa0b54fe2823,61.3,92.5,61.3,-92.5,0.3,0.6,Main/GND,
V0661,855679e9-bad4-55b1-afd1-ace4bef54837,61.3,106.8,61.3,-106.8,0.3,0.6,Main/ARM_VALID,
V0662,5231aa6c-c89e-507f-a984-34337de1d6ac,61.3235,72.8074,61.3235,-72.8074,0.2,0.45,Main/GND,
V0663,351582ce-def2-55a0-a314-fa9883feafcd,61.4,66.7,61.4,-66.7,0.3,0.6,Main/GND,
V0664,bdabd31d-ec47-56bd-bc0c-ed23433fd32c,61.5,79.9,61.5,-79.9,0.2,0.45,Main/MOTOR_SPI_MISO,
V0665,28bd548e-c3fd-5116-95b5-4d471f2e9983,61.5,80.7,61.5,-80.7,0.2,0.45,Main/GND,
V0666,575dfc60-431a-5c9d-8fda-e894b5c7970e,61.6,29.45,61.6,-29.45,0.3,0.6,Main/+3V3,
V0667,72f5c961-7c62-5734-a0bd-01c04cadacc4,61.6,32.2,61.6,-32.2,0.3,0.6,Main/CC_OUT1,
V0668,5596b687-b43f-5a16-92c5-d0368ca1e67c,61.675,39.0,61.675,-39.0,0.3,0.6,Main/+3V3,
V0669,c0dceaf7-9b0a-535e-b86b-3aec92ed3ea7,61.7,105.5,61.7,-105.5,0.3,0.6,Main/GND,
V0670,419c9ff9-e1fd-5bca-87fd-16a221a3ed68,61.85,59.5,61.85,-59.5,0.3,0.6,Main/MCU_EN,
V0671,8df43fe6-bf12-5711-8dc7-1d086f2c088e,61.95,67.1,61.95,-67.1,0.2,0.45,Main/ACT_VMON,
V0672,a32a73b9-7376-552c-95cf-946d884938b6,62.0161,56.4661,62.0161,-56.4661,0.2,0.45,Main/GND,M_C36.2@F.Cu
V0673,961d88f1-f6f2-5843-84eb-4505c8a45308,62.05,48.2,62.05,-48.2,0.3,0.6,Main/GND,
V0674,beecc49f-a2c2-5c47-a209-ca9aced8b4aa,62.1,75.2,62.1,-75.2,0.3,0.6,Main/MCU_EN,
V0675,b333b535-dff7-5350-8337-ca42b64fb582,62.1,104.6,62.1,-104.6,0.3,0.6,Main/GND,
V0676,8d3c7960-8923-5b97-aac7-7c39c89cfe51,62.15,101.3,62.15,-101.3,0.2,0.45,Main/BTN_R_IN1,M_U18.3@F.Cu
V0677,db99d9d9-1477-542e-9d83-1191a61eda80,62.2,31.55,62.2,-31.55,0.3,0.6,Main/CC_OUT2,
V0678,e1478d1b-5ebf-5286-aa66-8ae227b988ff,62.2,98.5,62.2,-98.5,0.3,0.6,Main/GND,
V0679,307e5d48-9f41-5b11-a48f-e223fa69c664,62.25,29.7,62.25,-29.7,0.2,0.45,Main/PWR_5V,
V0680,ba5dc53a-7b84-510c-884a-8e9b36afd066,62.3,91.5,62.3,-91.5,0.3,0.6,Main/MCU_EN,
V0681,76f91273-3b11-5906-9cbc-17a08acc0bdb,62.3343,62.5343,62.3343,-62.5343,0.2,0.45,Main/GND,
V0682,74fcd661-ea4d-5c84-b307-2737f592c084,62.35,64.45,62.35,-64.45,0.2,0.45,Main/ACT_VMON,
V0683,fe749592-68c0-570b-9be8-661021b0f5d3,62.6,45.65,62.6,-45.65,0.2,0.45,Main/VBUS_USB,
V0684,48205b44-9a91-53c3-b8fb-0fc8fecc77de,62.6,89.45,62.6,-89.45,0.2,0.45,Main/IMU_PIN9,
V0685,70dcf52e-90c8-585c-ad98-b860053015fb,62.7,107.75,62.7,-107.75,0.2,0.45,Main/ACT_HEARTBEAT,
V0686,b5389062-2be0-510b-a194-37df7fcd051b,62.75,76.8,62.75,-76.8,0.3,0.6,Main/GND,
V0687,e7edc45f-2863-5d11-a7cc-a6694b1e5bba,62.75,99.05,62.75,-99.05,0.3,0.6,Main/ACT_DRIVE_EN,
V0688,9326752e-1512-593d-a4db-4150d8a112eb,62.9,57.35,62.9,-57.35,0.2,0.45,Main/ACT_VMON,
V0689,0ac72c30-6090-51c6-a37a-c65aec2f7070,62.9,63.1,62.9,-63.1,0.2,0.45,Main/ACT_VMON,
V0690,e430a5c8-c0c7-5e36-b669-66b20011b073,63.0,50.35,63.0,-50.35,0.3,0.6,Main/GND,
V0691,fd45a0f5-5152-5826-8f68-58450df6485b,63.0,94.1,63.0,-94.1,0.3,0.6,Main/BTN_R_CMD2,
V0692,b66d1663-1bf0-557d-a885-40397e34b21d,63.05,29.45,63.05,-29.45,0.2,0.45,Main/RGB_5V,
V0693,42eb04af-f95a-5158-984f-5fbfc7b92f37,63.1,45.35,63.1,-45.35,0.2,0.45,Main/VBUS_USB,
V0694,ab72d36c-4ae9-515a-ab3f-e8fb7e576f61,63.15,65.15,63.15,-65.15,0.3,0.6,Main/MCU_EN,
V0695,5460bc1d-6023-5260-ba5e-abcc0a35d867,63.15,97.95,63.15,-97.95,0.2,0.45,Main/WHEEL_PWM_B,
V0696,22f6b022-e34e-5205-a427-a68cf4dfac02,63.3,30.6,63.3,-30.6,0.2,0.45,Main/RGB_BUFFER_OUT,
V0697,1089eb22-12ea-5e92-8af5-6f82d2499a53,63.3,109.4,63.3,-109.4,0.3,0.6,Main/GND,
V0698,0861c4af-105f-557b-9f89-075b2770cc8f,63.325,37.3,63.325,-37.3,0.3,0.6,Main/CC_OUT1,
V0699,21423a30-325f-5c6e-a37f-57766e4189e1,63.4,101.7,63.4,-101.7,0.3,0.6,Main/BTN_R_CMD2,
V0700,8b19a39a-636a-5693-98c1-02861ed1157e,63.45,97.4,63.45,-97.4,0.2,0.45,Main/+3V3,
V0701,f6b46228-2404-5e69-a6bf-7543cf24fb70,63.6,106.6,63.6,-106.6,0.3,0.6,Main/GND,
V0702,f90be92b-411a-5f42-9be6-7daf5cb08d88,63.75,57.3,63.75,-57.3,0.3,0.6,Main/VBUS_PRESENT_N,
V0703,ac20a306-ea38-5abb-82f6-396858b60a32,63.75,76.8,63.75,-76.8,0.3,0.6,Main/GND,
V0704,aee42269-73dc-593c-beb8-2e49dca96887,63.8,82.55,63.8,-82.55,0.2,0.45,Main/OPT_1V9,
V0705,88148435-250b-54d2-b924-ec25405cdfca,63.9,34.9,63.9,-34.9,0.3,0.6,Main/PWR_5V,
V0706,5a5def71-5421-51cb-ae15-992b335d4ee6,63.9,74.099999,63.9,-74.099999,0.2,0.45,Main/SPI_SCLK,
V0707,39cc0d58-29ef-560f-bd47-1d2413233b09,63.95,70.75,63.95,-70.75,0.2,0.45,Main/CS_ADC2,
V0708,be18f711-232b-590f-b0b8-d7c02b567782,63.95,90.1,63.95,-90.1,0.2,0.45,Main/IMU_PIN9,
V0709,704022a7-0854-52dc-9aca-6f50a7bda5d0,64.05,31.55,64.05,-31.55,0.3,0.6,Main/GND,M_C1.2@F.Cu
V0710,3639e2b8-5738-5417-80d2-0da4725f53e4,64.15,100.9,64.15,-100.9,0.3,0.6,Main/VBUS_PRESENT_N,
V0711,fddff285-a149-58ea-bd6b-043432cc7181,64.2,90.9,64.2,-90.9,0.2,0.45,Main/VBUS_USB,M_TP10.1@B.Cu
V0712,90354306-1b60-5265-a694-2d6366dff044,64.2,103.55,64.2,-103.55,0.2,0.45,Main/BTN_R_IN1,
V0713,178b7d00-7aec-547e-9645-5304e927358b,64.25,72.349999,64.25,-72.349999,0.2,0.45,Main/DRV_MISO_LOCAL,
V0714,9baaf3eb-6f8e-549d-831c-983a73cce139,64.3,95.55,64.3,-95.55,0.2,0.45,Main/MOTOR_SPI_SCLK,
V0715,c034121a-83dc-503d-9f87-9d505e0c64c6,64.35,97.35,64.35,-97.35,0.3,0.6,Main/ACT_DRIVE_EN,
V0716,96e992f2-c361-5a1d-851e-243c3137389d,64.45,70.25,64.45,-70.25,0.3,0.6,Main/+3V3,
V0717,71e01e02-683c-5ff4-9ed3-d939498f75e8,64.45,85.85,64.45,-85.85,0.3,0.6,Main/WHEEL_RUN_REQ,M_TP17.1@B.Cu
V0718,c2dd211a-d730-5ada-a2fa-26e0c1c7ff8f,64.5,74.0,64.5,-74.0,0.2,0.45,Main/SPI_MOSI,
V0719,5352bcbb-f7f2-5233-b06d-59beb3eb6ad5,64.5,83.1,64.5,-83.1,0.2,0.45,Main/OPT_3V3,
V0720,a2d98344-6ab1-5c94-840c-bcc4f41738db,64.55,36.2,64.55,-36.2,0.3,0.6,Main/GND,
V0721,cfde819c-c404-5159-90d4-60892129f806,64.55,54.9,64.55,-54.9,0.2,0.45,Main/ENC_MISO_LOCAL,
V0722,aec382fb-ac9b-51db-a60a-cf4eb6a9b0d9,64.55,55.7,64.55,-55.7,0.2,0.45,Main/GND,
V0723,2a4ee745-ab1f-55c1-adf8-4648677e319c,64.6,52.199999,64.6,-52.199999,0.3,0.6,Main/+3V3,
V0724,61d06d81-2806-51b9-9d93-c58c99f5a637,64.6,57.3,64.6,-57.3,0.3,0.6,Main/+3V3,
V0725,f2de952c-78b1-5ad4-9237-c50b016a751f,64.6,73.349999,64.6,-73.349999,0.2,0.45,Main/CS_DRV8316,
V0726,b96593f1-bc39-52f7-a675-b5639bde414c,64.7,69.451,64.7,-69.451,0.2,0.45,Main/GND,
V0727,ec0a6637-69bd-5cf7-8c1f-b0b84091314e,64.7,101.5,64.7,-101.5,0.2,0.45,Main/BOOT_SAFE_SPARE,
V0728,168eddac-e3f8-5bf6-a4a4-02127996cc99,64.7,108.2,64.7,-108.2,0.3,0.6,Main/ARM_VALID,
V0729,706add2b-89f0-5701-bf4b-eba7091abfcd,64.75,76.8,64.75,-76.8,0.3,0.6,Main/GND,
V0730,d9eb6711-4ce2-5f52-9d55-83e3e5b26fb9,64.75,95.1,64.75,-95.1,0.2,0.45,Main/BOOT,
V0731,a667457c-4ccc-5568-87b0-a907b683186d,64.8,64.9,64.8,-64.9,0.2,0.45,Main/GND,
V0732,06747d29-5fd4-5fba-8141-3e8185256b9d,64.9,34.9,64.9,-34.9,0.3,0.6,Main/PWR_5V,
V0733,bdc12ae2-f888-5054-98c3-e65349d342f3,65.15,100.4,65.15,-100.4,0.2,0.45,Main/+3V3,
V0734,4632eef0-cda8-5329-8a32-34841f50f3e6,65.2,103.35,65.2,-103.35,0.2,0.45,Main/BTN_R_IN2,
V0735,bee9b049-22e0-589a-89b7-1cce4da0ba56,65.4,62.3,65.4,-62.3,0.3,0.6,Main/PWR_5V,
V0736,20ce95c9-fa3e-52c5-a95a-cf9db52facc4,65.5,102.3,65.5,-102.3,0.2,0.45,Main/BTN_R_IN1,
V0737,bd6ca5d9-d764-5f9b-b123-2024f2d12141,65.6,74.099999,65.6,-74.099999,0.2,0.45,Main/DRV_MISO_LOCAL,
V0738,8c4ed908-1a9e-50dc-a119-c4a45f709435,65.65,98.15,65.65,-98.15,0.2,0.45,Main/MOTOR_SPI_MISO,
V0739,83eca079-b6d0-52d0-9fa9-85e473958740,65.6858,73.0142,65.6858,-73.0142,0.2,0.45,Main/GND,
V0740,349d755d-28bf-5a99-b995-3d5847c04bae,65.7,34.9,65.7,-34.9,0.3,0.6,Main/PWR_5V,
V0741,098989e4-5187-5434-8d30-d265b6a2aa52,65.75,72.4,65.75,-72.4,0.2,0.45,Main/CS_ADC2,
V0742,5cbc19ae-6753-5489-8316-5a1320168a82,65.75,76.8,65.75,-76.8,0.3,0.6,Main/GND,
V0743,6eb62316-2b3b-53a8-b3a8-bfec425fc8e2,65.75,90.95,65.75,-90.95,0.2,0.45,Main/CC_OUT1,
V0744,58408cae-8197-509e-8327-420300d24dc7,65.891,93.959,65.891,-93.959,0.2,0.45,Main/GND,
V0745,8f710e75-1239-5885-9f7a-d089f466b0f1,66.05,66.15,66.05,-66.15,0.2,0.45,Main/ACT_5V,M_C40.1@F.Cu
V0746,ac83b740-3e27-5321-bcd5-490d1295b2e1,66.1,64.3,66.1,-64.3,0.3,0.6,Main/ACT_OVLO,
V0747,db08d8a5-9575-5f61-9f79-1d617559b030,66.2,94.75,66.2,-94.75,0.2,0.45,Main/WHEEL_PWM_B,
V0748,29d29480-6d50-5766-8194-38f6fede3e25,66.2157,98.7157,66.2157,-98.7157,0.2,0.45,Main/GND,
V0749,47b57a2b-6f0c-5573-805f-1e25de4bcc8a,66.25,74.099999,66.25,-74.099999,0.2,0.45,Main/DRV_MISO_LOCAL,
V0750,f031ad47-f373-53fb-b694-9c05b83c61c2,66.35,63.05,66.35,-63.05,0.3,0.6,Main/ACT_UVLO,
V0751,6184e9e9-944e-54a0-b1ca-0eae7788153f,66.4,70.7,66.4,-70.7,0.3,0.6,Main/ACT_5V,
V0752,7ef513cb-3751-574e-bb66-aeb092b76dec,66.4,106.6,66.4,-106.6,0.3,0.6,Main/+3V3,
V0753,7e9c2610-58f1-55c6-884e-b6b413614220,66.45,73.099999,66.45,-73.099999,0.2,0.45,Main/WHEEL_PWM_C,
V0754,8ef2c210-a976-5d68-a922-5ae9dcf150a9,66.5,30.8,66.5,-30.8,0.3,0.6,Main/GND,
V0755,07d66efd-ceab-5fd8-818d-29faae1525c8,66.6,95.8,66.6,-95.8,0.2,0.45,Main/MCU_EN,
V0756,2ec750d7-0bdf-5640-8ae7-1e5551208afd,66.6,100.2,66.6,-100.2,0.3,0.6,Main/+3V3,
V0757,e39f81d9-00e9-5092-bc3c-db77655da6c5,66.65,109.35,66.65,-109.35,0.3,0.6,Main/ACT_PERMIT,
V0758,c747edb9-aaaa-544f-97c8-87c668eae106,66.7,68.1,66.7,-68.1,0.3,0.6,Main/ACT_5V,
V0759,0a04a885-62f2-5362-bd57-b2316454c75d,66.7,101.0,66.7,-101.0,0.3,0.6,Main/GND,
V0760,0a56d76b-ff89-5f76-9395-b835058b62eb,66.75,76.8,66.75,-76.8,0.3,0.6,Main/GND,
V0761,55fcd0a4-9ebf-5c36-b66f-e0751a5e6c49,66.8,104.35,66.8,-104.35,0.2,0.45,Main/BTN_R_CMD1,
V0762,dadd5e71-b2ba-51bb-93c2-d90311b456af,66.95,74.099999,66.95,-74.099999,0.2,0.45,Main/MOTOR_SPI_SCLK,
V0763,3f3d83c3-424c-508f-b208-c70fa5839492,67.1,50.3,67.1,-50.3,0.3,0.6,Main/GND,
V0764,e7a642cb-688f-5361-a488-f96d21df88e3,67.1,53.8,67.1,-53.8,0.3,0.6,Main/GND,
V0765,1152307f-87ac-5d28-a7eb-87424ee5a4ae,67.1,71.599999,67.1,-71.599999,0.2,0.45,Main/ADC2_MISO_LOCAL,
V0766,1be17cf6-6dd2-5148-a266-70a4cf3862e1,67.2,85.6,67.2,-85.6,0.2,0.45,Main/MOTOR_SPI_MISO,
V0767,cea75b5d-a0f4-59a7-91d1-8e6586584994,67.5,31.65,67.5,-31.65,0.3,0.6,Main/GND,
V0768,91aa5741-c456-5d84-85c9-351de4bdccf1,67.5,34.5,67.5,-34.5,0.3,0.6,Main/GND,
V0769,b66ac36f-d1f3-5300-a1fe-99107204e8b7,67.5,68.9,67.5,-68.9,0.3,0.6,Main/ACT_5V,
V0770,04f63fad-2d99-5c4f-a5cc-be9697807d60,67.6,110.4,67.6,-110.4,0.3,0.6,Main/+3V3,
V0771,4af2cb15-3b0e-540b-85bc-1a3091faef92,67.7,86.8,67.7,-86.8,0.2,0.45,Main/+3V3,
V0772,1af1d4b7-8be6-5496-a908-89a4a30e2861,67.75,76.8,67.75,-76.8,0.3,0.6,Main/GND,
V0773,6c76ac48-6164-551b-8c39-a910c357a4d0,67.775,48.5,67.775,-48.5,0.2,0.45,Main/GND,M_C18.2@F.Cu
V0774,bdfa63b2-aa51-5ad4-9d4f-ca4921975156,67.8,49.4,67.8,-49.4,0.2,0.45,Main/ENC_MISO_LOCAL,
V0775,3f2527e4-64de-582d-9e2b-9ad1df83b79b,67.8,50.35,67.8,-50.35,0.2,0.45,Main/VBUS_USB,
V0776,7a3dd504-2aef-5f72-bac1-456f56c5dcdb,67.85,103.95,67.85,-103.95,0.2,0.45,Main/HALL_EN,M_U18.8@F.Cu
V0777,6b2c1c11-18b6-5a87-b3fc-9e6e42ab41b6,67.95,74.099999,67.95,-74.099999,0.2,0.45,Main/MOTOR_SPI_MOSI,
V0778,5c0a2a8a-9f8b-5d03-9ebc-c0723743a5b8,68.0,35.0,68.0,-35.0,0.3,0.6,Main/GND,
V0779,3987c17f-fcf6-5674-89f1-48cd7bcb72ed,68.0,85.6,68.0,-85.6,0.2,0.45,Main/GND,
V0780,fbc69d69-0e46-5388-bbcb-0f5a6861cb4c,68.1,57.1,68.1,-57.1,0.2,0.45,Main/BTN_R_VREF,
V0781,f4c8f46e-7007-56ad-8e1e-7507ee799125,68.15,59.4,68.15,-59.4,0.3,0.6,Main/GND,
V0782,c92c9518-b164-5cb0-a3a9-f37f316a5df6,68.15,62.3,68.15,-62.3,0.2,0.45,Main/PWR_5V,M_C89.1@F.Cu
V0783,b8978087-8666-5cb4-a1bc-fce27308adb2,68.15,67.95,68.15,-67.95,0.3,0.6,Main/GND,
V0784,bb052a96-2d86-5e11-9e9d-520b074f88fd,68.15,91.9,68.15,-91.9,0.2,0.45,Main/GND,M_SW1.2@F.Cu
V0785,04940f6a-97b6-59e3-ad8b-a7dd0eb17f05,68.15,96.1,68.15,-96.1,0.2,0.45,Main/GND,M_SW2.2@F.Cu
V0786,1c3b1c3b-2e16-53b0-8fdd-d185c25fde0c,68.2,24.25,68.2,-24.25,0.2,0.45,Main/RGB_5V,M_C75.1@F.Cu
V0787,a95c5f62-82e2-5c27-af33-e493a89362f5,68.3,68.9,68.3,-68.9,0.3,0.6,Main/ACT_5V,
V0788,2c684ec7-066f-5e53-8893-eb3eaa5b7b01,68.3,98.25,68.3,-98.25,0.2,0.45,Main/WHEEL_PWM_C,
V0789,651c651f-318f-5d87-b867-87d78d0cf2e6,68.35,51.0,68.35,-51.0,0.2,0.45,Main/BTN_R_ISENSE,
V0790,27ccbcff-c151-5e38-bbb3-688314c2f4df,68.45,31.4,68.45,-31.4,0.3,0.6,Main/LOGIC_PG,
V0791,b5a2bf39-cd66-55b6-9dc4-12e2bfb9cb7b,68.45,54.3,68.45,-54.3,0.2,0.45,Main/BTN_R_VREF,
V0792,874ae63e-13bc-5882-a54f-bd3aee177eaa,68.6,88.95,68.6,-88.95,0.2,0.45,Main/RGB_DATA,
V0793,8897d9bb-f8e3-52aa-bab6-64b9ca985f40,68.75,76.8,68.75,-76.8,0.3,0.6,Main/GND,
V0794,f8d2d120-e9a0-5bbd-9896-5912c833f620,69.0,102.65,69.0,-102.65,0.3,0.6,Main/MCU_EN,M_TP6.1@B.Cu
V0795,1ba681d2-620e-5cfd-b9c0-6821f8d08853,69.2,56.3,69.2,-56.3,0.2,0.45,Main/BTN_R_IN2,
V0796,4ac80cf2-0aa9-5c18-9105-d7142f73f531,69.35,48.5,69.35,-48.5,0.2,0.45,Main/GND,
V0797,9cf3fc17-c7a1-550c-b681-17024c39dc86,69.4,61.825,69.4,-61.825,0.3,0.6,Main/ACT_UVLO,
V0798,9b91fcbe-5568-5696-8640-afea89efc314,69.4,108.2,69.4,-108.2,0.3,0.6,Main/+3V3,
V0799,cbce0a81-4f9a-5742-9c50-68d7d9fe7772,69.5,69.4,69.5,-69.4,0.3,0.6,Main/DRV_FAULT_LOCAL_N,
V0800,2375efaf-5d86-55f4-b3d1-dd68e8c9da9c,69.5,107.2,69.5,-107.2,0.3,0.6,Main/GND,
V0801,b4d4130c-c832-57c7-a05f-2674ae7490ef,69.5,108.9,69.5,-108.9,0.3,0.6,Main/+3V3,
V0802,1aa288dc-0af1-5efa-8a05-5be0a2308c0a,69.55,49.275,69.55,-49.275,0.2,0.45,Main/GND,M_U9.2@F.Cu
V0803,1244b5b1-4fa9-5944-a4e6-193c0d0f1856,69.6,50.449999,69.6,-50.449999,0.3,0.6,Main/GND,
V0804,63155951-55c2-5399-8457-52668e871002,69.6,53.55,69.6,-53.55,0.3,0.6,Main/GND,
V0805,7a19ceb0-74a4-5cb8-bf8b-33c76c03845d,69.6,60.175,69.6,-60.175,0.3,0.6,Main/GND,
V0806,57555b20-3d84-5301-8e0c-2c446cbf5bd7,69.7,64.2,69.7,-64.2,0.3,0.6,Main/GND,
V0807,6e3ec5ae-3f45-557d-b9e7-a5611af52e04,69.75,76.8,69.75,-76.8,0.3,0.6,Main/GND,
V0808,0f299996-8ce2-5bb9-8208-653c2688d0ff,69.8,24.25,69.8,-24.25,0.2,0.45,Main/GND,M_C75.2@F.Cu
V0809,c65df45d-50b7-51ae-99e2-65b7e07bfa9d,69.85,103.95,69.85,-103.95,0.2,0.45,Main/MCU_EN,
V0810,8321590c-823f-5a9c-b535-a4944c5f7726,70.0,44.8,70.0,-44.8,0.3,0.6,Main/BTN_R_COIL_P,
V0811,731ef9a7-a02f-53c0-826d-55680943f409,70.2,87.05,70.2,-87.05,0.2,0.45,Main/PWR_5V,
V0812,b5ccb091-728f-54ae-bae8-5b20fdf18015,70.4,50.449999,70.4,-50.449999,0.3,0.6,Main/GND,
V0813,34b31f09-1568-533a-bf62-475e80ac7d47,70.4,53.55,70.4,-53.55,0.3,0.6,Main/GND,
V0814,8bf90fe2-ea77-56c8-8a44-46d6e5dc796e,70.6,97.45,70.6,-97.45,0.2,0.45,Main/WHEEL_PWM_C,
V0815,60caeda2-f3b1-52eb-b1b7-afe585b00962,70.6063,73.3882,70.6063,-73.3882,0.2,0.45,Main/GND,
V0816,73aae3cc-3922-5271-9355-df46f9d2571e,70.75,76.8,70.75,-76.8,0.3,0.6,Main/GND,
V0817,bc0f6fcb-886d-5de9-9282-21eb995c7f91,70.8,48.7,70.8,-48.7,0.2,0.45,Main/HALL_EN,
V0818,af6f646c-9547-5d08-b109-fcfa4bc28094,71.15,47.3,71.15,-47.3,0.2,0.45,Main/CC_OUT1,
V0819,d039ccd3-b6e1-58b1-a8ff-14dd228dddf5,71.2,97.55,71.2,-97.55,0.2,0.45,Main/WHEEL_PWM_B,
V0820,3b94c3f1-506e-5e0c-9032-ea3b5f08fcc1,71.2,105.5,71.2,-105.5,0.3,0.6,Main/GND,
V0821,95d3bce3-b711-5244-8ef1-1ac8fb1a49d1,71.25,75.95,71.25,-75.95,0.2,0.45,Main/WHEEL_PWM_A,
V0822,4731aac1-5007-5d32-8d11-b250c83851d8,71.275,68.15,71.275,-68.15,0.3,0.6,Main/GND,
V0823,968f86c5-356e-5ddf-8cb9-e2c13546651a,71.45,46.65,71.45,-46.65,0.2,0.45,Main/GND,M_R24.2@F.Cu
V0824,dad46194-42ab-528f-9b76-7104c60b4ba2,71.6,65.825,71.6,-65.825,0.3,0.6,Main/ACT_OVLO,
V0825,1f85eee4-902c-5e63-a121-00b8e4d363c8,71.75,76.8,71.75,-76.8,0.3,0.6,Main/GND,
V0826,addb7af6-6c5d-5c5e-b8b5-c0d99bc6e675,71.8,56.9,71.8,-56.9,0.3,0.6,Main/ACT_5V,
V0827,1d58274f-6657-5125-a4a0-09ea12f74825,71.8,73.05,71.8,-73.05,0.2,0.45,Main/GND,
V0828,d7f1e49c-2d69-5e66-b65a-ce9d8f6acc71,71.9,52.05,71.9,-52.05,0.3,0.6,Main/BTN_R_COIL_P,
V0829,bedddfeb-8850-5ec5-a00e-557b96190c2e,72.0,44.8,72.0,-44.8,0.3,0.6,Main/BTN_R_COIL_N,
V0830,8c7f2a69-aa0c-5080-88ce-48ca498f2614,72.05,51.25,72.05,-51.25,0.3,0.6,Main/BTN_R_COIL_N,
V0831,c39d82a4-34e0-5b34-969e-0deb8ec7a070,72.099999,72.4,72.099999,-72.4,0.3,0.6,Main/DRV_FAULT_LOCAL_N,
V0832,66b3ca7e-28b1-5381-bf09-1307a8d84cff,72.25,75.95,72.25,-75.95,0.2,0.45,Main/WHEEL_PWM_B,
V0833,55b05f47-6461-5874-a64b-1941cc579adf,72.45,36.75,72.45,-36.75,0.3,0.6,Main/GND,
V0834,1fe00302-7f92-53d9-84f7-8f6f4d319b73,72.65,74.099999,72.65,-74.099999,0.2,0.45,Main/ADC2_MISO_LOCAL,
V0835,dd3dd87b-9944-59dc-a8be-84ba9f51468c,72.75,76.8,72.75,-76.8,0.3,0.6,Main/GND,
V0836,7e2ca668-1a20-543f-80b6-fb5bce50e940,72.85,69.2,72.85,-69.2,0.3,0.6,Main/ACT_UVLO,
V0837,657115fe-8b22-5675-afe9-c685dcb1cff8,73.0,50.3,73.0,-50.3,0.3,0.6,Main/GND,
V0838,3650c74f-41bf-5a20-9f0e-0b1f499bdd45,73.0,73.599999,73.0,-73.599999,0.2,0.45,Main/WHEEL_PWM_B,
V0839,a222e6a4-a91d-5520-a98b-4e3b24ada991,73.099999,72.3,73.099999,-72.3,0.2,0.45,Main/DRV_MISO_LOCAL,
V0840,e8745ef4-e665-5a9c-9479-431d1ece4d82,73.1,33.45,73.1,-33.45,0.3,0.6,Main/GND,
V0841,a70369f9-2ce3-5cdc-8798-333c3f3255fc,73.25,75.95,73.25,-75.95,0.2,0.45,Main/WHEEL_PWM_C,
V0842,396d05e9-ce4e-5e01-ad68-aeede1dfddc7,73.45,26.65,73.45,-26.65,0.2,0.45,Main/GND,M_U34.3@F.Cu
V0843,49cf342f-58c7-57db-8485-cddefed2f3e0,73.7,77.7,73.7,-77.7,0.3,0.6,Main/ACT_DRIVE_EN,
V0844,da8ef6dd-5941-5670-908d-e6eb0cffd06a,73.75,72.95,73.75,-72.95,0.2,0.45,Main/WHEEL_PWM_B,
V0845,2279c339-6152-5ba9-a90c-be3ce33a61e4,73.75,76.8,73.75,-76.8,0.3,0.6,Main/GND,
V0846,8b7242db-8c9d-50f9-a820-8244b5159d1c,74.0,61.05,74.0,-61.05,0.3,0.6,Main/GND,
V0847,a6f561c7-e5f4-517b-830d-88114ff96ac7,74.2,54.6,74.2,-54.6,0.3,0.6,Main/GND,
V0848,f1bbb26c-482f-5a8c-b79e-1e8bd81dc2ff,74.25,76.15,74.25,-76.15,0.2,0.45,Main/ACT_DRIVE_EN,
V0849,0422fcf6-c283-5612-b0c4-5039e4ad07fe,74.45,77.8,74.45,-77.8,0.3,0.6,Main/GND,
V0850,8f7c85b9-9239-5d5f-bbcc-05df1db0c1bf,74.7,64.4,74.7,-64.4,0.3,0.6,Main/GND,
V0851,6172d51a-82e6-5449-aaac-684285992ff2,74.75,73.05,74.75,-73.05,0.2,0.45,Main/ADC2_MISO_LOCAL,
V0852,a326df85-61da-5f8d-abe2-cf084d04642a,74.75,81.25,74.75,-81.25,0.2,0.45,Main/BTN_R_IN2,
V0853,6f6465e6-ff2b-59e0-bce1-0ccdc24ee673,74.8,72.3,74.8,-72.3,0.2,0.45,Main/BTN_R_IN1,
V0854,f9b62175-2916-5ff6-97df-4cf809a5ea55,74.8,74.099999,74.8,-74.099999,0.2,0.45,Main/DRV_FAULT_LOCAL_N,
V0855,1381889d-5596-5e58-8192-f5a6b5a992a8,75.25,29.4,75.25,-29.4,0.3,0.6,Main/LOGIC_PG,
V0856,e6fd33bf-f79e-5329-b652-9d386e9b34d9,75.25,36.6,75.25,-36.6,0.3,0.6,Main/GND,
V0857,bc3ff989-c90a-57c3-95c0-d93177e1ffb3,75.25,76.15,75.25,-76.15,0.2,0.45,Main/WHEEL_RUN_REQ,
V0858,5f374f17-01b0-5f4e-a6e5-ab104ed48b09,75.5,62.7,75.5,-62.7,0.3,0.6,Main/PWR_5V,
V0859,f2f84b23-f8ed-5ada-b99a-e6c1562b6e14,75.75,76.8,75.75,-76.8,0.3,0.6,Main/GND,
V0860,6cc1438f-04b1-57b5-8684-467168794d15,75.85,68.65,75.85,-68.65,0.2,0.45,Main/PWR_5V,
V0861,91d2fcc7-6bf0-5839-a2a0-fe6be04a3e1c,75.9,31.55,75.9,-31.55,0.3,0.6,Main/+3V3,
V0862,1e610b1c-1a76-5590-a469-2d8ad68e5023,76.0,69.35,76.0,-69.35,0.3,0.6,Main/GND,
V0863,73e6ce63-7885-51b5-a0ef-266a93e060f3,76.2,73.599999,76.2,-73.599999,0.2,0.45,Main/WHEEL_PWM_B,
V0864,12fb9510-8d1e-5657-99b8-fa8ec0d9fbcb,76.3,73.0,76.3,-73.0,0.2,0.45,Main/WHEEL_PWM_C,
V0865,d3963f0c-72e2-5239-af7d-7e299e36a309,76.35,60.175,76.35,-60.175,0.3,0.6,Main/ACT_OVLO,
V0866,e0850c17-d5f7-52ef-a600-1e29a2001bd4,76.75,76.8,76.75,-76.8,0.3,0.6,Main/GND,
V0867,142fc1e4-f683-5e97-999b-1235ccf00a09,76.85,30.95,76.85,-30.95,0.2,0.45,Main/MCU_EN,
V0868,169b4401-e442-530e-a4a8-84cd0d251050,77.2,101.5,77.2,-101.5,0.3,0.6,Main/GND,
V0869,e2ff108a-f77e-514f-ac20-8ae91ecf560b,77.25,76.15,77.25,-76.15,0.2,0.45,Main/+3V3,
V0870,50483fc9-fc29-55c6-bfbc-e56bb4f6af64,78.0,101.5,78.0,-101.5,0.3,0.6,Main/GND,
V0871,22b443ec-5d3d-53c6-a81e-6c83be3e9aab,78.3,69.5,78.3,-69.5,0.2,0.45,Main/VBUS_USB,M_TP1.1@B.Cu
V0872,70fe16b9-c833-517e-8c89-b5cab84cb321,78.8,101.5,78.8,-101.5,0.3,0.6,Main/GND,
V0873,9fb77eef-aa94-57d8-9940-0eab3db1aabd,79.9,101.5,79.9,-101.5,0.3,0.6,Main/ACT_5V,
V0874,9e4c446b-2f46-517b-8126-5082bc28da58,80.7,101.5,80.7,-101.5,0.3,0.6,Main/ACT_5V,
V0875,cc342e41-d6b9-518f-8860-a7d88276c9f3,81.5,101.5,81.5,-101.5,0.3,0.6,Main/ACT_5V,
V0876,9fcb4316-2d8c-5ab9-b5d2-0b1f81d3dec7,92.2375,58.0,92.2375,-58.0,0.3,0.6,Wheel/ACT_5V,
V0877,8dd78d54-21c2-54b1-9ef1-dbd5f670f30d,92.2375,64.0,92.2375,-64.0,0.3,0.6,Wheel/ACT_5V,
V0878,5059f651-22de-576d-8123-6fead78a9efb,93.037499,58.0,93.037499,-58.0,0.3,0.6,Wheel/ACT_5V,
V0879,5f502c76-01d2-5826-8978-efbf9bff35e8,93.037499,64.0,93.037499,-64.0,0.3,0.6,Wheel/ACT_5V,
V0880,afa5fc9f-29e0-5f4a-9010-7487d9971ee3,93.5,25.5,93.5,-25.5,0.3,0.6,Wheel/ACT_5V,
V0881,e76ddbe0-5af7-549d-a1de-789e18ec6609,93.837499,58.0,93.837499,-58.0,0.3,0.6,Wheel/ACT_5V,
V0882,1583a2ed-d538-503c-8d43-ec197b031caf,93.837499,64.0,93.837499,-64.0,0.3,0.6,Wheel/ACT_5V,
V0883,315116e6-dec5-5d31-9dac-e4f01124bad8,94.0,82.0,94.0,-82.0,0.3,0.6,Encoder/GND,
V0884,be37fa88-1832-5878-8052-8cf535bfe410,94.0,88.0,94.0,-88.0,0.3,0.6,Encoder/GND,
V0885,222d9795-d095-5974-a1a6-e446c0ef0a0f,94.3,25.5,94.3,-25.5,0.3,0.6,Wheel/ACT_5V,
V0886,b29dc6dd-d77b-5dc9-a761-2b67a4b98e88,94.6,19.0,94.6,-19.0,0.3,0.6,Wheel/GND,
V0887,b34a7593-b4bc-53db-961a-1853512dd8bb,95.0,46.1,95.0,-46.1,0.3,0.6,Wheel/GND,
V0888,2d503dc6-2ff3-5bb7-9251-3fbfc6c22835,95.05,40.2,95.05,-40.2,0.3,0.6,Wheel/GND,
V0889,acca67ad-c69e-5d26-a29f-1a27d9fda353,95.1,25.5,95.1,-25.5,0.3,0.6,Wheel/ACT_5V,
V0890,6ceccc26-101d-5eeb-9840-025f4a72e8b8,95.4,19.0,95.4,-19.0,0.3,0.6,Wheel/GND,
V0891,7236e949-d332-5a4c-ba57-799d8e4eaab1,96.0,95.5,96.0,-95.5,0.3,0.6,Encoder/GND,
V0892,0e5396d3-4f57-5118-b198-36dd695d7a07,96.15,43.5,96.15,-43.5,0.3,0.6,Wheel/GND,
V0893,454f8749-2a3b-5a7b-88b2-a1da84316dcd,96.2,19.0,96.2,-19.0,0.3,0.6,Wheel/GND,
V0894,f88e5f55-da00-5b87-b9a6-e90782293f3e,96.4,50.7,96.4,-50.7,0.3,0.6,Wheel/GND,
V0895,f8e53e00-c750-5915-9311-bd6770ba03a0,96.5,90.8,96.5,-90.8,0.3,0.6,Encoder/GND,
V0896,a66b7f53-5d8d-57ff-8df6-0a276698d006,97.0,86.2,97.0,-86.2,0.3,0.6,Encoder/GND,
V0897,9d3fedad-096f-5a32-a240-b484601aa8fd,97.199999,50.7,97.199999,-50.7,0.3,0.6,Wheel/GND,
V0898,7573419d-df42-5bd0-8a49-09f7ff916217,97.25,84.0,97.25,-84.0,0.3,0.6,Encoder/GND,
V0899,940552fe-1d73-56e8-87cf-662f8eca8c74,97.8,81.425,97.8,-81.425,0.3,0.6,Encoder/GND,
V0900,b8d2d496-ce61-55da-bd50-c0ae241fb60e,97.8,87.6,97.8,-87.6,0.3,0.6,Encoder/GND,
V0901,952a548f-2637-58e1-9734-2b68f420f3df,98.0,19.0,98.0,-19.0,0.3,0.6,Wheel/ACT_5V,
V0902,3b8e7ba0-a1ce-52b9-96f6-fcb5e9cf6d76,98.0,50.7,98.0,-50.7,0.3,0.6,Wheel/GND,
V0903,5f1bf5c2-3e12-57cf-913a-6c0060e453b1,98.5,90.8,98.5,-90.8,0.3,0.6,Encoder/GND,
V0904,63af45d6-00c3-5db4-97d2-b5b99f65c60d,98.8,19.0,98.8,-19.0,0.3,0.6,Wheel/ACT_5V,
V0905,b4d49666-2336-5d6f-86e7-e9864a7a50bf,98.8,87.8,98.8,-87.8,0.3,0.6,Encoder/ENC_MISO_LOCAL,
V0906,70938900-2081-555b-9d30-67922e69c311,99.5,90.3,99.5,-90.3,0.3,0.6,Encoder/ENC_MOSI_LOCAL,
V0907,f3a3bec3-48bb-598f-aca9-9cc500169c6f,99.6,19.0,99.6,-19.0,0.3,0.6,Wheel/ACT_5V,
V0908,00a47cdf-9438-5f32-96d5-cf2864c97108,100.5,28.0,100.5,-28.0,0.3,0.6,Wheel/GND,W_C90.2@F.Cu
V0909,baf4c1d9-309b-5b8b-99fb-17f13db019c1,100.95,43.65,100.95,-43.65,0.3,0.6,Wheel/ACT_5V,
V0910,a0ea66d7-3c6e-54b2-b69a-93c82ae7c17e,101.2,88.6,101.2,-88.6,0.3,0.6,Encoder/ENC_MOSI_LOCAL,
V0911,c4bf5b5c-9a5a-5d60-a17d-5d9ee763659d,101.3,28.0,101.3,-28.0,0.3,0.6,Wheel/GND,W_C90.2@F.Cu
V0912,e27e2443-d2b2-53e1-8c54-637f2e6dd1f9,101.5,90.8,101.5,-90.8,0.3,0.6,Encoder/GND,
V0913,d0bffac2-51cf-57a3-a56b-8bc3b85f0e5e,101.6,38.2,101.6,-38.2,0.3,0.6,Wheel/GND,
V0914,e92a7e31-649e-5dba-b91d-65701498924a,102.0,95.5,102.0,-95.5,0.3,0.6,Encoder/GND,
V0915,599aa397-e5be-53e9-b080-aecc0ded3700,102.1,28.0,102.1,-28.0,0.3,0.6,Wheel/GND,
V0916,4cfc1db6-7f28-546f-9c57-8faaf7b9bd58,102.1375,43.0,102.1375,-43.0,0.3,0.6,Wheel/GND,W_U30.2@F.Cu
V0917,3407e778-56a4-5319-bb3c-efdfb43997b6,102.237499,58.0,102.237499,-58.0,0.3,0.6,Wheel/ACT_5V,
V0918,04a6578c-3eae-564c-a943-44399dc7d7ad,102.237499,64.0,102.237499,-64.0,0.3,0.6,Wheel/ACT_5V,
V0919,2783620c-c53d-56eb-9035-842e9dc89461,102.5,90.8,102.5,-90.8,0.3,0.6,Encoder/ENC_MISO_LOCAL,
V0920,75c014c5-f207-5957-b772-08bd5a25a525,103.0,45.35,103.0,-45.35,0.3,0.6,Wheel/GND,
V0921,9904ba36-cd43-589a-8ebd-adfe67fb8514,103.0375,58.0,103.0375,-58.0,0.3,0.6,Wheel/ACT_5V,
V0922,9bf5dc17-f046-5be2-ba32-79ea23dca41a,103.0375,64.0,103.0375,-64.0,0.3,0.6,Wheel/ACT_5V,
V0923,a32c81e6-078e-5e50-beb9-835736d63448,103.8375,58.0,103.8375,-58.0,0.3,0.6,Wheel/ACT_5V,
V0924,80e6be25-1f65-54c1-9988-ac72fec01b8a,103.8375,64.0,103.8375,-64.0,0.3,0.6,Wheel/ACT_5V,
V0925,771ef387-87a4-5ccc-b20f-963c3af823f1,104.0,40.15,104.0,-40.15,0.3,0.6,Wheel/GND,
V0926,e3afd20f-d547-5c8f-bce7-62cade20453b,104.0,82.0,104.0,-82.0,0.3,0.6,Encoder/GND,
V0927,262e6357-c302-5ab5-aa3b-a2227687358a,104.0,88.0,104.0,-88.0,0.3,0.6,Encoder/GND,
V0928,b77f0674-dd4f-5de7-9ac6-145b1e49aed6,104.6,54.45,104.6,-54.45,0.3,0.6,Wheel/ACT_5V,
V0929,d50024cc-b313-5472-a887-cb0be725b140,105.2,10.9,105.2,-10.9,0.3,0.6,Wheel/GND,
V0930,147db23d-7d90-57ea-9e40-1297a442b7e9,105.2,19.5,105.2,-19.5,0.3,0.6,Wheel/ACT_5V,
V0931,ef9a7714-1990-5ea5-bcfa-39cd71b41af0,105.7,50.9,105.7,-50.9,0.3,0.6,Wheel/ACT_5V,
V0932,76e7d6a4-ba5c-5509-b2ce-e01a04f70dec,106.0,10.9,106.0,-10.9,0.3,0.6,Wheel/GND,
V0933,6bf457ab-6246-5844-816e-7bb09dd1d231,106.0,19.5,106.0,-19.5,0.3,0.6,Wheel/ACT_5V,
V0934,c55dbbb0-2d9e-59fb-8d03-4dd6cca602cc,106.0,32.6,106.0,-32.6,0.3,0.6,Wheel/GND,
V0935,9f02aaee-3833-54b9-90bc-f923df789908,106.0,41.225,106.0,-41.225,0.3,0.6,Wheel/GND,W_C65.2@F.Cu
V0936,21cf42d8-0003-537c-824a-9f727742cd79,106.0,47.1,106.0,-47.1,0.3,0.6,Wheel/GND,
V0937,8d3e2a3b-4dc6-592a-954d-e6d69c2aae0f,106.8,10.9,106.8,-10.9,0.3,0.6,Wheel/GND,
V0938,9949de0d-8233-5989-a847-87caca582df6,106.8,19.5,106.8,-19.5,0.3,0.6,Wheel/ACT_5V,
V0939,5b853334-b9c2-5aad-8bcd-2601fb7681f6,107.0,36.2,107.0,-36.2,0.3,0.6,Wheel/ACT_5V,
V0940,77b8ab21-d3df-5c58-b5f7-a6ea0427031b,107.8,36.2,107.8,-36.2,0.3,0.6,Wheel/ACT_5V,
V0941,3e35e741-40ee-57df-a5b7-07fc9df3fb87,107.85,39.35,107.85,-39.35,0.3,0.6,Wheel/GND,
V0942,c601f84c-eb80-5604-ad3a-684fe2eca9ad,107.85,40.85,107.85,-40.85,0.3,0.6,Wheel/ACT_5V,
V0943,405786d8-2789-538b-b81c-7b5a4e0ab969,108.5,27.6,108.5,-27.6,0.3,0.6,Wheel/GND,
V0944,ceeaafbe-d3d3-5365-b7c0-9fa3a4e9fc21,108.85,25.2,108.85,-25.2,0.3,0.6,Wheel/ADC2_SPARE6,
V0945,c5e95aee-e034-5f18-8999-33893a863581,110.35,26.5,110.35,-26.5,0.3,0.6,Wheel/GND,
V0946,703bd45b-3a01-5588-aa1f-0bea5606d843,110.35,36.6,110.35,-36.6,0.3,0.6,Wheel/GND,
V0947,118daef4-931a-5266-bcea-0c1baed9c1bb,110.35,37.8,110.35,-37.8,0.3,0.6,Wheel/GND,
V0948,294aa05b-a758-59c5-b970-e73fd9b95f64,110.6,22.7,110.6,-22.7,0.3,0.6,Wheel/GND,
V0949,224f5787-7c7d-5ec0-aee0-4c2fd73dfd60,111.0,17.65,111.0,-17.65,0.3,0.6,Wheel/ADC2_SPARE7,
V0950,081fba90-fe6e-5c1b-abd7-b8fe71d21871,111.0,18.85,111.0,-18.85,0.3,0.6,Wheel/GND,
V0951,2cfd5ffe-58c2-5064-88a1-3ded624c4608,111.5,41.7,111.5,-41.7,0.3,0.6,Wheel/ACT_5V,
V0952,6755a876-0d75-5e17-970e-6cd87ce00947,111.8,25.15,111.8,-25.15,0.3,0.6,Wheel/DRV_AVDD,
V0953,dc29a6c8-81d9-581d-a61d-d9d16b02ce09,111.9,21.2,111.9,-21.2,0.3,0.6,Wheel/DRV_AVDD,
V0954,c35f2682-4069-5b40-a365-96fc16049ed9,111.95,39.2,111.95,-39.2,0.3,0.6,Wheel/GND,
V0955,6a73ae3f-96f4-5808-84ad-872bbf513f8a,112.3,41.7,112.3,-41.7,0.3,0.6,Wheel/ACT_5V,
V0956,1af09431-371a-50d6-a7f7-9bbf7dafc276,112.6,23.75,112.6,-23.75,0.2,0.45,Wheel/ADC2_MISO_LOCAL,
V0957,1b15be46-0031-52b1-a6bd-7b60b917f30c,112.65,22.0,112.65,-22.0,0.3,0.6,Wheel/ADC2_SPARE5,
V0958,622920a6-c953-5740-bf40-bb361dea41ea,113.1,41.7,113.1,-41.7,0.3,0.6,Wheel/ACT_5V,
V0959,eeddd320-dac4-593c-b84a-415a39d007d7,113.35,32.05,113.35,-32.05,0.3,0.6,Wheel/GND,
V0960,d4c5c33a-ba83-5ce3-a199-f4128cb01438,113.4,23.25,113.4,-23.25,0.2,0.45,Wheel/ADC2_CS_LOCAL,W_U23.11@F.Cu
V0961,b9744fb9-fb83-5135-bf23-4dbac22548b5,113.55,21.7,113.55,-21.7,0.3,0.6,Wheel/GND,
V0962,3698bdc6-ddb8-5c03-a891-8651245a3cfd,113.775,22.75,113.775,-22.75,0.2,0.45,Wheel/DRV_AVDD,W_U23.10@F.Cu
V0963,a549c4ec-4d7e-57a7-9fc4-1f9c2a2aefe3,113.85,24.4575,113.85,-24.4575,0.2,0.45,Wheel/ADC2_SCLK_LOCAL,
V0964,8e5014f7-aaf3-53bb-bb24-f32ef5621185,114.1,38.3,114.1,-38.3,0.3,0.6,Wheel/GND,
V0965,e73fb842-514e-5085-a3de-8cc611802b2a,114.75,24.25,114.75,-24.25,0.2,0.45,Wheel/ADC2_MOSI_LOCAL,W_U23.14@F.Cu
V0966,bd473338-99ed-59d6-8bd6-65b0cfb001aa,115.0,17.35,115.0,-17.35,0.3,0.6,Wheel/GND,
V0967,4d4360db-babd-5b18-9085-a23bb0e12312,115.0,23.0,115.0,-23.0,0.3,0.6,Wheel/GND,W_U23.17@F.Cu
V0968,5c11b8e3-9d5b-5355-b62a-edea22315db4,115.25,21.75,115.25,-21.75,0.2,0.45,Wheel/ADC2_SPARE7,W_U23.6@F.Cu
V0969,425cbde0-7051-5102-84b9-ea769840a69c,115.75,21.1,115.75,-21.1,0.2,0.45,Wheel/ADC2_SPARE6,W_U23.5@F.Cu
V0970,20ee6d08-7630-5153-b660-5f464c3da69d,115.75,37.25,115.75,-37.25,0.3,0.6,Wheel/GND,W_U21.41@F.Cu
V0971,962b4882-bb8f-51a6-a925-fec8bad80f87,115.8,34.3,115.8,-34.3,0.3,0.6,Wheel/GND,W_U21.41@F.Cu
V0972,b577c900-634f-581f-bacf-240854c4712d,115.8,35.0,115.8,-35.0,0.3,0.6,Wheel/GND,W_U21.41@F.Cu
V0973,9b687461-a9a2-572e-80a3-b580f739e930,115.8,35.7,115.8,-35.7,0.3,0.6,Wheel/GND,W_U21.41@F.Cu
V0974,c1252c1f-fa7b-5c0e-9157-02a833fbd1c9,115.85,25.6,115.85,-25.6,0.3,0.6,Wheel/GND,
V0975,65d550e2-ad3c-5224-b988-4e56a575803e,116.15,20.05,116.15,-20.05,0.3,0.6,Wheel/DRV_AVDD,
V0976,43cf1888-9381-56a1-8694-bae6458e79b2,116.25,31.75,116.25,-31.75,0.2,0.45,Wheel/DRV_AVDD,W_U21.37@F.Cu
V0977,10001785-085a-5e5a-80e0-3c948c6ba1a0,116.5,34.3,116.5,-34.3,0.3,0.6,Wheel/GND,W_U21.41@F.Cu
V0978,8f6d0edf-4baa-59b4-a702-96e6076e8297,116.5,35.0,116.5,-35.0,0.3,0.6,Wheel/GND,W_U21.41@F.Cu
V0979,2d72dd08-c7b4-59a6-baac-a34d42c00f6e,116.5,35.7,116.5,-35.7,0.3,0.6,Wheel/GND,W_U21.41@F.Cu
V0980,15a37c1f-e73c-5e76-b1b0-0f0e343ebb39,116.7,22.25,116.7,-22.25,0.2,0.45,Wheel/ADC2_SPARE5,W_U23.4@F.Cu
V0981,92ec5d19-c1a4-51d1-a565-ef7e4d645573,116.75,30.85,116.75,-30.85,0.2,0.45,Wheel/DRV_CS_LOCAL,
V0982,5a25c19a-4906-5e9a-8eb6-e633d99ef74e,117.2,34.3,117.2,-34.3,0.3,0.6,Wheel/GND,W_U21.41@F.Cu
V0983,ab94ae27-dbb8-5c37-9962-5c54ace315d7,117.2,35.0,117.2,-35.0,0.3,0.6,Wheel/GND,W_U21.41@F.Cu
V0984,8cc68ee5-2be3-5a1a-ac0b-0b598dc2efaa,117.2,35.7,117.2,-35.7,0.3,0.6,Wheel/GND,W_U21.41@F.Cu
V0985,487ca664-904b-5bc9-8d1a-08c58e3ad048,117.25,28.55,117.25,-28.55,0.3,0.6,Wheel/DRV_AVDD,
V0986,9af4016a-e174-5f96-ac57-5d3cee8ec840,117.25,30.0,117.25,-30.0,0.2,0.45,Wheel/DRV_SCLK_LOCAL,
V0987,2848bcbc-e0de-5f09-951a-df133a5c7117,117.25,37.25,117.25,-37.25,0.3,0.6,Wheel/GND,W_U21.41@F.Cu
V0988,73cc903a-02fc-5427-ab9b-fa48a57b411e,117.6,24.95,117.6,-24.95,0.3,0.6,Wheel/ADC2_MISO_LOCAL,
V0989,7d9a5599-bf9b-5dfe-894b-964cdbd575ec,117.75,31.75,117.75,-31.75,0.2,0.45,Wheel/DRV_MOSI_LOCAL,W_U21.34@F.Cu
V0990,d904ce6d-fb42-55d5-9cb9-e50bfafa88bd,118.1,35.25,118.1,-35.25,0.3,0.6,Wheel/GND,W_U21.41@F.Cu
V0991,f68e2243-40c9-54cc-a05f-54656eb351de,118.25,30.8,118.25,-30.8,0.2,0.45,Wheel/DRV_MISO_LOCAL,
V0992,fcef2741-74b7-5ae5-87c3-a7351f2a942d,118.75,25.6,118.75,-25.6,0.3,0.6,Wheel/GND,
V0993,a2b599e2-44e0-54b1-92c6-0510f66bac2a,118.75,32.75,118.75,-32.75,0.2,0.45,Wheel/DRV_INHC,W_U21.31@F.Cu
V0994,01f762e2-587e-50dc-b1ce-cbbe382c61f4,118.75,33.75,118.75,-33.75,0.2,0.45,Wheel/DRV_INHB,W_U21.29@F.Cu
V0995,4132a2a1-b710-5897-a47f-7822f38c4cc2,118.75,34.75,118.75,-34.75,0.2,0.45,Wheel/DRV_INHA,W_U21.27@F.Cu
V0996,86a99d0f-28a0-5039-a5dd-cf35d13666d6,118.75,35.75,118.75,-35.75,0.2,0.45,Wheel/DRV_AVDD,W_U21.25@F.Cu
V0997,da7c8d74-76b0-5470-873c-c3c2d905104f,118.75,37.25,118.75,-37.25,0.2,0.45,Wheel/DRV_FAULT_LOCAL_N,W_U21.22@F.Cu
V0998,4fe2667a-26c3-51f9-9183-7c4567dcfbbf,119.1,13.05,119.1,-13.05,0.2,0.45,Wheel/MOTOR_SPI_MOSI,
V0999,5126367b-48a4-5a5d-b4f5-323051839542,119.4,36.75,119.4,-36.75,0.2,0.45,Wheel/ACT_DRIVE_EN,
V1000,5b985fb5-6178-5d92-9c22-71f4a21ce942,119.5,15.6,119.5,-15.6,0.2,0.45,Wheel/GND,
V1001,413dfa6c-7f60-512f-bd69-0aecf4479d46,119.7,32.25,119.7,-32.25,0.2,0.45,Wheel/WHEEL_RUN_EN,
V1002,ed836cce-6797-51f8-9638-91ee21c547cb,119.7,33.25,119.7,-33.25,0.2,0.45,Wheel/WHEEL_RUN_EN,
V1003,fb0f2d76-ca42-5ec2-a230-6633d39345aa,119.7,34.25,119.7,-34.25,0.2,0.45,Wheel/WHEEL_RUN_EN,
V1004,eff34eec-987a-5deb-88a6-5759d194040e,119.75,12.5,119.75,-12.5,0.2,0.45,Wheel/GND,
V1005,129a0a34-c1b6-5db6-8f6e-3a727f7cc365,120.05,42.9,120.05,-42.9,0.3,0.6,Wheel/DRV_AVDD,
V1006,6b00b9da-1635-5a14-89ca-bdbec3e7d88d,120.35,33.05,120.35,-33.05,0.3,0.6,Wheel/DRV_INHC,
V1007,b8f58dbc-5ed3-5839-986d-74ce4afe2f3d,120.35,34.05,120.35,-34.05,0.3,0.6,Wheel/DRV_INHB,
V1008,5558ea10-29a2-529c-bb3d-6e67b3420728,120.4,34.85,120.4,-34.85,0.3,0.6,Wheel/GND,
V1009,2814f829-f4df-5797-8acb-05c6994156a2,120.45,38.15,120.45,-38.15,0.3,0.6,Wheel/DRV_AVDD,
V1010,0b21af79-2deb-536c-be50-5419ee594834,120.65,18.2,120.65,-18.2,0.3,0.6,Wheel/SPI_SCLK,
V1011,bc0bb3df-b509-505a-958d-7c7cae4d2164,120.75,12.5,120.75,-12.5,0.2,0.45,Wheel/GND,
V1012,cd5caf38-830f-577c-a292-52a02b6813aa,120.75,39.25,120.75,-39.25,0.3,0.6,Wheel/DRV_AVDD,
V1013,8eb733a3-be1f-53ad-bc47-104758a767eb,121.2,36.5,121.2,-36.5,0.3,0.6,Wheel/DRV_INHA,
V1014,386cc159-9a7c-5825-a9e4-b5d74147a1c2,121.25,15.55,121.25,-15.55,0.3,0.6,Wheel/SPI_MOSI,
V1015,e93ee21b-550c-57c3-961a-9fb9d2f9f7bd,121.65,42.65,121.65,-42.65,0.3,0.6,Wheel/ACT_DRIVE_EN,
V1016,04dcf9a1-b854-5709-b7e6-0b0f1dc992bc,121.75,12.5,121.75,-12.5,0.2,0.45,Wheel/GND,
V1017,50c7b7f7-32c7-51d2-94fd-2dd47380714c,121.75,29.45,121.75,-29.45,0.3,0.6,Wheel/SPI_SCLK,
V1018,9f947786-fc95-52c4-9315-202357623c6e,121.9,15.0,121.9,-15.0,0.3,0.6,Wheel/CS_DRV8316,
V1019,f4c8a4ef-b39c-5347-b943-0b08024568e4,122.0,19.85,122.0,-19.85,0.3,0.6,Wheel/MOTOR_SPI_MOSI,
V1020,1a9f7324-26e7-5d96-8729-b51142ec58ad,122.0,34.85,122.0,-34.85,0.3,0.6,Wheel/GND,
V1021,f9ad5f07-2708-5b12-9639-8e5b62fa8d86,122.1,24.95,122.1,-24.95,0.3,0.6,Wheel/ADC2_CS_LOCAL,
V1022,7efbcd24-bf78-5372-9239-3ad5626fbf93,122.75,12.5,122.75,-12.5,0.2,0.45,Wheel/GND,
V1023,ed579a7c-196e-52eb-9ef1-c1d7aca705e2,122.85,18.2,122.85,-18.2,0.3,0.6,Wheel/MOTOR_SPI_SCLK,
V1024,fdc0ad4a-5e5a-5b3d-ab70-3cc9d24d2623,122.95,20.7,122.95,-20.7,0.3,0.6,Wheel/ADC2_SCLK_LOCAL,
V1025,f6cf9380-2e4a-58ae-b71b-0d3732811ca5,122.95,21.5,122.95,-21.5,0.3,0.6,Wheel/MOTOR_SPI_MOSI,
V1026,bb8f2dfa-b530-5fe4-b36f-92c941f55a46,122.95,22.65,122.95,-22.65,0.3,0.6,Wheel/ADC2_MOSI_LOCAL,
V1027,fde837d8-f64c-5e48-97e3-000fd5faa6df,123.25,14.8,123.25,-14.8,0.2,0.45,Wheel/DRV_MISO_LOCAL,
V1028,f3dbdad4-4e5d-5c47-939d-41c897dcdd44,123.75,12.5,123.75,-12.5,0.2,0.45,Wheel/GND,
V1029,bd47e1c9-c946-5bfc-9d0c-5659fb836e0f,123.9,33.15,123.9,-33.15,0.3,0.6,Wheel/SPI_MOSI,
V1030,98c7e9f5-d313-5b22-939d-3970f3d0d509,124.1375,19.05,124.1375,-19.05,0.2,0.45,Wheel/GND,W_U26.1@F.Cu
V1031,7c7c3c67-db67-58ba-a4f0-3b23887f0224,124.25,18.35,124.25,-18.35,0.3,0.6,Wheel/MOTOR_SPI_SCLK,
V1032,43692b3b-b564-577b-a3d3-be3e9c00be34,124.75,12.5,124.75,-12.5,0.2,0.45,Wheel/GND,
V1033,aac73a61-865a-5a24-8c5a-1816c96e6a24,124.9,41.3,124.9,-41.3,0.2,0.45,Wheel/GND,
V1034,5b7ef346-44ac-50ea-89cd-867056d9416f,124.9,42.05,124.9,-42.05,0.3,0.6,Wheel/+3V3,
V1035,2f4a0b25-cb67-5d23-89c7-9da23aabe011,124.95,30.0,124.95,-30.0,0.3,0.6,Wheel/DRV_SCLK_LOCAL,
V1036,43d057eb-704d-5cb5-a4c4-4e7636caff1d,124.95,31.95,124.95,-31.95,0.3,0.6,Wheel/DRV_MOSI_LOCAL,
V1037,a7d90ef7-071e-587f-a300-c67501ef1b87,125.25,13.05,125.25,-13.05,0.2,0.45,Wheel/MOTOR_SPI_MOSI,
V1038,5ed13832-65fd-5f3c-a978-92ee6e9523d7,125.75,12.5,125.75,-12.5,0.2,0.45,Wheel/GND,
V1039,bc3aa602-347d-577c-976e-fd3ed6a9cd5e,126.15,14.95,126.15,-14.95,0.3,0.6,Wheel/CS_ADC2,
V1040,b13c8901-c423-59f3-9f03-ca7e0441caf8,126.4,47.4,126.4,-47.4,0.3,0.6,Wheel/ACT_DRIVE_EN,
V1041,0e9dfbfe-8f15-5025-858c-ab51e54cbcdf,126.6375,29.05,126.6375,-29.05,0.2,0.45,Wheel/GND,W_U24.1@F.Cu
V1042,70bc7515-9e64-5381-a777-9f7f5eae1992,126.75,12.5,126.75,-12.5,0.2,0.45,Wheel/GND,
V1043,b815b804-2bc5-5cfb-b578-89c016ddcf32,126.95,40.7,126.95,-40.7,0.3,0.6,Wheel/WHEEL_RUN_EN,
V1044,87ecf254-d86a-5c3c-b85f-de6f0302b967,127.05,37.6,127.05,-37.6,0.3,0.6,Wheel/WHEEL_PWM_B,
V1045,dc9552fc-09da-5398-bdd0-a77414b556b8,127.05,42.15,127.05,-42.15,0.2,0.45,Wheel/+3V3,W_U22.14@F.Cu
V1046,71e348cb-0be0-5eea-afb3-3adb5b9a0d1a,127.35,30.45,127.35,-30.45,0.3,0.6,Wheel/SPI_MOSI,
V1047,8225bb42-b940-5911-80ab-3817333a5ceb,127.35,32.15,127.35,-32.15,0.3,0.6,Wheel/SPI_MOSI,
V1048,fb7461fb-00f7-555c-bf90-6476e5a2d477,127.75,12.5,127.75,-12.5,0.2,0.45,Wheel/GND,
V1049,2d9fb3bf-fc89-5bd3-bd4f-e224c61789df,128.2,24.05,128.2,-24.05,0.3,0.6,Wheel/CS_DRV8316,
V1050,9c20c3ff-063f-55b8-907f-f242d1b4de56,128.25,13.05,128.25,-13.05,0.2,0.45,Wheel/WHEEL_PWM_A,
V1051,5f67ad93-785c-5731-a811-6e0f7adb4451,128.65,20.9,128.65,-20.9,0.3,0.6,Wheel/CS_ADC2,
V1052,8f32065b-bdf7-56d1-8977-6c8e5755f031,128.75,12.5,128.75,-12.5,0.2,0.45,Wheel/GND,
V1053,dc146e61-3d34-5a5d-9360-c63869705462,129.0,47.85,129.0,-47.85,0.2,0.45,Wheel/WHEEL_PWM_A,W_U22.4@F.Cu
V1054,dc39e478-89ba-5f93-aea5-9cf3cfef4ea6,129.3,14.95,129.3,-14.95,0.3,0.6,Wheel/WHEEL_PWM_B,
V1055,61b5a3ba-02d2-5886-b22a-a230d414d0af,129.3,36.0,129.3,-36.0,0.2,0.45,Wheel/GND,
V1056,f6915a33-4041-5425-b026-220beb973153,129.3,38.5,129.3,-38.5,0.2,0.45,Wheel/GND,
V1057,15208648-69cd-5fc8-bca5-1c86a7fe3974,129.35,40.6,129.35,-40.6,0.3,0.6,Wheel/WHEEL_PWM_B,
V1058,c42fc56f-0aeb-5f24-9b3a-c867954fa66c,129.4,43.7,129.4,-43.7,0.3,0.6,Wheel/WHEEL_PWM_C,
V1059,8d2bafbf-94f8-5a89-8924-072b243541b3,129.75,12.5,129.75,-12.5,0.2,0.45,Wheel/GND,
V1060,f38474d3-d225-5f07-a227-0c7a596ceedf,129.8,45.9,129.8,-45.9,0.2,0.45,Wheel/GND,
V1061,a2d15dcd-6f53-5dd3-8447-036b958690cf,130.1,14.95,130.1,-14.95,0.3,0.6,Wheel/WHEEL_PWM_C,
V1062,62ec15be-8ce1-5774-a146-dde2f6e9dc0d,130.7,21.6,130.7,-21.6,0.2,0.45,Wheel/GND,
V1063,ee772ce1-eef6-5f83-aad0-46bb23eafcff,130.7,32.7,130.7,-32.7,0.3,0.6,Wheel/DRV_CS_LOCAL,
V1064,83b7c18b-996d-5e50-83b3-f84844675a20,130.75,12.5,130.75,-12.5,0.2,0.45,Wheel/GND,
V1065,8087f534-b508-5966-aa24-a7883ed1602c,131.2,44.8,131.2,-44.8,0.3,0.6,Wheel/WHEEL_PWM_C,
V1066,d46f06ca-12d7-53db-8af0-9da47dea8e84,131.25,14.95,131.25,-14.95,0.3,0.6,Wheel/ACT_DRIVE_EN,
V1067,71cf5e3b-e1d9-5ffa-bfc9-827abd33683d,131.75,12.5,131.75,-12.5,0.2,0.45,Wheel/GND,
V1068,bdb404f8-9eb6-5ae2-8562-b72b1512d3b9,131.8,21.7,131.8,-21.7,0.3,0.6,Wheel/DRV_AVDD,
V1069,b2920740-7510-53d3-aa78-c54dfba0fee1,131.8,23.1,131.8,-23.1,0.3,0.6,Wheel/DRV_AVDD,
V1070,64edd786-6cfd-5bd6-bd12-e9beffc7cb15,131.8,28.4,131.8,-28.4,0.3,0.6,Wheel/DRV_AVDD,
V1071,3e0c0673-c83d-5be1-819b-08ee6dbc7160,131.8625,30.35,131.8625,-30.35,0.2,0.45,Wheel/GND,W_U24.12@F.Cu
V1072,64b8bbdc-12c3-52da-8e9a-c40c9c225873,131.8625,31.65,131.8625,-31.65,0.2,0.45,Wheel/GND,W_U24.10@F.Cu
V1073,98382b4c-6ecb-5a17-802c-55ba0c751bfa,132.3,42.7,132.3,-42.7,0.3,0.6,Wheel/WHEEL_PWM_B,
V1074,a4e9a17f-1e1a-50d7-bca3-cc9fa1af8c40,132.5,26.3,132.5,-26.3,0.2,0.45,Wheel/GND,
V1075,7ac2932a-6b89-5542-bb1e-4417e87d7872,132.75,12.5,132.75,-12.5,0.2,0.45,Wheel/GND,
V1076,e9d078e8-cf93-5556-9d91-634b11832d77,132.95,27.25,132.95,-27.25,0.3,0.6,Wheel/DRV_AVDD,
V1077,40fbef53-4897-5d40-ad4a-2d032c827f75,133.5,14.95,133.5,-14.95,0.3,0.6,Wheel/DRV_FAULT_LOCAL_N,
V1078,50afd91e-b788-58df-a264-590ab5ce516f,133.75,12.5,133.75,-12.5,0.2,0.45,Wheel/GND,
V1079,128b17ab-162f-51e3-bf46-16b07c969285,134.25,14.8,134.25,-14.8,0.2,0.45,Wheel/+3V3,
V1080,9038e32f-75c0-5026-87af-c34d6574f3d4,134.25,32.15,134.25,-32.15,0.3,0.6,Wheel/DRV_AVDD,
V1081,8415d010-d862-5512-8bee-b729b1f58a71,134.35,42.5,134.35,-42.5,0.3,0.6,Wheel/WHEEL_PWM_A,
V1082,d6eeb4a6-b315-537f-b086-2030f6958c8d,134.35,45.75,134.35,-45.75,0.3,0.6,Wheel/WHEEL_PWM_C,
V1083,220b7538-f472-5fe5-9e6d-0c331af603d4,134.85,34.0,134.85,-34.0,0.3,0.6,Wheel/DRV_AVDD,
V1084,48d1de49-f7df-5226-a449-6c99db1edcd1,134.9,13.05,134.9,-13.05,0.2,0.45,Wheel/WHEEL_PWM_A,
V1085,03cc04d1-50f8-5161-90f7-92a16226b69b,135.7,36.5,135.7,-36.5,0.3,0.6,Wheel/DRV_FAULT_LOCAL_N,
V1086,d2c66f7b-425c-5efb-a1c9-925413485189,135.85,33.0,135.85,-33.0,0.3,0.6,Wheel/DRV_FAULT_LOCAL_N,
V1087,8ac2fea3-3dab-54c2-9de4-c92fd4232239,136.0,33.8,136.0,-33.8,0.3,0.6,Wheel/DRV_FAULT_LOCAL_N,
V1088,99886823-23a9-5f8d-9bcf-1b0f8fd9c016,137.5,34.2,137.5,-34.2,0.3,0.6,Wheel/DRV_FAULT_LOCAL_N,
