Board,Reference,Pad,Primitive_count,Area_mm2,Perimeter_mm,Thickness_mm,Polygon_wkt,Volume_mm3,Area_ratio,X_mm,Y_mm,Rotation_deg,Status
Main,D5,1,1,0.3025,2.2,0.1,"POLYGON ((41.5 26.95, 42.05 26.95, 42.05 27.5, 41.5 27.5, 41.5 26.95))",0.03025,1.375,41.775,27.22500000000001,0.0,Geometric release screen passes
Main,D5,2,1,0.3025,2.2,0.1,"POLYGON ((42.45 26.95, 43 26.95, 43 27.5, 42.45 27.5, 42.45 26.95))",0.03025,1.375,42.725,27.22500000000001,0.0,Geometric release screen passes
Main,D5,3,1,0.3025,2.2,0.1,"POLYGON ((42.45 26, 43 26, 43 26.55, 42.45 26.55, 42.45 26))",0.03025,1.375,42.725,26.274999999999995,0.0,Geometric release screen passes
Main,D5,4,1,0.3025,2.2,0.1,"POLYGON ((41.5 26, 42.05 26, 42.05 26.55, 41.5 26.55, 41.5 26))",0.03025,1.375,41.775,26.274999999999995,0.0,Geometric release screen passes
Main,R8,1,1,0.72485,3.154601,0.1,"POLYGON ((13.725 46.225, 13.689716 46.221863, 13.65081 46.210731, 13.614941 46.191994, 13.583579 46.166421, 13.558006 46.135059, 13.539269 46.09919, 13.528137 46.060284, 13.525 46.025, 13.525 45.625, 13.528137 45.589716, 13.539269 45.55081, 13.558006 45.514941, 13.583579 45.483579, 13.614941 45.458006, 13.65081 45.439269, 13.689716 45.428137, 13.725 45.425, 14.275 45.425, 14.310284 45.428137, 14.34919 45.439269, 14.385059 45.458006, 14.416421 45.483579, 14.441994 45.514941, 14.460731 45.55081, 14.471863 45.589716, 14.475 45.625, 14.475 46.025, 14.471863 46.060284, 14.460731 46.09919, 14.441994 46.135059, 14.416421 46.166421, 14.385059 46.191994, 14.34919 46.210731, 14.310284 46.221863, 14.275 46.225, 13.725 46.225))",0.072485,2.2978,14.000000000000002,45.82499999999999,90.0,Geometric release screen passes
Main,R8,2,1,0.72485,3.154601,0.1,"POLYGON ((13.725 44.575, 13.689716 44.571863, 13.65081 44.560731, 13.614941 44.541994, 13.583579 44.516421, 13.558006 44.485059, 13.539269 44.44919, 13.528137 44.410284, 13.525 44.375, 13.525 43.975, 13.528137 43.939716, 13.539269 43.90081, 13.558006 43.864941, 13.583579 43.833579, 13.614941 43.808006, 13.65081 43.789269, 13.689716 43.778137, 13.725 43.775, 14.275 43.775, 14.310284 43.778137, 14.34919 43.789269, 14.385059 43.808006, 14.416421 43.833579, 14.441994 43.864941, 14.460731 43.90081, 14.471863 43.939716, 14.475 43.975, 14.475 44.375, 14.471863 44.410284, 14.460731 44.44919, 14.441994 44.485059, 14.416421 44.516421, 14.385059 44.541994, 14.34919 44.560731, 14.310284 44.571863, 14.275 44.575, 13.725 44.575))",0.072485,2.2978,14.000000000000002,44.17499999999999,90.0,Geometric release screen passes
Main,U16,1,1,0.581041,3.576441,0.1,"POLYGON ((12.4 86.95, 12.402285 86.928743, 12.412232 86.902075, 12.429289 86.879289, 12.452075 86.862232, 12.478743 86.852285, 12.5 86.85, 13.775 86.85, 13.796257 86.852285, 13.822925 86.862232, 13.845711 86.879289, 13.862768 86.902075, 13.872715 86.928743, 13.875 86.95, 13.875 87.15, 13.872715 87.171257, 13.862768 87.197925, 13.845711 87.220711, 13.822925 87.237768, 13.796257 87.247715, 13.775 87.25, 12.5 87.25, 12.478743 87.247715, 12.452075 87.237768, 12.429289 87.220711, 12.412232 87.197925, 12.402285 87.171257, 12.4 87.15, 12.4 86.95))",0.058104,1.6246,13.137500000000001,87.04999999999998,0.0,Geometric release screen passes
Main,U16,2,1,0.581041,3.576441,0.1,"POLYGON ((12.4 87.6, 12.402285 87.578743, 12.412232 87.552075, 12.429289 87.529289, 12.452075 87.512232, 12.478743 87.502285, 12.5 87.5, 13.775 87.5, 13.796257 87.502285, 13.822925 87.512232, 13.845711 87.529289, 13.862768 87.552075, 13.872715 87.578743, 13.875 87.6, 13.875 87.8, 13.872715 87.821257, 13.862768 87.847925, 13.845711 87.870711, 13.822925 87.887768, 13.796257 87.897715, 13.775 87.9, 12.5 87.9, 12.478743 87.897715, 12.452075 87.887768, 12.429289 87.870711, 12.412232 87.847925, 12.402285 87.821257, 12.4 87.8, 12.4 87.6))",0.058104,1.6246,13.137499999999992,87.69999999999999,0.0,Geometric release screen passes
Main,U16,3,1,0.581041,3.576441,0.1,"POLYGON ((12.4 88.25, 12.402285 88.228743, 12.412232 88.202075, 12.429289 88.179289, 12.452075 88.162232, 12.478743 88.152285, 12.5 88.15, 13.775 88.15, 13.796257 88.152285, 13.822925 88.162232, 13.845711 88.179289, 13.862768 88.202075, 13.872715 88.228743, 13.875 88.25, 13.875 88.45, 13.872715 88.471257, 13.862768 88.497925, 13.845711 88.520711, 13.822925 88.537768, 13.796257 88.547715, 13.775 88.55, 12.5 88.55, 12.478743 88.547715, 12.452075 88.537768, 12.429289 88.520711, 12.412232 88.497925, 12.402285 88.471257, 12.4 88.45, 12.4 88.25))",0.058104,1.6246,13.137500000000001,88.35000000000001,0.0,Geometric release screen passes
Main,U16,4,1,0.581041,3.576441,0.1,"POLYGON ((12.4 88.9, 12.402285 88.878743, 12.412232 88.852075, 12.429289 88.829289, 12.452075 88.812232, 12.478743 88.802285, 12.5 88.8, 13.775 88.8, 13.796257 88.802285, 13.822925 88.812232, 13.845711 88.829289, 13.862768 88.852075, 13.872715 88.878743, 13.875 88.9, 13.875 89.1, 13.872715 89.121257, 13.862768 89.147925, 13.845711 89.170711, 13.822925 89.187768, 13.796257 89.197715, 13.775 89.2, 12.5 89.2, 12.478743 89.197715, 12.452075 89.187768, 12.429289 89.170711, 12.412232 89.147925, 12.402285 89.121257, 12.4 89.1, 12.4 88.9))",0.058104,1.6246,13.137500000000003,89.00000000000001,0.0,Geometric release screen passes
Main,U16,5,1,0.581041,3.576441,0.1,"POLYGON ((12.4 89.55, 12.402285 89.528743, 12.412232 89.502075, 12.429289 89.479289, 12.452075 89.462232, 12.478743 89.452285, 12.5 89.45, 13.775 89.45, 13.796257 89.452285, 13.822925 89.462232, 13.845711 89.479289, 13.862768 89.502075, 13.872715 89.528743, 13.875 89.55, 13.875 89.75, 13.872715 89.771257, 13.862768 89.797925, 13.845711 89.820711, 13.822925 89.837768, 13.796257 89.847715, 13.775 89.85, 12.5 89.85, 12.478743 89.847715, 12.452075 89.837768, 12.429289 89.820711, 12.412232 89.797925, 12.402285 89.771257, 12.4 89.75, 12.4 89.55))",0.058104,1.6246,13.137499999999994,89.64999999999998,0.0,Geometric release screen passes
Main,U16,6,1,0.581041,3.576441,0.1,"POLYGON ((12.4 90.2, 12.402285 90.178743, 12.412232 90.152075, 12.429289 90.129289, 12.452075 90.112232, 12.478743 90.102285, 12.5 90.1, 13.775 90.1, 13.796257 90.102285, 13.822925 90.112232, 13.845711 90.129289, 13.862768 90.152075, 13.872715 90.178743, 13.875 90.2, 13.875 90.4, 13.872715 90.421257, 13.862768 90.447925, 13.845711 90.470711, 13.822925 90.487768, 13.796257 90.497715, 13.775 90.5, 12.5 90.5, 12.478743 90.497715, 12.452075 90.487768, 12.429289 90.470711, 12.412232 90.447925, 12.402285 90.421257, 12.4 90.4, 12.4 90.2))",0.058104,1.6246,13.137500000000001,90.30000000000003,0.0,Geometric release screen passes
Main,U16,7,1,0.581041,3.576441,0.1,"POLYGON ((12.4 90.85, 12.402285 90.828743, 12.412232 90.802075, 12.429289 90.779289, 12.452075 90.762232, 12.478743 90.752285, 12.5 90.75, 13.775 90.75, 13.796257 90.752285, 13.822925 90.762232, 13.845711 90.779289, 13.862768 90.802075, 13.872715 90.828743, 13.875 90.85, 13.875 91.05, 13.872715 91.071257, 13.862768 91.097925, 13.845711 91.120711, 13.822925 91.137768, 13.796257 91.147715, 13.775 91.15, 12.5 91.15, 12.478743 91.147715, 12.452075 91.137768, 12.429289 91.120711, 12.412232 91.097925, 12.402285 91.071257, 12.4 91.05, 12.4 90.85))",0.058104,1.6246,13.137499999999992,90.94999999999997,0.0,Geometric release screen passes
Main,U16,8,1,0.581041,3.576441,0.1,"POLYGON ((18.125 90.85, 18.127285 90.828743, 18.137232 90.802075, 18.154289 90.779289, 18.177075 90.762232, 18.203743 90.752285, 18.225 90.75, 19.5 90.75, 19.521257 90.752285, 19.547925 90.762232, 19.570711 90.779289, 19.587768 90.802075, 19.597715 90.828743, 19.6 90.85, 19.6 91.05, 19.597715 91.071257, 19.587768 91.097925, 19.570711 91.120711, 19.547925 91.137768, 19.521257 91.147715, 19.5 91.15, 18.225 91.15, 18.203743 91.147715, 18.177075 91.137768, 18.154289 91.120711, 18.137232 91.097925, 18.127285 91.071257, 18.125 91.05, 18.125 90.85))",0.058104,1.6246,18.862499999999997,90.94999999999999,0.0,Geometric release screen passes
Main,U16,9,1,0.581041,3.576441,0.1,"POLYGON ((18.125 90.2, 18.127285 90.178743, 18.137232 90.152075, 18.154289 90.129289, 18.177075 90.112232, 18.203743 90.102285, 18.225 90.1, 19.5 90.1, 19.521257 90.102285, 19.547925 90.112232, 19.570711 90.129289, 19.587768 90.152075, 19.597715 90.178743, 19.6 90.2, 19.6 90.4, 19.597715 90.421257, 19.587768 90.447925, 19.570711 90.470711, 19.547925 90.487768, 19.521257 90.497715, 19.5 90.5, 18.225 90.5, 18.203743 90.497715, 18.177075 90.487768, 18.154289 90.470711, 18.137232 90.447925, 18.127285 90.421257, 18.125 90.4, 18.125 90.2))",0.058104,1.6246,18.862500000000004,90.3,0.0,Geometric release screen passes
Main,U16,10,1,0.581041,3.576441,0.1,"POLYGON ((18.125 89.55, 18.127285 89.528743, 18.137232 89.502075, 18.154289 89.479289, 18.177075 89.462232, 18.203743 89.452285, 18.225 89.45, 19.5 89.45, 19.521257 89.452285, 19.547925 89.462232, 19.570711 89.479289, 19.587768 89.502075, 19.597715 89.528743, 19.6 89.55, 19.6 89.75, 19.597715 89.771257, 19.587768 89.797925, 19.570711 89.820711, 19.547925 89.837768, 19.521257 89.847715, 19.5 89.85, 18.225 89.85, 18.203743 89.847715, 18.177075 89.837768, 18.154289 89.820711, 18.137232 89.797925, 18.127285 89.771257, 18.125 89.75, 18.125 89.55))",0.058104,1.6246,18.862499999999997,89.64999999999999,0.0,Geometric release screen passes
Main,U16,11,1,0.581041,3.576441,0.1,"POLYGON ((18.125 88.9, 18.127285 88.878743, 18.137232 88.852075, 18.154289 88.829289, 18.177075 88.812232, 18.203743 88.802285, 18.225 88.8, 19.5 88.8, 19.521257 88.802285, 19.547925 88.812232, 19.570711 88.829289, 19.587768 88.852075, 19.597715 88.878743, 19.6 88.9, 19.6 89.1, 19.597715 89.121257, 19.587768 89.147925, 19.570711 89.170711, 19.547925 89.187768, 19.521257 89.197715, 19.5 89.2, 18.225 89.2, 18.203743 89.197715, 18.177075 89.187768, 18.154289 89.170711, 18.137232 89.147925, 18.127285 89.121257, 18.125 89.1, 18.125 88.9))",0.058104,1.6246,18.8625,88.99999999999999,0.0,Geometric release screen passes
Main,U16,12,1,0.581041,3.576441,0.1,"POLYGON ((18.125 88.25, 18.127285 88.228743, 18.137232 88.202075, 18.154289 88.179289, 18.177075 88.162232, 18.203743 88.152285, 18.225 88.15, 19.5 88.15, 19.521257 88.152285, 19.547925 88.162232, 19.570711 88.179289, 19.587768 88.202075, 19.597715 88.228743, 19.6 88.25, 19.6 88.45, 19.597715 88.471257, 19.587768 88.497925, 19.570711 88.520711, 19.547925 88.537768, 19.521257 88.547715, 19.5 88.55, 18.225 88.55, 18.203743 88.547715, 18.177075 88.537768, 18.154289 88.520711, 18.137232 88.497925, 18.127285 88.471257, 18.125 88.45, 18.125 88.25))",0.058104,1.6246,18.862499999999994,88.34999999999998,0.0,Geometric release screen passes
Main,U16,13,1,0.581041,3.576441,0.1,"POLYGON ((18.125 87.6, 18.127285 87.578743, 18.137232 87.552075, 18.154289 87.529289, 18.177075 87.512232, 18.203743 87.502285, 18.225 87.5, 19.5 87.5, 19.521257 87.502285, 19.547925 87.512232, 19.570711 87.529289, 19.587768 87.552075, 19.597715 87.578743, 19.6 87.6, 19.6 87.8, 19.597715 87.821257, 19.587768 87.847925, 19.570711 87.870711, 19.547925 87.887768, 19.521257 87.897715, 19.5 87.9, 18.225 87.9, 18.203743 87.897715, 18.177075 87.887768, 18.154289 87.870711, 18.137232 87.847925, 18.127285 87.821257, 18.125 87.8, 18.125 87.6))",0.058104,1.6246,18.862499999999997,87.69999999999995,0.0,Geometric release screen passes
Main,U16,14,1,0.581041,3.576441,0.1,"POLYGON ((18.125 86.95, 18.127285 86.928743, 18.137232 86.902075, 18.154289 86.879289, 18.177075 86.862232, 18.203743 86.852285, 18.225 86.85, 19.5 86.85, 19.521257 86.852285, 19.547925 86.862232, 19.570711 86.879289, 19.587768 86.902075, 19.597715 86.928743, 19.6 86.95, 19.6 87.15, 19.597715 87.171257, 19.587768 87.197925, 19.570711 87.220711, 19.547925 87.237768, 19.521257 87.247715, 19.5 87.25, 18.225 87.25, 18.203743 87.247715, 18.177075 87.237768, 18.154289 87.220711, 18.137232 87.197925, 18.127285 87.171257, 18.125 87.15, 18.125 86.95))",0.058104,1.6246,18.862500000000004,87.05000000000001,0.0,Geometric release screen passes
Main,U18,1,1,0.581041,3.576441,0.1,"POLYGON ((54.4 92.95, 54.402285 92.928743, 54.412232 92.902075, 54.429289 92.879289, 54.452075 92.862232, 54.478743 92.852285, 54.5 92.85, 55.775 92.85, 55.796257 92.852285, 55.822925 92.862232, 55.845711 92.879289, 55.862768 92.902075, 55.872715 92.928743, 55.875 92.95, 55.875 93.15, 55.872715 93.171257, 55.862768 93.197925, 55.845711 93.220711, 55.822925 93.237768, 55.796257 93.247715, 55.775 93.25, 54.5 93.25, 54.478743 93.247715, 54.452075 93.237768, 54.429289 93.220711, 54.412232 93.197925, 54.402285 93.171257, 54.4 93.15, 54.4 92.95))",0.058104,1.6246,55.137499999999996,93.05,0.0,Geometric release screen passes
Main,U18,2,1,0.581041,3.576441,0.1,"POLYGON ((54.4 93.6, 54.402285 93.578743, 54.412232 93.552075, 54.429289 93.529289, 54.452075 93.512232, 54.478743 93.502285, 54.5 93.5, 55.775 93.5, 55.796257 93.502285, 55.822925 93.512232, 55.845711 93.529289, 55.862768 93.552075, 55.872715 93.578743, 55.875 93.6, 55.875 93.8, 55.872715 93.821257, 55.862768 93.847925, 55.845711 93.870711, 55.822925 93.887768, 55.796257 93.897715, 55.775 93.9, 54.5 93.9, 54.478743 93.897715, 54.452075 93.887768, 54.429289 93.870711, 54.412232 93.847925, 54.402285 93.821257, 54.4 93.8, 54.4 93.6))",0.058104,1.6246,55.13750000000001,93.70000000000002,0.0,Geometric release screen passes
Main,U18,3,1,0.581041,3.576441,0.1,"POLYGON ((54.4 94.25, 54.402285 94.228743, 54.412232 94.202075, 54.429289 94.179289, 54.452075 94.162232, 54.478743 94.152285, 54.5 94.15, 55.775 94.15, 55.796257 94.152285, 55.822925 94.162232, 55.845711 94.179289, 55.862768 94.202075, 55.872715 94.228743, 55.875 94.25, 55.875 94.45, 55.872715 94.471257, 55.862768 94.497925, 55.845711 94.520711, 55.822925 94.537768, 55.796257 94.547715, 55.775 94.55, 54.5 94.55, 54.478743 94.547715, 54.452075 94.537768, 54.429289 94.520711, 54.412232 94.497925, 54.402285 94.471257, 54.4 94.45, 54.4 94.25))",0.058104,1.6246,55.13750000000001,94.35000000000002,0.0,Geometric release screen passes
Main,U18,4,1,0.581041,3.576441,0.1,"POLYGON ((54.4 94.9, 54.402285 94.878743, 54.412232 94.852075, 54.429289 94.829289, 54.452075 94.812232, 54.478743 94.802285, 54.5 94.8, 55.775 94.8, 55.796257 94.802285, 55.822925 94.812232, 55.845711 94.829289, 55.862768 94.852075, 55.872715 94.878743, 55.875 94.9, 55.875 95.1, 55.872715 95.121257, 55.862768 95.147925, 55.845711 95.170711, 55.822925 95.187768, 55.796257 95.197715, 55.775 95.2, 54.5 95.2, 54.478743 95.197715, 54.452075 95.187768, 54.429289 95.170711, 54.412232 95.147925, 54.402285 95.121257, 54.4 95.1, 54.4 94.9))",0.058104,1.6246,55.137499999999996,95.0,0.0,Geometric release screen passes
Main,U18,5,1,0.581041,3.576441,0.1,"POLYGON ((54.4 95.55, 54.402285 95.528743, 54.412232 95.502075, 54.429289 95.479289, 54.452075 95.462232, 54.478743 95.452285, 54.5 95.45, 55.775 95.45, 55.796257 95.452285, 55.822925 95.462232, 55.845711 95.479289, 55.862768 95.502075, 55.872715 95.528743, 55.875 95.55, 55.875 95.75, 55.872715 95.771257, 55.862768 95.797925, 55.845711 95.820711, 55.822925 95.837768, 55.796257 95.847715, 55.775 95.85, 54.5 95.85, 54.478743 95.847715, 54.452075 95.837768, 54.429289 95.820711, 54.412232 95.797925, 54.402285 95.771257, 54.4 95.75, 54.4 95.55))",0.058104,1.6246,55.13750000000001,95.65,0.0,Geometric release screen passes
Main,U18,6,1,0.581041,3.576441,0.1,"POLYGON ((54.4 96.2, 54.402285 96.178743, 54.412232 96.152075, 54.429289 96.129289, 54.452075 96.112232, 54.478743 96.102285, 54.5 96.1, 55.775 96.1, 55.796257 96.102285, 55.822925 96.112232, 55.845711 96.129289, 55.862768 96.152075, 55.872715 96.178743, 55.875 96.2, 55.875 96.4, 55.872715 96.421257, 55.862768 96.447925, 55.845711 96.470711, 55.822925 96.487768, 55.796257 96.497715, 55.775 96.5, 54.5 96.5, 54.478743 96.497715, 54.452075 96.487768, 54.429289 96.470711, 54.412232 96.447925, 54.402285 96.421257, 54.4 96.4, 54.4 96.2))",0.058104,1.6246,55.137499999999996,96.30000000000001,0.0,Geometric release screen passes
Main,U18,7,1,0.581041,3.576441,0.1,"POLYGON ((54.4 96.85, 54.402285 96.828743, 54.412232 96.802075, 54.429289 96.779289, 54.452075 96.762232, 54.478743 96.752285, 54.5 96.75, 55.775 96.75, 55.796257 96.752285, 55.822925 96.762232, 55.845711 96.779289, 55.862768 96.802075, 55.872715 96.828743, 55.875 96.85, 55.875 97.05, 55.872715 97.071257, 55.862768 97.097925, 55.845711 97.120711, 55.822925 97.137768, 55.796257 97.147715, 55.775 97.15, 54.5 97.15, 54.478743 97.147715, 54.452075 97.137768, 54.429289 97.120711, 54.412232 97.097925, 54.402285 97.071257, 54.4 97.05, 54.4 96.85))",0.058104,1.6246,55.13750000000001,96.95,0.0,Geometric release screen passes
Main,U18,8,1,0.581041,3.576441,0.1,"POLYGON ((60.125 96.85, 60.127285 96.828743, 60.137232 96.802075, 60.154289 96.779289, 60.177075 96.762232, 60.203743 96.752285, 60.225 96.75, 61.5 96.75, 61.521257 96.752285, 61.547925 96.762232, 61.570711 96.779289, 61.587768 96.802075, 61.597715 96.828743, 61.6 96.85, 61.6 97.05, 61.597715 97.071257, 61.587768 97.097925, 61.570711 97.120711, 61.547925 97.137768, 61.521257 97.147715, 61.5 97.15, 60.225 97.15, 60.203743 97.147715, 60.177075 97.137768, 60.154289 97.120711, 60.137232 97.097925, 60.127285 97.071257, 60.125 97.05, 60.125 96.85))",0.058104,1.6246,60.86249999999999,96.95,0.0,Geometric release screen passes
Main,U18,9,1,0.581041,3.576441,0.1,"POLYGON ((60.125 96.2, 60.127285 96.178743, 60.137232 96.152075, 60.154289 96.129289, 60.177075 96.112232, 60.203743 96.102285, 60.225 96.1, 61.5 96.1, 61.521257 96.102285, 61.547925 96.112232, 61.570711 96.129289, 61.587768 96.152075, 61.597715 96.178743, 61.6 96.2, 61.6 96.4, 61.597715 96.421257, 61.587768 96.447925, 61.570711 96.470711, 61.547925 96.487768, 61.521257 96.497715, 61.5 96.5, 60.225 96.5, 60.203743 96.497715, 60.177075 96.487768, 60.154289 96.470711, 60.137232 96.447925, 60.127285 96.421257, 60.125 96.4, 60.125 96.2))",0.058104,1.6246,60.86249999999999,96.30000000000001,0.0,Geometric release screen passes
Main,U18,10,1,0.581041,3.576441,0.1,"POLYGON ((60.125 95.55, 60.127285 95.528743, 60.137232 95.502075, 60.154289 95.479289, 60.177075 95.462232, 60.203743 95.452285, 60.225 95.45, 61.5 95.45, 61.521257 95.452285, 61.547925 95.462232, 61.570711 95.479289, 61.587768 95.502075, 61.597715 95.528743, 61.6 95.55, 61.6 95.75, 61.597715 95.771257, 61.587768 95.797925, 61.570711 95.820711, 61.547925 95.837768, 61.521257 95.847715, 61.5 95.85, 60.225 95.85, 60.203743 95.847715, 60.177075 95.837768, 60.154289 95.820711, 60.137232 95.797925, 60.127285 95.771257, 60.125 95.75, 60.125 95.55))",0.058104,1.6246,60.8625,95.65000000000002,0.0,Geometric release screen passes
Main,U18,11,1,0.581041,3.576441,0.1,"POLYGON ((60.125 94.9, 60.127285 94.878743, 60.137232 94.852075, 60.154289 94.829289, 60.177075 94.812232, 60.203743 94.802285, 60.225 94.8, 61.5 94.8, 61.521257 94.802285, 61.547925 94.812232, 61.570711 94.829289, 61.587768 94.852075, 61.597715 94.878743, 61.6 94.9, 61.6 95.1, 61.597715 95.121257, 61.587768 95.147925, 61.570711 95.170711, 61.547925 95.187768, 61.521257 95.197715, 61.5 95.2, 60.225 95.2, 60.203743 95.197715, 60.177075 95.187768, 60.154289 95.170711, 60.137232 95.147925, 60.127285 95.121257, 60.125 95.1, 60.125 94.9))",0.058104,1.6246,60.86249999999999,95.0,0.0,Geometric release screen passes
Main,U18,12,1,0.581041,3.576441,0.1,"POLYGON ((60.125 94.25, 60.127285 94.228743, 60.137232 94.202075, 60.154289 94.179289, 60.177075 94.162232, 60.203743 94.152285, 60.225 94.15, 61.5 94.15, 61.521257 94.152285, 61.547925 94.162232, 61.570711 94.179289, 61.587768 94.202075, 61.597715 94.228743, 61.6 94.25, 61.6 94.45, 61.597715 94.471257, 61.587768 94.497925, 61.570711 94.520711, 61.547925 94.537768, 61.521257 94.547715, 61.5 94.55, 60.225 94.55, 60.203743 94.547715, 60.177075 94.537768, 60.154289 94.520711, 60.137232 94.497925, 60.127285 94.471257, 60.125 94.45, 60.125 94.25))",0.058104,1.6246,60.86249999999999,94.35000000000001,0.0,Geometric release screen passes
Main,U18,13,1,0.581041,3.576441,0.1,"POLYGON ((60.125 93.6, 60.127285 93.578743, 60.137232 93.552075, 60.154289 93.529289, 60.177075 93.512232, 60.203743 93.502285, 60.225 93.5, 61.5 93.5, 61.521257 93.502285, 61.547925 93.512232, 61.570711 93.529289, 61.587768 93.552075, 61.597715 93.578743, 61.6 93.6, 61.6 93.8, 61.597715 93.821257, 61.587768 93.847925, 61.570711 93.870711, 61.547925 93.887768, 61.521257 93.897715, 61.5 93.9, 60.225 93.9, 60.203743 93.897715, 60.177075 93.887768, 60.154289 93.870711, 60.137232 93.847925, 60.127285 93.821257, 60.125 93.8, 60.125 93.6))",0.058104,1.6246,60.86249999999999,93.69999999999999,0.0,Geometric release screen passes
Main,U18,14,1,0.581041,3.576441,0.1,"POLYGON ((60.125 92.95, 60.127285 92.928743, 60.137232 92.902075, 60.154289 92.879289, 60.177075 92.862232, 60.203743 92.852285, 60.225 92.85, 61.5 92.85, 61.521257 92.852285, 61.547925 92.862232, 61.570711 92.879289, 61.587768 92.902075, 61.597715 92.928743, 61.6 92.95, 61.6 93.15, 61.597715 93.171257, 61.587768 93.197925, 61.570711 93.220711, 61.547925 93.237768, 61.521257 93.247715, 61.5 93.25, 60.225 93.25, 60.203743 93.247715, 60.177075 93.237768, 60.154289 93.220711, 60.137232 93.197925, 60.127285 93.171257, 60.125 93.15, 60.125 92.95))",0.058104,1.6246,60.86249999999999,93.05000000000003,0.0,Geometric release screen passes
Main,C85,1,1,0.810672,3.311779,0.1,"POLYGON ((47.575 74.35, 47.576591 74.323288, 47.585684 74.281491, 47.602522 74.242169, 47.626498 74.206745, 47.656745 74.176498, 47.692169 74.152522, 47.731491 74.135684, 47.773288 74.126591, 47.8 74.125, 48.25 74.125, 48.276712 74.126591, 48.318509 74.135684, 48.357831 74.152522, 48.393255 74.176498, 48.423502 74.206745, 48.447478 74.242169, 48.464316 74.281491, 48.473409 74.323288, 48.475 74.35, 48.475 74.85, 48.473409 74.876712, 48.464316 74.918509, 48.447478 74.957831, 48.423502 74.993255, 48.393255 75.023502, 48.357831 75.047478, 48.318509 75.064316, 48.276712 75.073409, 48.25 75.075, 47.8 75.075, 47.773288 75.073409, 47.731491 75.064316, 47.692169 75.047478, 47.656745 75.023502, 47.626498 74.993255, 47.602522 74.957831, 47.585684 74.918509, 47.576591 74.876712, 47.575 74.85, 47.575 74.35))",0.081067,2.4478,48.02499999999998,74.60000000000001,0.0,Geometric release screen passes
Main,C85,2,1,0.810672,3.311779,0.1,"POLYGON ((49.125 74.35, 49.126591 74.323288, 49.135684 74.281491, 49.152522 74.242169, 49.176498 74.206745, 49.206745 74.176498, 49.242169 74.152522, 49.281491 74.135684, 49.323288 74.126591, 49.35 74.125, 49.8 74.125, 49.826712 74.126591, 49.868509 74.135684, 49.907831 74.152522, 49.943255 74.176498, 49.973502 74.206745, 49.997478 74.242169, 50.014316 74.281491, 50.023409 74.323288, 50.025 74.35, 50.025 74.85, 50.023409 74.876712, 50.014316 74.918509, 49.997478 74.957831, 49.973502 74.993255, 49.943255 75.023502, 49.907831 75.047478, 49.868509 75.064316, 49.826712 75.073409, 49.8 75.075, 49.35 75.075, 49.323288 75.073409, 49.281491 75.064316, 49.242169 75.047478, 49.206745 75.023502, 49.176498 74.993255, 49.152522 74.957831, 49.135684 74.918509, 49.126591 74.876712, 49.125 74.85, 49.125 74.35))",0.081067,2.4478,49.57499999999999,74.59999999999998,0.0,Geometric release screen passes
Main,C33,1,1,0.810672,3.311779,0.1,"POLYGON ((47.775 42.25, 47.776591 42.223288, 47.785684 42.181491, 47.802522 42.142169, 47.826498 42.106745, 47.856745 42.076498, 47.892169 42.052522, 47.931491 42.035684, 47.973288 42.026591, 48 42.025, 48.45 42.025, 48.476712 42.026591, 48.518509 42.035684, 48.557831 42.052522, 48.593255 42.076498, 48.623502 42.106745, 48.647478 42.142169, 48.664316 42.181491, 48.673409 42.223288, 48.675 42.25, 48.675 42.75, 48.673409 42.776712, 48.664316 42.818509, 48.647478 42.857831, 48.623502 42.893255, 48.593255 42.923502, 48.557831 42.947478, 48.518509 42.964316, 48.476712 42.973409, 48.45 42.975, 48 42.975, 47.973288 42.973409, 47.931491 42.964316, 47.892169 42.947478, 47.856745 42.923502, 47.826498 42.893255, 47.802522 42.857831, 47.785684 42.818509, 47.776591 42.776712, 47.775 42.75, 47.775 42.25))",0.081067,2.4478,48.22500000000001,42.500000000000014,0.0,Geometric release screen passes
Main,C33,2,1,0.810672,3.311779,0.1,"POLYGON ((49.325 42.25, 49.326591 42.223288, 49.335684 42.181491, 49.352522 42.142169, 49.376498 42.106745, 49.406745 42.076498, 49.442169 42.052522, 49.481491 42.035684, 49.523288 42.026591, 49.55 42.025, 50 42.025, 50.026712 42.026591, 50.068509 42.035684, 50.107831 42.052522, 50.143255 42.076498, 50.173502 42.106745, 50.197478 42.142169, 50.214316 42.181491, 50.223409 42.223288, 50.225 42.25, 50.225 42.75, 50.223409 42.776712, 50.214316 42.818509, 50.197478 42.857831, 50.173502 42.893255, 50.143255 42.923502, 50.107831 42.947478, 50.068509 42.964316, 50.026712 42.973409, 50 42.975, 49.55 42.975, 49.523288 42.973409, 49.481491 42.964316, 49.442169 42.947478, 49.406745 42.923502, 49.376498 42.893255, 49.352522 42.857831, 49.335684 42.818509, 49.326591 42.776712, 49.325 42.75, 49.325 42.25))",0.081067,2.4478,49.77499999999998,42.49999999999998,0.0,Geometric release screen passes
Main,C37,1,1,1.395346,4.468787,0.1,"POLYGON ((11.55 65.025, 11.553078 64.985891, 11.564029 64.94243, 11.582565 64.901623, 11.608089 64.864781, 11.639781 64.833089, 11.676623 64.807565, 11.71743 64.789029, 11.760891 64.778078, 11.8 64.775, 12.3 64.775, 12.339109 64.778078, 12.38257 64.789029, 12.423377 64.807565, 12.460219 64.833089, 12.491911 64.864781, 12.517435 64.901623, 12.535971 64.94243, 12.546922 64.985891, 12.55 65.025, 12.55 65.975, 12.546922 66.014109, 12.535971 66.05757, 12.517435 66.098377, 12.491911 66.135219, 12.460219 66.166911, 12.423377 66.192435, 12.38257 66.210971, 12.339109 66.221922, 12.3 66.225, 11.8 66.225, 11.760891 66.221922, 11.71743 66.210971, 11.676623 66.192435, 11.639781 66.166911, 11.608089 66.135219, 11.582565 66.098377, 11.564029 66.05757, 11.553078 66.014109, 11.55 65.975, 11.55 65.025))",0.139535,3.1224,12.049999999999999,65.49999999999999,0.0,Geometric release screen passes
Main,C37,2,1,1.395346,4.468787,0.1,"POLYGON ((13.45 65.025, 13.453078 64.985891, 13.464029 64.94243, 13.482565 64.901623, 13.508089 64.864781, 13.539781 64.833089, 13.576623 64.807565, 13.61743 64.789029, 13.660891 64.778078, 13.7 64.775, 14.2 64.775, 14.239109 64.778078, 14.28257 64.789029, 14.323377 64.807565, 14.360219 64.833089, 14.391911 64.864781, 14.417435 64.901623, 14.435971 64.94243, 14.446922 64.985891, 14.45 65.025, 14.45 65.975, 14.446922 66.014109, 14.435971 66.05757, 14.417435 66.098377, 14.391911 66.135219, 14.360219 66.166911, 14.323377 66.192435, 14.28257 66.210971, 14.239109 66.221922, 14.2 66.225, 13.7 66.225, 13.660891 66.221922, 13.61743 66.210971, 13.576623 66.192435, 13.539781 66.166911, 13.508089 66.135219, 13.482565 66.098377, 13.464029 66.05757, 13.453078 66.014109, 13.45 65.975, 13.45 65.025))",0.139535,3.1224,13.950000000000003,65.5,0.0,Geometric release screen passes
Main,U38,1,1,0.775088,3.590481,0.1,"POLYGON ((26.45 71.9, 26.453099 71.869667, 26.464054 71.836607, 26.482338 71.806965, 26.506965 71.782338, 26.536607 71.764054, 26.569667 71.753099, 26.6 71.75, 27.625 71.75, 27.655333 71.753099, 27.688393 71.764054, 27.718035 71.782338, 27.742662 71.806965, 27.760946 71.836607, 27.771901 71.869667, 27.775 71.9, 27.775 72.2, 27.771901 72.230333, 27.760946 72.263393, 27.742662 72.293035, 27.718035 72.317662, 27.688393 72.335946, 27.655333 72.346901, 27.625 72.35, 26.6 72.35, 26.569667 72.346901, 26.536607 72.335946, 26.506965 72.317662, 26.482338 72.293035, 26.464054 72.263393, 26.453099 72.230333, 26.45 72.2, 26.45 71.9))",0.077509,2.1587,27.112500000000008,72.05000000000001,0.0,Geometric release screen passes
Main,U38,2,1,0.775088,3.590481,0.1,"POLYGON ((26.45 72.85, 26.453099 72.819667, 26.464054 72.786607, 26.482338 72.756965, 26.506965 72.732338, 26.536607 72.714054, 26.569667 72.703099, 26.6 72.7, 27.625 72.7, 27.655333 72.703099, 27.688393 72.714054, 27.718035 72.732338, 27.742662 72.756965, 27.760946 72.786607, 27.771901 72.819667, 27.775 72.85, 27.775 73.15, 27.771901 73.180333, 27.760946 73.213393, 27.742662 73.243035, 27.718035 73.267662, 27.688393 73.285946, 27.655333 73.296901, 27.625 73.3, 26.6 73.3, 26.569667 73.296901, 26.536607 73.285946, 26.506965 73.267662, 26.482338 73.243035, 26.464054 73.213393, 26.453099 73.180333, 26.45 73.15, 26.45 72.85))",0.077509,2.1587,27.11249999999999,72.99999999999994,0.0,Geometric release screen passes
Main,U38,3,1,0.775088,3.590481,0.1,"POLYGON ((26.45 73.8, 26.453099 73.769667, 26.464054 73.736607, 26.482338 73.706965, 26.506965 73.682338, 26.536607 73.664054, 26.569667 73.653099, 26.6 73.65, 27.625 73.65, 27.655333 73.653099, 27.688393 73.664054, 27.718035 73.682338, 27.742662 73.706965, 27.760946 73.736607, 27.771901 73.769667, 27.775 73.8, 27.775 74.1, 27.771901 74.130333, 27.760946 74.163393, 27.742662 74.193035, 27.718035 74.217662, 27.688393 74.235946, 27.655333 74.246901, 27.625 74.25, 26.6 74.25, 26.569667 74.246901, 26.536607 74.235946, 26.506965 74.217662, 26.482338 74.193035, 26.464054 74.163393, 26.453099 74.130333, 26.45 74.1, 26.45 73.8))",0.077509,2.1587,27.1125,73.95000000000003,0.0,Geometric release screen passes
Main,U38,4,1,0.775088,3.590481,0.1,"POLYGON ((28.725 73.8, 28.728099 73.769667, 28.739054 73.736607, 28.757338 73.706965, 28.781965 73.682338, 28.811607 73.664054, 28.844667 73.653099, 28.875 73.65, 29.9 73.65, 29.930333 73.653099, 29.963393 73.664054, 29.993035 73.682338, 30.017662 73.706965, 30.035946 73.736607, 30.046901 73.769667, 30.05 73.8, 30.05 74.1, 30.046901 74.130333, 30.035946 74.163393, 30.017662 74.193035, 29.993035 74.217662, 29.963393 74.235946, 29.930333 74.246901, 29.9 74.25, 28.875 74.25, 28.844667 74.246901, 28.811607 74.235946, 28.781965 74.217662, 28.757338 74.193035, 28.739054 74.163393, 28.728099 74.130333, 28.725 74.1, 28.725 73.8))",0.077509,2.1587,29.387499999999996,73.94999999999999,0.0,Geometric release screen passes
Main,U38,5,1,0.775088,3.590481,0.1,"POLYGON ((28.725 72.85, 28.728099 72.819667, 28.739054 72.786607, 28.757338 72.756965, 28.781965 72.732338, 28.811607 72.714054, 28.844667 72.703099, 28.875 72.7, 29.9 72.7, 29.930333 72.703099, 29.963393 72.714054, 29.993035 72.732338, 30.017662 72.756965, 30.035946 72.786607, 30.046901 72.819667, 30.05 72.85, 30.05 73.15, 30.046901 73.180333, 30.035946 73.213393, 30.017662 73.243035, 29.993035 73.267662, 29.963393 73.285946, 29.930333 73.296901, 29.9 73.3, 28.875 73.3, 28.844667 73.296901, 28.811607 73.285946, 28.781965 73.267662, 28.757338 73.243035, 28.739054 73.213393, 28.728099 73.180333, 28.725 73.15, 28.725 72.85))",0.077509,2.1587,29.387499999999985,73.00000000000001,0.0,Geometric release screen passes
Main,U38,6,1,0.775088,3.590481,0.1,"POLYGON ((28.725 71.9, 28.728099 71.869667, 28.739054 71.836607, 28.757338 71.806965, 28.781965 71.782338, 28.811607 71.764054, 28.844667 71.753099, 28.875 71.75, 29.9 71.75, 29.930333 71.753099, 29.963393 71.764054, 29.993035 71.782338, 30.017662 71.806965, 30.035946 71.836607, 30.046901 71.869667, 30.05 71.9, 30.05 72.2, 30.046901 72.230333, 30.035946 72.263393, 30.017662 72.293035, 29.993035 72.317662, 29.963393 72.335946, 29.930333 72.346901, 29.9 72.35, 28.875 72.35, 28.844667 72.346901, 28.811607 72.335946, 28.781965 72.317662, 28.757338 72.293035, 28.739054 72.263393, 28.728099 72.230333, 28.725 72.2, 28.725 71.9))",0.077509,2.1587,29.387499999999996,72.04999999999997,0.0,Geometric release screen passes
Main,R28,1,1,0.72485,3.154601,0.1,"POLYGON ((67.975 21.725, 67.939716 21.721863, 67.90081 21.710731, 67.864941 21.691994, 67.833579 21.666421, 67.808006 21.635059, 67.789269 21.59919, 67.778137 21.560284, 67.775 21.525, 67.775 21.125, 67.778137 21.089716, 67.789269 21.05081, 67.808006 21.014941, 67.833579 20.983579, 67.864941 20.958006, 67.90081 20.939269, 67.939716 20.928137, 67.975 20.925, 68.525 20.925, 68.560284 20.928137, 68.59919 20.939269, 68.635059 20.958006, 68.666421 20.983579, 68.691994 21.014941, 68.710731 21.05081, 68.721863 21.089716, 68.725 21.125, 68.725 21.525, 68.721863 21.560284, 68.710731 21.59919, 68.691994 21.635059, 68.666421 21.666421, 68.635059 21.691994, 68.59919 21.710731, 68.560284 21.721863, 68.525 21.725, 67.975 21.725))",0.072485,2.2978,68.25,21.325,90.0,Geometric release screen passes
Main,R28,2,1,0.72485,3.154601,0.1,"POLYGON ((67.975 20.075, 67.939716 20.071863, 67.90081 20.060731, 67.864941 20.041994, 67.833579 20.016421, 67.808006 19.985059, 67.789269 19.94919, 67.778137 19.910284, 67.775 19.875, 67.775 19.475, 67.778137 19.439716, 67.789269 19.40081, 67.808006 19.364941, 67.833579 19.333579, 67.864941 19.308006, 67.90081 19.289269, 67.939716 19.278137, 67.975 19.275, 68.525 19.275, 68.560284 19.278137, 68.59919 19.289269, 68.635059 19.308006, 68.666421 19.333579, 68.691994 19.364941, 68.710731 19.40081, 68.721863 19.439716, 68.725 19.475, 68.725 19.875, 68.721863 19.910284, 68.710731 19.94919, 68.691994 19.985059, 68.666421 20.016421, 68.635059 20.041994, 68.59919 20.060731, 68.560284 20.071863, 68.525 20.075, 67.975 20.075))",0.072485,2.2978,68.24999999999997,19.674999999999994,90.0,Geometric release screen passes
Main,Q2,1,1,0.865088,3.890481,0.1,"POLYGON ((32.675 33.85, 32.671901 33.880333, 32.660946 33.913393, 32.642662 33.943035, 32.618035 33.967662, 32.588393 33.985946, 32.555333 33.996901, 32.525 34, 31.35 34, 31.319667 33.996901, 31.286607 33.985946, 31.256965 33.967662, 31.232338 33.943035, 31.214054 33.913393, 31.203099 33.880333, 31.2 33.85, 31.2 33.55, 31.203099 33.519667, 31.214054 33.486607, 31.232338 33.456965, 31.256965 33.432338, 31.286607 33.414054, 31.319667 33.403099, 31.35 33.4, 32.525 33.4, 32.555333 33.403099, 32.588393 33.414054, 32.618035 33.432338, 32.642662 33.456965, 32.660946 33.486607, 32.671901 33.519667, 32.675 33.55, 32.675 33.85))",0.086509,2.2236,31.937499999999993,33.699999999999996,180.0,Geometric release screen passes
Main,Q2,2,1,0.865088,3.890481,0.1,"POLYGON ((32.675 31.95, 32.671901 31.980333, 32.660946 32.013393, 32.642662 32.043035, 32.618035 32.067662, 32.588393 32.085946, 32.555333 32.096901, 32.525 32.1, 31.35 32.1, 31.319667 32.096901, 31.286607 32.085946, 31.256965 32.067662, 31.232338 32.043035, 31.214054 32.013393, 31.203099 31.980333, 31.2 31.95, 31.2 31.65, 31.203099 31.619667, 31.214054 31.586607, 31.232338 31.556965, 31.256965 31.532338, 31.286607 31.514054, 31.319667 31.503099, 31.35 31.5, 32.525 31.5, 32.555333 31.503099, 32.588393 31.514054, 32.618035 31.532338, 32.642662 31.556965, 32.660946 31.586607, 32.671901 31.619667, 32.675 31.65, 32.675 31.95))",0.086509,2.2236,31.9375,31.800000000000008,180.0,Geometric release screen passes
Main,Q2,3,1,0.865088,3.890481,0.1,"POLYGON ((30.8 32.9, 30.796901 32.930333, 30.785946 32.963393, 30.767662 32.993035, 30.743035 33.017662, 30.713393 33.035946, 30.680333 33.046901, 30.65 33.05, 29.475 33.05, 29.444667 33.046901, 29.411607 33.035946, 29.381965 33.017662, 29.357338 32.993035, 29.339054 32.963393, 29.328099 32.930333, 29.325 32.9, 29.325 32.6, 29.328099 32.569667, 29.339054 32.536607, 29.357338 32.506965, 29.381965 32.482338, 29.411607 32.464054, 29.444667 32.453099, 29.475 32.45, 30.65 32.45, 30.680333 32.453099, 30.713393 32.464054, 30.743035 32.482338, 30.767662 32.506965, 30.785946 32.536607, 30.796901 32.569667, 30.8 32.6, 30.8 32.9))",0.086509,2.2236,30.0625,32.750000000000014,180.0,Geometric release screen passes
Main,R65,1,1,0.72485,3.154601,0.1,"POLYGON ((55.725 38.225, 55.689716 38.221863, 55.65081 38.210731, 55.614941 38.191994, 55.583579 38.166421, 55.558006 38.135059, 55.539269 38.09919, 55.528137 38.060284, 55.525 38.025, 55.525 37.625, 55.528137 37.589716, 55.539269 37.55081, 55.558006 37.514941, 55.583579 37.483579, 55.614941 37.458006, 55.65081 37.439269, 55.689716 37.428137, 55.725 37.425, 56.275 37.425, 56.310284 37.428137, 56.34919 37.439269, 56.385059 37.458006, 56.416421 37.483579, 56.441994 37.514941, 56.460731 37.55081, 56.471863 37.589716, 56.475 37.625, 56.475 38.025, 56.471863 38.060284, 56.460731 38.09919, 56.441994 38.135059, 56.416421 38.166421, 56.385059 38.191994, 56.34919 38.210731, 56.310284 38.221863, 56.275 38.225, 55.725 38.225))",0.072485,2.2978,55.99999999999999,37.825,90.0,Geometric release screen passes
Main,R65,2,1,0.72485,3.154601,0.1,"POLYGON ((55.725 36.575, 55.689716 36.571863, 55.65081 36.560731, 55.614941 36.541994, 55.583579 36.516421, 55.558006 36.485059, 55.539269 36.44919, 55.528137 36.410284, 55.525 36.375, 55.525 35.975, 55.528137 35.939716, 55.539269 35.90081, 55.558006 35.864941, 55.583579 35.833579, 55.614941 35.808006, 55.65081 35.789269, 55.689716 35.778137, 55.725 35.775, 56.275 35.775, 56.310284 35.778137, 56.34919 35.789269, 56.385059 35.808006, 56.416421 35.833579, 56.441994 35.864941, 56.460731 35.90081, 56.471863 35.939716, 56.475 35.975, 56.475 36.375, 56.471863 36.410284, 56.460731 36.44919, 56.441994 36.485059, 56.416421 36.516421, 56.385059 36.541994, 56.34919 36.560731, 56.310284 36.571863, 56.275 36.575, 55.725 36.575))",0.072485,2.2978,56.00000000000002,36.175000000000004,90.0,Geometric release screen passes
Main,R110,1,1,0.72485,3.154601,0.1,"POLYGON ((13.275 39.475, 13.278137 39.439716, 13.289269 39.40081, 13.308006 39.364941, 13.333579 39.333579, 13.364941 39.308006, 13.40081 39.289269, 13.439716 39.278137, 13.475 39.275, 13.875 39.275, 13.910284 39.278137, 13.94919 39.289269, 13.985059 39.308006, 14.016421 39.333579, 14.041994 39.364941, 14.060731 39.40081, 14.071863 39.439716, 14.075 39.475, 14.075 40.025, 14.071863 40.060284, 14.060731 40.09919, 14.041994 40.135059, 14.016421 40.166421, 13.985059 40.191994, 13.94919 40.210731, 13.910284 40.221863, 13.875 40.225, 13.475 40.225, 13.439716 40.221863, 13.40081 40.210731, 13.364941 40.191994, 13.333579 40.166421, 13.308006 40.135059, 13.289269 40.09919, 13.278137 40.060284, 13.275 40.025, 13.275 39.475))",0.072485,2.2978,13.674999999999999,39.74999999999999,0.0,Geometric release screen passes
Main,R110,2,1,0.72485,3.154601,0.1,"POLYGON ((14.925 39.475, 14.928137 39.439716, 14.939269 39.40081, 14.958006 39.364941, 14.983579 39.333579, 15.014941 39.308006, 15.05081 39.289269, 15.089716 39.278137, 15.125 39.275, 15.525 39.275, 15.560284 39.278137, 15.59919 39.289269, 15.635059 39.308006, 15.666421 39.333579, 15.691994 39.364941, 15.710731 39.40081, 15.721863 39.439716, 15.725 39.475, 15.725 40.025, 15.721863 40.060284, 15.710731 40.09919, 15.691994 40.135059, 15.666421 40.166421, 15.635059 40.191994, 15.59919 40.210731, 15.560284 40.221863, 15.525 40.225, 15.125 40.225, 15.089716 40.221863, 15.05081 40.210731, 15.014941 40.191994, 14.983579 40.166421, 14.958006 40.135059, 14.939269 40.09919, 14.928137 40.060284, 14.925 40.025, 14.925 39.475))",0.072485,2.2978,15.325,39.74999999999999,0.0,Geometric release screen passes
Main,R143,1,1,0.72485,3.154601,0.1,"POLYGON ((68.725 65.225, 68.689716 65.221863, 68.65081 65.210731, 68.614941 65.191994, 68.583579 65.166421, 68.558006 65.135059, 68.539269 65.09919, 68.528137 65.060284, 68.525 65.025, 68.525 64.625, 68.528137 64.589716, 68.539269 64.55081, 68.558006 64.514941, 68.583579 64.483579, 68.614941 64.458006, 68.65081 64.439269, 68.689716 64.428137, 68.725 64.425, 69.275 64.425, 69.310284 64.428137, 69.34919 64.439269, 69.385059 64.458006, 69.416421 64.483579, 69.441994 64.514941, 69.460731 64.55081, 69.471863 64.589716, 69.475 64.625, 69.475 65.025, 69.471863 65.060284, 69.460731 65.09919, 69.441994 65.135059, 69.416421 65.166421, 69.385059 65.191994, 69.34919 65.210731, 69.310284 65.221863, 69.275 65.225, 68.725 65.225))",0.072485,2.2978,69.0,64.82499999999997,90.0,Geometric release screen passes
Main,R143,2,1,0.72485,3.154601,0.1,"POLYGON ((68.725 63.575, 68.689716 63.571863, 68.65081 63.560731, 68.614941 63.541994, 68.583579 63.516421, 68.558006 63.485059, 68.539269 63.44919, 68.528137 63.410284, 68.525 63.375, 68.525 62.975, 68.528137 62.939716, 68.539269 62.90081, 68.558006 62.864941, 68.583579 62.833579, 68.614941 62.808006, 68.65081 62.789269, 68.689716 62.778137, 68.725 62.775, 69.275 62.775, 69.310284 62.778137, 69.34919 62.789269, 69.385059 62.808006, 69.416421 62.833579, 69.441994 62.864941, 69.460731 62.90081, 69.471863 62.939716, 69.475 62.975, 69.475 63.375, 69.471863 63.410284, 69.460731 63.44919, 69.441994 63.485059, 69.416421 63.516421, 69.385059 63.541994, 69.34919 63.560731, 69.310284 63.571863, 69.275 63.575, 68.725 63.575))",0.072485,2.2978,68.99999999999999,63.17499999999999,90.0,Geometric release screen passes
Main,R125,1,1,0.72485,3.154601,0.1,"POLYGON ((20.275 37.225, 20.278137 37.189716, 20.289269 37.15081, 20.308006 37.114941, 20.333579 37.083579, 20.364941 37.058006, 20.40081 37.039269, 20.439716 37.028137, 20.475 37.025, 20.875 37.025, 20.910284 37.028137, 20.94919 37.039269, 20.985059 37.058006, 21.016421 37.083579, 21.041994 37.114941, 21.060731 37.15081, 21.071863 37.189716, 21.075 37.225, 21.075 37.775, 21.071863 37.810284, 21.060731 37.84919, 21.041994 37.885059, 21.016421 37.916421, 20.985059 37.941994, 20.94919 37.960731, 20.910284 37.971863, 20.875 37.975, 20.475 37.975, 20.439716 37.971863, 20.40081 37.960731, 20.364941 37.941994, 20.333579 37.916421, 20.308006 37.885059, 20.289269 37.84919, 20.278137 37.810284, 20.275 37.775, 20.275 37.225))",0.072485,2.2978,20.675,37.5,0.0,Geometric release screen passes
Main,R125,2,1,0.72485,3.154601,0.1,"POLYGON ((21.925 37.225, 21.928137 37.189716, 21.939269 37.15081, 21.958006 37.114941, 21.983579 37.083579, 22.014941 37.058006, 22.05081 37.039269, 22.089716 37.028137, 22.125 37.025, 22.525 37.025, 22.560284 37.028137, 22.59919 37.039269, 22.635059 37.058006, 22.666421 37.083579, 22.691994 37.114941, 22.710731 37.15081, 22.721863 37.189716, 22.725 37.225, 22.725 37.775, 22.721863 37.810284, 22.710731 37.84919, 22.691994 37.885059, 22.666421 37.916421, 22.635059 37.941994, 22.59919 37.960731, 22.560284 37.971863, 22.525 37.975, 22.125 37.975, 22.089716 37.971863, 22.05081 37.960731, 22.014941 37.941994, 21.983579 37.916421, 21.958006 37.885059, 21.939269 37.84919, 21.928137 37.810284, 21.925 37.775, 21.925 37.225))",0.072485,2.2978,22.324999999999996,37.49999999999999,0.0,Geometric release screen passes
Main,R64,1,1,0.72485,3.154601,0.1,"POLYGON ((47.775 40.225, 47.778137 40.189716, 47.789269 40.15081, 47.808006 40.114941, 47.833579 40.083579, 47.864941 40.058006, 47.90081 40.039269, 47.939716 40.028137, 47.975 40.025, 48.375 40.025, 48.410284 40.028137, 48.44919 40.039269, 48.485059 40.058006, 48.516421 40.083579, 48.541994 40.114941, 48.560731 40.15081, 48.571863 40.189716, 48.575 40.225, 48.575 40.775, 48.571863 40.810284, 48.560731 40.84919, 48.541994 40.885059, 48.516421 40.916421, 48.485059 40.941994, 48.44919 40.960731, 48.410284 40.971863, 48.375 40.975, 47.975 40.975, 47.939716 40.971863, 47.90081 40.960731, 47.864941 40.941994, 47.833579 40.916421, 47.808006 40.885059, 47.789269 40.84919, 47.778137 40.810284, 47.775 40.775, 47.775 40.225))",0.072485,2.2978,48.175000000000004,40.5,0.0,Geometric release screen passes
Main,R64,2,1,0.72485,3.154601,0.1,"POLYGON ((49.425 40.225, 49.428137 40.189716, 49.439269 40.15081, 49.458006 40.114941, 49.483579 40.083579, 49.514941 40.058006, 49.55081 40.039269, 49.589716 40.028137, 49.625 40.025, 50.025 40.025, 50.060284 40.028137, 50.09919 40.039269, 50.135059 40.058006, 50.166421 40.083579, 50.191994 40.114941, 50.210731 40.15081, 50.221863 40.189716, 50.225 40.225, 50.225 40.775, 50.221863 40.810284, 50.210731 40.84919, 50.191994 40.885059, 50.166421 40.916421, 50.135059 40.941994, 50.09919 40.960731, 50.060284 40.971863, 50.025 40.975, 49.625 40.975, 49.589716 40.971863, 49.55081 40.960731, 49.514941 40.941994, 49.483579 40.916421, 49.458006 40.885059, 49.439269 40.84919, 49.428137 40.810284, 49.425 40.775, 49.425 40.225))",0.072485,2.2978,49.824999999999996,40.49999999999999,0.0,Geometric release screen passes
Main,U7,,1,0.430854,2.572144,0.1,"POLYGON ((16.62 41.265, 16.623806 41.245866, 16.634645 41.229645, 16.650866 41.218806, 16.67 41.215, 17.33 41.215, 17.349134 41.218806, 17.365355 41.229645, 17.376194 41.245866, 17.38 41.265, 17.38 41.735, 17.376194 41.754134, 17.365355 41.770355, 17.349134 41.781194, 17.33 41.785, 16.67 41.785, 16.650866 41.781194, 16.634645 41.770355, 16.623806 41.754134, 16.62 41.735, 16.62 41.265))",0.043085,1.6751,17.0,41.50000000000001,0.0,Geometric release screen passes
Main,U7,1,1,0.133935,1.490998,0.1,"POLYGON ((16.625 40.5125, 16.62713 40.496324, 16.636303 40.476651, 16.651651 40.461303, 16.671324 40.45213, 16.6875 40.45, 16.8125 40.45, 16.828676 40.45213, 16.848349 40.461303, 16.863697 40.476651, 16.87287 40.496324, 16.875 40.5125, 16.875 40.9375, 16.87287 40.953676, 16.863697 40.973349, 16.848349 40.988697, 16.828676 40.99787, 16.8125 41, 16.6875 41, 16.671324 40.99787, 16.651651 40.988697, 16.636303 40.973349, 16.62713 40.953676, 16.625 40.9375, 16.625 40.5125))",0.013394,0.8983,16.750000000000004,40.725,0.0,Geometric release screen passes
Main,U7,2,1,0.133935,1.490998,0.1,"POLYGON ((16.625 42.0625, 16.62713 42.046324, 16.636303 42.026651, 16.651651 42.011303, 16.671324 42.00213, 16.6875 42, 16.8125 42, 16.828676 42.00213, 16.848349 42.011303, 16.863697 42.026651, 16.87287 42.046324, 16.875 42.0625, 16.875 42.4875, 16.87287 42.503676, 16.863697 42.523349, 16.848349 42.538697, 16.828676 42.54787, 16.8125 42.55, 16.6875 42.55, 16.671324 42.54787, 16.651651 42.538697, 16.636303 42.523349, 16.62713 42.503676, 16.625 42.4875, 16.625 42.0625))",0.013394,0.8983,16.750000000000004,42.275,0.0,Geometric release screen passes
Main,U7,3,1,0.133935,1.490998,0.1,"POLYGON ((17.125 42.0625, 17.12713 42.046324, 17.136303 42.026651, 17.151651 42.011303, 17.171324 42.00213, 17.1875 42, 17.3125 42, 17.328676 42.00213, 17.348349 42.011303, 17.363697 42.026651, 17.37287 42.046324, 17.375 42.0625, 17.375 42.4875, 17.37287 42.503676, 17.363697 42.523349, 17.348349 42.538697, 17.328676 42.54787, 17.3125 42.55, 17.1875 42.55, 17.171324 42.54787, 17.151651 42.538697, 17.136303 42.523349, 17.12713 42.503676, 17.125 42.4875, 17.125 42.0625))",0.013394,0.8983,17.250000000000004,42.275,0.0,Geometric release screen passes
Main,U7,4,1,0.133935,1.490998,0.1,"POLYGON ((17.125 40.5125, 17.12713 40.496324, 17.136303 40.476651, 17.151651 40.461303, 17.171324 40.45213, 17.1875 40.45, 17.3125 40.45, 17.328676 40.45213, 17.348349 40.461303, 17.363697 40.476651, 17.37287 40.496324, 17.375 40.5125, 17.375 40.9375, 17.37287 40.953676, 17.363697 40.973349, 17.348349 40.988697, 17.328676 40.99787, 17.3125 41, 17.1875 41, 17.171324 40.99787, 17.151651 40.988697, 17.136303 40.973349, 17.12713 40.953676, 17.125 40.9375, 17.125 40.5125))",0.013394,0.8983,17.249999999999996,40.725,0.0,Geometric release screen passes
Main,C9,1,1,0.810672,3.311779,0.1,"POLYGON ((15.775 47.75, 15.776591 47.723288, 15.785684 47.681491, 15.802522 47.642169, 15.826498 47.606745, 15.856745 47.576498, 15.892169 47.552522, 15.931491 47.535684, 15.973288 47.526591, 16 47.525, 16.45 47.525, 16.476712 47.526591, 16.518509 47.535684, 16.557831 47.552522, 16.593255 47.576498, 16.623502 47.606745, 16.647478 47.642169, 16.664316 47.681491, 16.673409 47.723288, 16.675 47.75, 16.675 48.25, 16.673409 48.276712, 16.664316 48.318509, 16.647478 48.357831, 16.623502 48.393255, 16.593255 48.423502, 16.557831 48.447478, 16.518509 48.464316, 16.476712 48.473409, 16.45 48.475, 16 48.475, 15.973288 48.473409, 15.931491 48.464316, 15.892169 48.447478, 15.856745 48.423502, 15.826498 48.393255, 15.802522 48.357831, 15.785684 48.318509, 15.776591 48.276712, 15.775 48.25, 15.775 47.75))",0.081067,2.4478,16.225,48.00000000000001,0.0,Geometric release screen passes
Main,C9,2,1,0.810672,3.311779,0.1,"POLYGON ((17.325 47.75, 17.326591 47.723288, 17.335684 47.681491, 17.352522 47.642169, 17.376498 47.606745, 17.406745 47.576498, 17.442169 47.552522, 17.481491 47.535684, 17.523288 47.526591, 17.55 47.525, 18 47.525, 18.026712 47.526591, 18.068509 47.535684, 18.107831 47.552522, 18.143255 47.576498, 18.173502 47.606745, 18.197478 47.642169, 18.214316 47.681491, 18.223409 47.723288, 18.225 47.75, 18.225 48.25, 18.223409 48.276712, 18.214316 48.318509, 18.197478 48.357831, 18.173502 48.393255, 18.143255 48.423502, 18.107831 48.447478, 18.068509 48.464316, 18.026712 48.473409, 18 48.475, 17.55 48.475, 17.523288 48.473409, 17.481491 48.464316, 17.442169 48.447478, 17.406745 48.423502, 17.376498 48.393255, 17.352522 48.357831, 17.335684 48.318509, 17.326591 48.276712, 17.325 48.25, 17.325 47.75))",0.081067,2.4478,17.774999999999995,48.00000000000001,0.0,Geometric release screen passes
Main,U37,1,1,0.581041,3.576441,0.1,"POLYGON ((36.9 54.95, 36.902285 54.928743, 36.912232 54.902075, 36.929289 54.879289, 36.952075 54.862232, 36.978743 54.852285, 37 54.85, 38.275 54.85, 38.296257 54.852285, 38.322925 54.862232, 38.345711 54.879289, 38.362768 54.902075, 38.372715 54.928743, 38.375 54.95, 38.375 55.15, 38.372715 55.171257, 38.362768 55.197925, 38.345711 55.220711, 38.322925 55.237768, 38.296257 55.247715, 38.275 55.25, 37 55.25, 36.978743 55.247715, 36.952075 55.237768, 36.929289 55.220711, 36.912232 55.197925, 36.902285 55.171257, 36.9 55.15, 36.9 54.95))",0.058104,1.6246,37.63750000000002,55.05000000000002,0.0,Geometric release screen passes
Main,U37,2,1,0.581041,3.576441,0.1,"POLYGON ((36.9 55.6, 36.902285 55.578743, 36.912232 55.552075, 36.929289 55.529289, 36.952075 55.512232, 36.978743 55.502285, 37 55.5, 38.275 55.5, 38.296257 55.502285, 38.322925 55.512232, 38.345711 55.529289, 38.362768 55.552075, 38.372715 55.578743, 38.375 55.6, 38.375 55.8, 38.372715 55.821257, 38.362768 55.847925, 38.345711 55.870711, 38.322925 55.887768, 38.296257 55.897715, 38.275 55.9, 37 55.9, 36.978743 55.897715, 36.952075 55.887768, 36.929289 55.870711, 36.912232 55.847925, 36.902285 55.821257, 36.9 55.8, 36.9 55.6))",0.058104,1.6246,37.63750000000002,55.69999999999999,0.0,Geometric release screen passes
Main,U37,3,1,0.581041,3.576441,0.1,"POLYGON ((36.9 56.25, 36.902285 56.228743, 36.912232 56.202075, 36.929289 56.179289, 36.952075 56.162232, 36.978743 56.152285, 37 56.15, 38.275 56.15, 38.296257 56.152285, 38.322925 56.162232, 38.345711 56.179289, 38.362768 56.202075, 38.372715 56.228743, 38.375 56.25, 38.375 56.45, 38.372715 56.471257, 38.362768 56.497925, 38.345711 56.520711, 38.322925 56.537768, 38.296257 56.547715, 38.275 56.55, 37 56.55, 36.978743 56.547715, 36.952075 56.537768, 36.929289 56.520711, 36.912232 56.497925, 36.902285 56.471257, 36.9 56.45, 36.9 56.25))",0.058104,1.6246,37.63750000000001,56.35,0.0,Geometric release screen passes
Main,U37,4,1,0.581041,3.576441,0.1,"POLYGON ((36.9 56.9, 36.902285 56.878743, 36.912232 56.852075, 36.929289 56.829289, 36.952075 56.812232, 36.978743 56.802285, 37 56.8, 38.275 56.8, 38.296257 56.802285, 38.322925 56.812232, 38.345711 56.829289, 38.362768 56.852075, 38.372715 56.878743, 38.375 56.9, 38.375 57.1, 38.372715 57.121257, 38.362768 57.147925, 38.345711 57.170711, 38.322925 57.187768, 38.296257 57.197715, 38.275 57.2, 37 57.2, 36.978743 57.197715, 36.952075 57.187768, 36.929289 57.170711, 36.912232 57.147925, 36.902285 57.121257, 36.9 57.1, 36.9 56.9))",0.058104,1.6246,37.6375,56.99999999999999,0.0,Geometric release screen passes
Main,U37,5,1,0.581041,3.576441,0.1,"POLYGON ((36.9 57.55, 36.902285 57.528743, 36.912232 57.502075, 36.929289 57.479289, 36.952075 57.462232, 36.978743 57.452285, 37 57.45, 38.275 57.45, 38.296257 57.452285, 38.322925 57.462232, 38.345711 57.479289, 38.362768 57.502075, 38.372715 57.528743, 38.375 57.55, 38.375 57.75, 38.372715 57.771257, 38.362768 57.797925, 38.345711 57.820711, 38.322925 57.837768, 38.296257 57.847715, 38.275 57.85, 37 57.85, 36.978743 57.847715, 36.952075 57.837768, 36.929289 57.820711, 36.912232 57.797925, 36.902285 57.771257, 36.9 57.75, 36.9 57.55))",0.058104,1.6246,37.63749999999999,57.65,0.0,Geometric release screen passes
Main,U37,6,1,0.581041,3.576441,0.1,"POLYGON ((36.9 58.2, 36.902285 58.178743, 36.912232 58.152075, 36.929289 58.129289, 36.952075 58.112232, 36.978743 58.102285, 37 58.1, 38.275 58.1, 38.296257 58.102285, 38.322925 58.112232, 38.345711 58.129289, 38.362768 58.152075, 38.372715 58.178743, 38.375 58.2, 38.375 58.4, 38.372715 58.421257, 38.362768 58.447925, 38.345711 58.470711, 38.322925 58.487768, 38.296257 58.497715, 38.275 58.5, 37 58.5, 36.978743 58.497715, 36.952075 58.487768, 36.929289 58.470711, 36.912232 58.447925, 36.902285 58.421257, 36.9 58.4, 36.9 58.2))",0.058104,1.6246,37.63750000000002,58.3,0.0,Geometric release screen passes
Main,U37,7,1,0.581041,3.576441,0.1,"POLYGON ((36.9 58.85, 36.902285 58.828743, 36.912232 58.802075, 36.929289 58.779289, 36.952075 58.762232, 36.978743 58.752285, 37 58.75, 38.275 58.75, 38.296257 58.752285, 38.322925 58.762232, 38.345711 58.779289, 38.362768 58.802075, 38.372715 58.828743, 38.375 58.85, 38.375 59.05, 38.372715 59.071257, 38.362768 59.097925, 38.345711 59.120711, 38.322925 59.137768, 38.296257 59.147715, 38.275 59.15, 37 59.15, 36.978743 59.147715, 36.952075 59.137768, 36.929289 59.120711, 36.912232 59.097925, 36.902285 59.071257, 36.9 59.05, 36.9 58.85))",0.058104,1.6246,37.63750000000002,58.949999999999996,0.0,Geometric release screen passes
Main,U37,8,1,0.581041,3.576441,0.1,"POLYGON ((42.625 58.85, 42.627285 58.828743, 42.637232 58.802075, 42.654289 58.779289, 42.677075 58.762232, 42.703743 58.752285, 42.725 58.75, 44 58.75, 44.021257 58.752285, 44.047925 58.762232, 44.070711 58.779289, 44.087768 58.802075, 44.097715 58.828743, 44.1 58.85, 44.1 59.05, 44.097715 59.071257, 44.087768 59.097925, 44.070711 59.120711, 44.047925 59.137768, 44.021257 59.147715, 44 59.15, 42.725 59.15, 42.703743 59.147715, 42.677075 59.137768, 42.654289 59.120711, 42.637232 59.097925, 42.627285 59.071257, 42.625 59.05, 42.625 58.85))",0.058104,1.6246,43.362500000000004,58.949999999999996,0.0,Geometric release screen passes
Main,U37,9,1,0.581041,3.576441,0.1,"POLYGON ((42.625 58.2, 42.627285 58.178743, 42.637232 58.152075, 42.654289 58.129289, 42.677075 58.112232, 42.703743 58.102285, 42.725 58.1, 44 58.1, 44.021257 58.102285, 44.047925 58.112232, 44.070711 58.129289, 44.087768 58.152075, 44.097715 58.178743, 44.1 58.2, 44.1 58.4, 44.097715 58.421257, 44.087768 58.447925, 44.070711 58.470711, 44.047925 58.487768, 44.021257 58.497715, 44 58.5, 42.725 58.5, 42.703743 58.497715, 42.677075 58.487768, 42.654289 58.470711, 42.637232 58.447925, 42.627285 58.421257, 42.625 58.4, 42.625 58.2))",0.058104,1.6246,43.362500000000004,58.30000000000001,0.0,Geometric release screen passes
Main,U37,10,1,0.581041,3.576441,0.1,"POLYGON ((42.625 57.55, 42.627285 57.528743, 42.637232 57.502075, 42.654289 57.479289, 42.677075 57.462232, 42.703743 57.452285, 42.725 57.45, 44 57.45, 44.021257 57.452285, 44.047925 57.462232, 44.070711 57.479289, 44.087768 57.502075, 44.097715 57.528743, 44.1 57.55, 44.1 57.75, 44.097715 57.771257, 44.087768 57.797925, 44.070711 57.820711, 44.047925 57.837768, 44.021257 57.847715, 44 57.85, 42.725 57.85, 42.703743 57.847715, 42.677075 57.837768, 42.654289 57.820711, 42.637232 57.797925, 42.627285 57.771257, 42.625 57.75, 42.625 57.55))",0.058104,1.6246,43.362500000000004,57.65000000000001,0.0,Geometric release screen passes
Main,U37,11,1,0.581041,3.576441,0.1,"POLYGON ((42.625 56.9, 42.627285 56.878743, 42.637232 56.852075, 42.654289 56.829289, 42.677075 56.812232, 42.703743 56.802285, 42.725 56.8, 44 56.8, 44.021257 56.802285, 44.047925 56.812232, 44.070711 56.829289, 44.087768 56.852075, 44.097715 56.878743, 44.1 56.9, 44.1 57.1, 44.097715 57.121257, 44.087768 57.147925, 44.070711 57.170711, 44.047925 57.187768, 44.021257 57.197715, 44 57.2, 42.725 57.2, 42.703743 57.197715, 42.677075 57.187768, 42.654289 57.170711, 42.637232 57.147925, 42.627285 57.121257, 42.625 57.1, 42.625 56.9))",0.058104,1.6246,43.3625,56.99999999999999,0.0,Geometric release screen passes
Main,U37,12,1,0.581041,3.576441,0.1,"POLYGON ((42.625 56.25, 42.627285 56.228743, 42.637232 56.202075, 42.654289 56.179289, 42.677075 56.162232, 42.703743 56.152285, 42.725 56.15, 44 56.15, 44.021257 56.152285, 44.047925 56.162232, 44.070711 56.179289, 44.087768 56.202075, 44.097715 56.228743, 44.1 56.25, 44.1 56.45, 44.097715 56.471257, 44.087768 56.497925, 44.070711 56.520711, 44.047925 56.537768, 44.021257 56.547715, 44 56.55, 42.725 56.55, 42.703743 56.547715, 42.677075 56.537768, 42.654289 56.520711, 42.637232 56.497925, 42.627285 56.471257, 42.625 56.45, 42.625 56.25))",0.058104,1.6246,43.362500000000004,56.350000000000016,0.0,Geometric release screen passes
Main,U37,13,1,0.581041,3.576441,0.1,"POLYGON ((42.625 55.6, 42.627285 55.578743, 42.637232 55.552075, 42.654289 55.529289, 42.677075 55.512232, 42.703743 55.502285, 42.725 55.5, 44 55.5, 44.021257 55.502285, 44.047925 55.512232, 44.070711 55.529289, 44.087768 55.552075, 44.097715 55.578743, 44.1 55.6, 44.1 55.8, 44.097715 55.821257, 44.087768 55.847925, 44.070711 55.870711, 44.047925 55.887768, 44.021257 55.897715, 44 55.9, 42.725 55.9, 42.703743 55.897715, 42.677075 55.887768, 42.654289 55.870711, 42.637232 55.847925, 42.627285 55.821257, 42.625 55.8, 42.625 55.6))",0.058104,1.6246,43.362500000000004,55.69999999999999,0.0,Geometric release screen passes
Main,U37,14,1,0.581041,3.576441,0.1,"POLYGON ((42.625 54.95, 42.627285 54.928743, 42.637232 54.902075, 42.654289 54.879289, 42.677075 54.862232, 42.703743 54.852285, 42.725 54.85, 44 54.85, 44.021257 54.852285, 44.047925 54.862232, 44.070711 54.879289, 44.087768 54.902075, 44.097715 54.928743, 44.1 54.95, 44.1 55.15, 44.097715 55.171257, 44.087768 55.197925, 44.070711 55.220711, 44.047925 55.237768, 44.021257 55.247715, 44 55.25, 42.725 55.25, 42.703743 55.247715, 42.677075 55.237768, 42.654289 55.220711, 42.637232 55.197925, 42.627285 55.171257, 42.625 55.15, 42.625 54.95))",0.058104,1.6246,43.362500000000004,55.05000000000002,0.0,Geometric release screen passes
Main,R16,1,1,0.72485,3.154601,0.1,"POLYGON ((25.025 52.725, 25.028137 52.689716, 25.039269 52.65081, 25.058006 52.614941, 25.083579 52.583579, 25.114941 52.558006, 25.15081 52.539269, 25.189716 52.528137, 25.225 52.525, 25.625 52.525, 25.660284 52.528137, 25.69919 52.539269, 25.735059 52.558006, 25.766421 52.583579, 25.791994 52.614941, 25.810731 52.65081, 25.821863 52.689716, 25.825 52.725, 25.825 53.275, 25.821863 53.310284, 25.810731 53.34919, 25.791994 53.385059, 25.766421 53.416421, 25.735059 53.441994, 25.69919 53.460731, 25.660284 53.471863, 25.625 53.475, 25.225 53.475, 25.189716 53.471863, 25.15081 53.460731, 25.114941 53.441994, 25.083579 53.416421, 25.058006 53.385059, 25.039269 53.34919, 25.028137 53.310284, 25.025 53.275, 25.025 52.725))",0.072485,2.2978,25.425,53.00000000000001,0.0,Geometric release screen passes
Main,R16,2,1,0.72485,3.154601,0.1,"POLYGON ((26.675 52.725, 26.678137 52.689716, 26.689269 52.65081, 26.708006 52.614941, 26.733579 52.583579, 26.764941 52.558006, 26.80081 52.539269, 26.839716 52.528137, 26.875 52.525, 27.275 52.525, 27.310284 52.528137, 27.34919 52.539269, 27.385059 52.558006, 27.416421 52.583579, 27.441994 52.614941, 27.460731 52.65081, 27.471863 52.689716, 27.475 52.725, 27.475 53.275, 27.471863 53.310284, 27.460731 53.34919, 27.441994 53.385059, 27.416421 53.416421, 27.385059 53.441994, 27.34919 53.460731, 27.310284 53.471863, 27.275 53.475, 26.875 53.475, 26.839716 53.471863, 26.80081 53.460731, 26.764941 53.441994, 26.733579 53.416421, 26.708006 53.385059, 26.689269 53.34919, 26.678137 53.310284, 26.675 53.275, 26.675 52.725))",0.072485,2.2978,27.075,52.999999999999986,0.0,Geometric release screen passes
Main,R50,1,1,0.72485,3.154601,0.1,"POLYGON ((11.275 101.725, 11.278137 101.689716, 11.289269 101.65081, 11.308006 101.614941, 11.333579 101.583579, 11.364941 101.558006, 11.40081 101.539269, 11.439716 101.528137, 11.475 101.525, 11.875 101.525, 11.910284 101.528137, 11.94919 101.539269, 11.985059 101.558006, 12.016421 101.583579, 12.041994 101.614941, 12.060731 101.65081, 12.071863 101.689716, 12.075 101.725, 12.075 102.275, 12.071863 102.310284, 12.060731 102.34919, 12.041994 102.385059, 12.016421 102.416421, 11.985059 102.441994, 11.94919 102.460731, 11.910284 102.471863, 11.875 102.475, 11.475 102.475, 11.439716 102.471863, 11.40081 102.460731, 11.364941 102.441994, 11.333579 102.416421, 11.308006 102.385059, 11.289269 102.34919, 11.278137 102.310284, 11.275 102.275, 11.275 101.725))",0.072485,2.2978,11.675000000000002,102.0,0.0,Geometric release screen passes
Main,R50,2,1,0.72485,3.154601,0.1,"POLYGON ((12.925 101.725, 12.928137 101.689716, 12.939269 101.65081, 12.958006 101.614941, 12.983579 101.583579, 13.014941 101.558006, 13.05081 101.539269, 13.089716 101.528137, 13.125 101.525, 13.525 101.525, 13.560284 101.528137, 13.59919 101.539269, 13.635059 101.558006, 13.666421 101.583579, 13.691994 101.614941, 13.710731 101.65081, 13.721863 101.689716, 13.725 101.725, 13.725 102.275, 13.721863 102.310284, 13.710731 102.34919, 13.691994 102.385059, 13.666421 102.416421, 13.635059 102.441994, 13.59919 102.460731, 13.560284 102.471863, 13.525 102.475, 13.125 102.475, 13.089716 102.471863, 13.05081 102.460731, 13.014941 102.441994, 12.983579 102.416421, 12.958006 102.385059, 12.939269 102.34919, 12.928137 102.310284, 12.925 102.275, 12.925 101.725))",0.072485,2.2978,13.325,102.0,0.0,Geometric release screen passes
Main,U1,1,1,0.084879,1.06928,0.1,"POLYGON ((39.5 25.35, 39.503118 25.3286, 39.513961 25.306419, 39.531419 25.288961, 39.5536 25.278118, 39.575 25.275, 39.725 25.275, 39.7464 25.278118, 39.768581 25.288961, 39.786039 25.306419, 39.796882 25.3286, 39.8 25.35, 39.8 25.5, 39.796882 25.5214, 39.786039 25.543581, 39.768581 25.561039, 39.7464 25.571882, 39.725 25.575, 39.575 25.575, 39.5536 25.571882, 39.531419 25.561039, 39.513961 25.543581, 39.503118 25.5214, 39.5 25.5, 39.5 25.35))",0.008488,0.7938,39.649999999999984,25.424999999999994,0.0,Geometric release screen passes
Main,U1,2,1,0.084879,1.06928,0.1,"POLYGON ((40.2 25.35, 40.203118 25.3286, 40.213961 25.306419, 40.231419 25.288961, 40.2536 25.278118, 40.275 25.275, 40.425 25.275, 40.4464 25.278118, 40.468581 25.288961, 40.486039 25.306419, 40.496882 25.3286, 40.5 25.35, 40.5 25.5, 40.496882 25.5214, 40.486039 25.543581, 40.468581 25.561039, 40.4464 25.571882, 40.425 25.575, 40.275 25.575, 40.2536 25.571882, 40.231419 25.561039, 40.213961 25.543581, 40.203118 25.5214, 40.2 25.5, 40.2 25.35))",0.008488,0.7938,40.349999999999994,25.424999999999994,0.0,Geometric release screen passes
Main,U1,3,1,0.084879,1.06928,0.1,"POLYGON ((39.85 24.5, 39.853118 24.4786, 39.863961 24.456419, 39.881419 24.438961, 39.9036 24.428118, 39.925 24.425, 40.075 24.425, 40.0964 24.428118, 40.118581 24.438961, 40.136039 24.456419, 40.146882 24.4786, 40.15 24.5, 40.15 24.65, 40.146882 24.6714, 40.136039 24.693581, 40.118581 24.711039, 40.0964 24.721882, 40.075 24.725, 39.925 24.725, 39.9036 24.721882, 39.881419 24.711039, 39.863961 24.693581, 39.853118 24.6714, 39.85 24.65, 39.85 24.5))",0.008488,0.7938,39.99999999999999,24.574999999999996,0.0,Geometric release screen passes
Main,U2,,1,0.627654,3.112144,0.1,"POLYGON ((60.05 25.25, 60.053806 25.230866, 60.064645 25.214645, 60.080866 25.203806, 60.1 25.2, 60.9 25.2, 60.919134 25.203806, 60.935355 25.214645, 60.946194 25.230866, 60.95 25.25, 60.95 25.85, 60.946194 25.869134, 60.935355 25.885355, 60.919134 25.896194, 60.9 25.9, 60.1 25.9, 60.080866 25.896194, 60.064645 25.885355, 60.053806 25.869134, 60.05 25.85, 60.05 25.25))",0.062765,2.0168,60.499999999999986,25.54999999999999,0.0,Geometric release screen passes
Main,U2,,1,0.627654,3.112144,0.1,"POLYGON ((60.05 26.15, 60.053806 26.130866, 60.064645 26.114645, 60.080866 26.103806, 60.1 26.1, 60.9 26.1, 60.919134 26.103806, 60.935355 26.114645, 60.946194 26.130866, 60.95 26.15, 60.95 26.75, 60.946194 26.769134, 60.935355 26.785355, 60.919134 26.796194, 60.9 26.8, 60.1 26.8, 60.080866 26.796194, 60.064645 26.785355, 60.053806 26.769134, 60.05 26.75, 60.05 26.15))",0.062765,2.0168,60.5,26.449999999999996,0.0,Geometric release screen passes
Main,U2,1,1,0.146435,1.590998,0.1,"POLYGON ((59.25 25.1875, 59.25213 25.171324, 59.261303 25.151651, 59.276651 25.136303, 59.296324 25.12713, 59.3125 25.125, 59.7875 25.125, 59.803676 25.12713, 59.823349 25.136303, 59.838697 25.151651, 59.84787 25.171324, 59.85 25.1875, 59.85 25.3125, 59.84787 25.328676, 59.838697 25.348349, 59.823349 25.363697, 59.803676 25.37287, 59.7875 25.375, 59.3125 25.375, 59.296324 25.37287, 59.276651 25.363697, 59.261303 25.348349, 59.25213 25.328676, 59.25 25.3125, 59.25 25.1875))",0.014644,0.9204,59.55000000000001,25.250000000000004,0.0,Geometric release screen passes
Main,U2,2,1,0.146435,1.590998,0.1,"POLYGON ((59.25 25.6875, 59.25213 25.671324, 59.261303 25.651651, 59.276651 25.636303, 59.296324 25.62713, 59.3125 25.625, 59.7875 25.625, 59.803676 25.62713, 59.823349 25.636303, 59.838697 25.651651, 59.84787 25.671324, 59.85 25.6875, 59.85 25.8125, 59.84787 25.828676, 59.838697 25.848349, 59.823349 25.863697, 59.803676 25.87287, 59.7875 25.875, 59.3125 25.875, 59.296324 25.87287, 59.276651 25.863697, 59.261303 25.848349, 59.25213 25.828676, 59.25 25.8125, 59.25 25.6875))",0.014644,0.9204,59.55000000000001,25.75,0.0,Geometric release screen passes
Main,U2,3,1,0.146435,1.590998,0.1,"POLYGON ((59.25 26.1875, 59.25213 26.171324, 59.261303 26.151651, 59.276651 26.136303, 59.296324 26.12713, 59.3125 26.125, 59.7875 26.125, 59.803676 26.12713, 59.823349 26.136303, 59.838697 26.151651, 59.84787 26.171324, 59.85 26.1875, 59.85 26.3125, 59.84787 26.328676, 59.838697 26.348349, 59.823349 26.363697, 59.803676 26.37287, 59.7875 26.375, 59.3125 26.375, 59.296324 26.37287, 59.276651 26.363697, 59.261303 26.348349, 59.25213 26.328676, 59.25 26.3125, 59.25 26.1875))",0.014644,0.9204,59.55000000000001,26.250000000000004,0.0,Geometric release screen passes
Main,U2,4,1,0.146435,1.590998,0.1,"POLYGON ((59.25 26.6875, 59.25213 26.671324, 59.261303 26.651651, 59.276651 26.636303, 59.296324 26.62713, 59.3125 26.625, 59.7875 26.625, 59.803676 26.62713, 59.823349 26.636303, 59.838697 26.651651, 59.84787 26.671324, 59.85 26.6875, 59.85 26.8125, 59.84787 26.828676, 59.838697 26.848349, 59.823349 26.863697, 59.803676 26.87287, 59.7875 26.875, 59.3125 26.875, 59.296324 26.87287, 59.276651 26.863697, 59.261303 26.848349, 59.25213 26.828676, 59.25 26.8125, 59.25 26.6875))",0.014644,0.9204,59.55000000000001,26.750000000000004,0.0,Geometric release screen passes
Main,U2,5,1,0.146435,1.590998,0.1,"POLYGON ((61.15 26.6875, 61.15213 26.671324, 61.161303 26.651651, 61.176651 26.636303, 61.196324 26.62713, 61.2125 26.625, 61.6875 26.625, 61.703676 26.62713, 61.723349 26.636303, 61.738697 26.651651, 61.74787 26.671324, 61.75 26.6875, 61.75 26.8125, 61.74787 26.828676, 61.738697 26.848349, 61.723349 26.863697, 61.703676 26.87287, 61.6875 26.875, 61.2125 26.875, 61.196324 26.87287, 61.176651 26.863697, 61.161303 26.848349, 61.15213 26.828676, 61.15 26.8125, 61.15 26.6875))",0.014644,0.9204,61.45000000000002,26.750000000000004,0.0,Geometric release screen passes
Main,U2,6,1,0.146435,1.590998,0.1,"POLYGON ((61.15 26.1875, 61.15213 26.171324, 61.161303 26.151651, 61.176651 26.136303, 61.196324 26.12713, 61.2125 26.125, 61.6875 26.125, 61.703676 26.12713, 61.723349 26.136303, 61.738697 26.151651, 61.74787 26.171324, 61.75 26.1875, 61.75 26.3125, 61.74787 26.328676, 61.738697 26.348349, 61.723349 26.363697, 61.703676 26.37287, 61.6875 26.375, 61.2125 26.375, 61.196324 26.37287, 61.176651 26.363697, 61.161303 26.348349, 61.15213 26.328676, 61.15 26.3125, 61.15 26.1875))",0.014644,0.9204,61.45000000000002,26.250000000000004,0.0,Geometric release screen passes
Main,U2,7,1,0.146435,1.590998,0.1,"POLYGON ((61.15 25.6875, 61.15213 25.671324, 61.161303 25.651651, 61.176651 25.636303, 61.196324 25.62713, 61.2125 25.625, 61.6875 25.625, 61.703676 25.62713, 61.723349 25.636303, 61.738697 25.651651, 61.74787 25.671324, 61.75 25.6875, 61.75 25.8125, 61.74787 25.828676, 61.738697 25.848349, 61.723349 25.863697, 61.703676 25.87287, 61.6875 25.875, 61.2125 25.875, 61.196324 25.87287, 61.176651 25.863697, 61.161303 25.848349, 61.15213 25.828676, 61.15 25.8125, 61.15 25.6875))",0.014644,0.9204,61.45000000000002,25.75,0.0,Geometric release screen passes
Main,U2,8,1,0.146435,1.590998,0.1,"POLYGON ((61.15 25.1875, 61.15213 25.171324, 61.161303 25.151651, 61.176651 25.136303, 61.196324 25.12713, 61.2125 25.125, 61.6875 25.125, 61.703676 25.12713, 61.723349 25.136303, 61.738697 25.151651, 61.74787 25.171324, 61.75 25.1875, 61.75 25.3125, 61.74787 25.328676, 61.738697 25.348349, 61.723349 25.363697, 61.703676 25.37287, 61.6875 25.375, 61.2125 25.375, 61.196324 25.37287, 61.176651 25.363697, 61.161303 25.348349, 61.15213 25.328676, 61.15 25.3125, 61.15 25.1875))",0.014644,0.9204,61.45000000000002,25.250000000000004,0.0,Geometric release screen passes
Main,R25,1,1,0.72485,3.154601,0.1,"POLYGON ((52.275 28.425, 52.278137 28.389716, 52.289269 28.35081, 52.308006 28.314941, 52.333579 28.283579, 52.364941 28.258006, 52.40081 28.239269, 52.439716 28.228137, 52.475 28.225, 52.875 28.225, 52.910284 28.228137, 52.94919 28.239269, 52.985059 28.258006, 53.016421 28.283579, 53.041994 28.314941, 53.060731 28.35081, 53.071863 28.389716, 53.075 28.425, 53.075 28.975, 53.071863 29.010284, 53.060731 29.04919, 53.041994 29.085059, 53.016421 29.116421, 52.985059 29.141994, 52.94919 29.160731, 52.910284 29.171863, 52.875 29.175, 52.475 29.175, 52.439716 29.171863, 52.40081 29.160731, 52.364941 29.141994, 52.333579 29.116421, 52.308006 29.085059, 52.289269 29.04919, 52.278137 29.010284, 52.275 28.975, 52.275 28.425))",0.072485,2.2978,52.67499999999999,28.699999999999996,0.0,Geometric release screen passes
Main,R25,2,1,0.72485,3.154601,0.1,"POLYGON ((53.925 28.425, 53.928137 28.389716, 53.939269 28.35081, 53.958006 28.314941, 53.983579 28.283579, 54.014941 28.258006, 54.05081 28.239269, 54.089716 28.228137, 54.125 28.225, 54.525 28.225, 54.560284 28.228137, 54.59919 28.239269, 54.635059 28.258006, 54.666421 28.283579, 54.691994 28.314941, 54.710731 28.35081, 54.721863 28.389716, 54.725 28.425, 54.725 28.975, 54.721863 29.010284, 54.710731 29.04919, 54.691994 29.085059, 54.666421 29.116421, 54.635059 29.141994, 54.59919 29.160731, 54.560284 29.171863, 54.525 29.175, 54.125 29.175, 54.089716 29.171863, 54.05081 29.160731, 54.014941 29.141994, 53.983579 29.116421, 53.958006 29.085059, 53.939269 29.04919, 53.928137 29.010284, 53.925 28.975, 53.925 28.425))",0.072485,2.2978,54.32499999999999,28.699999999999996,0.0,Geometric release screen passes
Main,Q3,1,1,0.865088,3.890481,0.1,"POLYGON ((54.325 39.9, 54.328099 39.869667, 54.339054 39.836607, 54.357338 39.806965, 54.381965 39.782338, 54.411607 39.764054, 54.444667 39.753099, 54.475 39.75, 55.65 39.75, 55.680333 39.753099, 55.713393 39.764054, 55.743035 39.782338, 55.767662 39.806965, 55.785946 39.836607, 55.796901 39.869667, 55.8 39.9, 55.8 40.2, 55.796901 40.230333, 55.785946 40.263393, 55.767662 40.293035, 55.743035 40.317662, 55.713393 40.335946, 55.680333 40.346901, 55.65 40.35, 54.475 40.35, 54.444667 40.346901, 54.411607 40.335946, 54.381965 40.317662, 54.357338 40.293035, 54.339054 40.263393, 54.328099 40.230333, 54.325 40.2, 54.325 39.9))",0.086509,2.2236,55.0625,40.04999999999999,0.0,Geometric release screen passes
Main,Q3,2,1,0.865088,3.890481,0.1,"POLYGON ((54.325 41.8, 54.328099 41.769667, 54.339054 41.736607, 54.357338 41.706965, 54.381965 41.682338, 54.411607 41.664054, 54.444667 41.653099, 54.475 41.65, 55.65 41.65, 55.680333 41.653099, 55.713393 41.664054, 55.743035 41.682338, 55.767662 41.706965, 55.785946 41.736607, 55.796901 41.769667, 55.8 41.8, 55.8 42.1, 55.796901 42.130333, 55.785946 42.163393, 55.767662 42.193035, 55.743035 42.217662, 55.713393 42.235946, 55.680333 42.246901, 55.65 42.25, 54.475 42.25, 54.444667 42.246901, 54.411607 42.235946, 54.381965 42.217662, 54.357338 42.193035, 54.339054 42.163393, 54.328099 42.130333, 54.325 42.1, 54.325 41.8))",0.086509,2.2236,55.0625,41.949999999999996,0.0,Geometric release screen passes
Main,Q3,3,1,0.865088,3.890481,0.1,"POLYGON ((56.2 40.85, 56.203099 40.819667, 56.214054 40.786607, 56.232338 40.756965, 56.256965 40.732338, 56.286607 40.714054, 56.319667 40.703099, 56.35 40.7, 57.525 40.7, 57.555333 40.703099, 57.588393 40.714054, 57.618035 40.732338, 57.642662 40.756965, 57.660946 40.786607, 57.671901 40.819667, 57.675 40.85, 57.675 41.15, 57.671901 41.180333, 57.660946 41.213393, 57.642662 41.243035, 57.618035 41.267662, 57.588393 41.285946, 57.555333 41.296901, 57.525 41.3, 56.35 41.3, 56.319667 41.296901, 56.286607 41.285946, 56.256965 41.267662, 56.232338 41.243035, 56.214054 41.213393, 56.203099 41.180333, 56.2 41.15, 56.2 40.85))",0.086509,2.2236,56.93749999999999,40.99999999999999,0.0,Geometric release screen passes
Main,R63,1,1,0.72485,3.154601,0.1,"POLYGON ((32.225 37.225, 32.189716 37.221863, 32.15081 37.210731, 32.114941 37.191994, 32.083579 37.166421, 32.058006 37.135059, 32.039269 37.09919, 32.028137 37.060284, 32.025 37.025, 32.025 36.625, 32.028137 36.589716, 32.039269 36.55081, 32.058006 36.514941, 32.083579 36.483579, 32.114941 36.458006, 32.15081 36.439269, 32.189716 36.428137, 32.225 36.425, 32.775 36.425, 32.810284 36.428137, 32.84919 36.439269, 32.885059 36.458006, 32.916421 36.483579, 32.941994 36.514941, 32.960731 36.55081, 32.971863 36.589716, 32.975 36.625, 32.975 37.025, 32.971863 37.060284, 32.960731 37.09919, 32.941994 37.135059, 32.916421 37.166421, 32.885059 37.191994, 32.84919 37.210731, 32.810284 37.221863, 32.775 37.225, 32.225 37.225))",0.072485,2.2978,32.50000000000001,36.825,90.0,Geometric release screen passes
Main,R63,2,1,0.72485,3.154601,0.1,"POLYGON ((32.225 35.575, 32.189716 35.571863, 32.15081 35.560731, 32.114941 35.541994, 32.083579 35.516421, 32.058006 35.485059, 32.039269 35.44919, 32.028137 35.410284, 32.025 35.375, 32.025 34.975, 32.028137 34.939716, 32.039269 34.90081, 32.058006 34.864941, 32.083579 34.833579, 32.114941 34.808006, 32.15081 34.789269, 32.189716 34.778137, 32.225 34.775, 32.775 34.775, 32.810284 34.778137, 32.84919 34.789269, 32.885059 34.808006, 32.916421 34.833579, 32.941994 34.864941, 32.960731 34.90081, 32.971863 34.939716, 32.975 34.975, 32.975 35.375, 32.971863 35.410284, 32.960731 35.44919, 32.941994 35.485059, 32.916421 35.516421, 32.885059 35.541994, 32.84919 35.560731, 32.810284 35.571863, 32.775 35.575, 32.225 35.575))",0.072485,2.2978,32.5,35.175,90.0,Geometric release screen passes
Main,R42,1,1,0.72485,3.154601,0.1,"POLYGON ((64.775 52.825, 64.778137 52.789716, 64.789269 52.75081, 64.808006 52.714941, 64.833579 52.683579, 64.864941 52.658006, 64.90081 52.639269, 64.939716 52.628137, 64.975 52.625, 65.375 52.625, 65.410284 52.628137, 65.44919 52.639269, 65.485059 52.658006, 65.516421 52.683579, 65.541994 52.714941, 65.560731 52.75081, 65.571863 52.789716, 65.575 52.825, 65.575 53.375, 65.571863 53.410284, 65.560731 53.44919, 65.541994 53.485059, 65.516421 53.516421, 65.485059 53.541994, 65.44919 53.560731, 65.410284 53.571863, 65.375 53.575, 64.975 53.575, 64.939716 53.571863, 64.90081 53.560731, 64.864941 53.541994, 64.833579 53.516421, 64.808006 53.485059, 64.789269 53.44919, 64.778137 53.410284, 64.775 53.375, 64.775 52.825))",0.072485,2.2978,65.17499999999998,53.099999999999994,0.0,Geometric release screen passes
Main,R42,2,1,0.72485,3.154601,0.1,"POLYGON ((66.425 52.825, 66.428137 52.789716, 66.439269 52.75081, 66.458006 52.714941, 66.483579 52.683579, 66.514941 52.658006, 66.55081 52.639269, 66.589716 52.628137, 66.625 52.625, 67.025 52.625, 67.060284 52.628137, 67.09919 52.639269, 67.135059 52.658006, 67.166421 52.683579, 67.191994 52.714941, 67.210731 52.75081, 67.221863 52.789716, 67.225 52.825, 67.225 53.375, 67.221863 53.410284, 67.210731 53.44919, 67.191994 53.485059, 67.166421 53.516421, 67.135059 53.541994, 67.09919 53.560731, 67.060284 53.571863, 67.025 53.575, 66.625 53.575, 66.589716 53.571863, 66.55081 53.560731, 66.514941 53.541994, 66.483579 53.516421, 66.458006 53.485059, 66.439269 53.44919, 66.428137 53.410284, 66.425 53.375, 66.425 52.825))",0.072485,2.2978,66.82499999999999,53.10000000000001,0.0,Geometric release screen passes
Main,R27,1,1,0.72485,3.154601,0.1,"POLYGON ((55.725 29.225, 55.689716 29.221863, 55.65081 29.210731, 55.614941 29.191994, 55.583579 29.166421, 55.558006 29.135059, 55.539269 29.09919, 55.528137 29.060284, 55.525 29.025, 55.525 28.625, 55.528137 28.589716, 55.539269 28.55081, 55.558006 28.514941, 55.583579 28.483579, 55.614941 28.458006, 55.65081 28.439269, 55.689716 28.428137, 55.725 28.425, 56.275 28.425, 56.310284 28.428137, 56.34919 28.439269, 56.385059 28.458006, 56.416421 28.483579, 56.441994 28.514941, 56.460731 28.55081, 56.471863 28.589716, 56.475 28.625, 56.475 29.025, 56.471863 29.060284, 56.460731 29.09919, 56.441994 29.135059, 56.416421 29.166421, 56.385059 29.191994, 56.34919 29.210731, 56.310284 29.221863, 56.275 29.225, 55.725 29.225))",0.072485,2.2978,56.00000000000001,28.825000000000003,90.0,Geometric release screen passes
Main,R27,2,1,0.72485,3.154601,0.1,"POLYGON ((55.725 27.575, 55.689716 27.571863, 55.65081 27.560731, 55.614941 27.541994, 55.583579 27.516421, 55.558006 27.485059, 55.539269 27.44919, 55.528137 27.410284, 55.525 27.375, 55.525 26.975, 55.528137 26.939716, 55.539269 26.90081, 55.558006 26.864941, 55.583579 26.833579, 55.614941 26.808006, 55.65081 26.789269, 55.689716 26.778137, 55.725 26.775, 56.275 26.775, 56.310284 26.778137, 56.34919 26.789269, 56.385059 26.808006, 56.416421 26.833579, 56.441994 26.864941, 56.460731 26.90081, 56.471863 26.939716, 56.475 26.975, 56.475 27.375, 56.471863 27.410284, 56.460731 27.44919, 56.441994 27.485059, 56.416421 27.516421, 56.385059 27.541994, 56.34919 27.560731, 56.310284 27.571863, 56.275 27.575, 55.725 27.575))",0.072485,2.2978,55.99999999999999,27.174999999999994,90.0,Geometric release screen passes
Main,R49,1,1,0.72485,3.154601,0.1,"POLYGON ((51.725 95.225, 51.689716 95.221863, 51.65081 95.210731, 51.614941 95.191994, 51.583579 95.166421, 51.558006 95.135059, 51.539269 95.09919, 51.528137 95.060284, 51.525 95.025, 51.525 94.625, 51.528137 94.589716, 51.539269 94.55081, 51.558006 94.514941, 51.583579 94.483579, 51.614941 94.458006, 51.65081 94.439269, 51.689716 94.428137, 51.725 94.425, 52.275 94.425, 52.310284 94.428137, 52.34919 94.439269, 52.385059 94.458006, 52.416421 94.483579, 52.441994 94.514941, 52.460731 94.55081, 52.471863 94.589716, 52.475 94.625, 52.475 95.025, 52.471863 95.060284, 52.460731 95.09919, 52.441994 95.135059, 52.416421 95.166421, 52.385059 95.191994, 52.34919 95.210731, 52.310284 95.221863, 52.275 95.225, 51.725 95.225))",0.072485,2.2978,52.0,94.82499999999997,90.0,Geometric release screen passes
Main,R49,2,1,0.72485,3.154601,0.1,"POLYGON ((51.725 93.575, 51.689716 93.571863, 51.65081 93.560731, 51.614941 93.541994, 51.583579 93.516421, 51.558006 93.485059, 51.539269 93.44919, 51.528137 93.410284, 51.525 93.375, 51.525 92.975, 51.528137 92.939716, 51.539269 92.90081, 51.558006 92.864941, 51.583579 92.833579, 51.614941 92.808006, 51.65081 92.789269, 51.689716 92.778137, 51.725 92.775, 52.275 92.775, 52.310284 92.778137, 52.34919 92.789269, 52.385059 92.808006, 52.416421 92.833579, 52.441994 92.864941, 52.460731 92.90081, 52.471863 92.939716, 52.475 92.975, 52.475 93.375, 52.471863 93.410284, 52.460731 93.44919, 52.441994 93.485059, 52.416421 93.516421, 52.385059 93.541994, 52.34919 93.560731, 52.310284 93.571863, 52.275 93.575, 51.725 93.575))",0.072485,2.2978,52.0,93.17500000000001,90.0,Geometric release screen passes
Main,L1,1,1,3.580088,7.540481,0.1,"POLYGON ((63.4 26.05, 63.369667 26.046901, 63.336607 26.035946, 63.306965 26.017662, 63.282338 25.993035, 63.264054 25.963393, 63.253099 25.930333, 63.25 25.9, 63.25 24.7, 63.253099 24.669667, 63.264054 24.636607, 63.282338 24.606965, 63.306965 24.582338, 63.336607 24.564054, 63.369667 24.553099, 63.4 24.55, 65.5 24.55, 65.530333 24.553099, 65.563393 24.564054, 65.593035 24.582338, 65.617662 24.606965, 65.635946 24.636607, 65.646901 24.669667, 65.65 24.7, 65.65 25.9, 65.646901 25.930333, 65.635946 25.963393, 65.617662 25.993035, 65.593035 26.017662, 65.563393 26.035946, 65.530333 26.046901, 65.5 26.05, 63.4 26.05))",0.358009,4.7478,64.45000000000003,25.300000000000004,90.0,Geometric release screen passes
Main,L1,2,1,3.580088,7.540481,0.1,"POLYGON ((63.4 22.35, 63.369667 22.346901, 63.336607 22.335946, 63.306965 22.317662, 63.282338 22.293035, 63.264054 22.263393, 63.253099 22.230333, 63.25 22.2, 63.25 21, 63.253099 20.969667, 63.264054 20.936607, 63.282338 20.906965, 63.306965 20.882338, 63.336607 20.864054, 63.369667 20.853099, 63.4 20.85, 65.5 20.85, 65.530333 20.853099, 65.563393 20.864054, 65.593035 20.882338, 65.617662 20.906965, 65.635946 20.936607, 65.646901 20.969667, 65.65 21, 65.65 22.2, 65.646901 22.230333, 65.635946 22.263393, 65.617662 22.293035, 65.593035 22.317662, 65.563393 22.335946, 65.530333 22.346901, 65.5 22.35, 63.4 22.35))",0.358009,4.7478,64.45000000000002,21.6,90.0,Geometric release screen passes
Main,D3,1,1,0.865088,3.890481,0.1,"POLYGON ((65.7 61.775, 65.669667 61.771901, 65.636607 61.760946, 65.606965 61.742662, 65.582338 61.718035, 65.564054 61.688393, 65.553099 61.655333, 65.55 61.625, 65.55 60.45, 65.553099 60.419667, 65.564054 60.386607, 65.582338 60.356965, 65.606965 60.332338, 65.636607 60.314054, 65.669667 60.303099, 65.7 60.3, 66 60.3, 66.030333 60.303099, 66.063393 60.314054, 66.093035 60.332338, 66.117662 60.356965, 66.135946 60.386607, 66.146901 60.419667, 66.15 60.45, 66.15 61.625, 66.146901 61.655333, 66.135946 61.688393, 66.117662 61.718035, 66.093035 61.742662, 66.063393 61.760946, 66.030333 61.771901, 66 61.775, 65.7 61.775))",0.086509,2.2236,65.85,61.037499999999994,90.0,Geometric release screen passes
Main,D3,2,1,0.865088,3.890481,0.1,"POLYGON ((67.6 61.775, 67.569667 61.771901, 67.536607 61.760946, 67.506965 61.742662, 67.482338 61.718035, 67.464054 61.688393, 67.453099 61.655333, 67.45 61.625, 67.45 60.45, 67.453099 60.419667, 67.464054 60.386607, 67.482338 60.356965, 67.506965 60.332338, 67.536607 60.314054, 67.569667 60.303099, 67.6 60.3, 67.9 60.3, 67.930333 60.303099, 67.963393 60.314054, 67.993035 60.332338, 68.017662 60.356965, 68.035946 60.386607, 68.046901 60.419667, 68.05 60.45, 68.05 61.625, 68.046901 61.655333, 68.035946 61.688393, 68.017662 61.718035, 67.993035 61.742662, 67.963393 61.760946, 67.930333 61.771901, 67.9 61.775, 67.6 61.775))",0.086509,2.2236,67.74999999999997,61.037499999999994,90.0,Geometric release screen passes
Main,D3,3,1,0.865088,3.890481,0.1,"POLYGON ((66.65 59.9, 66.619667 59.896901, 66.586607 59.885946, 66.556965 59.867662, 66.532338 59.843035, 66.514054 59.813393, 66.503099 59.780333, 66.5 59.75, 66.5 58.575, 66.503099 58.544667, 66.514054 58.511607, 66.532338 58.481965, 66.556965 58.457338, 66.586607 58.439054, 66.619667 58.428099, 66.65 58.425, 66.95 58.425, 66.980333 58.428099, 67.013393 58.439054, 67.043035 58.457338, 67.067662 58.481965, 67.085946 58.511607, 67.096901 58.544667, 67.1 58.575, 67.1 59.75, 67.096901 59.780333, 67.085946 59.813393, 67.067662 59.843035, 67.043035 59.867662, 67.013393 59.885946, 66.980333 59.896901, 66.95 59.9, 66.65 59.9))",0.086509,2.2236,66.8,59.16250000000001,90.0,Geometric release screen passes
Main,C31,1,1,0.810672,3.311779,0.1,"POLYGON ((52.275 91.25, 52.276591 91.223288, 52.285684 91.181491, 52.302522 91.142169, 52.326498 91.106745, 52.356745 91.076498, 52.392169 91.052522, 52.431491 91.035684, 52.473288 91.026591, 52.5 91.025, 52.95 91.025, 52.976712 91.026591, 53.018509 91.035684, 53.057831 91.052522, 53.093255 91.076498, 53.123502 91.106745, 53.147478 91.142169, 53.164316 91.181491, 53.173409 91.223288, 53.175 91.25, 53.175 91.75, 53.173409 91.776712, 53.164316 91.818509, 53.147478 91.857831, 53.123502 91.893255, 53.093255 91.923502, 53.057831 91.947478, 53.018509 91.964316, 52.976712 91.973409, 52.95 91.975, 52.5 91.975, 52.473288 91.973409, 52.431491 91.964316, 52.392169 91.947478, 52.356745 91.923502, 52.326498 91.893255, 52.302522 91.857831, 52.285684 91.818509, 52.276591 91.776712, 52.275 91.75, 52.275 91.25))",0.081067,2.4478,52.724999999999994,91.50000000000001,0.0,Geometric release screen passes
Main,C31,2,1,0.810672,3.311779,0.1,"POLYGON ((53.825 91.25, 53.826591 91.223288, 53.835684 91.181491, 53.852522 91.142169, 53.876498 91.106745, 53.906745 91.076498, 53.942169 91.052522, 53.981491 91.035684, 54.023288 91.026591, 54.05 91.025, 54.5 91.025, 54.526712 91.026591, 54.568509 91.035684, 54.607831 91.052522, 54.643255 91.076498, 54.673502 91.106745, 54.697478 91.142169, 54.714316 91.181491, 54.723409 91.223288, 54.725 91.25, 54.725 91.75, 54.723409 91.776712, 54.714316 91.818509, 54.697478 91.857831, 54.673502 91.893255, 54.643255 91.923502, 54.607831 91.947478, 54.568509 91.964316, 54.526712 91.973409, 54.5 91.975, 54.05 91.975, 54.023288 91.973409, 53.981491 91.964316, 53.942169 91.947478, 53.906745 91.923502, 53.876498 91.893255, 53.852522 91.857831, 53.835684 91.818509, 53.826591 91.776712, 53.825 91.75, 53.825 91.25))",0.081067,2.4478,54.27499999999999,91.49999999999997,0.0,Geometric release screen passes
Main,R4,1,1,0.72485,3.154601,0.1,"POLYGON ((30.225 82.975, 30.189716 82.971863, 30.15081 82.960731, 30.114941 82.941994, 30.083579 82.916421, 30.058006 82.885059, 30.039269 82.84919, 30.028137 82.810284, 30.025 82.775, 30.025 82.375, 30.028137 82.339716, 30.039269 82.30081, 30.058006 82.264941, 30.083579 82.233579, 30.114941 82.208006, 30.15081 82.189269, 30.189716 82.178137, 30.225 82.175, 30.775 82.175, 30.810284 82.178137, 30.84919 82.189269, 30.885059 82.208006, 30.916421 82.233579, 30.941994 82.264941, 30.960731 82.30081, 30.971863 82.339716, 30.975 82.375, 30.975 82.775, 30.971863 82.810284, 30.960731 82.84919, 30.941994 82.885059, 30.916421 82.916421, 30.885059 82.941994, 30.84919 82.960731, 30.810284 82.971863, 30.775 82.975, 30.225 82.975))",0.072485,2.2978,30.499999999999993,82.575,90.0,Geometric release screen passes
Main,R4,2,1,0.72485,3.154601,0.1,"POLYGON ((30.225 81.325, 30.189716 81.321863, 30.15081 81.310731, 30.114941 81.291994, 30.083579 81.266421, 30.058006 81.235059, 30.039269 81.19919, 30.028137 81.160284, 30.025 81.125, 30.025 80.725, 30.028137 80.689716, 30.039269 80.65081, 30.058006 80.614941, 30.083579 80.583579, 30.114941 80.558006, 30.15081 80.539269, 30.189716 80.528137, 30.225 80.525, 30.775 80.525, 30.810284 80.528137, 30.84919 80.539269, 30.885059 80.558006, 30.916421 80.583579, 30.941994 80.614941, 30.960731 80.65081, 30.971863 80.689716, 30.975 80.725, 30.975 81.125, 30.971863 81.160284, 30.960731 81.19919, 30.941994 81.235059, 30.916421 81.266421, 30.885059 81.291994, 30.84919 81.310731, 30.810284 81.321863, 30.775 81.325, 30.225 81.325))",0.072485,2.2978,30.5,80.92500000000001,90.0,Geometric release screen passes
Main,U17,1,1,0.581041,3.576441,0.1,"POLYGON ((12.4 94.95, 12.402285 94.928743, 12.412232 94.902075, 12.429289 94.879289, 12.452075 94.862232, 12.478743 94.852285, 12.5 94.85, 13.775 94.85, 13.796257 94.852285, 13.822925 94.862232, 13.845711 94.879289, 13.862768 94.902075, 13.872715 94.928743, 13.875 94.95, 13.875 95.15, 13.872715 95.171257, 13.862768 95.197925, 13.845711 95.220711, 13.822925 95.237768, 13.796257 95.247715, 13.775 95.25, 12.5 95.25, 12.478743 95.247715, 12.452075 95.237768, 12.429289 95.220711, 12.412232 95.197925, 12.402285 95.171257, 12.4 95.15, 12.4 94.95))",0.058104,1.6246,13.137500000000001,95.05000000000001,0.0,Geometric release screen passes
Main,U17,2,1,0.581041,3.576441,0.1,"POLYGON ((12.4 95.6, 12.402285 95.578743, 12.412232 95.552075, 12.429289 95.529289, 12.452075 95.512232, 12.478743 95.502285, 12.5 95.5, 13.775 95.5, 13.796257 95.502285, 13.822925 95.512232, 13.845711 95.529289, 13.862768 95.552075, 13.872715 95.578743, 13.875 95.6, 13.875 95.8, 13.872715 95.821257, 13.862768 95.847925, 13.845711 95.870711, 13.822925 95.887768, 13.796257 95.897715, 13.775 95.9, 12.5 95.9, 12.478743 95.897715, 12.452075 95.887768, 12.429289 95.870711, 12.412232 95.847925, 12.402285 95.821257, 12.4 95.8, 12.4 95.6))",0.058104,1.6246,13.137499999999992,95.69999999999999,0.0,Geometric release screen passes
Main,U17,3,1,0.581041,3.576441,0.1,"POLYGON ((12.4 96.25, 12.402285 96.228743, 12.412232 96.202075, 12.429289 96.179289, 12.452075 96.162232, 12.478743 96.152285, 12.5 96.15, 13.775 96.15, 13.796257 96.152285, 13.822925 96.162232, 13.845711 96.179289, 13.862768 96.202075, 13.872715 96.228743, 13.875 96.25, 13.875 96.45, 13.872715 96.471257, 13.862768 96.497925, 13.845711 96.520711, 13.822925 96.537768, 13.796257 96.547715, 13.775 96.55, 12.5 96.55, 12.478743 96.547715, 12.452075 96.537768, 12.429289 96.520711, 12.412232 96.497925, 12.402285 96.471257, 12.4 96.45, 12.4 96.25))",0.058104,1.6246,13.137500000000001,96.35000000000001,0.0,Geometric release screen passes
Main,U17,4,1,0.581041,3.576441,0.1,"POLYGON ((12.4 96.9, 12.402285 96.878743, 12.412232 96.852075, 12.429289 96.829289, 12.452075 96.812232, 12.478743 96.802285, 12.5 96.8, 13.775 96.8, 13.796257 96.802285, 13.822925 96.812232, 13.845711 96.829289, 13.862768 96.852075, 13.872715 96.878743, 13.875 96.9, 13.875 97.1, 13.872715 97.121257, 13.862768 97.147925, 13.845711 97.170711, 13.822925 97.187768, 13.796257 97.197715, 13.775 97.2, 12.5 97.2, 12.478743 97.197715, 12.452075 97.187768, 12.429289 97.170711, 12.412232 97.147925, 12.402285 97.121257, 12.4 97.1, 12.4 96.9))",0.058104,1.6246,13.137500000000003,97.0,0.0,Geometric release screen passes
Main,U17,5,1,0.581041,3.576441,0.1,"POLYGON ((12.4 97.55, 12.402285 97.528743, 12.412232 97.502075, 12.429289 97.479289, 12.452075 97.462232, 12.478743 97.452285, 12.5 97.45, 13.775 97.45, 13.796257 97.452285, 13.822925 97.462232, 13.845711 97.479289, 13.862768 97.502075, 13.872715 97.528743, 13.875 97.55, 13.875 97.75, 13.872715 97.771257, 13.862768 97.797925, 13.845711 97.820711, 13.822925 97.837768, 13.796257 97.847715, 13.775 97.85, 12.5 97.85, 12.478743 97.847715, 12.452075 97.837768, 12.429289 97.820711, 12.412232 97.797925, 12.402285 97.771257, 12.4 97.75, 12.4 97.55))",0.058104,1.6246,13.137499999999994,97.64999999999998,0.0,Geometric release screen passes
Main,U17,6,1,0.581041,3.576441,0.1,"POLYGON ((12.4 98.2, 12.402285 98.178743, 12.412232 98.152075, 12.429289 98.129289, 12.452075 98.112232, 12.478743 98.102285, 12.5 98.1, 13.775 98.1, 13.796257 98.102285, 13.822925 98.112232, 13.845711 98.129289, 13.862768 98.152075, 13.872715 98.178743, 13.875 98.2, 13.875 98.4, 13.872715 98.421257, 13.862768 98.447925, 13.845711 98.470711, 13.822925 98.487768, 13.796257 98.497715, 13.775 98.5, 12.5 98.5, 12.478743 98.497715, 12.452075 98.487768, 12.429289 98.470711, 12.412232 98.447925, 12.402285 98.421257, 12.4 98.4, 12.4 98.2))",0.058104,1.6246,13.137500000000001,98.30000000000001,0.0,Geometric release screen passes
Main,U17,7,1,0.581041,3.576441,0.1,"POLYGON ((12.4 98.85, 12.402285 98.828743, 12.412232 98.802075, 12.429289 98.779289, 12.452075 98.762232, 12.478743 98.752285, 12.5 98.75, 13.775 98.75, 13.796257 98.752285, 13.822925 98.762232, 13.845711 98.779289, 13.862768 98.802075, 13.872715 98.828743, 13.875 98.85, 13.875 99.05, 13.872715 99.071257, 13.862768 99.097925, 13.845711 99.120711, 13.822925 99.137768, 13.796257 99.147715, 13.775 99.15, 12.5 99.15, 12.478743 99.147715, 12.452075 99.137768, 12.429289 99.120711, 12.412232 99.097925, 12.402285 99.071257, 12.4 99.05, 12.4 98.85))",0.058104,1.6246,13.137499999999992,98.94999999999996,0.0,Geometric release screen passes
Main,U17,8,1,0.581041,3.576441,0.1,"POLYGON ((18.125 98.85, 18.127285 98.828743, 18.137232 98.802075, 18.154289 98.779289, 18.177075 98.762232, 18.203743 98.752285, 18.225 98.75, 19.5 98.75, 19.521257 98.752285, 19.547925 98.762232, 19.570711 98.779289, 19.587768 98.802075, 19.597715 98.828743, 19.6 98.85, 19.6 99.05, 19.597715 99.071257, 19.587768 99.097925, 19.570711 99.120711, 19.547925 99.137768, 19.521257 99.147715, 19.5 99.15, 18.225 99.15, 18.203743 99.147715, 18.177075 99.137768, 18.154289 99.120711, 18.137232 99.097925, 18.127285 99.071257, 18.125 99.05, 18.125 98.85))",0.058104,1.6246,18.862499999999997,98.94999999999997,0.0,Geometric release screen passes
Main,U17,9,1,0.581041,3.576441,0.1,"POLYGON ((18.125 98.2, 18.127285 98.178743, 18.137232 98.152075, 18.154289 98.129289, 18.177075 98.112232, 18.203743 98.102285, 18.225 98.1, 19.5 98.1, 19.521257 98.102285, 19.547925 98.112232, 19.570711 98.129289, 19.587768 98.152075, 19.597715 98.178743, 19.6 98.2, 19.6 98.4, 19.597715 98.421257, 19.587768 98.447925, 19.570711 98.470711, 19.547925 98.487768, 19.521257 98.497715, 19.5 98.5, 18.225 98.5, 18.203743 98.497715, 18.177075 98.487768, 18.154289 98.470711, 18.137232 98.447925, 18.127285 98.421257, 18.125 98.4, 18.125 98.2))",0.058104,1.6246,18.862500000000004,98.3,0.0,Geometric release screen passes
Main,U17,10,1,0.581041,3.576441,0.1,"POLYGON ((18.125 97.55, 18.127285 97.528743, 18.137232 97.502075, 18.154289 97.479289, 18.177075 97.462232, 18.203743 97.452285, 18.225 97.45, 19.5 97.45, 19.521257 97.452285, 19.547925 97.462232, 19.570711 97.479289, 19.587768 97.502075, 19.597715 97.528743, 19.6 97.55, 19.6 97.75, 19.597715 97.771257, 19.587768 97.797925, 19.570711 97.820711, 19.547925 97.837768, 19.521257 97.847715, 19.5 97.85, 18.225 97.85, 18.203743 97.847715, 18.177075 97.837768, 18.154289 97.820711, 18.137232 97.797925, 18.127285 97.771257, 18.125 97.75, 18.125 97.55))",0.058104,1.6246,18.862499999999997,97.64999999999999,0.0,Geometric release screen passes
Main,U17,11,1,0.581041,3.576441,0.1,"POLYGON ((18.125 96.9, 18.127285 96.878743, 18.137232 96.852075, 18.154289 96.829289, 18.177075 96.812232, 18.203743 96.802285, 18.225 96.8, 19.5 96.8, 19.521257 96.802285, 19.547925 96.812232, 19.570711 96.829289, 19.587768 96.852075, 19.597715 96.878743, 19.6 96.9, 19.6 97.1, 19.597715 97.121257, 19.587768 97.147925, 19.570711 97.170711, 19.547925 97.187768, 19.521257 97.197715, 19.5 97.2, 18.225 97.2, 18.203743 97.197715, 18.177075 97.187768, 18.154289 97.170711, 18.137232 97.147925, 18.127285 97.121257, 18.125 97.1, 18.125 96.9))",0.058104,1.6246,18.8625,97.00000000000001,0.0,Geometric release screen passes
Main,U17,12,1,0.581041,3.576441,0.1,"POLYGON ((18.125 96.25, 18.127285 96.228743, 18.137232 96.202075, 18.154289 96.179289, 18.177075 96.162232, 18.203743 96.152285, 18.225 96.15, 19.5 96.15, 19.521257 96.152285, 19.547925 96.162232, 19.570711 96.179289, 19.587768 96.202075, 19.597715 96.228743, 19.6 96.25, 19.6 96.45, 19.597715 96.471257, 19.587768 96.497925, 19.570711 96.520711, 19.547925 96.537768, 19.521257 96.547715, 19.5 96.55, 18.225 96.55, 18.203743 96.547715, 18.177075 96.537768, 18.154289 96.520711, 18.137232 96.497925, 18.127285 96.471257, 18.125 96.45, 18.125 96.25))",0.058104,1.6246,18.862499999999994,96.35000000000001,0.0,Geometric release screen passes
Main,U17,13,1,0.581041,3.576441,0.1,"POLYGON ((18.125 95.6, 18.127285 95.578743, 18.137232 95.552075, 18.154289 95.529289, 18.177075 95.512232, 18.203743 95.502285, 18.225 95.5, 19.5 95.5, 19.521257 95.502285, 19.547925 95.512232, 19.570711 95.529289, 19.587768 95.552075, 19.597715 95.578743, 19.6 95.6, 19.6 95.8, 19.597715 95.821257, 19.587768 95.847925, 19.570711 95.870711, 19.547925 95.887768, 19.521257 95.897715, 19.5 95.9, 18.225 95.9, 18.203743 95.897715, 18.177075 95.887768, 18.154289 95.870711, 18.137232 95.847925, 18.127285 95.821257, 18.125 95.8, 18.125 95.6))",0.058104,1.6246,18.862499999999997,95.69999999999996,0.0,Geometric release screen passes
Main,U17,14,1,0.581041,3.576441,0.1,"POLYGON ((18.125 94.95, 18.127285 94.928743, 18.137232 94.902075, 18.154289 94.879289, 18.177075 94.862232, 18.203743 94.852285, 18.225 94.85, 19.5 94.85, 19.521257 94.852285, 19.547925 94.862232, 19.570711 94.879289, 19.587768 94.902075, 19.597715 94.928743, 19.6 94.95, 19.6 95.15, 19.597715 95.171257, 19.587768 95.197925, 19.570711 95.220711, 19.547925 95.237768, 19.521257 95.247715, 19.5 95.25, 18.225 95.25, 18.203743 95.247715, 18.177075 95.237768, 18.154289 95.220711, 18.137232 95.197925, 18.127285 95.171257, 18.125 95.15, 18.125 94.95))",0.058104,1.6246,18.862500000000004,95.05,0.0,Geometric release screen passes
Main,R40,1,1,0.72485,3.154601,0.1,"POLYGON ((68.225 55.225, 68.189716 55.221863, 68.15081 55.210731, 68.114941 55.191994, 68.083579 55.166421, 68.058006 55.135059, 68.039269 55.09919, 68.028137 55.060284, 68.025 55.025, 68.025 54.625, 68.028137 54.589716, 68.039269 54.55081, 68.058006 54.514941, 68.083579 54.483579, 68.114941 54.458006, 68.15081 54.439269, 68.189716 54.428137, 68.225 54.425, 68.775 54.425, 68.810284 54.428137, 68.84919 54.439269, 68.885059 54.458006, 68.916421 54.483579, 68.941994 54.514941, 68.960731 54.55081, 68.971863 54.589716, 68.975 54.625, 68.975 55.025, 68.971863 55.060284, 68.960731 55.09919, 68.941994 55.135059, 68.916421 55.166421, 68.885059 55.191994, 68.84919 55.210731, 68.810284 55.221863, 68.775 55.225, 68.225 55.225))",0.072485,2.2978,68.49999999999999,54.82499999999999,90.0,Geometric release screen passes
Main,R40,2,1,0.72485,3.154601,0.1,"POLYGON ((68.225 53.575, 68.189716 53.571863, 68.15081 53.560731, 68.114941 53.541994, 68.083579 53.516421, 68.058006 53.485059, 68.039269 53.44919, 68.028137 53.410284, 68.025 53.375, 68.025 52.975, 68.028137 52.939716, 68.039269 52.90081, 68.058006 52.864941, 68.083579 52.833579, 68.114941 52.808006, 68.15081 52.789269, 68.189716 52.778137, 68.225 52.775, 68.775 52.775, 68.810284 52.778137, 68.84919 52.789269, 68.885059 52.808006, 68.916421 52.833579, 68.941994 52.864941, 68.960731 52.90081, 68.971863 52.939716, 68.975 52.975, 68.975 53.375, 68.971863 53.410284, 68.960731 53.44919, 68.941994 53.485059, 68.916421 53.516421, 68.885059 53.541994, 68.84919 53.560731, 68.810284 53.571863, 68.775 53.575, 68.225 53.575))",0.072485,2.2978,68.49999999999999,53.174999999999976,90.0,Geometric release screen passes
Main,C74,1,1,1.395346,4.468787,0.1,"POLYGON ((49.8 21.525, 49.803078 21.485891, 49.814029 21.44243, 49.832565 21.401623, 49.858089 21.364781, 49.889781 21.333089, 49.926623 21.307565, 49.96743 21.289029, 50.010891 21.278078, 50.05 21.275, 50.55 21.275, 50.589109 21.278078, 50.63257 21.289029, 50.673377 21.307565, 50.710219 21.333089, 50.741911 21.364781, 50.767435 21.401623, 50.785971 21.44243, 50.796922 21.485891, 50.8 21.525, 50.8 22.475, 50.796922 22.514109, 50.785971 22.55757, 50.767435 22.598377, 50.741911 22.635219, 50.710219 22.666911, 50.673377 22.692435, 50.63257 22.710971, 50.589109 22.721922, 50.55 22.725, 50.05 22.725, 50.010891 22.721922, 49.96743 22.710971, 49.926623 22.692435, 49.889781 22.666911, 49.858089 22.635219, 49.832565 22.598377, 49.814029 22.55757, 49.803078 22.514109, 49.8 22.475, 49.8 21.525))",0.139535,3.1224,50.29999999999998,22.000000000000004,0.0,Geometric release screen passes
Main,C74,2,1,1.395346,4.468787,0.1,"POLYGON ((51.7 21.525, 51.703078 21.485891, 51.714029 21.44243, 51.732565 21.401623, 51.758089 21.364781, 51.789781 21.333089, 51.826623 21.307565, 51.86743 21.289029, 51.910891 21.278078, 51.95 21.275, 52.45 21.275, 52.489109 21.278078, 52.53257 21.289029, 52.573377 21.307565, 52.610219 21.333089, 52.641911 21.364781, 52.667435 21.401623, 52.685971 21.44243, 52.696922 21.485891, 52.7 21.525, 52.7 22.475, 52.696922 22.514109, 52.685971 22.55757, 52.667435 22.598377, 52.641911 22.635219, 52.610219 22.666911, 52.573377 22.692435, 52.53257 22.710971, 52.489109 22.721922, 52.45 22.725, 51.95 22.725, 51.910891 22.721922, 51.86743 22.710971, 51.826623 22.692435, 51.789781 22.666911, 51.758089 22.635219, 51.732565 22.598377, 51.714029 22.55757, 51.703078 22.514109, 51.7 22.475, 51.7 21.525))",0.139535,3.1224,52.2,21.999999999999996,0.0,Geometric release screen passes
Main,R39,1,1,0.72485,3.154601,0.1,"POLYGON ((63.225 55.225, 63.189716 55.221863, 63.15081 55.210731, 63.114941 55.191994, 63.083579 55.166421, 63.058006 55.135059, 63.039269 55.09919, 63.028137 55.060284, 63.025 55.025, 63.025 54.625, 63.028137 54.589716, 63.039269 54.55081, 63.058006 54.514941, 63.083579 54.483579, 63.114941 54.458006, 63.15081 54.439269, 63.189716 54.428137, 63.225 54.425, 63.775 54.425, 63.810284 54.428137, 63.84919 54.439269, 63.885059 54.458006, 63.916421 54.483579, 63.941994 54.514941, 63.960731 54.55081, 63.971863 54.589716, 63.975 54.625, 63.975 55.025, 63.971863 55.060284, 63.960731 55.09919, 63.941994 55.135059, 63.916421 55.166421, 63.885059 55.191994, 63.84919 55.210731, 63.810284 55.221863, 63.775 55.225, 63.225 55.225))",0.072485,2.2978,63.49999999999999,54.825,90.0,Geometric release screen passes
Main,R39,2,1,0.72485,3.154601,0.1,"POLYGON ((63.225 53.575, 63.189716 53.571863, 63.15081 53.560731, 63.114941 53.541994, 63.083579 53.516421, 63.058006 53.485059, 63.039269 53.44919, 63.028137 53.410284, 63.025 53.375, 63.025 52.975, 63.028137 52.939716, 63.039269 52.90081, 63.058006 52.864941, 63.083579 52.833579, 63.114941 52.808006, 63.15081 52.789269, 63.189716 52.778137, 63.225 52.775, 63.775 52.775, 63.810284 52.778137, 63.84919 52.789269, 63.885059 52.808006, 63.916421 52.833579, 63.941994 52.864941, 63.960731 52.90081, 63.971863 52.939716, 63.975 52.975, 63.975 53.375, 63.971863 53.410284, 63.960731 53.44919, 63.941994 53.485059, 63.916421 53.516421, 63.885059 53.541994, 63.84919 53.560731, 63.810284 53.571863, 63.775 53.575, 63.225 53.575))",0.072485,2.2978,63.49999999999999,53.175,90.0,Geometric release screen passes
Main,C87,1,1,0.810672,3.311779,0.1,"POLYGON ((45.275 54.55, 45.276591 54.523288, 45.285684 54.481491, 45.302522 54.442169, 45.326498 54.406745, 45.356745 54.376498, 45.392169 54.352522, 45.431491 54.335684, 45.473288 54.326591, 45.5 54.325, 45.95 54.325, 45.976712 54.326591, 46.018509 54.335684, 46.057831 54.352522, 46.093255 54.376498, 46.123502 54.406745, 46.147478 54.442169, 46.164316 54.481491, 46.173409 54.523288, 46.175 54.55, 46.175 55.05, 46.173409 55.076712, 46.164316 55.118509, 46.147478 55.157831, 46.123502 55.193255, 46.093255 55.223502, 46.057831 55.247478, 46.018509 55.264316, 45.976712 55.273409, 45.95 55.275, 45.5 55.275, 45.473288 55.273409, 45.431491 55.264316, 45.392169 55.247478, 45.356745 55.223502, 45.326498 55.193255, 45.302522 55.157831, 45.285684 55.118509, 45.276591 55.076712, 45.275 55.05, 45.275 54.55))",0.081067,2.4478,45.724999999999994,54.79999999999995,0.0,Geometric release screen passes
Main,C87,2,1,0.810672,3.311779,0.1,"POLYGON ((46.825 54.55, 46.826591 54.523288, 46.835684 54.481491, 46.852522 54.442169, 46.876498 54.406745, 46.906745 54.376498, 46.942169 54.352522, 46.981491 54.335684, 47.023288 54.326591, 47.05 54.325, 47.5 54.325, 47.526712 54.326591, 47.568509 54.335684, 47.607831 54.352522, 47.643255 54.376498, 47.673502 54.406745, 47.697478 54.442169, 47.714316 54.481491, 47.723409 54.523288, 47.725 54.55, 47.725 55.05, 47.723409 55.076712, 47.714316 55.118509, 47.697478 55.157831, 47.673502 55.193255, 47.643255 55.223502, 47.607831 55.247478, 47.568509 55.264316, 47.526712 55.273409, 47.5 55.275, 47.05 55.275, 47.023288 55.273409, 46.981491 55.264316, 46.942169 55.247478, 46.906745 55.223502, 46.876498 55.193255, 46.852522 55.157831, 46.835684 55.118509, 46.826591 55.076712, 46.825 55.05, 46.825 54.55))",0.081067,2.4478,47.275,54.799999999999976,0.0,Geometric release screen passes
Main,R62,1,1,0.72485,3.154601,0.1,"POLYGON ((22.225 32.725, 22.189716 32.721863, 22.15081 32.710731, 22.114941 32.691994, 22.083579 32.666421, 22.058006 32.635059, 22.039269 32.59919, 22.028137 32.560284, 22.025 32.525, 22.025 32.125, 22.028137 32.089716, 22.039269 32.05081, 22.058006 32.014941, 22.083579 31.983579, 22.114941 31.958006, 22.15081 31.939269, 22.189716 31.928137, 22.225 31.925, 22.775 31.925, 22.810284 31.928137, 22.84919 31.939269, 22.885059 31.958006, 22.916421 31.983579, 22.941994 32.014941, 22.960731 32.05081, 22.971863 32.089716, 22.975 32.125, 22.975 32.525, 22.971863 32.560284, 22.960731 32.59919, 22.941994 32.635059, 22.916421 32.666421, 22.885059 32.691994, 22.84919 32.710731, 22.810284 32.721863, 22.775 32.725, 22.225 32.725))",0.072485,2.2978,22.499999999999996,32.324999999999996,90.0,Geometric release screen passes
Main,R62,2,1,0.72485,3.154601,0.1,"POLYGON ((22.225 31.075, 22.189716 31.071863, 22.15081 31.060731, 22.114941 31.041994, 22.083579 31.016421, 22.058006 30.985059, 22.039269 30.94919, 22.028137 30.910284, 22.025 30.875, 22.025 30.475, 22.028137 30.439716, 22.039269 30.40081, 22.058006 30.364941, 22.083579 30.333579, 22.114941 30.308006, 22.15081 30.289269, 22.189716 30.278137, 22.225 30.275, 22.775 30.275, 22.810284 30.278137, 22.84919 30.289269, 22.885059 30.308006, 22.916421 30.333579, 22.941994 30.364941, 22.960731 30.40081, 22.971863 30.439716, 22.975 30.475, 22.975 30.875, 22.971863 30.910284, 22.960731 30.94919, 22.941994 30.985059, 22.916421 31.016421, 22.885059 31.041994, 22.84919 31.060731, 22.810284 31.071863, 22.775 31.075, 22.225 31.075))",0.072485,2.2978,22.5,30.675000000000008,90.0,Geometric release screen passes
Main,R41,1,1,0.72485,3.154601,0.1,"POLYGON ((63.225 59.225, 63.189716 59.221863, 63.15081 59.210731, 63.114941 59.191994, 63.083579 59.166421, 63.058006 59.135059, 63.039269 59.09919, 63.028137 59.060284, 63.025 59.025, 63.025 58.625, 63.028137 58.589716, 63.039269 58.55081, 63.058006 58.514941, 63.083579 58.483579, 63.114941 58.458006, 63.15081 58.439269, 63.189716 58.428137, 63.225 58.425, 63.775 58.425, 63.810284 58.428137, 63.84919 58.439269, 63.885059 58.458006, 63.916421 58.483579, 63.941994 58.514941, 63.960731 58.55081, 63.971863 58.589716, 63.975 58.625, 63.975 59.025, 63.971863 59.060284, 63.960731 59.09919, 63.941994 59.135059, 63.916421 59.166421, 63.885059 59.191994, 63.84919 59.210731, 63.810284 59.221863, 63.775 59.225, 63.225 59.225))",0.072485,2.2978,63.49999999999999,58.82499999999998,90.0,Geometric release screen passes
Main,R41,2,1,0.72485,3.154601,0.1,"POLYGON ((63.225 57.575, 63.189716 57.571863, 63.15081 57.560731, 63.114941 57.541994, 63.083579 57.516421, 63.058006 57.485059, 63.039269 57.44919, 63.028137 57.410284, 63.025 57.375, 63.025 56.975, 63.028137 56.939716, 63.039269 56.90081, 63.058006 56.864941, 63.083579 56.833579, 63.114941 56.808006, 63.15081 56.789269, 63.189716 56.778137, 63.225 56.775, 63.775 56.775, 63.810284 56.778137, 63.84919 56.789269, 63.885059 56.808006, 63.916421 56.833579, 63.941994 56.864941, 63.960731 56.90081, 63.971863 56.939716, 63.975 56.975, 63.975 57.375, 63.971863 57.410284, 63.960731 57.44919, 63.941994 57.485059, 63.916421 57.516421, 63.885059 57.541994, 63.84919 57.560731, 63.810284 57.571863, 63.775 57.575, 63.225 57.575))",0.072485,2.2978,63.49999999999999,57.175,90.0,Geometric release screen passes
Main,U11,1,1,0.167654,2.012144,0.1,"POLYGON ((51.85 24.75, 51.853806 24.730866, 51.864645 24.714645, 51.880866 24.703806, 51.9 24.7, 52.65 24.7, 52.669134 24.703806, 52.685355 24.714645, 52.696194 24.730866, 52.7 24.75, 52.7 24.85, 52.696194 24.869134, 52.685355 24.885355, 52.669134 24.896194, 52.65 24.9, 51.9 24.9, 51.880866 24.896194, 51.864645 24.885355, 51.853806 24.869134, 51.85 24.85, 51.85 24.75))",0.016765,0.8332,52.275,24.799999999999997,0.0,Geometric release screen passes
Main,U11,2,1,0.167654,2.012144,0.1,"POLYGON ((51.85 25.15, 51.853806 25.130866, 51.864645 25.114645, 51.880866 25.103806, 51.9 25.1, 52.65 25.1, 52.669134 25.103806, 52.685355 25.114645, 52.696194 25.130866, 52.7 25.15, 52.7 25.25, 52.696194 25.269134, 52.685355 25.285355, 52.669134 25.296194, 52.65 25.3, 51.9 25.3, 51.880866 25.296194, 51.864645 25.285355, 51.853806 25.269134, 51.85 25.25, 51.85 25.15))",0.016765,0.8332,52.27499999999999,25.2,0.0,Geometric release screen passes
Main,U11,3,1,0.127654,1.612144,0.1,"POLYGON ((52.3 25.55, 52.303806 25.530866, 52.314645 25.514645, 52.330866 25.503806, 52.35 25.5, 52.45 25.5, 52.469134 25.503806, 52.485355 25.514645, 52.496194 25.530866, 52.5 25.55, 52.5 26.1, 52.496194 26.119134, 52.485355 26.135355, 52.469134 26.146194, 52.45 26.15, 52.35 26.15, 52.330866 26.146194, 52.314645 26.135355, 52.303806 26.119134, 52.3 26.1, 52.3 25.55))",0.012765,0.7918,52.399999999999984,25.824999999999996,0.0,Geometric release screen passes
Main,U11,4,1,0.127654,1.612144,0.1,"POLYGON ((52.7 25.55, 52.703806 25.530866, 52.714645 25.514645, 52.730866 25.503806, 52.75 25.5, 52.85 25.5, 52.869134 25.503806, 52.885355 25.514645, 52.896194 25.530866, 52.9 25.55, 52.9 26.1, 52.896194 26.119134, 52.885355 26.135355, 52.869134 26.146194, 52.85 26.15, 52.75 26.15, 52.730866 26.146194, 52.714645 26.135355, 52.703806 26.119134, 52.7 26.1, 52.7 25.55))",0.012765,0.7918,52.8,25.825,0.0,Geometric release screen passes
Main,U11,5,1,0.127654,1.612144,0.1,"POLYGON ((53.1 25.55, 53.103806 25.530866, 53.114645 25.514645, 53.130866 25.503806, 53.15 25.5, 53.25 25.5, 53.269134 25.503806, 53.285355 25.514645, 53.296194 25.530866, 53.3 25.55, 53.3 26.1, 53.296194 26.119134, 53.285355 26.135355, 53.269134 26.146194, 53.25 26.15, 53.15 26.15, 53.130866 26.146194, 53.114645 26.135355, 53.103806 26.119134, 53.1 26.1, 53.1 25.55))",0.012765,0.7918,53.19999999999999,25.825,0.0,Geometric release screen passes
Main,U11,6,1,0.127654,1.612144,0.1,"POLYGON ((53.5 25.55, 53.503806 25.530866, 53.514645 25.514645, 53.530866 25.503806, 53.55 25.5, 53.65 25.5, 53.669134 25.503806, 53.685355 25.514645, 53.696194 25.530866, 53.7 25.55, 53.7 26.1, 53.696194 26.119134, 53.685355 26.135355, 53.669134 26.146194, 53.65 26.15, 53.55 26.15, 53.530866 26.146194, 53.514645 26.135355, 53.503806 26.119134, 53.5 26.1, 53.5 25.55))",0.012765,0.7918,53.59999999999997,25.824999999999996,0.0,Geometric release screen passes
Main,U11,7,1,0.167654,2.012144,0.1,"POLYGON ((53.3 25.15, 53.303806 25.130866, 53.314645 25.114645, 53.330866 25.103806, 53.35 25.1, 54.1 25.1, 54.119134 25.103806, 54.135355 25.114645, 54.146194 25.130866, 54.15 25.15, 54.15 25.25, 54.146194 25.269134, 54.135355 25.285355, 54.119134 25.296194, 54.1 25.3, 53.35 25.3, 53.330866 25.296194, 53.314645 25.285355, 53.303806 25.269134, 53.3 25.25, 53.3 25.15))",0.016765,0.8332,53.724999999999994,25.2,0.0,Geometric release screen passes
Main,U11,8,1,0.167654,2.012144,0.1,"POLYGON ((53.3 24.75, 53.303806 24.730866, 53.314645 24.714645, 53.330866 24.703806, 53.35 24.7, 54.1 24.7, 54.119134 24.703806, 54.135355 24.714645, 54.146194 24.730866, 54.15 24.75, 54.15 24.85, 54.146194 24.869134, 54.135355 24.885355, 54.119134 24.896194, 54.1 24.9, 53.35 24.9, 53.330866 24.896194, 53.314645 24.885355, 53.303806 24.869134, 53.3 24.85, 53.3 24.75))",0.016765,0.8332,53.72499999999999,24.799999999999997,0.0,Geometric release screen passes
Main,U11,9,1,0.127654,1.612144,0.1,"POLYGON ((53.5 23.9, 53.503806 23.880866, 53.514645 23.864645, 53.530866 23.853806, 53.55 23.85, 53.65 23.85, 53.669134 23.853806, 53.685355 23.864645, 53.696194 23.880866, 53.7 23.9, 53.7 24.45, 53.696194 24.469134, 53.685355 24.485355, 53.669134 24.496194, 53.65 24.5, 53.55 24.5, 53.530866 24.496194, 53.514645 24.485355, 53.503806 24.469134, 53.5 24.45, 53.5 23.9))",0.012765,0.7918,53.599999999999994,24.174999999999994,0.0,Geometric release screen passes
Main,U11,10,1,0.127654,1.612144,0.1,"POLYGON ((53.1 23.9, 53.103806 23.880866, 53.114645 23.864645, 53.130866 23.853806, 53.15 23.85, 53.25 23.85, 53.269134 23.853806, 53.285355 23.864645, 53.296194 23.880866, 53.3 23.9, 53.3 24.45, 53.296194 24.469134, 53.285355 24.485355, 53.269134 24.496194, 53.25 24.5, 53.15 24.5, 53.130866 24.496194, 53.114645 24.485355, 53.103806 24.469134, 53.1 24.45, 53.1 23.9))",0.012765,0.7918,53.20000000000001,24.175000000000004,0.0,Geometric release screen passes
Main,U11,11,1,0.127654,1.612144,0.1,"POLYGON ((52.7 23.9, 52.703806 23.880866, 52.714645 23.864645, 52.730866 23.853806, 52.75 23.85, 52.85 23.85, 52.869134 23.853806, 52.885355 23.864645, 52.896194 23.880866, 52.9 23.9, 52.9 24.45, 52.896194 24.469134, 52.885355 24.485355, 52.869134 24.496194, 52.85 24.5, 52.75 24.5, 52.730866 24.496194, 52.714645 24.485355, 52.703806 24.469134, 52.7 24.45, 52.7 23.9))",0.012765,0.7918,52.80000000000001,24.175000000000004,0.0,Geometric release screen passes
Main,U11,12,1,0.127654,1.612144,0.1,"POLYGON ((52.3 23.9, 52.303806 23.880866, 52.314645 23.864645, 52.330866 23.853806, 52.35 23.85, 52.45 23.85, 52.469134 23.853806, 52.485355 23.864645, 52.496194 23.880866, 52.5 23.9, 52.5 24.45, 52.496194 24.469134, 52.485355 24.485355, 52.469134 24.496194, 52.45 24.5, 52.35 24.5, 52.330866 24.496194, 52.314645 24.485355, 52.303806 24.469134, 52.3 24.45, 52.3 23.9))",0.012765,0.7918,52.39999999999999,24.174999999999997,0.0,Geometric release screen passes
Main,C12,1,1,0.810672,3.311779,0.1,"POLYGON ((22.275 56.75, 22.276591 56.723288, 22.285684 56.681491, 22.302522 56.642169, 22.326498 56.606745, 22.356745 56.576498, 22.392169 56.552522, 22.431491 56.535684, 22.473288 56.526591, 22.5 56.525, 22.95 56.525, 22.976712 56.526591, 23.018509 56.535684, 23.057831 56.552522, 23.093255 56.576498, 23.123502 56.606745, 23.147478 56.642169, 23.164316 56.681491, 23.173409 56.723288, 23.175 56.75, 23.175 57.25, 23.173409 57.276712, 23.164316 57.318509, 23.147478 57.357831, 23.123502 57.393255, 23.093255 57.423502, 23.057831 57.447478, 23.018509 57.464316, 22.976712 57.473409, 22.95 57.475, 22.5 57.475, 22.473288 57.473409, 22.431491 57.464316, 22.392169 57.447478, 22.356745 57.423502, 22.326498 57.393255, 22.302522 57.357831, 22.285684 57.318509, 22.276591 57.276712, 22.275 57.25, 22.275 56.75))",0.081067,2.4478,22.725000000000005,56.99999999999998,0.0,Geometric release screen passes
Main,C12,2,1,0.810672,3.311779,0.1,"POLYGON ((23.825 56.75, 23.826591 56.723288, 23.835684 56.681491, 23.852522 56.642169, 23.876498 56.606745, 23.906745 56.576498, 23.942169 56.552522, 23.981491 56.535684, 24.023288 56.526591, 24.05 56.525, 24.5 56.525, 24.526712 56.526591, 24.568509 56.535684, 24.607831 56.552522, 24.643255 56.576498, 24.673502 56.606745, 24.697478 56.642169, 24.714316 56.681491, 24.723409 56.723288, 24.725 56.75, 24.725 57.25, 24.723409 57.276712, 24.714316 57.318509, 24.697478 57.357831, 24.673502 57.393255, 24.643255 57.423502, 24.607831 57.447478, 24.568509 57.464316, 24.526712 57.473409, 24.5 57.475, 24.05 57.475, 24.023288 57.473409, 23.981491 57.464316, 23.942169 57.447478, 23.906745 57.423502, 23.876498 57.393255, 23.852522 57.357831, 23.835684 57.318509, 23.826591 57.276712, 23.825 57.25, 23.825 56.75))",0.081067,2.4478,24.275,56.999999999999986,0.0,Geometric release screen passes
Main,U14,1,1,0.351872,2.598028,0.1,"POLYGON ((22.9 44.7625, 22.901525 44.746233, 22.91014 44.721614, 22.925628 44.700628, 22.946614 44.68514, 22.971233 44.676525, 22.9875 44.675, 23.8375 44.675, 23.853767 44.676525, 23.878386 44.68514, 23.899372 44.700628, 23.91486 44.721614, 23.923475 44.746233, 23.925 44.7625, 23.925 44.9375, 23.923475 44.953767, 23.91486 44.978386, 23.899372 44.999372, 23.878386 45.01486, 23.853767 45.023475, 23.8375 45.025, 22.9875 45.025, 22.971233 45.023475, 22.946614 45.01486, 22.925628 44.999372, 22.91014 44.978386, 22.901525 44.953767, 22.9 44.9375, 22.9 44.7625))",0.035187,1.3544,23.4125,44.85,0.0,Geometric release screen passes
Main,U14,2,1,0.351872,2.598028,0.1,"POLYGON ((22.9 45.4125, 22.901525 45.396233, 22.91014 45.371614, 22.925628 45.350628, 22.946614 45.33514, 22.971233 45.326525, 22.9875 45.325, 23.8375 45.325, 23.853767 45.326525, 23.878386 45.33514, 23.899372 45.350628, 23.91486 45.371614, 23.923475 45.396233, 23.925 45.4125, 23.925 45.5875, 23.923475 45.603767, 23.91486 45.628386, 23.899372 45.649372, 23.878386 45.66486, 23.853767 45.673475, 23.8375 45.675, 22.9875 45.675, 22.971233 45.673475, 22.946614 45.66486, 22.925628 45.649372, 22.91014 45.628386, 22.901525 45.603767, 22.9 45.5875, 22.9 45.4125))",0.035187,1.3544,23.4125,45.5,0.0,Geometric release screen passes
Main,U14,3,1,0.351872,2.598028,0.1,"POLYGON ((22.9 46.0625, 22.901525 46.046233, 22.91014 46.021614, 22.925628 46.000628, 22.946614 45.98514, 22.971233 45.976525, 22.9875 45.975, 23.8375 45.975, 23.853767 45.976525, 23.878386 45.98514, 23.899372 46.000628, 23.91486 46.021614, 23.923475 46.046233, 23.925 46.0625, 23.925 46.2375, 23.923475 46.253767, 23.91486 46.278386, 23.899372 46.299372, 23.878386 46.31486, 23.853767 46.323475, 23.8375 46.325, 22.9875 46.325, 22.971233 46.323475, 22.946614 46.31486, 22.925628 46.299372, 22.91014 46.278386, 22.901525 46.253767, 22.9 46.2375, 22.9 46.0625))",0.035187,1.3544,23.4125,46.150000000000006,0.0,Geometric release screen passes
Main,U14,4,1,0.351872,2.598028,0.1,"POLYGON ((24.575 46.0625, 24.576525 46.046233, 24.58514 46.021614, 24.600628 46.000628, 24.621614 45.98514, 24.646233 45.976525, 24.6625 45.975, 25.5125 45.975, 25.528767 45.976525, 25.553386 45.98514, 25.574372 46.000628, 25.58986 46.021614, 25.598475 46.046233, 25.6 46.0625, 25.6 46.2375, 25.598475 46.253767, 25.58986 46.278386, 25.574372 46.299372, 25.553386 46.31486, 25.528767 46.323475, 25.5125 46.325, 24.6625 46.325, 24.646233 46.323475, 24.621614 46.31486, 24.600628 46.299372, 24.58514 46.278386, 24.576525 46.253767, 24.575 46.2375, 24.575 46.0625))",0.035187,1.3544,25.0875,46.150000000000006,0.0,Geometric release screen passes
Main,U14,5,1,0.351872,2.598028,0.1,"POLYGON ((24.575 45.4125, 24.576525 45.396233, 24.58514 45.371614, 24.600628 45.350628, 24.621614 45.33514, 24.646233 45.326525, 24.6625 45.325, 25.5125 45.325, 25.528767 45.326525, 25.553386 45.33514, 25.574372 45.350628, 25.58986 45.371614, 25.598475 45.396233, 25.6 45.4125, 25.6 45.5875, 25.598475 45.603767, 25.58986 45.628386, 25.574372 45.649372, 25.553386 45.66486, 25.528767 45.673475, 25.5125 45.675, 24.6625 45.675, 24.646233 45.673475, 24.621614 45.66486, 24.600628 45.649372, 24.58514 45.628386, 24.576525 45.603767, 24.575 45.5875, 24.575 45.4125))",0.035187,1.3544,25.087500000000002,45.5,0.0,Geometric release screen passes
Main,U14,6,1,0.351872,2.598028,0.1,"POLYGON ((24.575 44.7625, 24.576525 44.746233, 24.58514 44.721614, 24.600628 44.700628, 24.621614 44.68514, 24.646233 44.676525, 24.6625 44.675, 25.5125 44.675, 25.528767 44.676525, 25.553386 44.68514, 25.574372 44.700628, 25.58986 44.721614, 25.598475 44.746233, 25.6 44.7625, 25.6 44.9375, 25.598475 44.953767, 25.58986 44.978386, 25.574372 44.999372, 25.553386 45.01486, 25.528767 45.023475, 25.5125 45.025, 24.6625 45.025, 24.646233 45.023475, 24.621614 45.01486, 24.600628 44.999372, 24.58514 44.978386, 24.576525 44.953767, 24.575 44.9375, 24.575 44.7625))",0.035187,1.3544,25.0875,44.85,0.0,Geometric release screen passes
Main,C19,1,1,0.810672,3.311779,0.1,"POLYGON ((46.75 47.225, 46.723288 47.223409, 46.681491 47.214316, 46.642169 47.197478, 46.606745 47.173502, 46.576498 47.143255, 46.552522 47.107831, 46.535684 47.068509, 46.526591 47.026712, 46.525 47, 46.525 46.55, 46.526591 46.523288, 46.535684 46.481491, 46.552522 46.442169, 46.576498 46.406745, 46.606745 46.376498, 46.642169 46.352522, 46.681491 46.335684, 46.723288 46.326591, 46.75 46.325, 47.25 46.325, 47.276712 46.326591, 47.318509 46.335684, 47.357831 46.352522, 47.393255 46.376498, 47.423502 46.406745, 47.447478 46.442169, 47.464316 46.481491, 47.473409 46.523288, 47.475 46.55, 47.475 47, 47.473409 47.026712, 47.464316 47.068509, 47.447478 47.107831, 47.423502 47.143255, 47.393255 47.173502, 47.357831 47.197478, 47.318509 47.214316, 47.276712 47.223409, 47.25 47.225, 46.75 47.225))",0.081067,2.4478,47.00000000000001,46.77500000000001,90.0,Geometric release screen passes
Main,C19,2,1,0.810672,3.311779,0.1,"POLYGON ((46.75 45.675, 46.723288 45.673409, 46.681491 45.664316, 46.642169 45.647478, 46.606745 45.623502, 46.576498 45.593255, 46.552522 45.557831, 46.535684 45.518509, 46.526591 45.476712, 46.525 45.45, 46.525 45, 46.526591 44.973288, 46.535684 44.931491, 46.552522 44.892169, 46.576498 44.856745, 46.606745 44.826498, 46.642169 44.802522, 46.681491 44.785684, 46.723288 44.776591, 46.75 44.775, 47.25 44.775, 47.276712 44.776591, 47.318509 44.785684, 47.357831 44.802522, 47.393255 44.826498, 47.423502 44.856745, 47.447478 44.892169, 47.464316 44.931491, 47.473409 44.973288, 47.475 45, 47.475 45.45, 47.473409 45.476712, 47.464316 45.518509, 47.447478 45.557831, 47.423502 45.593255, 47.393255 45.623502, 47.357831 45.647478, 47.318509 45.664316, 47.276712 45.673409, 47.25 45.675, 46.75 45.675))",0.081067,2.4478,47.00000000000001,45.22499999999997,90.0,Geometric release screen passes
Main,R126,1,1,0.72485,3.154601,0.1,"POLYGON ((50.475 86.475, 50.439716 86.471863, 50.40081 86.460731, 50.364941 86.441994, 50.333579 86.416421, 50.308006 86.385059, 50.289269 86.34919, 50.278137 86.310284, 50.275 86.275, 50.275 85.875, 50.278137 85.839716, 50.289269 85.80081, 50.308006 85.764941, 50.333579 85.733579, 50.364941 85.708006, 50.40081 85.689269, 50.439716 85.678137, 50.475 85.675, 51.025 85.675, 51.060284 85.678137, 51.09919 85.689269, 51.135059 85.708006, 51.166421 85.733579, 51.191994 85.764941, 51.210731 85.80081, 51.221863 85.839716, 51.225 85.875, 51.225 86.275, 51.221863 86.310284, 51.210731 86.34919, 51.191994 86.385059, 51.166421 86.416421, 51.135059 86.441994, 51.09919 86.460731, 51.060284 86.471863, 51.025 86.475, 50.475 86.475))",0.072485,2.2978,50.75000000000001,86.07499999999997,90.0,Geometric release screen passes
Main,R126,2,1,0.72485,3.154601,0.1,"POLYGON ((50.475 84.825, 50.439716 84.821863, 50.40081 84.810731, 50.364941 84.791994, 50.333579 84.766421, 50.308006 84.735059, 50.289269 84.69919, 50.278137 84.660284, 50.275 84.625, 50.275 84.225, 50.278137 84.189716, 50.289269 84.15081, 50.308006 84.114941, 50.333579 84.083579, 50.364941 84.058006, 50.40081 84.039269, 50.439716 84.028137, 50.475 84.025, 51.025 84.025, 51.060284 84.028137, 51.09919 84.039269, 51.135059 84.058006, 51.166421 84.083579, 51.191994 84.114941, 51.210731 84.15081, 51.221863 84.189716, 51.225 84.225, 51.225 84.625, 51.221863 84.660284, 51.210731 84.69919, 51.191994 84.735059, 51.166421 84.766421, 51.135059 84.791994, 51.09919 84.810731, 51.060284 84.821863, 51.025 84.825, 50.475 84.825))",0.072485,2.2978,50.750000000000014,84.425,90.0,Geometric release screen passes
Main,C73,1,1,1.395346,4.468787,0.1,"POLYGON ((46.05 21.525, 46.053078 21.485891, 46.064029 21.44243, 46.082565 21.401623, 46.108089 21.364781, 46.139781 21.333089, 46.176623 21.307565, 46.21743 21.289029, 46.260891 21.278078, 46.3 21.275, 46.8 21.275, 46.839109 21.278078, 46.88257 21.289029, 46.923377 21.307565, 46.960219 21.333089, 46.991911 21.364781, 47.017435 21.401623, 47.035971 21.44243, 47.046922 21.485891, 47.05 21.525, 47.05 22.475, 47.046922 22.514109, 47.035971 22.55757, 47.017435 22.598377, 46.991911 22.635219, 46.960219 22.666911, 46.923377 22.692435, 46.88257 22.710971, 46.839109 22.721922, 46.8 22.725, 46.3 22.725, 46.260891 22.721922, 46.21743 22.710971, 46.176623 22.692435, 46.139781 22.666911, 46.108089 22.635219, 46.082565 22.598377, 46.064029 22.55757, 46.053078 22.514109, 46.05 22.475, 46.05 21.525))",0.139535,3.1224,46.54999999999999,22.000000000000004,0.0,Geometric release screen passes
Main,C73,2,1,1.395346,4.468787,0.1,"POLYGON ((47.95 21.525, 47.953078 21.485891, 47.964029 21.44243, 47.982565 21.401623, 48.008089 21.364781, 48.039781 21.333089, 48.076623 21.307565, 48.11743 21.289029, 48.160891 21.278078, 48.2 21.275, 48.7 21.275, 48.739109 21.278078, 48.78257 21.289029, 48.823377 21.307565, 48.860219 21.333089, 48.891911 21.364781, 48.917435 21.401623, 48.935971 21.44243, 48.946922 21.485891, 48.95 21.525, 48.95 22.475, 48.946922 22.514109, 48.935971 22.55757, 48.917435 22.598377, 48.891911 22.635219, 48.860219 22.666911, 48.823377 22.692435, 48.78257 22.710971, 48.739109 22.721922, 48.7 22.725, 48.2 22.725, 48.160891 22.721922, 48.11743 22.710971, 48.076623 22.692435, 48.039781 22.666911, 48.008089 22.635219, 47.982565 22.598377, 47.964029 22.55757, 47.953078 22.514109, 47.95 22.475, 47.95 21.525))",0.139535,3.1224,48.44999999999999,21.999999999999996,0.0,Geometric release screen passes
Main,R71,1,1,0.72485,3.154601,0.1,"POLYGON ((52.725 38.225, 52.689716 38.221863, 52.65081 38.210731, 52.614941 38.191994, 52.583579 38.166421, 52.558006 38.135059, 52.539269 38.09919, 52.528137 38.060284, 52.525 38.025, 52.525 37.625, 52.528137 37.589716, 52.539269 37.55081, 52.558006 37.514941, 52.583579 37.483579, 52.614941 37.458006, 52.65081 37.439269, 52.689716 37.428137, 52.725 37.425, 53.275 37.425, 53.310284 37.428137, 53.34919 37.439269, 53.385059 37.458006, 53.416421 37.483579, 53.441994 37.514941, 53.460731 37.55081, 53.471863 37.589716, 53.475 37.625, 53.475 38.025, 53.471863 38.060284, 53.460731 38.09919, 53.441994 38.135059, 53.416421 38.166421, 53.385059 38.191994, 53.34919 38.210731, 53.310284 38.221863, 53.275 38.225, 52.725 38.225))",0.072485,2.2978,53.000000000000014,37.825,90.0,Geometric release screen passes
Main,R71,2,1,0.72485,3.154601,0.1,"POLYGON ((52.725 36.575, 52.689716 36.571863, 52.65081 36.560731, 52.614941 36.541994, 52.583579 36.516421, 52.558006 36.485059, 52.539269 36.44919, 52.528137 36.410284, 52.525 36.375, 52.525 35.975, 52.528137 35.939716, 52.539269 35.90081, 52.558006 35.864941, 52.583579 35.833579, 52.614941 35.808006, 52.65081 35.789269, 52.689716 35.778137, 52.725 35.775, 53.275 35.775, 53.310284 35.778137, 53.34919 35.789269, 53.385059 35.808006, 53.416421 35.833579, 53.441994 35.864941, 53.460731 35.90081, 53.471863 35.939716, 53.475 35.975, 53.475 36.375, 53.471863 36.410284, 53.460731 36.44919, 53.441994 36.485059, 53.416421 36.516421, 53.385059 36.541994, 53.34919 36.560731, 53.310284 36.571863, 53.275 36.575, 52.725 36.575))",0.072485,2.2978,53.000000000000014,36.175000000000004,90.0,Geometric release screen passes
Main,U10,,1,2.400154,6.112144,0.1,"POLYGON ((49.725 45.275, 49.728806 45.255866, 49.739645 45.239645, 49.755866 45.228806, 49.775 45.225, 51.225 45.225, 51.244134 45.228806, 51.260355 45.239645, 51.271194 45.255866, 51.275 45.275, 51.275 46.725, 51.271194 46.744134, 51.260355 46.760355, 51.244134 46.771194, 51.225 46.775, 49.775 46.775, 49.755866 46.771194, 49.739645 46.760355, 49.728806 46.744134, 49.725 46.725, 49.725 45.275))",0.240015,3.9269,50.5,46.000000000000014,0.0,Geometric release screen passes
Main,U10,1,1,0.205185,2.060998,0.1,"POLYGON ((48.625 45.1875, 48.62713 45.171324, 48.636303 45.151651, 48.651651 45.136303, 48.671324 45.12713, 48.6875 45.125, 49.3975 45.125, 49.413676 45.12713, 49.433349 45.136303, 49.448697 45.151651, 49.45787 45.171324, 49.46 45.1875, 49.46 45.3125, 49.45787 45.328676, 49.448697 45.348349, 49.433349 45.363697, 49.413676 45.37287, 49.3975 45.375, 48.6875 45.375, 48.671324 45.37287, 48.651651 45.363697, 48.636303 45.348349, 48.62713 45.328676, 48.625 45.3125, 48.625 45.1875))",0.020519,0.9956,49.042500000000004,45.25000000000001,0.0,Geometric release screen passes
Main,U10,2,1,0.205185,2.060998,0.1,"POLYGON ((48.625 45.6875, 48.62713 45.671324, 48.636303 45.651651, 48.651651 45.636303, 48.671324 45.62713, 48.6875 45.625, 49.3975 45.625, 49.413676 45.62713, 49.433349 45.636303, 49.448697 45.651651, 49.45787 45.671324, 49.46 45.6875, 49.46 45.8125, 49.45787 45.828676, 49.448697 45.848349, 49.433349 45.863697, 49.413676 45.87287, 49.3975 45.875, 48.6875 45.875, 48.671324 45.87287, 48.651651 45.863697, 48.636303 45.848349, 48.62713 45.828676, 48.625 45.8125, 48.625 45.6875))",0.020519,0.9956,49.042500000000004,45.75000000000001,0.0,Geometric release screen passes
Main,U10,3,1,0.205185,2.060998,0.1,"POLYGON ((48.625 46.1875, 48.62713 46.171324, 48.636303 46.151651, 48.651651 46.136303, 48.671324 46.12713, 48.6875 46.125, 49.3975 46.125, 49.413676 46.12713, 49.433349 46.136303, 49.448697 46.151651, 49.45787 46.171324, 49.46 46.1875, 49.46 46.3125, 49.45787 46.328676, 49.448697 46.348349, 49.433349 46.363697, 49.413676 46.37287, 49.3975 46.375, 48.6875 46.375, 48.671324 46.37287, 48.651651 46.363697, 48.636303 46.348349, 48.62713 46.328676, 48.625 46.3125, 48.625 46.1875))",0.020519,0.9956,49.042500000000004,46.25,0.0,Geometric release screen passes
Main,U10,4,1,0.205185,2.060998,0.1,"POLYGON ((48.625 46.6875, 48.62713 46.671324, 48.636303 46.651651, 48.651651 46.636303, 48.671324 46.62713, 48.6875 46.625, 49.3975 46.625, 49.413676 46.62713, 49.433349 46.636303, 49.448697 46.651651, 49.45787 46.671324, 49.46 46.6875, 49.46 46.8125, 49.45787 46.828676, 49.448697 46.848349, 49.433349 46.863697, 49.413676 46.87287, 49.3975 46.875, 48.6875 46.875, 48.671324 46.87287, 48.651651 46.863697, 48.636303 46.848349, 48.62713 46.828676, 48.625 46.8125, 48.625 46.6875))",0.020519,0.9956,49.042500000000004,46.75,0.0,Geometric release screen passes
Main,U10,5,1,0.205185,2.060998,0.1,"POLYGON ((49.625 47.1025, 49.62713 47.086324, 49.636303 47.066651, 49.651651 47.051303, 49.671324 47.04213, 49.6875 47.04, 49.8125 47.04, 49.828676 47.04213, 49.848349 47.051303, 49.863697 47.066651, 49.87287 47.086324, 49.875 47.1025, 49.875 47.8125, 49.87287 47.828676, 49.863697 47.848349, 49.848349 47.863697, 49.828676 47.87287, 49.8125 47.875, 49.6875 47.875, 49.671324 47.87287, 49.651651 47.863697, 49.636303 47.848349, 49.62713 47.828676, 49.625 47.8125, 49.625 47.1025))",0.020519,0.9956,49.75,47.457499999999996,0.0,Geometric release screen passes
Main,U10,6,1,0.205185,2.060998,0.1,"POLYGON ((50.125 47.1025, 50.12713 47.086324, 50.136303 47.066651, 50.151651 47.051303, 50.171324 47.04213, 50.1875 47.04, 50.3125 47.04, 50.328676 47.04213, 50.348349 47.051303, 50.363697 47.066651, 50.37287 47.086324, 50.375 47.1025, 50.375 47.8125, 50.37287 47.828676, 50.363697 47.848349, 50.348349 47.863697, 50.328676 47.87287, 50.3125 47.875, 50.1875 47.875, 50.171324 47.87287, 50.151651 47.863697, 50.136303 47.848349, 50.12713 47.828676, 50.125 47.8125, 50.125 47.1025))",0.020519,0.9956,50.25,47.457499999999996,0.0,Geometric release screen passes
Main,U10,7,1,0.205185,2.060998,0.1,"POLYGON ((50.625 47.1025, 50.62713 47.086324, 50.636303 47.066651, 50.651651 47.051303, 50.671324 47.04213, 50.6875 47.04, 50.8125 47.04, 50.828676 47.04213, 50.848349 47.051303, 50.863697 47.066651, 50.87287 47.086324, 50.875 47.1025, 50.875 47.8125, 50.87287 47.828676, 50.863697 47.848349, 50.848349 47.863697, 50.828676 47.87287, 50.8125 47.875, 50.6875 47.875, 50.671324 47.87287, 50.651651 47.863697, 50.636303 47.848349, 50.62713 47.828676, 50.625 47.8125, 50.625 47.1025))",0.020519,0.9956,50.749999999999986,47.457499999999996,0.0,Geometric release screen passes
Main,U10,8,1,0.205185,2.060998,0.1,"POLYGON ((51.125 47.1025, 51.12713 47.086324, 51.136303 47.066651, 51.151651 47.051303, 51.171324 47.04213, 51.1875 47.04, 51.3125 47.04, 51.328676 47.04213, 51.348349 47.051303, 51.363697 47.066651, 51.37287 47.086324, 51.375 47.1025, 51.375 47.8125, 51.37287 47.828676, 51.363697 47.848349, 51.348349 47.863697, 51.328676 47.87287, 51.3125 47.875, 51.1875 47.875, 51.171324 47.87287, 51.151651 47.863697, 51.136303 47.848349, 51.12713 47.828676, 51.125 47.8125, 51.125 47.1025))",0.020519,0.9956,51.25,47.457499999999996,0.0,Geometric release screen passes
Main,U10,9,1,0.205185,2.060998,0.1,"POLYGON ((51.54 46.6875, 51.54213 46.671324, 51.551303 46.651651, 51.566651 46.636303, 51.586324 46.62713, 51.6025 46.625, 52.3125 46.625, 52.328676 46.62713, 52.348349 46.636303, 52.363697 46.651651, 52.37287 46.671324, 52.375 46.6875, 52.375 46.8125, 52.37287 46.828676, 52.363697 46.848349, 52.348349 46.863697, 52.328676 46.87287, 52.3125 46.875, 51.6025 46.875, 51.586324 46.87287, 51.566651 46.863697, 51.551303 46.848349, 51.54213 46.828676, 51.54 46.8125, 51.54 46.6875))",0.020519,0.9956,51.9575,46.75,0.0,Geometric release screen passes
Main,U10,10,1,0.205185,2.060998,0.1,"POLYGON ((51.54 46.1875, 51.54213 46.171324, 51.551303 46.151651, 51.566651 46.136303, 51.586324 46.12713, 51.6025 46.125, 52.3125 46.125, 52.328676 46.12713, 52.348349 46.136303, 52.363697 46.151651, 52.37287 46.171324, 52.375 46.1875, 52.375 46.3125, 52.37287 46.328676, 52.363697 46.348349, 52.348349 46.363697, 52.328676 46.37287, 52.3125 46.375, 51.6025 46.375, 51.586324 46.37287, 51.566651 46.363697, 51.551303 46.348349, 51.54213 46.328676, 51.54 46.3125, 51.54 46.1875))",0.020519,0.9956,51.9575,46.25,0.0,Geometric release screen passes
Main,U10,11,1,0.205185,2.060998,0.1,"POLYGON ((51.54 45.6875, 51.54213 45.671324, 51.551303 45.651651, 51.566651 45.636303, 51.586324 45.62713, 51.6025 45.625, 52.3125 45.625, 52.328676 45.62713, 52.348349 45.636303, 52.363697 45.651651, 52.37287 45.671324, 52.375 45.6875, 52.375 45.8125, 52.37287 45.828676, 52.363697 45.848349, 52.348349 45.863697, 52.328676 45.87287, 52.3125 45.875, 51.6025 45.875, 51.586324 45.87287, 51.566651 45.863697, 51.551303 45.848349, 51.54213 45.828676, 51.54 45.8125, 51.54 45.6875))",0.020519,0.9956,51.9575,45.75000000000001,0.0,Geometric release screen passes
Main,U10,12,1,0.205185,2.060998,0.1,"POLYGON ((51.54 45.1875, 51.54213 45.171324, 51.551303 45.151651, 51.566651 45.136303, 51.586324 45.12713, 51.6025 45.125, 52.3125 45.125, 52.328676 45.12713, 52.348349 45.136303, 52.363697 45.151651, 52.37287 45.171324, 52.375 45.1875, 52.375 45.3125, 52.37287 45.328676, 52.363697 45.348349, 52.348349 45.363697, 52.328676 45.37287, 52.3125 45.375, 51.6025 45.375, 51.586324 45.37287, 51.566651 45.363697, 51.551303 45.348349, 51.54213 45.328676, 51.54 45.3125, 51.54 45.1875))",0.020519,0.9956,51.9575,45.25000000000001,0.0,Geometric release screen passes
Main,U10,13,1,0.205185,2.060998,0.1,"POLYGON ((51.125 44.1875, 51.12713 44.171324, 51.136303 44.151651, 51.151651 44.136303, 51.171324 44.12713, 51.1875 44.125, 51.3125 44.125, 51.328676 44.12713, 51.348349 44.136303, 51.363697 44.151651, 51.37287 44.171324, 51.375 44.1875, 51.375 44.8975, 51.37287 44.913676, 51.363697 44.933349, 51.348349 44.948697, 51.328676 44.95787, 51.3125 44.96, 51.1875 44.96, 51.171324 44.95787, 51.151651 44.948697, 51.136303 44.933349, 51.12713 44.913676, 51.125 44.8975, 51.125 44.1875))",0.020519,0.9956,51.25,44.54250000000001,0.0,Geometric release screen passes
Main,U10,14,1,0.205185,2.060998,0.1,"POLYGON ((50.625 44.1875, 50.62713 44.171324, 50.636303 44.151651, 50.651651 44.136303, 50.671324 44.12713, 50.6875 44.125, 50.8125 44.125, 50.828676 44.12713, 50.848349 44.136303, 50.863697 44.151651, 50.87287 44.171324, 50.875 44.1875, 50.875 44.8975, 50.87287 44.913676, 50.863697 44.933349, 50.848349 44.948697, 50.828676 44.95787, 50.8125 44.96, 50.6875 44.96, 50.671324 44.95787, 50.651651 44.948697, 50.636303 44.933349, 50.62713 44.913676, 50.625 44.8975, 50.625 44.1875))",0.020519,0.9956,50.749999999999986,44.54250000000001,0.0,Geometric release screen passes
Main,U10,15,1,0.205185,2.060998,0.1,"POLYGON ((50.125 44.1875, 50.12713 44.171324, 50.136303 44.151651, 50.151651 44.136303, 50.171324 44.12713, 50.1875 44.125, 50.3125 44.125, 50.328676 44.12713, 50.348349 44.136303, 50.363697 44.151651, 50.37287 44.171324, 50.375 44.1875, 50.375 44.8975, 50.37287 44.913676, 50.363697 44.933349, 50.348349 44.948697, 50.328676 44.95787, 50.3125 44.96, 50.1875 44.96, 50.171324 44.95787, 50.151651 44.948697, 50.136303 44.933349, 50.12713 44.913676, 50.125 44.8975, 50.125 44.1875))",0.020519,0.9956,50.25,44.54250000000001,0.0,Geometric release screen passes
Main,U10,16,1,0.205185,2.060998,0.1,"POLYGON ((49.625 44.1875, 49.62713 44.171324, 49.636303 44.151651, 49.651651 44.136303, 49.671324 44.12713, 49.6875 44.125, 49.8125 44.125, 49.828676 44.12713, 49.848349 44.136303, 49.863697 44.151651, 49.87287 44.171324, 49.875 44.1875, 49.875 44.8975, 49.87287 44.913676, 49.863697 44.933349, 49.848349 44.948697, 49.828676 44.95787, 49.8125 44.96, 49.6875 44.96, 49.671324 44.95787, 49.651651 44.948697, 49.636303 44.933349, 49.62713 44.913676, 49.625 44.8975, 49.625 44.1875))",0.020519,0.9956,49.75,44.54250000000001,0.0,Geometric release screen passes
Main,R43,1,1,0.72485,3.154601,0.1,"POLYGON ((64.775 57.125, 64.778137 57.089716, 64.789269 57.05081, 64.808006 57.014941, 64.833579 56.983579, 64.864941 56.958006, 64.90081 56.939269, 64.939716 56.928137, 64.975 56.925, 65.375 56.925, 65.410284 56.928137, 65.44919 56.939269, 65.485059 56.958006, 65.516421 56.983579, 65.541994 57.014941, 65.560731 57.05081, 65.571863 57.089716, 65.575 57.125, 65.575 57.675, 65.571863 57.710284, 65.560731 57.74919, 65.541994 57.785059, 65.516421 57.816421, 65.485059 57.841994, 65.44919 57.860731, 65.410284 57.871863, 65.375 57.875, 64.975 57.875, 64.939716 57.871863, 64.90081 57.860731, 64.864941 57.841994, 64.833579 57.816421, 64.808006 57.785059, 64.789269 57.74919, 64.778137 57.710284, 64.775 57.675, 64.775 57.125))",0.072485,2.2978,65.175,57.4,0.0,Geometric release screen passes
Main,R43,2,1,0.72485,3.154601,0.1,"POLYGON ((66.425 57.125, 66.428137 57.089716, 66.439269 57.05081, 66.458006 57.014941, 66.483579 56.983579, 66.514941 56.958006, 66.55081 56.939269, 66.589716 56.928137, 66.625 56.925, 67.025 56.925, 67.060284 56.928137, 67.09919 56.939269, 67.135059 56.958006, 67.166421 56.983579, 67.191994 57.014941, 67.210731 57.05081, 67.221863 57.089716, 67.225 57.125, 67.225 57.675, 67.221863 57.710284, 67.210731 57.74919, 67.191994 57.785059, 67.166421 57.816421, 67.135059 57.841994, 67.09919 57.860731, 67.060284 57.871863, 67.025 57.875, 66.625 57.875, 66.589716 57.871863, 66.55081 57.860731, 66.514941 57.841994, 66.483579 57.816421, 66.458006 57.785059, 66.439269 57.74919, 66.428137 57.710284, 66.425 57.675, 66.425 57.125))",0.072485,2.2978,66.825,57.4,0.0,Geometric release screen passes
Main,C22,1,1,0.810672,3.311779,0.1,"POLYGON ((53.45 23.025, 53.423288 23.023409, 53.381491 23.014316, 53.342169 22.997478, 53.306745 22.973502, 53.276498 22.943255, 53.252522 22.907831, 53.235684 22.868509, 53.226591 22.826712, 53.225 22.8, 53.225 22.35, 53.226591 22.323288, 53.235684 22.281491, 53.252522 22.242169, 53.276498 22.206745, 53.306745 22.176498, 53.342169 22.152522, 53.381491 22.135684, 53.423288 22.126591, 53.45 22.125, 53.95 22.125, 53.976712 22.126591, 54.018509 22.135684, 54.057831 22.152522, 54.093255 22.176498, 54.123502 22.206745, 54.147478 22.242169, 54.164316 22.281491, 54.173409 22.323288, 54.175 22.35, 54.175 22.8, 54.173409 22.826712, 54.164316 22.868509, 54.147478 22.907831, 54.123502 22.943255, 54.093255 22.973502, 54.057831 22.997478, 54.018509 23.014316, 53.976712 23.023409, 53.95 23.025, 53.45 23.025))",0.081067,2.4478,53.7,22.575000000000003,90.0,Geometric release screen passes
Main,C22,2,1,0.810672,3.311779,0.1,"POLYGON ((53.45 21.475, 53.423288 21.473409, 53.381491 21.464316, 53.342169 21.447478, 53.306745 21.423502, 53.276498 21.393255, 53.252522 21.357831, 53.235684 21.318509, 53.226591 21.276712, 53.225 21.25, 53.225 20.8, 53.226591 20.773288, 53.235684 20.731491, 53.252522 20.692169, 53.276498 20.656745, 53.306745 20.626498, 53.342169 20.602522, 53.381491 20.585684, 53.423288 20.576591, 53.45 20.575, 53.95 20.575, 53.976712 20.576591, 54.018509 20.585684, 54.057831 20.602522, 54.093255 20.626498, 54.123502 20.656745, 54.147478 20.692169, 54.164316 20.731491, 54.173409 20.773288, 54.175 20.8, 54.175 21.25, 54.173409 21.276712, 54.164316 21.318509, 54.147478 21.357831, 54.123502 21.393255, 54.093255 21.423502, 54.057831 21.447478, 54.018509 21.464316, 53.976712 21.473409, 53.95 21.475, 53.45 21.475))",0.081067,2.4478,53.70000000000002,21.02499999999999,90.0,Geometric release screen passes
Main,R52,1,1,0.72485,3.154601,0.1,"POLYGON ((18.275 101.725, 18.278137 101.689716, 18.289269 101.65081, 18.308006 101.614941, 18.333579 101.583579, 18.364941 101.558006, 18.40081 101.539269, 18.439716 101.528137, 18.475 101.525, 18.875 101.525, 18.910284 101.528137, 18.94919 101.539269, 18.985059 101.558006, 19.016421 101.583579, 19.041994 101.614941, 19.060731 101.65081, 19.071863 101.689716, 19.075 101.725, 19.075 102.275, 19.071863 102.310284, 19.060731 102.34919, 19.041994 102.385059, 19.016421 102.416421, 18.985059 102.441994, 18.94919 102.460731, 18.910284 102.471863, 18.875 102.475, 18.475 102.475, 18.439716 102.471863, 18.40081 102.460731, 18.364941 102.441994, 18.333579 102.416421, 18.308006 102.385059, 18.289269 102.34919, 18.278137 102.310284, 18.275 102.275, 18.275 101.725))",0.072485,2.2978,18.675000000000004,102.0,0.0,Geometric release screen passes
Main,R52,2,1,0.72485,3.154601,0.1,"POLYGON ((19.925 101.725, 19.928137 101.689716, 19.939269 101.65081, 19.958006 101.614941, 19.983579 101.583579, 20.014941 101.558006, 20.05081 101.539269, 20.089716 101.528137, 20.125 101.525, 20.525 101.525, 20.560284 101.528137, 20.59919 101.539269, 20.635059 101.558006, 20.666421 101.583579, 20.691994 101.614941, 20.710731 101.65081, 20.721863 101.689716, 20.725 101.725, 20.725 102.275, 20.721863 102.310284, 20.710731 102.34919, 20.691994 102.385059, 20.666421 102.416421, 20.635059 102.441994, 20.59919 102.460731, 20.560284 102.471863, 20.525 102.475, 20.125 102.475, 20.089716 102.471863, 20.05081 102.460731, 20.014941 102.441994, 19.983579 102.416421, 19.958006 102.385059, 19.939269 102.34919, 19.928137 102.310284, 19.925 102.275, 19.925 101.725))",0.072485,2.2978,20.325,101.99999999999999,0.0,Geometric release screen passes
Main,R29,1,1,0.72485,3.154601,0.1,"POLYGON ((11.775 23.725, 11.778137 23.689716, 11.789269 23.65081, 11.808006 23.614941, 11.833579 23.583579, 11.864941 23.558006, 11.90081 23.539269, 11.939716 23.528137, 11.975 23.525, 12.375 23.525, 12.410284 23.528137, 12.44919 23.539269, 12.485059 23.558006, 12.516421 23.583579, 12.541994 23.614941, 12.560731 23.65081, 12.571863 23.689716, 12.575 23.725, 12.575 24.275, 12.571863 24.310284, 12.560731 24.34919, 12.541994 24.385059, 12.516421 24.416421, 12.485059 24.441994, 12.44919 24.460731, 12.410284 24.471863, 12.375 24.475, 11.975 24.475, 11.939716 24.471863, 11.90081 24.460731, 11.864941 24.441994, 11.833579 24.416421, 11.808006 24.385059, 11.789269 24.34919, 11.778137 24.310284, 11.775 24.275, 11.775 23.725))",0.072485,2.2978,12.174999999999995,23.999999999999993,0.0,Geometric release screen passes
Main,R29,2,1,0.72485,3.154601,0.1,"POLYGON ((13.425 23.725, 13.428137 23.689716, 13.439269 23.65081, 13.458006 23.614941, 13.483579 23.583579, 13.514941 23.558006, 13.55081 23.539269, 13.589716 23.528137, 13.625 23.525, 14.025 23.525, 14.060284 23.528137, 14.09919 23.539269, 14.135059 23.558006, 14.166421 23.583579, 14.191994 23.614941, 14.210731 23.65081, 14.221863 23.689716, 14.225 23.725, 14.225 24.275, 14.221863 24.310284, 14.210731 24.34919, 14.191994 24.385059, 14.166421 24.416421, 14.135059 24.441994, 14.09919 24.460731, 14.060284 24.471863, 14.025 24.475, 13.625 24.475, 13.589716 24.471863, 13.55081 24.460731, 13.514941 24.441994, 13.483579 24.416421, 13.458006 24.385059, 13.439269 24.34919, 13.428137 24.310284, 13.425 24.275, 13.425 23.725))",0.072485,2.2978,13.825,23.99999999999999,0.0,Geometric release screen passes
Main,U20,1,1,0.404933,2.554843,0.1,"POLYGON ((50.35 18.7375, 50.353833 18.708383, 50.365072 18.68125, 50.38295 18.65795, 50.40625 18.640072, 50.433383 18.628833, 50.4625 18.625, 51.1625 18.625, 51.191617 18.628833, 51.21875 18.640072, 51.24205 18.65795, 51.259928 18.68125, 51.271167 18.708383, 51.275 18.7375, 51.275 18.9625, 51.271167 18.991617, 51.259928 19.01875, 51.24205 19.04205, 51.21875 19.059928, 51.191617 19.071167, 51.1625 19.075, 50.4625 19.075, 50.433383 19.071167, 50.40625 19.059928, 50.38295 19.04205, 50.365072 19.01875, 50.353833 18.991617, 50.35 18.9625, 50.35 18.7375))",0.040493,1.585,50.81250000000001,18.850000000000005,0.0,Geometric release screen passes
Main,U20,2,1,0.404933,2.554843,0.1,"POLYGON ((50.35 20.0375, 50.353833 20.008383, 50.365072 19.98125, 50.38295 19.95795, 50.40625 19.940072, 50.433383 19.928833, 50.4625 19.925, 51.1625 19.925, 51.191617 19.928833, 51.21875 19.940072, 51.24205 19.95795, 51.259928 19.98125, 51.271167 20.008383, 51.275 20.0375, 51.275 20.2625, 51.271167 20.291617, 51.259928 20.31875, 51.24205 20.34205, 51.21875 20.359928, 51.191617 20.371167, 51.1625 20.375, 50.4625 20.375, 50.433383 20.371167, 50.40625 20.359928, 50.38295 20.34205, 50.365072 20.31875, 50.353833 20.291617, 50.35 20.2625, 50.35 20.0375))",0.040493,1.585,50.812500000000014,20.150000000000002,0.0,Geometric release screen passes
Main,U20,3,1,0.404933,2.554843,0.1,"POLYGON ((52.125 19.3875, 52.128833 19.358383, 52.140072 19.33125, 52.15795 19.30795, 52.18125 19.290072, 52.208383 19.278833, 52.2375 19.275, 52.9375 19.275, 52.966617 19.278833, 52.99375 19.290072, 53.01705 19.30795, 53.034928 19.33125, 53.046167 19.358383, 53.05 19.3875, 53.05 19.6125, 53.046167 19.641617, 53.034928 19.66875, 53.01705 19.69205, 52.99375 19.709928, 52.966617 19.721167, 52.9375 19.725, 52.2375 19.725, 52.208383 19.721167, 52.18125 19.709928, 52.15795 19.69205, 52.140072 19.66875, 52.128833 19.641617, 52.125 19.6125, 52.125 19.3875))",0.040493,1.585,52.58749999999999,19.5,0.0,Geometric release screen passes
Main,C89,1,1,0.810672,3.311779,0.1,"POLYGON ((60.75 55.225, 60.723288 55.223409, 60.681491 55.214316, 60.642169 55.197478, 60.606745 55.173502, 60.576498 55.143255, 60.552522 55.107831, 60.535684 55.068509, 60.526591 55.026712, 60.525 55, 60.525 54.55, 60.526591 54.523288, 60.535684 54.481491, 60.552522 54.442169, 60.576498 54.406745, 60.606745 54.376498, 60.642169 54.352522, 60.681491 54.335684, 60.723288 54.326591, 60.75 54.325, 61.25 54.325, 61.276712 54.326591, 61.318509 54.335684, 61.357831 54.352522, 61.393255 54.376498, 61.423502 54.406745, 61.447478 54.442169, 61.464316 54.481491, 61.473409 54.523288, 61.475 54.55, 61.475 55, 61.473409 55.026712, 61.464316 55.068509, 61.447478 55.107831, 61.423502 55.143255, 61.393255 55.173502, 61.357831 55.197478, 61.318509 55.214316, 61.276712 55.223409, 61.25 55.225, 60.75 55.225))",0.081067,2.4478,61.00000000000001,54.775000000000006,90.0,Geometric release screen passes
Main,C89,2,1,0.810672,3.311779,0.1,"POLYGON ((60.75 53.675, 60.723288 53.673409, 60.681491 53.664316, 60.642169 53.647478, 60.606745 53.623502, 60.576498 53.593255, 60.552522 53.557831, 60.535684 53.518509, 60.526591 53.476712, 60.525 53.45, 60.525 53, 60.526591 52.973288, 60.535684 52.931491, 60.552522 52.892169, 60.576498 52.856745, 60.606745 52.826498, 60.642169 52.802522, 60.681491 52.785684, 60.723288 52.776591, 60.75 52.775, 61.25 52.775, 61.276712 52.776591, 61.318509 52.785684, 61.357831 52.802522, 61.393255 52.826498, 61.423502 52.856745, 61.447478 52.892169, 61.464316 52.931491, 61.473409 52.973288, 61.475 53, 61.475 53.45, 61.473409 53.476712, 61.464316 53.518509, 61.447478 53.557831, 61.423502 53.593255, 61.393255 53.623502, 61.357831 53.647478, 61.318509 53.664316, 61.276712 53.673409, 61.25 53.675, 60.75 53.675))",0.081067,2.4478,61.0,53.22499999999998,90.0,Geometric release screen passes
Main,U33,1,1,0.775088,3.590481,0.1,"POLYGON ((46.9 20.3, 46.869667 20.296901, 46.836607 20.285946, 46.806965 20.267662, 46.782338 20.243035, 46.764054 20.213393, 46.753099 20.180333, 46.75 20.15, 46.75 19.125, 46.753099 19.094667, 46.764054 19.061607, 46.782338 19.031965, 46.806965 19.007338, 46.836607 18.989054, 46.869667 18.978099, 46.9 18.975, 47.2 18.975, 47.230333 18.978099, 47.263393 18.989054, 47.293035 19.007338, 47.317662 19.031965, 47.335946 19.061607, 47.346901 19.094667, 47.35 19.125, 47.35 20.15, 47.346901 20.180333, 47.335946 20.213393, 47.317662 20.243035, 47.293035 20.267662, 47.263393 20.285946, 47.230333 20.296901, 47.2 20.3, 46.9 20.3))",0.077509,2.1587,47.05,19.637500000000003,90.0,Geometric release screen passes
Main,U33,2,1,0.775088,3.590481,0.1,"POLYGON ((47.85 20.3, 47.819667 20.296901, 47.786607 20.285946, 47.756965 20.267662, 47.732338 20.243035, 47.714054 20.213393, 47.703099 20.180333, 47.7 20.15, 47.7 19.125, 47.703099 19.094667, 47.714054 19.061607, 47.732338 19.031965, 47.756965 19.007338, 47.786607 18.989054, 47.819667 18.978099, 47.85 18.975, 48.15 18.975, 48.180333 18.978099, 48.213393 18.989054, 48.243035 19.007338, 48.267662 19.031965, 48.285946 19.061607, 48.296901 19.094667, 48.3 19.125, 48.3 20.15, 48.296901 20.180333, 48.285946 20.213393, 48.267662 20.243035, 48.243035 20.267662, 48.213393 20.285946, 48.180333 20.296901, 48.15 20.3, 47.85 20.3))",0.077509,2.1587,48.0,19.637499999999996,90.0,Geometric release screen passes
Main,U33,3,1,0.775088,3.590481,0.1,"POLYGON ((48.8 20.3, 48.769667 20.296901, 48.736607 20.285946, 48.706965 20.267662, 48.682338 20.243035, 48.664054 20.213393, 48.653099 20.180333, 48.65 20.15, 48.65 19.125, 48.653099 19.094667, 48.664054 19.061607, 48.682338 19.031965, 48.706965 19.007338, 48.736607 18.989054, 48.769667 18.978099, 48.8 18.975, 49.1 18.975, 49.130333 18.978099, 49.163393 18.989054, 49.193035 19.007338, 49.217662 19.031965, 49.235946 19.061607, 49.246901 19.094667, 49.25 19.125, 49.25 20.15, 49.246901 20.180333, 49.235946 20.213393, 49.217662 20.243035, 49.193035 20.267662, 49.163393 20.285946, 49.130333 20.296901, 49.1 20.3, 48.8 20.3))",0.077509,2.1587,48.94999999999999,19.637500000000003,90.0,Geometric release screen passes
Main,U33,4,1,0.775088,3.590481,0.1,"POLYGON ((48.8 18.025, 48.769667 18.021901, 48.736607 18.010946, 48.706965 17.992662, 48.682338 17.968035, 48.664054 17.938393, 48.653099 17.905333, 48.65 17.875, 48.65 16.85, 48.653099 16.819667, 48.664054 16.786607, 48.682338 16.756965, 48.706965 16.732338, 48.736607 16.714054, 48.769667 16.703099, 48.8 16.7, 49.1 16.7, 49.130333 16.703099, 49.163393 16.714054, 49.193035 16.732338, 49.217662 16.756965, 49.235946 16.786607, 49.246901 16.819667, 49.25 16.85, 49.25 17.875, 49.246901 17.905333, 49.235946 17.938393, 49.217662 17.968035, 49.193035 17.992662, 49.163393 18.010946, 49.130333 18.021901, 49.1 18.025, 48.8 18.025))",0.077509,2.1587,48.94999999999999,17.3625,90.0,Geometric release screen passes
Main,U33,5,1,0.775088,3.590481,0.1,"POLYGON ((46.9 18.025, 46.869667 18.021901, 46.836607 18.010946, 46.806965 17.992662, 46.782338 17.968035, 46.764054 17.938393, 46.753099 17.905333, 46.75 17.875, 46.75 16.85, 46.753099 16.819667, 46.764054 16.786607, 46.782338 16.756965, 46.806965 16.732338, 46.836607 16.714054, 46.869667 16.703099, 46.9 16.7, 47.2 16.7, 47.230333 16.703099, 47.263393 16.714054, 47.293035 16.732338, 47.317662 16.756965, 47.335946 16.786607, 47.346901 16.819667, 47.35 16.85, 47.35 17.875, 47.346901 17.905333, 47.335946 17.938393, 47.317662 17.968035, 47.293035 17.992662, 47.263393 18.010946, 47.230333 18.021901, 47.2 18.025, 46.9 18.025))",0.077509,2.1587,47.05,17.3625,90.0,Geometric release screen passes
Main,R131,1,1,0.72485,3.154601,0.1,"POLYGON ((31.925 60.225, 31.889716 60.221863, 31.85081 60.210731, 31.814941 60.191994, 31.783579 60.166421, 31.758006 60.135059, 31.739269 60.09919, 31.728137 60.060284, 31.725 60.025, 31.725 59.625, 31.728137 59.589716, 31.739269 59.55081, 31.758006 59.514941, 31.783579 59.483579, 31.814941 59.458006, 31.85081 59.439269, 31.889716 59.428137, 31.925 59.425, 32.475 59.425, 32.510284 59.428137, 32.54919 59.439269, 32.585059 59.458006, 32.616421 59.483579, 32.641994 59.514941, 32.660731 59.55081, 32.671863 59.589716, 32.675 59.625, 32.675 60.025, 32.671863 60.060284, 32.660731 60.09919, 32.641994 60.135059, 32.616421 60.166421, 32.585059 60.191994, 32.54919 60.210731, 32.510284 60.221863, 32.475 60.225, 31.925 60.225))",0.072485,2.2978,32.199999999999996,59.825,90.0,Geometric release screen passes
Main,R131,2,1,0.72485,3.154601,0.1,"POLYGON ((31.925 58.575, 31.889716 58.571863, 31.85081 58.560731, 31.814941 58.541994, 31.783579 58.516421, 31.758006 58.485059, 31.739269 58.44919, 31.728137 58.410284, 31.725 58.375, 31.725 57.975, 31.728137 57.939716, 31.739269 57.90081, 31.758006 57.864941, 31.783579 57.833579, 31.814941 57.808006, 31.85081 57.789269, 31.889716 57.778137, 31.925 57.775, 32.475 57.775, 32.510284 57.778137, 32.54919 57.789269, 32.585059 57.808006, 32.616421 57.833579, 32.641994 57.864941, 32.660731 57.90081, 32.671863 57.939716, 32.675 57.975, 32.675 58.375, 32.671863 58.410284, 32.660731 58.44919, 32.641994 58.485059, 32.616421 58.516421, 32.585059 58.541994, 32.54919 58.560731, 32.510284 58.571863, 32.475 58.575, 31.925 58.575))",0.072485,2.2978,32.199999999999996,58.17500000000001,90.0,Geometric release screen passes
Main,C2,1,1,1.395346,4.468787,0.1,"POLYGON ((68.325 24.05, 68.364109 24.053078, 68.40757 24.064029, 68.448377 24.082565, 68.485219 24.108089, 68.516911 24.139781, 68.542435 24.176623, 68.560971 24.21743, 68.571922 24.260891, 68.575 24.3, 68.575 24.8, 68.571922 24.839109, 68.560971 24.88257, 68.542435 24.923377, 68.516911 24.960219, 68.485219 24.991911, 68.448377 25.017435, 68.40757 25.035971, 68.364109 25.046922, 68.325 25.05, 67.375 25.05, 67.335891 25.046922, 67.29243 25.035971, 67.251623 25.017435, 67.214781 24.991911, 67.183089 24.960219, 67.157565 24.923377, 67.139029 24.88257, 67.128078 24.839109, 67.125 24.8, 67.125 24.3, 67.128078 24.260891, 67.139029 24.21743, 67.157565 24.176623, 67.183089 24.139781, 67.214781 24.108089, 67.251623 24.082565, 67.29243 24.064029, 67.335891 24.053078, 67.375 24.05, 68.325 24.05))",0.139535,3.1224,67.84999999999998,24.549999999999994,270.0,Geometric release screen passes
Main,C2,2,1,1.395346,4.468787,0.1,"POLYGON ((68.325 25.95, 68.364109 25.953078, 68.40757 25.964029, 68.448377 25.982565, 68.485219 26.008089, 68.516911 26.039781, 68.542435 26.076623, 68.560971 26.11743, 68.571922 26.160891, 68.575 26.2, 68.575 26.7, 68.571922 26.739109, 68.560971 26.78257, 68.542435 26.823377, 68.516911 26.860219, 68.485219 26.891911, 68.448377 26.917435, 68.40757 26.935971, 68.364109 26.946922, 68.325 26.95, 67.375 26.95, 67.335891 26.946922, 67.29243 26.935971, 67.251623 26.917435, 67.214781 26.891911, 67.183089 26.860219, 67.157565 26.823377, 67.139029 26.78257, 67.128078 26.739109, 67.125 26.7, 67.125 26.2, 67.128078 26.160891, 67.139029 26.11743, 67.157565 26.076623, 67.183089 26.039781, 67.214781 26.008089, 67.251623 25.982565, 67.29243 25.964029, 67.335891 25.953078, 67.375 25.95, 68.325 25.95))",0.139535,3.1224,67.84999999999991,26.44999999999998,270.0,Geometric release screen passes
Main,C72,1,1,0.810672,3.311779,0.1,"POLYGON ((41.5 84.975, 41.473288 84.973409, 41.431491 84.964316, 41.392169 84.947478, 41.356745 84.923502, 41.326498 84.893255, 41.302522 84.857831, 41.285684 84.818509, 41.276591 84.776712, 41.275 84.75, 41.275 84.3, 41.276591 84.273288, 41.285684 84.231491, 41.302522 84.192169, 41.326498 84.156745, 41.356745 84.126498, 41.392169 84.102522, 41.431491 84.085684, 41.473288 84.076591, 41.5 84.075, 42 84.075, 42.026712 84.076591, 42.068509 84.085684, 42.107831 84.102522, 42.143255 84.126498, 42.173502 84.156745, 42.197478 84.192169, 42.214316 84.231491, 42.223409 84.273288, 42.225 84.3, 42.225 84.75, 42.223409 84.776712, 42.214316 84.818509, 42.197478 84.857831, 42.173502 84.893255, 42.143255 84.923502, 42.107831 84.947478, 42.068509 84.964316, 42.026712 84.973409, 42 84.975, 41.5 84.975))",0.081067,2.4478,41.74999999999998,84.52499999999999,90.0,Geometric release screen passes
Main,C72,2,1,0.810672,3.311779,0.1,"POLYGON ((41.5 83.425, 41.473288 83.423409, 41.431491 83.414316, 41.392169 83.397478, 41.356745 83.373502, 41.326498 83.343255, 41.302522 83.307831, 41.285684 83.268509, 41.276591 83.226712, 41.275 83.2, 41.275 82.75, 41.276591 82.723288, 41.285684 82.681491, 41.302522 82.642169, 41.326498 82.606745, 41.356745 82.576498, 41.392169 82.552522, 41.431491 82.535684, 41.473288 82.526591, 41.5 82.525, 42 82.525, 42.026712 82.526591, 42.068509 82.535684, 42.107831 82.552522, 42.143255 82.576498, 42.173502 82.606745, 42.197478 82.642169, 42.214316 82.681491, 42.223409 82.723288, 42.225 82.75, 42.225 83.2, 42.223409 83.226712, 42.214316 83.268509, 42.197478 83.307831, 42.173502 83.343255, 42.143255 83.373502, 42.107831 83.397478, 42.068509 83.414316, 42.026712 83.423409, 42 83.425, 41.5 83.425))",0.081067,2.4478,41.75,82.97500000000001,90.0,Geometric release screen passes
Main,R51,1,1,0.72485,3.154601,0.1,"POLYGON ((14.775 101.725, 14.778137 101.689716, 14.789269 101.65081, 14.808006 101.614941, 14.833579 101.583579, 14.864941 101.558006, 14.90081 101.539269, 14.939716 101.528137, 14.975 101.525, 15.375 101.525, 15.410284 101.528137, 15.44919 101.539269, 15.485059 101.558006, 15.516421 101.583579, 15.541994 101.614941, 15.560731 101.65081, 15.571863 101.689716, 15.575 101.725, 15.575 102.275, 15.571863 102.310284, 15.560731 102.34919, 15.541994 102.385059, 15.516421 102.416421, 15.485059 102.441994, 15.44919 102.460731, 15.410284 102.471863, 15.375 102.475, 14.975 102.475, 14.939716 102.471863, 14.90081 102.460731, 14.864941 102.441994, 14.833579 102.416421, 14.808006 102.385059, 14.789269 102.34919, 14.778137 102.310284, 14.775 102.275, 14.775 101.725))",0.072485,2.2978,15.174999999999999,102.0,0.0,Geometric release screen passes
Main,R51,2,1,0.72485,3.154601,0.1,"POLYGON ((16.425 101.725, 16.428137 101.689716, 16.439269 101.65081, 16.458006 101.614941, 16.483579 101.583579, 16.514941 101.558006, 16.55081 101.539269, 16.589716 101.528137, 16.625 101.525, 17.025 101.525, 17.060284 101.528137, 17.09919 101.539269, 17.135059 101.558006, 17.166421 101.583579, 17.191994 101.614941, 17.210731 101.65081, 17.221863 101.689716, 17.225 101.725, 17.225 102.275, 17.221863 102.310284, 17.210731 102.34919, 17.191994 102.385059, 17.166421 102.416421, 17.135059 102.441994, 17.09919 102.460731, 17.060284 102.471863, 17.025 102.475, 16.625 102.475, 16.589716 102.471863, 16.55081 102.460731, 16.514941 102.441994, 16.483579 102.416421, 16.458006 102.385059, 16.439269 102.34919, 16.428137 102.310284, 16.425 102.275, 16.425 101.725))",0.072485,2.2978,16.825,101.99999999999999,0.0,Geometric release screen passes
Main,U39,1,1,0.775088,3.590481,0.1,"POLYGON ((31.7 54.5, 31.703099 54.469667, 31.714054 54.436607, 31.732338 54.406965, 31.756965 54.382338, 31.786607 54.364054, 31.819667 54.353099, 31.85 54.35, 32.875 54.35, 32.905333 54.353099, 32.938393 54.364054, 32.968035 54.382338, 32.992662 54.406965, 33.010946 54.436607, 33.021901 54.469667, 33.025 54.5, 33.025 54.8, 33.021901 54.830333, 33.010946 54.863393, 32.992662 54.893035, 32.968035 54.917662, 32.938393 54.935946, 32.905333 54.946901, 32.875 54.95, 31.85 54.95, 31.819667 54.946901, 31.786607 54.935946, 31.756965 54.917662, 31.732338 54.893035, 31.714054 54.863393, 31.703099 54.830333, 31.7 54.8, 31.7 54.5))",0.077509,2.1587,32.3625,54.65,0.0,Geometric release screen passes
Main,U39,2,1,0.775088,3.590481,0.1,"POLYGON ((31.7 55.45, 31.703099 55.419667, 31.714054 55.386607, 31.732338 55.356965, 31.756965 55.332338, 31.786607 55.314054, 31.819667 55.303099, 31.85 55.3, 32.875 55.3, 32.905333 55.303099, 32.938393 55.314054, 32.968035 55.332338, 32.992662 55.356965, 33.010946 55.386607, 33.021901 55.419667, 33.025 55.45, 33.025 55.75, 33.021901 55.780333, 33.010946 55.813393, 32.992662 55.843035, 32.968035 55.867662, 32.938393 55.885946, 32.905333 55.896901, 32.875 55.9, 31.85 55.9, 31.819667 55.896901, 31.786607 55.885946, 31.756965 55.867662, 31.732338 55.843035, 31.714054 55.813393, 31.703099 55.780333, 31.7 55.75, 31.7 55.45))",0.077509,2.1587,32.3625,55.6,0.0,Geometric release screen passes
Main,U39,3,1,0.775088,3.590481,0.1,"POLYGON ((31.7 56.4, 31.703099 56.369667, 31.714054 56.336607, 31.732338 56.306965, 31.756965 56.282338, 31.786607 56.264054, 31.819667 56.253099, 31.85 56.25, 32.875 56.25, 32.905333 56.253099, 32.938393 56.264054, 32.968035 56.282338, 32.992662 56.306965, 33.010946 56.336607, 33.021901 56.369667, 33.025 56.4, 33.025 56.7, 33.021901 56.730333, 33.010946 56.763393, 32.992662 56.793035, 32.968035 56.817662, 32.938393 56.835946, 32.905333 56.846901, 32.875 56.85, 31.85 56.85, 31.819667 56.846901, 31.786607 56.835946, 31.756965 56.817662, 31.732338 56.793035, 31.714054 56.763393, 31.703099 56.730333, 31.7 56.7, 31.7 56.4))",0.077509,2.1587,32.36250000000001,56.55,0.0,Geometric release screen passes
Main,U39,4,1,0.775088,3.590481,0.1,"POLYGON ((33.975 56.4, 33.978099 56.369667, 33.989054 56.336607, 34.007338 56.306965, 34.031965 56.282338, 34.061607 56.264054, 34.094667 56.253099, 34.125 56.25, 35.15 56.25, 35.180333 56.253099, 35.213393 56.264054, 35.243035 56.282338, 35.267662 56.306965, 35.285946 56.336607, 35.296901 56.369667, 35.3 56.4, 35.3 56.7, 35.296901 56.730333, 35.285946 56.763393, 35.267662 56.793035, 35.243035 56.817662, 35.213393 56.835946, 35.180333 56.846901, 35.15 56.85, 34.125 56.85, 34.094667 56.846901, 34.061607 56.835946, 34.031965 56.817662, 34.007338 56.793035, 33.989054 56.763393, 33.978099 56.730333, 33.975 56.7, 33.975 56.4))",0.077509,2.1587,34.63750000000001,56.55,0.0,Geometric release screen passes
Main,U39,5,1,0.775088,3.590481,0.1,"POLYGON ((33.975 54.5, 33.978099 54.469667, 33.989054 54.436607, 34.007338 54.406965, 34.031965 54.382338, 34.061607 54.364054, 34.094667 54.353099, 34.125 54.35, 35.15 54.35, 35.180333 54.353099, 35.213393 54.364054, 35.243035 54.382338, 35.267662 54.406965, 35.285946 54.436607, 35.296901 54.469667, 35.3 54.5, 35.3 54.8, 35.296901 54.830333, 35.285946 54.863393, 35.267662 54.893035, 35.243035 54.917662, 35.213393 54.935946, 35.180333 54.946901, 35.15 54.95, 34.125 54.95, 34.094667 54.946901, 34.061607 54.935946, 34.031965 54.917662, 34.007338 54.893035, 33.989054 54.863393, 33.978099 54.830333, 33.975 54.8, 33.975 54.5))",0.077509,2.1587,34.6375,54.64999999999999,0.0,Geometric release screen passes
Main,SW1,1,1,2.045346,5.668787,0.1,"POLYGON ((55.75 83.75, 55.753078 83.710891, 55.764029 83.66743, 55.782565 83.626623, 55.808089 83.589781, 55.839781 83.558089, 55.876623 83.532565, 55.91743 83.514029, 55.960891 83.503078, 56 83.5, 56.55 83.5, 56.589109 83.503078, 56.63257 83.514029, 56.673377 83.532565, 56.710219 83.558089, 56.741911 83.589781, 56.767435 83.626623, 56.785971 83.66743, 56.796922 83.710891, 56.8 83.75, 56.8 85.25, 56.796922 85.289109, 56.785971 85.33257, 56.767435 85.373377, 56.741911 85.410219, 56.710219 85.441911, 56.673377 85.467435, 56.63257 85.485971, 56.589109 85.496922, 56.55 85.5, 56 85.5, 55.960891 85.496922, 55.91743 85.485971, 55.876623 85.467435, 55.839781 85.441911, 55.808089 85.410219, 55.782565 85.373377, 55.764029 85.33257, 55.753078 85.289109, 55.75 85.25, 55.75 83.75))",0.204535,3.6081,56.27499999999999,84.5,0.0,Geometric release screen passes
Main,SW1,2,1,2.045346,5.668787,0.1,"POLYGON ((60.2 83.75, 60.203078 83.710891, 60.214029 83.66743, 60.232565 83.626623, 60.258089 83.589781, 60.289781 83.558089, 60.326623 83.532565, 60.36743 83.514029, 60.410891 83.503078, 60.45 83.5, 61 83.5, 61.039109 83.503078, 61.08257 83.514029, 61.123377 83.532565, 61.160219 83.558089, 61.191911 83.589781, 61.217435 83.626623, 61.235971 83.66743, 61.246922 83.710891, 61.25 83.75, 61.25 85.25, 61.246922 85.289109, 61.235971 85.33257, 61.217435 85.373377, 61.191911 85.410219, 61.160219 85.441911, 61.123377 85.467435, 61.08257 85.485971, 61.039109 85.496922, 61 85.5, 60.45 85.5, 60.410891 85.496922, 60.36743 85.485971, 60.326623 85.467435, 60.289781 85.441911, 60.258089 85.410219, 60.232565 85.373377, 60.214029 85.33257, 60.203078 85.289109, 60.2 85.25, 60.2 83.75))",0.204535,3.6081,60.72500000000002,84.50000000000003,0.0,Geometric release screen passes
Main,R69,1,1,0.72485,3.154601,0.1,"POLYGON ((15.775 72.725, 15.778137 72.689716, 15.789269 72.65081, 15.808006 72.614941, 15.833579 72.583579, 15.864941 72.558006, 15.90081 72.539269, 15.939716 72.528137, 15.975 72.525, 16.375 72.525, 16.410284 72.528137, 16.44919 72.539269, 16.485059 72.558006, 16.516421 72.583579, 16.541994 72.614941, 16.560731 72.65081, 16.571863 72.689716, 16.575 72.725, 16.575 73.275, 16.571863 73.310284, 16.560731 73.34919, 16.541994 73.385059, 16.516421 73.416421, 16.485059 73.441994, 16.44919 73.460731, 16.410284 73.471863, 16.375 73.475, 15.975 73.475, 15.939716 73.471863, 15.90081 73.460731, 15.864941 73.441994, 15.833579 73.416421, 15.808006 73.385059, 15.789269 73.34919, 15.778137 73.310284, 15.775 73.275, 15.775 72.725))",0.072485,2.2978,16.174999999999994,72.99999999999997,0.0,Geometric release screen passes
Main,R69,2,1,0.72485,3.154601,0.1,"POLYGON ((17.425 72.725, 17.428137 72.689716, 17.439269 72.65081, 17.458006 72.614941, 17.483579 72.583579, 17.514941 72.558006, 17.55081 72.539269, 17.589716 72.528137, 17.625 72.525, 18.025 72.525, 18.060284 72.528137, 18.09919 72.539269, 18.135059 72.558006, 18.166421 72.583579, 18.191994 72.614941, 18.210731 72.65081, 18.221863 72.689716, 18.225 72.725, 18.225 73.275, 18.221863 73.310284, 18.210731 73.34919, 18.191994 73.385059, 18.166421 73.416421, 18.135059 73.441994, 18.09919 73.460731, 18.060284 73.471863, 18.025 73.475, 17.625 73.475, 17.589716 73.471863, 17.55081 73.460731, 17.514941 73.441994, 17.483579 73.416421, 17.458006 73.385059, 17.439269 73.34919, 17.428137 73.310284, 17.425 73.275, 17.425 72.725))",0.072485,2.2978,17.824999999999996,73.0,0.0,Geometric release screen passes
Main,C84,1,1,0.810672,3.311779,0.1,"POLYGON ((47.575 76.15, 47.576591 76.123288, 47.585684 76.081491, 47.602522 76.042169, 47.626498 76.006745, 47.656745 75.976498, 47.692169 75.952522, 47.731491 75.935684, 47.773288 75.926591, 47.8 75.925, 48.25 75.925, 48.276712 75.926591, 48.318509 75.935684, 48.357831 75.952522, 48.393255 75.976498, 48.423502 76.006745, 48.447478 76.042169, 48.464316 76.081491, 48.473409 76.123288, 48.475 76.15, 48.475 76.65, 48.473409 76.676712, 48.464316 76.718509, 48.447478 76.757831, 48.423502 76.793255, 48.393255 76.823502, 48.357831 76.847478, 48.318509 76.864316, 48.276712 76.873409, 48.25 76.875, 47.8 76.875, 47.773288 76.873409, 47.731491 76.864316, 47.692169 76.847478, 47.656745 76.823502, 47.626498 76.793255, 47.602522 76.757831, 47.585684 76.718509, 47.576591 76.676712, 47.575 76.65, 47.575 76.15))",0.081067,2.4478,48.02500000000002,76.40000000000002,0.0,Geometric release screen passes
Main,C84,2,1,0.810672,3.311779,0.1,"POLYGON ((49.125 76.15, 49.126591 76.123288, 49.135684 76.081491, 49.152522 76.042169, 49.176498 76.006745, 49.206745 75.976498, 49.242169 75.952522, 49.281491 75.935684, 49.323288 75.926591, 49.35 75.925, 49.8 75.925, 49.826712 75.926591, 49.868509 75.935684, 49.907831 75.952522, 49.943255 75.976498, 49.973502 76.006745, 49.997478 76.042169, 50.014316 76.081491, 50.023409 76.123288, 50.025 76.15, 50.025 76.65, 50.023409 76.676712, 50.014316 76.718509, 49.997478 76.757831, 49.973502 76.793255, 49.943255 76.823502, 49.907831 76.847478, 49.868509 76.864316, 49.826712 76.873409, 49.8 76.875, 49.35 76.875, 49.323288 76.873409, 49.281491 76.864316, 49.242169 76.847478, 49.206745 76.823502, 49.176498 76.793255, 49.152522 76.757831, 49.135684 76.718509, 49.126591 76.676712, 49.125 76.65, 49.125 76.15))",0.081067,2.4478,49.574999999999996,76.39999999999998,0.0,Geometric release screen passes
Main,C4,1,1,0.810672,3.311779,0.1,"POLYGON ((52.75 90.225, 52.723288 90.223409, 52.681491 90.214316, 52.642169 90.197478, 52.606745 90.173502, 52.576498 90.143255, 52.552522 90.107831, 52.535684 90.068509, 52.526591 90.026712, 52.525 90, 52.525 89.55, 52.526591 89.523288, 52.535684 89.481491, 52.552522 89.442169, 52.576498 89.406745, 52.606745 89.376498, 52.642169 89.352522, 52.681491 89.335684, 52.723288 89.326591, 52.75 89.325, 53.25 89.325, 53.276712 89.326591, 53.318509 89.335684, 53.357831 89.352522, 53.393255 89.376498, 53.423502 89.406745, 53.447478 89.442169, 53.464316 89.481491, 53.473409 89.523288, 53.475 89.55, 53.475 90, 53.473409 90.026712, 53.464316 90.068509, 53.447478 90.107831, 53.423502 90.143255, 53.393255 90.173502, 53.357831 90.197478, 53.318509 90.214316, 53.276712 90.223409, 53.25 90.225, 52.75 90.225))",0.081067,2.4478,52.999999999999986,89.77499999999996,90.0,Geometric release screen passes
Main,C4,2,1,0.810672,3.311779,0.1,"POLYGON ((52.75 88.675, 52.723288 88.673409, 52.681491 88.664316, 52.642169 88.647478, 52.606745 88.623502, 52.576498 88.593255, 52.552522 88.557831, 52.535684 88.518509, 52.526591 88.476712, 52.525 88.45, 52.525 88, 52.526591 87.973288, 52.535684 87.931491, 52.552522 87.892169, 52.576498 87.856745, 52.606745 87.826498, 52.642169 87.802522, 52.681491 87.785684, 52.723288 87.776591, 52.75 87.775, 53.25 87.775, 53.276712 87.776591, 53.318509 87.785684, 53.357831 87.802522, 53.393255 87.826498, 53.423502 87.856745, 53.447478 87.892169, 53.464316 87.931491, 53.473409 87.973288, 53.475 88, 53.475 88.45, 53.473409 88.476712, 53.464316 88.518509, 53.447478 88.557831, 53.423502 88.593255, 53.393255 88.623502, 53.357831 88.647478, 53.318509 88.664316, 53.276712 88.673409, 53.25 88.675, 52.75 88.675))",0.081067,2.4478,52.99999999999999,88.225,90.0,Geometric release screen passes
Main,J1,A1/B12,2,0.850088,3.840481,0.1,"POLYGON ((43.55 8.62, 43.55 7.47, 43.546901 7.439667, 43.535946 7.406607, 43.517662 7.376965, 43.493035 7.352338, 43.463393 7.334054, 43.430333 7.323099, 43.4 7.32, 43.1 7.32, 43.069667 7.323099, 43.036607 7.334054, 43.006965 7.352338, 42.982338 7.376965, 42.964054 7.406607, 42.953099 7.439667, 42.95 7.47, 42.95 8.62, 42.953099 8.650333, 42.964054 8.683393, 42.982338 8.713035, 43.006965 8.737662, 43.036607 8.755946, 43.069667 8.766901, 43.1 8.77, 43.4 8.77, 43.430333 8.766901, 43.463393 8.755946, 43.493035 8.737662, 43.517662 8.713035, 43.535946 8.683393, 43.546901 8.650333, 43.55 8.62))",0.085009,2.2135,43.25,8.044999999999996,180.0,Geometric release screen passes
Main,J1,A4/B9,2,0.850088,3.840481,0.1,"POLYGON ((42.75 8.62, 42.75 7.47, 42.746901 7.439667, 42.735946 7.406607, 42.717662 7.376965, 42.693035 7.352338, 42.663393 7.334054, 42.630333 7.323099, 42.6 7.32, 42.3 7.32, 42.269667 7.323099, 42.236607 7.334054, 42.206965 7.352338, 42.182338 7.376965, 42.164054 7.406607, 42.153099 7.439667, 42.15 7.47, 42.15 8.62, 42.153099 8.650333, 42.164054 8.683393, 42.182338 8.713035, 42.206965 8.737662, 42.236607 8.755946, 42.269667 8.766901, 42.3 8.77, 42.6 8.77, 42.630333 8.766901, 42.663393 8.755946, 42.693035 8.737662, 42.717662 8.713035, 42.735946 8.683393, 42.746901 8.650333, 42.75 8.62))",0.085009,2.2135,42.45000000000001,8.045,180.0,Geometric release screen passes
Main,J1,A5,1,0.429879,3.36928,0.1,"POLYGON ((41.4 8.695, 41.396882 8.7164, 41.386039 8.738581, 41.368581 8.756039, 41.3464 8.766882, 41.325 8.77, 41.175 8.77, 41.1536 8.766882, 41.131419 8.756039, 41.113961 8.738581, 41.103118 8.7164, 41.1 8.695, 41.1 7.395, 41.103118 7.3736, 41.113961 7.351419, 41.131419 7.333961, 41.1536 7.323118, 41.175 7.32, 41.325 7.32, 41.3464 7.323118, 41.368581 7.333961, 41.386039 7.351419, 41.396882 7.3736, 41.4 7.395, 41.4 8.695))",0.042988,1.2759,41.25000000000001,8.045,180.0,Geometric release screen passes
Main,J1,A6,1,0.429879,3.36928,0.1,"POLYGON ((40.4 8.695, 40.396882 8.7164, 40.386039 8.738581, 40.368581 8.756039, 40.3464 8.766882, 40.325 8.77, 40.175 8.77, 40.1536 8.766882, 40.131419 8.756039, 40.113961 8.738581, 40.103118 8.7164, 40.1 8.695, 40.1 7.395, 40.103118 7.3736, 40.113961 7.351419, 40.131419 7.333961, 40.1536 7.323118, 40.175 7.32, 40.325 7.32, 40.3464 7.323118, 40.368581 7.333961, 40.386039 7.351419, 40.396882 7.3736, 40.4 7.395, 40.4 8.695))",0.042988,1.2759,40.25,8.045,180.0,Geometric release screen passes
Main,J1,A7,1,0.429879,3.36928,0.1,"POLYGON ((39.9 8.695, 39.896882 8.7164, 39.886039 8.738581, 39.868581 8.756039, 39.8464 8.766882, 39.825 8.77, 39.675 8.77, 39.6536 8.766882, 39.631419 8.756039, 39.613961 8.738581, 39.603118 8.7164, 39.6 8.695, 39.6 7.395, 39.603118 7.3736, 39.613961 7.351419, 39.631419 7.333961, 39.6536 7.323118, 39.675 7.32, 39.825 7.32, 39.8464 7.323118, 39.868581 7.333961, 39.886039 7.351419, 39.896882 7.3736, 39.9 7.395, 39.9 8.695))",0.042988,1.2759,39.750000000000014,8.045,180.0,Geometric release screen passes
Main,J1,A8,1,0.429879,3.36928,0.1,"POLYGON ((38.9 8.695, 38.896882 8.7164, 38.886039 8.738581, 38.868581 8.756039, 38.8464 8.766882, 38.825 8.77, 38.675 8.77, 38.6536 8.766882, 38.631419 8.756039, 38.613961 8.738581, 38.603118 8.7164, 38.6 8.695, 38.6 7.395, 38.603118 7.3736, 38.613961 7.351419, 38.631419 7.333961, 38.6536 7.323118, 38.675 7.32, 38.825 7.32, 38.8464 7.323118, 38.868581 7.333961, 38.886039 7.351419, 38.896882 7.3736, 38.9 7.395, 38.9 8.695))",0.042988,1.2759,38.75000000000001,8.045,180.0,Geometric release screen passes
Main,J1,A9/B4,2,0.850088,3.840481,0.1,"POLYGON ((37.85 8.62, 37.85 7.47, 37.846901 7.439667, 37.835946 7.406607, 37.817662 7.376965, 37.793035 7.352338, 37.763393 7.334054, 37.730333 7.323099, 37.7 7.32, 37.4 7.32, 37.369667 7.323099, 37.336607 7.334054, 37.306965 7.352338, 37.282338 7.376965, 37.264054 7.406607, 37.253099 7.439667, 37.25 7.47, 37.25 8.62, 37.253099 8.650333, 37.264054 8.683393, 37.282338 8.713035, 37.306965 8.737662, 37.336607 8.755946, 37.369667 8.766901, 37.4 8.77, 37.7 8.77, 37.730333 8.766901, 37.763393 8.755946, 37.793035 8.737662, 37.817662 8.713035, 37.835946 8.683393, 37.846901 8.650333, 37.85 8.62))",0.085009,2.2135,37.550000000000004,8.045,180.0,Geometric release screen passes
Main,J1,A12/B1,2,0.850088,3.840481,0.1,"POLYGON ((37.05 8.62, 37.05 7.47, 37.046901 7.439667, 37.035946 7.406607, 37.017662 7.376965, 36.993035 7.352338, 36.963393 7.334054, 36.930333 7.323099, 36.9 7.32, 36.6 7.32, 36.569667 7.323099, 36.536607 7.334054, 36.506965 7.352338, 36.482338 7.376965, 36.464054 7.406607, 36.453099 7.439667, 36.45 7.47, 36.45 8.62, 36.453099 8.650333, 36.464054 8.683393, 36.482338 8.713035, 36.506965 8.737662, 36.536607 8.755946, 36.569667 8.766901, 36.6 8.77, 36.9 8.77, 36.930333 8.766901, 36.963393 8.755946, 36.993035 8.737662, 37.017662 8.713035, 37.035946 8.683393, 37.046901 8.650333, 37.05 8.62))",0.085009,2.2135,36.75000000000001,8.044999999999996,180.0,Geometric release screen passes
Main,J1,B5,1,0.429879,3.36928,0.1,"POLYGON ((38.4 8.695, 38.396882 8.7164, 38.386039 8.738581, 38.368581 8.756039, 38.3464 8.766882, 38.325 8.77, 38.175 8.77, 38.1536 8.766882, 38.131419 8.756039, 38.113961 8.738581, 38.103118 8.7164, 38.1 8.695, 38.1 7.395, 38.103118 7.3736, 38.113961 7.351419, 38.131419 7.333961, 38.1536 7.323118, 38.175 7.32, 38.325 7.32, 38.3464 7.323118, 38.368581 7.333961, 38.386039 7.351419, 38.396882 7.3736, 38.4 7.395, 38.4 8.695))",0.042988,1.2759,38.25,8.045,180.0,Geometric release screen passes
Main,J1,B6,1,0.429879,3.36928,0.1,"POLYGON ((39.4 8.695, 39.396882 8.7164, 39.386039 8.738581, 39.368581 8.756039, 39.3464 8.766882, 39.325 8.77, 39.175 8.77, 39.1536 8.766882, 39.131419 8.756039, 39.113961 8.738581, 39.103118 8.7164, 39.1 8.695, 39.1 7.395, 39.103118 7.3736, 39.113961 7.351419, 39.131419 7.333961, 39.1536 7.323118, 39.175 7.32, 39.325 7.32, 39.3464 7.323118, 39.368581 7.333961, 39.386039 7.351419, 39.396882 7.3736, 39.4 7.395, 39.4 8.695))",0.042988,1.2759,39.25,8.045,180.0,Geometric release screen passes
Main,J1,B7,1,0.429879,3.36928,0.1,"POLYGON ((40.9 8.695, 40.896882 8.7164, 40.886039 8.738581, 40.868581 8.756039, 40.8464 8.766882, 40.825 8.77, 40.675 8.77, 40.6536 8.766882, 40.631419 8.756039, 40.613961 8.738581, 40.603118 8.7164, 40.6 8.695, 40.6 7.395, 40.603118 7.3736, 40.613961 7.351419, 40.631419 7.333961, 40.6536 7.323118, 40.675 7.32, 40.825 7.32, 40.8464 7.323118, 40.868581 7.333961, 40.886039 7.351419, 40.896882 7.3736, 40.9 7.395, 40.9 8.695))",0.042988,1.2759,40.750000000000014,8.045,180.0,Geometric release screen passes
Main,J1,B8,1,0.429879,3.36928,0.1,"POLYGON ((41.9 8.695, 41.896882 8.7164, 41.886039 8.738581, 41.868581 8.756039, 41.8464 8.766882, 41.825 8.77, 41.675 8.77, 41.6536 8.766882, 41.631419 8.756039, 41.613961 8.738581, 41.603118 8.7164, 41.6 8.695, 41.6 7.395, 41.603118 7.3736, 41.613961 7.351419, 41.631419 7.333961, 41.6536 7.323118, 41.675 7.32, 41.825 7.32, 41.8464 7.323118, 41.868581 7.333961, 41.886039 7.351419, 41.896882 7.3736, 41.9 7.395, 41.9 8.695))",0.042988,1.2759,41.75,8.045,180.0,Geometric release screen passes
Main,C34,1,1,0.810672,3.311779,0.1,"POLYGON ((28.525 35, 28.526591 34.973288, 28.535684 34.931491, 28.552522 34.892169, 28.576498 34.856745, 28.606745 34.826498, 28.642169 34.802522, 28.681491 34.785684, 28.723288 34.776591, 28.75 34.775, 29.2 34.775, 29.226712 34.776591, 29.268509 34.785684, 29.307831 34.802522, 29.343255 34.826498, 29.373502 34.856745, 29.397478 34.892169, 29.414316 34.931491, 29.423409 34.973288, 29.425 35, 29.425 35.5, 29.423409 35.526712, 29.414316 35.568509, 29.397478 35.607831, 29.373502 35.643255, 29.343255 35.673502, 29.307831 35.697478, 29.268509 35.714316, 29.226712 35.723409, 29.2 35.725, 28.75 35.725, 28.723288 35.723409, 28.681491 35.714316, 28.642169 35.697478, 28.606745 35.673502, 28.576498 35.643255, 28.552522 35.607831, 28.535684 35.568509, 28.526591 35.526712, 28.525 35.5, 28.525 35))",0.081067,2.4478,28.974999999999998,35.24999999999999,0.0,Geometric release screen passes
Main,C34,2,1,0.810672,3.311779,0.1,"POLYGON ((30.075 35, 30.076591 34.973288, 30.085684 34.931491, 30.102522 34.892169, 30.126498 34.856745, 30.156745 34.826498, 30.192169 34.802522, 30.231491 34.785684, 30.273288 34.776591, 30.3 34.775, 30.75 34.775, 30.776712 34.776591, 30.818509 34.785684, 30.857831 34.802522, 30.893255 34.826498, 30.923502 34.856745, 30.947478 34.892169, 30.964316 34.931491, 30.973409 34.973288, 30.975 35, 30.975 35.5, 30.973409 35.526712, 30.964316 35.568509, 30.947478 35.607831, 30.923502 35.643255, 30.893255 35.673502, 30.857831 35.697478, 30.818509 35.714316, 30.776712 35.723409, 30.75 35.725, 30.3 35.725, 30.273288 35.723409, 30.231491 35.714316, 30.192169 35.697478, 30.156745 35.673502, 30.126498 35.643255, 30.102522 35.607831, 30.085684 35.568509, 30.076591 35.526712, 30.075 35.5, 30.075 35))",0.081067,2.4478,30.525000000000016,35.249999999999986,0.0,Geometric release screen passes
Main,C70,1,1,0.810672,3.311779,0.1,"POLYGON ((47 84.975, 46.973288 84.973409, 46.931491 84.964316, 46.892169 84.947478, 46.856745 84.923502, 46.826498 84.893255, 46.802522 84.857831, 46.785684 84.818509, 46.776591 84.776712, 46.775 84.75, 46.775 84.3, 46.776591 84.273288, 46.785684 84.231491, 46.802522 84.192169, 46.826498 84.156745, 46.856745 84.126498, 46.892169 84.102522, 46.931491 84.085684, 46.973288 84.076591, 47 84.075, 47.5 84.075, 47.526712 84.076591, 47.568509 84.085684, 47.607831 84.102522, 47.643255 84.126498, 47.673502 84.156745, 47.697478 84.192169, 47.714316 84.231491, 47.723409 84.273288, 47.725 84.3, 47.725 84.75, 47.723409 84.776712, 47.714316 84.818509, 47.697478 84.857831, 47.673502 84.893255, 47.643255 84.923502, 47.607831 84.947478, 47.568509 84.964316, 47.526712 84.973409, 47.5 84.975, 47 84.975))",0.081067,2.4478,47.249999999999986,84.52499999999999,90.0,Geometric release screen passes
Main,C70,2,1,0.810672,3.311779,0.1,"POLYGON ((47 83.425, 46.973288 83.423409, 46.931491 83.414316, 46.892169 83.397478, 46.856745 83.373502, 46.826498 83.343255, 46.802522 83.307831, 46.785684 83.268509, 46.776591 83.226712, 46.775 83.2, 46.775 82.75, 46.776591 82.723288, 46.785684 82.681491, 46.802522 82.642169, 46.826498 82.606745, 46.856745 82.576498, 46.892169 82.552522, 46.931491 82.535684, 46.973288 82.526591, 47 82.525, 47.5 82.525, 47.526712 82.526591, 47.568509 82.535684, 47.607831 82.552522, 47.643255 82.576498, 47.673502 82.606745, 47.697478 82.642169, 47.714316 82.681491, 47.723409 82.723288, 47.725 82.75, 47.725 83.2, 47.723409 83.226712, 47.714316 83.268509, 47.697478 83.307831, 47.673502 83.343255, 47.643255 83.373502, 47.607831 83.397478, 47.568509 83.414316, 47.526712 83.423409, 47.5 83.425, 47 83.425))",0.081067,2.4478,47.25,82.97500000000001,90.0,Geometric release screen passes
Main,R70,1,1,0.72485,3.154601,0.1,"POLYGON ((53.725 100.275, 53.721863 100.310284, 53.710731 100.34919, 53.691994 100.385059, 53.666421 100.416421, 53.635059 100.441994, 53.59919 100.460731, 53.560284 100.471863, 53.525 100.475, 53.125 100.475, 53.089716 100.471863, 53.05081 100.460731, 53.014941 100.441994, 52.983579 100.416421, 52.958006 100.385059, 52.939269 100.34919, 52.928137 100.310284, 52.925 100.275, 52.925 99.725, 52.928137 99.689716, 52.939269 99.65081, 52.958006 99.614941, 52.983579 99.583579, 53.014941 99.558006, 53.05081 99.539269, 53.089716 99.528137, 53.125 99.525, 53.525 99.525, 53.560284 99.528137, 53.59919 99.539269, 53.635059 99.558006, 53.666421 99.583579, 53.691994 99.614941, 53.710731 99.65081, 53.721863 99.689716, 53.725 99.725, 53.725 100.275))",0.072485,2.2978,53.32499999999999,99.99999999999997,180.0,Geometric release screen passes
Main,R70,2,1,0.72485,3.154601,0.1,"POLYGON ((52.075 100.275, 52.071863 100.310284, 52.060731 100.34919, 52.041994 100.385059, 52.016421 100.416421, 51.985059 100.441994, 51.94919 100.460731, 51.910284 100.471863, 51.875 100.475, 51.475 100.475, 51.439716 100.471863, 51.40081 100.460731, 51.364941 100.441994, 51.333579 100.416421, 51.308006 100.385059, 51.289269 100.34919, 51.278137 100.310284, 51.275 100.275, 51.275 99.725, 51.278137 99.689716, 51.289269 99.65081, 51.308006 99.614941, 51.333579 99.583579, 51.364941 99.558006, 51.40081 99.539269, 51.439716 99.528137, 51.475 99.525, 51.875 99.525, 51.910284 99.528137, 51.94919 99.539269, 51.985059 99.558006, 52.016421 99.583579, 52.041994 99.614941, 52.060731 99.65081, 52.071863 99.689716, 52.075 99.725, 52.075 100.275))",0.072485,2.2978,51.67499999999998,100.0,180.0,Geometric release screen passes
Main,C23,1,1,1.395346,4.468787,0.1,"POLYGON ((61.1 29.675, 61.096922 29.714109, 61.085971 29.75757, 61.067435 29.798377, 61.041911 29.835219, 61.010219 29.866911, 60.973377 29.892435, 60.93257 29.910971, 60.889109 29.921922, 60.85 29.925, 60.35 29.925, 60.310891 29.921922, 60.26743 29.910971, 60.226623 29.892435, 60.189781 29.866911, 60.158089 29.835219, 60.132565 29.798377, 60.114029 29.75757, 60.103078 29.714109, 60.1 29.675, 60.1 28.725, 60.103078 28.685891, 60.114029 28.64243, 60.132565 28.601623, 60.158089 28.564781, 60.189781 28.533089, 60.226623 28.507565, 60.26743 28.489029, 60.310891 28.478078, 60.35 28.475, 60.85 28.475, 60.889109 28.478078, 60.93257 28.489029, 60.973377 28.507565, 61.010219 28.533089, 61.041911 28.564781, 61.067435 28.601623, 61.085971 28.64243, 61.096922 28.685891, 61.1 28.725, 61.1 29.675))",0.139535,3.1224,60.599999999999994,29.20000000000001,180.0,Geometric release screen passes
Main,C23,2,1,1.395346,4.468787,0.1,"POLYGON ((59.2 29.675, 59.196922 29.714109, 59.185971 29.75757, 59.167435 29.798377, 59.141911 29.835219, 59.110219 29.866911, 59.073377 29.892435, 59.03257 29.910971, 58.989109 29.921922, 58.95 29.925, 58.45 29.925, 58.410891 29.921922, 58.36743 29.910971, 58.326623 29.892435, 58.289781 29.866911, 58.258089 29.835219, 58.232565 29.798377, 58.214029 29.75757, 58.203078 29.714109, 58.2 29.675, 58.2 28.725, 58.203078 28.685891, 58.214029 28.64243, 58.232565 28.601623, 58.258089 28.564781, 58.289781 28.533089, 58.326623 28.507565, 58.36743 28.489029, 58.410891 28.478078, 58.45 28.475, 58.95 28.475, 58.989109 28.478078, 59.03257 28.489029, 59.073377 28.507565, 59.110219 28.533089, 59.141911 28.564781, 59.167435 28.601623, 59.185971 28.64243, 59.196922 28.685891, 59.2 28.725, 59.2 29.675))",0.139535,3.1224,58.700000000000024,29.200000000000006,180.0,Geometric release screen passes
Main,U36,1,1,0.775088,3.590481,0.1,"POLYGON ((29.8 66.1, 29.796901 66.130333, 29.785946 66.163393, 29.767662 66.193035, 29.743035 66.217662, 29.713393 66.235946, 29.680333 66.246901, 29.65 66.25, 28.625 66.25, 28.594667 66.246901, 28.561607 66.235946, 28.531965 66.217662, 28.507338 66.193035, 28.489054 66.163393, 28.478099 66.130333, 28.475 66.1, 28.475 65.8, 28.478099 65.769667, 28.489054 65.736607, 28.507338 65.706965, 28.531965 65.682338, 28.561607 65.664054, 28.594667 65.653099, 28.625 65.65, 29.65 65.65, 29.680333 65.653099, 29.713393 65.664054, 29.743035 65.682338, 29.767662 65.706965, 29.785946 65.736607, 29.796901 65.769667, 29.8 65.8, 29.8 66.1))",0.077509,2.1587,29.137499999999996,65.95,180.0,Geometric release screen passes
Main,U36,2,1,0.775088,3.590481,0.1,"POLYGON ((29.8 65.15, 29.796901 65.180333, 29.785946 65.213393, 29.767662 65.243035, 29.743035 65.267662, 29.713393 65.285946, 29.680333 65.296901, 29.65 65.3, 28.625 65.3, 28.594667 65.296901, 28.561607 65.285946, 28.531965 65.267662, 28.507338 65.243035, 28.489054 65.213393, 28.478099 65.180333, 28.475 65.15, 28.475 64.85, 28.478099 64.819667, 28.489054 64.786607, 28.507338 64.756965, 28.531965 64.732338, 28.561607 64.714054, 28.594667 64.703099, 28.625 64.7, 29.65 64.7, 29.680333 64.703099, 29.713393 64.714054, 29.743035 64.732338, 29.767662 64.756965, 29.785946 64.786607, 29.796901 64.819667, 29.8 64.85, 29.8 65.15))",0.077509,2.1587,29.137499999999985,64.99999999999997,180.0,Geometric release screen passes
Main,U36,3,1,0.775088,3.590481,0.1,"POLYGON ((29.8 64.2, 29.796901 64.230333, 29.785946 64.263393, 29.767662 64.293035, 29.743035 64.317662, 29.713393 64.335946, 29.680333 64.346901, 29.65 64.35, 28.625 64.35, 28.594667 64.346901, 28.561607 64.335946, 28.531965 64.317662, 28.507338 64.293035, 28.489054 64.263393, 28.478099 64.230333, 28.475 64.2, 28.475 63.9, 28.478099 63.869667, 28.489054 63.836607, 28.507338 63.806965, 28.531965 63.782338, 28.561607 63.764054, 28.594667 63.753099, 28.625 63.75, 29.65 63.75, 29.680333 63.753099, 29.713393 63.764054, 29.743035 63.782338, 29.767662 63.806965, 29.785946 63.836607, 29.796901 63.869667, 29.8 63.9, 29.8 64.2))",0.077509,2.1587,29.137499999999992,64.04999999999998,180.0,Geometric release screen passes
Main,U36,4,1,0.775088,3.590481,0.1,"POLYGON ((27.525 64.2, 27.521901 64.230333, 27.510946 64.263393, 27.492662 64.293035, 27.468035 64.317662, 27.438393 64.335946, 27.405333 64.346901, 27.375 64.35, 26.35 64.35, 26.319667 64.346901, 26.286607 64.335946, 26.256965 64.317662, 26.232338 64.293035, 26.214054 64.263393, 26.203099 64.230333, 26.2 64.2, 26.2 63.9, 26.203099 63.869667, 26.214054 63.836607, 26.232338 63.806965, 26.256965 63.782338, 26.286607 63.764054, 26.319667 63.753099, 26.35 63.75, 27.375 63.75, 27.405333 63.753099, 27.438393 63.764054, 27.468035 63.782338, 27.492662 63.806965, 27.510946 63.836607, 27.521901 63.869667, 27.525 63.9, 27.525 64.2))",0.077509,2.1587,26.862499999999997,64.04999999999998,180.0,Geometric release screen passes
Main,U36,5,1,0.775088,3.590481,0.1,"POLYGON ((27.525 66.1, 27.521901 66.130333, 27.510946 66.163393, 27.492662 66.193035, 27.468035 66.217662, 27.438393 66.235946, 27.405333 66.246901, 27.375 66.25, 26.35 66.25, 26.319667 66.246901, 26.286607 66.235946, 26.256965 66.217662, 26.232338 66.193035, 26.214054 66.163393, 26.203099 66.130333, 26.2 66.1, 26.2 65.8, 26.203099 65.769667, 26.214054 65.736607, 26.232338 65.706965, 26.256965 65.682338, 26.286607 65.664054, 26.319667 65.653099, 26.35 65.65, 27.375 65.65, 27.405333 65.653099, 27.438393 65.664054, 27.468035 65.682338, 27.492662 65.706965, 27.510946 65.736607, 27.521901 65.769667, 27.525 65.8, 27.525 66.1))",0.077509,2.1587,26.8625,65.94999999999999,180.0,Geometric release screen passes
Main,C10,1,1,0.810672,3.311779,0.1,"POLYGON ((19.75 54.725, 19.723288 54.723409, 19.681491 54.714316, 19.642169 54.697478, 19.606745 54.673502, 19.576498 54.643255, 19.552522 54.607831, 19.535684 54.568509, 19.526591 54.526712, 19.525 54.5, 19.525 54.05, 19.526591 54.023288, 19.535684 53.981491, 19.552522 53.942169, 19.576498 53.906745, 19.606745 53.876498, 19.642169 53.852522, 19.681491 53.835684, 19.723288 53.826591, 19.75 53.825, 20.25 53.825, 20.276712 53.826591, 20.318509 53.835684, 20.357831 53.852522, 20.393255 53.876498, 20.423502 53.906745, 20.447478 53.942169, 20.464316 53.981491, 20.473409 54.023288, 20.475 54.05, 20.475 54.5, 20.473409 54.526712, 20.464316 54.568509, 20.447478 54.607831, 20.423502 54.643255, 20.393255 54.673502, 20.357831 54.697478, 20.318509 54.714316, 20.276712 54.723409, 20.25 54.725, 19.75 54.725))",0.081067,2.4478,20.000000000000007,54.275000000000006,90.0,Geometric release screen passes
Main,C10,2,1,0.810672,3.311779,0.1,"POLYGON ((19.75 53.175, 19.723288 53.173409, 19.681491 53.164316, 19.642169 53.147478, 19.606745 53.123502, 19.576498 53.093255, 19.552522 53.057831, 19.535684 53.018509, 19.526591 52.976712, 19.525 52.95, 19.525 52.5, 19.526591 52.473288, 19.535684 52.431491, 19.552522 52.392169, 19.576498 52.356745, 19.606745 52.326498, 19.642169 52.302522, 19.681491 52.285684, 19.723288 52.276591, 19.75 52.275, 20.25 52.275, 20.276712 52.276591, 20.318509 52.285684, 20.357831 52.302522, 20.393255 52.326498, 20.423502 52.356745, 20.447478 52.392169, 20.464316 52.431491, 20.473409 52.473288, 20.475 52.5, 20.475 52.95, 20.473409 52.976712, 20.464316 53.018509, 20.447478 53.057831, 20.423502 53.093255, 20.393255 53.123502, 20.357831 53.147478, 20.318509 53.164316, 20.276712 53.173409, 20.25 53.175, 19.75 53.175))",0.081067,2.4478,19.999999999999996,52.72500000000001,90.0,Geometric release screen passes
Main,U9,,1,0.430854,2.572144,0.1,"POLYGON ((62.62 41.265, 62.623806 41.245866, 62.634645 41.229645, 62.650866 41.218806, 62.67 41.215, 63.33 41.215, 63.349134 41.218806, 63.365355 41.229645, 63.376194 41.245866, 63.38 41.265, 63.38 41.735, 63.376194 41.754134, 63.365355 41.770355, 63.349134 41.781194, 63.33 41.785, 62.67 41.785, 62.650866 41.781194, 62.634645 41.770355, 62.623806 41.754134, 62.62 41.735, 62.62 41.265))",0.043085,1.6751,62.99999999999999,41.49999999999999,0.0,Geometric release screen passes
Main,U9,1,1,0.133935,1.490998,0.1,"POLYGON ((62.625 40.5125, 62.62713 40.496324, 62.636303 40.476651, 62.651651 40.461303, 62.671324 40.45213, 62.6875 40.45, 62.8125 40.45, 62.828676 40.45213, 62.848349 40.461303, 62.863697 40.476651, 62.87287 40.496324, 62.875 40.5125, 62.875 40.9375, 62.87287 40.953676, 62.863697 40.973349, 62.848349 40.988697, 62.828676 40.99787, 62.8125 41, 62.6875 41, 62.671324 40.99787, 62.651651 40.988697, 62.636303 40.973349, 62.62713 40.953676, 62.625 40.9375, 62.625 40.5125))",0.013394,0.8983,62.75000000000004,40.72500000000001,0.0,Geometric release screen passes
Main,U9,2,1,0.133935,1.490998,0.1,"POLYGON ((62.625 42.0625, 62.62713 42.046324, 62.636303 42.026651, 62.651651 42.011303, 62.671324 42.00213, 62.6875 42, 62.8125 42, 62.828676 42.00213, 62.848349 42.011303, 62.863697 42.026651, 62.87287 42.046324, 62.875 42.0625, 62.875 42.4875, 62.87287 42.503676, 62.863697 42.523349, 62.848349 42.538697, 62.828676 42.54787, 62.8125 42.55, 62.6875 42.55, 62.671324 42.54787, 62.651651 42.538697, 62.636303 42.523349, 62.62713 42.503676, 62.625 42.4875, 62.625 42.0625))",0.013394,0.8983,62.749999999999986,42.274999999999984,0.0,Geometric release screen passes
Main,U9,3,1,0.133935,1.490998,0.1,"POLYGON ((63.125 42.0625, 63.12713 42.046324, 63.136303 42.026651, 63.151651 42.011303, 63.171324 42.00213, 63.1875 42, 63.3125 42, 63.328676 42.00213, 63.348349 42.011303, 63.363697 42.026651, 63.37287 42.046324, 63.375 42.0625, 63.375 42.4875, 63.37287 42.503676, 63.363697 42.523349, 63.348349 42.538697, 63.328676 42.54787, 63.3125 42.55, 63.1875 42.55, 63.171324 42.54787, 63.151651 42.538697, 63.136303 42.523349, 63.12713 42.503676, 63.125 42.4875, 63.125 42.0625))",0.013394,0.8983,63.249999999999986,42.274999999999984,0.0,Geometric release screen passes
Main,U9,4,1,0.133935,1.490998,0.1,"POLYGON ((63.125 40.5125, 63.12713 40.496324, 63.136303 40.476651, 63.151651 40.461303, 63.171324 40.45213, 63.1875 40.45, 63.3125 40.45, 63.328676 40.45213, 63.348349 40.461303, 63.363697 40.476651, 63.37287 40.496324, 63.375 40.5125, 63.375 40.9375, 63.37287 40.953676, 63.363697 40.973349, 63.348349 40.988697, 63.328676 40.99787, 63.3125 41, 63.1875 41, 63.171324 40.99787, 63.151651 40.988697, 63.136303 40.973349, 63.12713 40.953676, 63.125 40.9375, 63.125 40.5125))",0.013394,0.8983,63.25000000000002,40.72500000000001,0.0,Geometric release screen passes
Main,U6,,1,0.627654,3.112144,0.1,"POLYGON ((62.55 44.25, 62.553806 44.230866, 62.564645 44.214645, 62.580866 44.203806, 62.6 44.2, 63.4 44.2, 63.419134 44.203806, 63.435355 44.214645, 63.446194 44.230866, 63.45 44.25, 63.45 44.85, 63.446194 44.869134, 63.435355 44.885355, 63.419134 44.896194, 63.4 44.9, 62.6 44.9, 62.580866 44.896194, 62.564645 44.885355, 62.553806 44.869134, 62.55 44.85, 62.55 44.25))",0.062765,2.0168,63.00000000000001,44.55,0.0,Geometric release screen passes
Main,U6,,1,0.627654,3.112144,0.1,"POLYGON ((62.55 45.15, 62.553806 45.130866, 62.564645 45.114645, 62.580866 45.103806, 62.6 45.1, 63.4 45.1, 63.419134 45.103806, 63.435355 45.114645, 63.446194 45.130866, 63.45 45.15, 63.45 45.75, 63.446194 45.769134, 63.435355 45.785355, 63.419134 45.796194, 63.4 45.8, 62.6 45.8, 62.580866 45.796194, 62.564645 45.785355, 62.553806 45.769134, 62.55 45.75, 62.55 45.15))",0.062765,2.0168,62.99999999999999,45.45,0.0,Geometric release screen passes
Main,U6,1,1,0.146435,1.590998,0.1,"POLYGON ((61.75 44.1875, 61.75213 44.171324, 61.761303 44.151651, 61.776651 44.136303, 61.796324 44.12713, 61.8125 44.125, 62.2875 44.125, 62.303676 44.12713, 62.323349 44.136303, 62.338697 44.151651, 62.34787 44.171324, 62.35 44.1875, 62.35 44.3125, 62.34787 44.328676, 62.338697 44.348349, 62.323349 44.363697, 62.303676 44.37287, 62.2875 44.375, 61.8125 44.375, 61.796324 44.37287, 61.776651 44.363697, 61.761303 44.348349, 61.75213 44.328676, 61.75 44.3125, 61.75 44.1875))",0.014644,0.9204,62.04999999999999,44.25,0.0,Geometric release screen passes
Main,U6,2,1,0.146435,1.590998,0.1,"POLYGON ((61.75 44.6875, 61.75213 44.671324, 61.761303 44.651651, 61.776651 44.636303, 61.796324 44.62713, 61.8125 44.625, 62.2875 44.625, 62.303676 44.62713, 62.323349 44.636303, 62.338697 44.651651, 62.34787 44.671324, 62.35 44.6875, 62.35 44.8125, 62.34787 44.828676, 62.338697 44.848349, 62.323349 44.863697, 62.303676 44.87287, 62.2875 44.875, 61.8125 44.875, 61.796324 44.87287, 61.776651 44.863697, 61.761303 44.848349, 61.75213 44.828676, 61.75 44.8125, 61.75 44.6875))",0.014644,0.9204,62.04999999999999,44.75000000000001,0.0,Geometric release screen passes
Main,U6,3,1,0.146435,1.590998,0.1,"POLYGON ((61.75 45.1875, 61.75213 45.171324, 61.761303 45.151651, 61.776651 45.136303, 61.796324 45.12713, 61.8125 45.125, 62.2875 45.125, 62.303676 45.12713, 62.323349 45.136303, 62.338697 45.151651, 62.34787 45.171324, 62.35 45.1875, 62.35 45.3125, 62.34787 45.328676, 62.338697 45.348349, 62.323349 45.363697, 62.303676 45.37287, 62.2875 45.375, 61.8125 45.375, 61.796324 45.37287, 61.776651 45.363697, 61.761303 45.348349, 61.75213 45.328676, 61.75 45.3125, 61.75 45.1875))",0.014644,0.9204,62.04999999999999,45.250000000000014,0.0,Geometric release screen passes
Main,U6,4,1,0.146435,1.590998,0.1,"POLYGON ((61.75 45.6875, 61.75213 45.671324, 61.761303 45.651651, 61.776651 45.636303, 61.796324 45.62713, 61.8125 45.625, 62.2875 45.625, 62.303676 45.62713, 62.323349 45.636303, 62.338697 45.651651, 62.34787 45.671324, 62.35 45.6875, 62.35 45.8125, 62.34787 45.828676, 62.338697 45.848349, 62.323349 45.863697, 62.303676 45.87287, 62.2875 45.875, 61.8125 45.875, 61.796324 45.87287, 61.776651 45.863697, 61.761303 45.848349, 61.75213 45.828676, 61.75 45.8125, 61.75 45.6875))",0.014644,0.9204,62.04999999999999,45.74999999999999,0.0,Geometric release screen passes
Main,U6,5,1,0.146435,1.590998,0.1,"POLYGON ((63.65 45.6875, 63.65213 45.671324, 63.661303 45.651651, 63.676651 45.636303, 63.696324 45.62713, 63.7125 45.625, 64.1875 45.625, 64.203676 45.62713, 64.223349 45.636303, 64.238697 45.651651, 64.24787 45.671324, 64.25 45.6875, 64.25 45.8125, 64.24787 45.828676, 64.238697 45.848349, 64.223349 45.863697, 64.203676 45.87287, 64.1875 45.875, 63.7125 45.875, 63.696324 45.87287, 63.676651 45.863697, 63.661303 45.848349, 63.65213 45.828676, 63.65 45.8125, 63.65 45.6875))",0.014644,0.9204,63.95000000000001,45.750000000000014,0.0,Geometric release screen passes
Main,U6,6,1,0.146435,1.590998,0.1,"POLYGON ((63.65 45.1875, 63.65213 45.171324, 63.661303 45.151651, 63.676651 45.136303, 63.696324 45.12713, 63.7125 45.125, 64.1875 45.125, 64.203676 45.12713, 64.223349 45.136303, 64.238697 45.151651, 64.24787 45.171324, 64.25 45.1875, 64.25 45.3125, 64.24787 45.328676, 64.238697 45.348349, 64.223349 45.363697, 64.203676 45.37287, 64.1875 45.375, 63.7125 45.375, 63.696324 45.37287, 63.676651 45.363697, 63.661303 45.348349, 63.65213 45.328676, 63.65 45.3125, 63.65 45.1875))",0.014644,0.9204,63.95000000000001,45.25000000000002,0.0,Geometric release screen passes
Main,U6,7,1,0.146435,1.590998,0.1,"POLYGON ((63.65 44.6875, 63.65213 44.671324, 63.661303 44.651651, 63.676651 44.636303, 63.696324 44.62713, 63.7125 44.625, 64.1875 44.625, 64.203676 44.62713, 64.223349 44.636303, 64.238697 44.651651, 64.24787 44.671324, 64.25 44.6875, 64.25 44.8125, 64.24787 44.828676, 64.238697 44.848349, 64.223349 44.863697, 64.203676 44.87287, 64.1875 44.875, 63.7125 44.875, 63.696324 44.87287, 63.676651 44.863697, 63.661303 44.848349, 63.65213 44.828676, 63.65 44.8125, 63.65 44.6875))",0.014644,0.9204,63.95000000000001,44.750000000000014,0.0,Geometric release screen passes
Main,U6,8,1,0.146435,1.590998,0.1,"POLYGON ((63.65 44.1875, 63.65213 44.171324, 63.661303 44.151651, 63.676651 44.136303, 63.696324 44.12713, 63.7125 44.125, 64.1875 44.125, 64.203676 44.12713, 64.223349 44.136303, 64.238697 44.151651, 64.24787 44.171324, 64.25 44.1875, 64.25 44.3125, 64.24787 44.328676, 64.238697 44.348349, 64.223349 44.363697, 64.203676 44.37287, 64.1875 44.375, 63.7125 44.375, 63.696324 44.37287, 63.676651 44.363697, 63.661303 44.348349, 63.65213 44.328676, 63.65 44.3125, 63.65 44.1875))",0.014644,0.9204,63.95000000000001,44.250000000000014,0.0,Geometric release screen passes
Main,C53,1,1,0.810672,3.311779,0.1,"POLYGON ((46.025 52.75, 46.026591 52.723288, 46.035684 52.681491, 46.052522 52.642169, 46.076498 52.606745, 46.106745 52.576498, 46.142169 52.552522, 46.181491 52.535684, 46.223288 52.526591, 46.25 52.525, 46.7 52.525, 46.726712 52.526591, 46.768509 52.535684, 46.807831 52.552522, 46.843255 52.576498, 46.873502 52.606745, 46.897478 52.642169, 46.914316 52.681491, 46.923409 52.723288, 46.925 52.75, 46.925 53.25, 46.923409 53.276712, 46.914316 53.318509, 46.897478 53.357831, 46.873502 53.393255, 46.843255 53.423502, 46.807831 53.447478, 46.768509 53.464316, 46.726712 53.473409, 46.7 53.475, 46.25 53.475, 46.223288 53.473409, 46.181491 53.464316, 46.142169 53.447478, 46.106745 53.423502, 46.076498 53.393255, 46.052522 53.357831, 46.035684 53.318509, 46.026591 53.276712, 46.025 53.25, 46.025 52.75))",0.081067,2.4478,46.47500000000001,53.00000000000001,0.0,Geometric release screen passes
Main,C53,2,1,0.810672,3.311779,0.1,"POLYGON ((47.575 52.75, 47.576591 52.723288, 47.585684 52.681491, 47.602522 52.642169, 47.626498 52.606745, 47.656745 52.576498, 47.692169 52.552522, 47.731491 52.535684, 47.773288 52.526591, 47.8 52.525, 48.25 52.525, 48.276712 52.526591, 48.318509 52.535684, 48.357831 52.552522, 48.393255 52.576498, 48.423502 52.606745, 48.447478 52.642169, 48.464316 52.681491, 48.473409 52.723288, 48.475 52.75, 48.475 53.25, 48.473409 53.276712, 48.464316 53.318509, 48.447478 53.357831, 48.423502 53.393255, 48.393255 53.423502, 48.357831 53.447478, 48.318509 53.464316, 48.276712 53.473409, 48.25 53.475, 47.8 53.475, 47.773288 53.473409, 47.731491 53.464316, 47.692169 53.447478, 47.656745 53.423502, 47.626498 53.393255, 47.602522 53.357831, 47.585684 53.318509, 47.576591 53.276712, 47.575 53.25, 47.575 52.75))",0.081067,2.4478,48.024999999999984,52.999999999999986,0.0,Geometric release screen passes
Main,C1,1,1,1.395346,4.468787,0.1,"POLYGON ((57.425 26.95, 57.385891 26.946922, 57.34243 26.935971, 57.301623 26.917435, 57.264781 26.891911, 57.233089 26.860219, 57.207565 26.823377, 57.189029 26.78257, 57.178078 26.739109, 57.175 26.7, 57.175 26.2, 57.178078 26.160891, 57.189029 26.11743, 57.207565 26.076623, 57.233089 26.039781, 57.264781 26.008089, 57.301623 25.982565, 57.34243 25.964029, 57.385891 25.953078, 57.425 25.95, 58.375 25.95, 58.414109 25.953078, 58.45757 25.964029, 58.498377 25.982565, 58.535219 26.008089, 58.566911 26.039781, 58.592435 26.076623, 58.610971 26.11743, 58.621922 26.160891, 58.625 26.2, 58.625 26.7, 58.621922 26.739109, 58.610971 26.78257, 58.592435 26.823377, 58.566911 26.860219, 58.535219 26.891911, 58.498377 26.917435, 58.45757 26.935971, 58.414109 26.946922, 58.375 26.95, 57.425 26.95))",0.139535,3.1224,57.900000000000006,26.450000000000003,90.0,Geometric release screen passes
Main,C1,2,1,1.395346,4.468787,0.1,"POLYGON ((57.425 25.05, 57.385891 25.046922, 57.34243 25.035971, 57.301623 25.017435, 57.264781 24.991911, 57.233089 24.960219, 57.207565 24.923377, 57.189029 24.88257, 57.178078 24.839109, 57.175 24.8, 57.175 24.3, 57.178078 24.260891, 57.189029 24.21743, 57.207565 24.176623, 57.233089 24.139781, 57.264781 24.108089, 57.301623 24.082565, 57.34243 24.064029, 57.385891 24.053078, 57.425 24.05, 58.375 24.05, 58.414109 24.053078, 58.45757 24.064029, 58.498377 24.082565, 58.535219 24.108089, 58.566911 24.139781, 58.592435 24.176623, 58.610971 24.21743, 58.621922 24.260891, 58.625 24.3, 58.625 24.8, 58.621922 24.839109, 58.610971 24.88257, 58.592435 24.923377, 58.566911 24.960219, 58.535219 24.991911, 58.498377 25.017435, 58.45757 25.035971, 58.414109 25.046922, 58.375 25.05, 57.425 25.05))",0.139535,3.1224,57.89999999999999,24.55,90.0,Geometric release screen passes
Main,C77,1,1,1.395346,4.468787,0.1,"POLYGON ((26.3 75.525, 26.303078 75.485891, 26.314029 75.44243, 26.332565 75.401623, 26.358089 75.364781, 26.389781 75.333089, 26.426623 75.307565, 26.46743 75.289029, 26.510891 75.278078, 26.55 75.275, 27.05 75.275, 27.089109 75.278078, 27.13257 75.289029, 27.173377 75.307565, 27.210219 75.333089, 27.241911 75.364781, 27.267435 75.401623, 27.285971 75.44243, 27.296922 75.485891, 27.3 75.525, 27.3 76.475, 27.296922 76.514109, 27.285971 76.55757, 27.267435 76.598377, 27.241911 76.635219, 27.210219 76.666911, 27.173377 76.692435, 27.13257 76.710971, 27.089109 76.721922, 27.05 76.725, 26.55 76.725, 26.510891 76.721922, 26.46743 76.710971, 26.426623 76.692435, 26.389781 76.666911, 26.358089 76.635219, 26.332565 76.598377, 26.314029 76.55757, 26.303078 76.514109, 26.3 76.475, 26.3 75.525))",0.139535,3.1224,26.799999999999997,76.0,0.0,Geometric release screen passes
Main,C77,2,1,1.395346,4.468787,0.1,"POLYGON ((28.2 75.525, 28.203078 75.485891, 28.214029 75.44243, 28.232565 75.401623, 28.258089 75.364781, 28.289781 75.333089, 28.326623 75.307565, 28.36743 75.289029, 28.410891 75.278078, 28.45 75.275, 28.95 75.275, 28.989109 75.278078, 29.03257 75.289029, 29.073377 75.307565, 29.110219 75.333089, 29.141911 75.364781, 29.167435 75.401623, 29.185971 75.44243, 29.196922 75.485891, 29.2 75.525, 29.2 76.475, 29.196922 76.514109, 29.185971 76.55757, 29.167435 76.598377, 29.141911 76.635219, 29.110219 76.666911, 29.073377 76.692435, 29.03257 76.710971, 28.989109 76.721922, 28.95 76.725, 28.45 76.725, 28.410891 76.721922, 28.36743 76.710971, 28.326623 76.692435, 28.289781 76.666911, 28.258089 76.635219, 28.232565 76.598377, 28.214029 76.55757, 28.203078 76.514109, 28.2 76.475, 28.2 75.525))",0.139535,3.1224,28.699999999999992,75.99999999999997,0.0,Geometric release screen passes
Main,R72,1,1,0.72485,3.154601,0.1,"POLYGON ((28.475 82.975, 28.439716 82.971863, 28.40081 82.960731, 28.364941 82.941994, 28.333579 82.916421, 28.308006 82.885059, 28.289269 82.84919, 28.278137 82.810284, 28.275 82.775, 28.275 82.375, 28.278137 82.339716, 28.289269 82.30081, 28.308006 82.264941, 28.333579 82.233579, 28.364941 82.208006, 28.40081 82.189269, 28.439716 82.178137, 28.475 82.175, 29.025 82.175, 29.060284 82.178137, 29.09919 82.189269, 29.135059 82.208006, 29.166421 82.233579, 29.191994 82.264941, 29.210731 82.30081, 29.221863 82.339716, 29.225 82.375, 29.225 82.775, 29.221863 82.810284, 29.210731 82.84919, 29.191994 82.885059, 29.166421 82.916421, 29.135059 82.941994, 29.09919 82.960731, 29.060284 82.971863, 29.025 82.975, 28.475 82.975))",0.072485,2.2978,28.74999999999999,82.575,90.0,Geometric release screen passes
Main,R72,2,1,0.72485,3.154601,0.1,"POLYGON ((28.475 81.325, 28.439716 81.321863, 28.40081 81.310731, 28.364941 81.291994, 28.333579 81.266421, 28.308006 81.235059, 28.289269 81.19919, 28.278137 81.160284, 28.275 81.125, 28.275 80.725, 28.278137 80.689716, 28.289269 80.65081, 28.308006 80.614941, 28.333579 80.583579, 28.364941 80.558006, 28.40081 80.539269, 28.439716 80.528137, 28.475 80.525, 29.025 80.525, 29.060284 80.528137, 29.09919 80.539269, 29.135059 80.558006, 29.166421 80.583579, 29.191994 80.614941, 29.210731 80.65081, 29.221863 80.689716, 29.225 80.725, 29.225 81.125, 29.221863 81.160284, 29.210731 81.19919, 29.191994 81.235059, 29.166421 81.266421, 29.135059 81.291994, 29.09919 81.310731, 29.060284 81.321863, 29.025 81.325, 28.475 81.325))",0.072485,2.2978,28.749999999999996,80.92500000000001,90.0,Geometric release screen passes
Main,R15,1,1,0.72485,3.154601,0.1,"POLYGON ((14.225 54.725, 14.189716 54.721863, 14.15081 54.710731, 14.114941 54.691994, 14.083579 54.666421, 14.058006 54.635059, 14.039269 54.59919, 14.028137 54.560284, 14.025 54.525, 14.025 54.125, 14.028137 54.089716, 14.039269 54.05081, 14.058006 54.014941, 14.083579 53.983579, 14.114941 53.958006, 14.15081 53.939269, 14.189716 53.928137, 14.225 53.925, 14.775 53.925, 14.810284 53.928137, 14.84919 53.939269, 14.885059 53.958006, 14.916421 53.983579, 14.941994 54.014941, 14.960731 54.05081, 14.971863 54.089716, 14.975 54.125, 14.975 54.525, 14.971863 54.560284, 14.960731 54.59919, 14.941994 54.635059, 14.916421 54.666421, 14.885059 54.691994, 14.84919 54.710731, 14.810284 54.721863, 14.775 54.725, 14.225 54.725))",0.072485,2.2978,14.499999999999998,54.324999999999974,90.0,Geometric release screen passes
Main,R15,2,1,0.72485,3.154601,0.1,"POLYGON ((14.225 53.075, 14.189716 53.071863, 14.15081 53.060731, 14.114941 53.041994, 14.083579 53.016421, 14.058006 52.985059, 14.039269 52.94919, 14.028137 52.910284, 14.025 52.875, 14.025 52.475, 14.028137 52.439716, 14.039269 52.40081, 14.058006 52.364941, 14.083579 52.333579, 14.114941 52.308006, 14.15081 52.289269, 14.189716 52.278137, 14.225 52.275, 14.775 52.275, 14.810284 52.278137, 14.84919 52.289269, 14.885059 52.308006, 14.916421 52.333579, 14.941994 52.364941, 14.960731 52.40081, 14.971863 52.439716, 14.975 52.475, 14.975 52.875, 14.971863 52.910284, 14.960731 52.94919, 14.941994 52.985059, 14.916421 53.016421, 14.885059 53.041994, 14.84919 53.060731, 14.810284 53.071863, 14.775 53.075, 14.225 53.075))",0.072485,2.2978,14.499999999999998,52.67499999999999,90.0,Geometric release screen passes
Main,C64,1,1,0.810672,3.311779,0.1,"POLYGON ((22.75 35.975, 22.723288 35.973409, 22.681491 35.964316, 22.642169 35.947478, 22.606745 35.923502, 22.576498 35.893255, 22.552522 35.857831, 22.535684 35.818509, 22.526591 35.776712, 22.525 35.75, 22.525 35.3, 22.526591 35.273288, 22.535684 35.231491, 22.552522 35.192169, 22.576498 35.156745, 22.606745 35.126498, 22.642169 35.102522, 22.681491 35.085684, 22.723288 35.076591, 22.75 35.075, 23.25 35.075, 23.276712 35.076591, 23.318509 35.085684, 23.357831 35.102522, 23.393255 35.126498, 23.423502 35.156745, 23.447478 35.192169, 23.464316 35.231491, 23.473409 35.273288, 23.475 35.3, 23.475 35.75, 23.473409 35.776712, 23.464316 35.818509, 23.447478 35.857831, 23.423502 35.893255, 23.393255 35.923502, 23.357831 35.947478, 23.318509 35.964316, 23.276712 35.973409, 23.25 35.975, 22.75 35.975))",0.081067,2.4478,23.000000000000004,35.52500000000002,90.0,Geometric release screen passes
Main,C64,2,1,0.810672,3.311779,0.1,"POLYGON ((22.75 34.425, 22.723288 34.423409, 22.681491 34.414316, 22.642169 34.397478, 22.606745 34.373502, 22.576498 34.343255, 22.552522 34.307831, 22.535684 34.268509, 22.526591 34.226712, 22.525 34.2, 22.525 33.75, 22.526591 33.723288, 22.535684 33.681491, 22.552522 33.642169, 22.576498 33.606745, 22.606745 33.576498, 22.642169 33.552522, 22.681491 33.535684, 22.723288 33.526591, 22.75 33.525, 23.25 33.525, 23.276712 33.526591, 23.318509 33.535684, 23.357831 33.552522, 23.393255 33.576498, 23.423502 33.606745, 23.447478 33.642169, 23.464316 33.681491, 23.473409 33.723288, 23.475 33.75, 23.475 34.2, 23.473409 34.226712, 23.464316 34.268509, 23.447478 34.307831, 23.423502 34.343255, 23.393255 34.373502, 23.357831 34.397478, 23.318509 34.414316, 23.276712 34.423409, 23.25 34.425, 22.75 34.425))",0.081067,2.4478,22.999999999999996,33.97499999999999,90.0,Geometric release screen passes
Main,R135,1,1,0.72485,3.154601,0.1,"POLYGON ((32.325 73.625, 32.289716 73.621863, 32.25081 73.610731, 32.214941 73.591994, 32.183579 73.566421, 32.158006 73.535059, 32.139269 73.49919, 32.128137 73.460284, 32.125 73.425, 32.125 73.025, 32.128137 72.989716, 32.139269 72.95081, 32.158006 72.914941, 32.183579 72.883579, 32.214941 72.858006, 32.25081 72.839269, 32.289716 72.828137, 32.325 72.825, 32.875 72.825, 32.910284 72.828137, 32.94919 72.839269, 32.985059 72.858006, 33.016421 72.883579, 33.041994 72.914941, 33.060731 72.95081, 33.071863 72.989716, 33.075 73.025, 33.075 73.425, 33.071863 73.460284, 33.060731 73.49919, 33.041994 73.535059, 33.016421 73.566421, 32.985059 73.591994, 32.94919 73.610731, 32.910284 73.621863, 32.875 73.625, 32.325 73.625))",0.072485,2.2978,32.599999999999994,73.225,90.0,Geometric release screen passes
Main,R135,2,1,0.72485,3.154601,0.1,"POLYGON ((32.325 71.975, 32.289716 71.971863, 32.25081 71.960731, 32.214941 71.941994, 32.183579 71.916421, 32.158006 71.885059, 32.139269 71.84919, 32.128137 71.810284, 32.125 71.775, 32.125 71.375, 32.128137 71.339716, 32.139269 71.30081, 32.158006 71.264941, 32.183579 71.233579, 32.214941 71.208006, 32.25081 71.189269, 32.289716 71.178137, 32.325 71.175, 32.875 71.175, 32.910284 71.178137, 32.94919 71.189269, 32.985059 71.208006, 33.016421 71.233579, 33.041994 71.264941, 33.060731 71.30081, 33.071863 71.339716, 33.075 71.375, 33.075 71.775, 33.071863 71.810284, 33.060731 71.84919, 33.041994 71.885059, 33.016421 71.916421, 32.985059 71.941994, 32.94919 71.960731, 32.910284 71.971863, 32.875 71.975, 32.325 71.975))",0.072485,2.2978,32.59999999999999,71.57499999999997,90.0,Geometric release screen passes
Main,C18,1,1,0.810672,3.311779,0.1,"POLYGON ((58.775 41.25, 58.776591 41.223288, 58.785684 41.181491, 58.802522 41.142169, 58.826498 41.106745, 58.856745 41.076498, 58.892169 41.052522, 58.931491 41.035684, 58.973288 41.026591, 59 41.025, 59.45 41.025, 59.476712 41.026591, 59.518509 41.035684, 59.557831 41.052522, 59.593255 41.076498, 59.623502 41.106745, 59.647478 41.142169, 59.664316 41.181491, 59.673409 41.223288, 59.675 41.25, 59.675 41.75, 59.673409 41.776712, 59.664316 41.818509, 59.647478 41.857831, 59.623502 41.893255, 59.593255 41.923502, 59.557831 41.947478, 59.518509 41.964316, 59.476712 41.973409, 59.45 41.975, 59 41.975, 58.973288 41.973409, 58.931491 41.964316, 58.892169 41.947478, 58.856745 41.923502, 58.826498 41.893255, 58.802522 41.857831, 58.785684 41.818509, 58.776591 41.776712, 58.775 41.75, 58.775 41.25))",0.081067,2.4478,59.22500000000001,41.50000000000001,0.0,Geometric release screen passes
Main,C18,2,1,0.810672,3.311779,0.1,"POLYGON ((60.325 41.25, 60.326591 41.223288, 60.335684 41.181491, 60.352522 41.142169, 60.376498 41.106745, 60.406745 41.076498, 60.442169 41.052522, 60.481491 41.035684, 60.523288 41.026591, 60.55 41.025, 61 41.025, 61.026712 41.026591, 61.068509 41.035684, 61.107831 41.052522, 61.143255 41.076498, 61.173502 41.106745, 61.197478 41.142169, 61.214316 41.181491, 61.223409 41.223288, 61.225 41.25, 61.225 41.75, 61.223409 41.776712, 61.214316 41.818509, 61.197478 41.857831, 61.173502 41.893255, 61.143255 41.923502, 61.107831 41.947478, 61.068509 41.964316, 61.026712 41.973409, 61 41.975, 60.55 41.975, 60.523288 41.973409, 60.481491 41.964316, 60.442169 41.947478, 60.406745 41.923502, 60.376498 41.893255, 60.352522 41.857831, 60.335684 41.818509, 60.326591 41.776712, 60.325 41.75, 60.325 41.25))",0.081067,2.4478,60.774999999999984,41.49999999999997,0.0,Geometric release screen passes
Main,R47,1,1,0.72485,3.154601,0.1,"POLYGON ((23.775 85.725, 23.778137 85.689716, 23.789269 85.65081, 23.808006 85.614941, 23.833579 85.583579, 23.864941 85.558006, 23.90081 85.539269, 23.939716 85.528137, 23.975 85.525, 24.375 85.525, 24.410284 85.528137, 24.44919 85.539269, 24.485059 85.558006, 24.516421 85.583579, 24.541994 85.614941, 24.560731 85.65081, 24.571863 85.689716, 24.575 85.725, 24.575 86.275, 24.571863 86.310284, 24.560731 86.34919, 24.541994 86.385059, 24.516421 86.416421, 24.485059 86.441994, 24.44919 86.460731, 24.410284 86.471863, 24.375 86.475, 23.975 86.475, 23.939716 86.471863, 23.90081 86.460731, 23.864941 86.441994, 23.833579 86.416421, 23.808006 86.385059, 23.789269 86.34919, 23.778137 86.310284, 23.775 86.275, 23.775 85.725))",0.072485,2.2978,24.175,86.00000000000001,0.0,Geometric release screen passes
Main,R47,2,1,0.72485,3.154601,0.1,"POLYGON ((25.425 85.725, 25.428137 85.689716, 25.439269 85.65081, 25.458006 85.614941, 25.483579 85.583579, 25.514941 85.558006, 25.55081 85.539269, 25.589716 85.528137, 25.625 85.525, 26.025 85.525, 26.060284 85.528137, 26.09919 85.539269, 26.135059 85.558006, 26.166421 85.583579, 26.191994 85.614941, 26.210731 85.65081, 26.221863 85.689716, 26.225 85.725, 26.225 86.275, 26.221863 86.310284, 26.210731 86.34919, 26.191994 86.385059, 26.166421 86.416421, 26.135059 86.441994, 26.09919 86.460731, 26.060284 86.471863, 26.025 86.475, 25.625 86.475, 25.589716 86.471863, 25.55081 86.460731, 25.514941 86.441994, 25.483579 86.416421, 25.458006 86.385059, 25.439269 86.34919, 25.428137 86.310284, 25.425 86.275, 25.425 85.725))",0.072485,2.2978,25.824999999999996,86.0,0.0,Geometric release screen passes
Main,R54,1,1,0.72485,3.154601,0.1,"POLYGON ((61.275 98.225, 61.278137 98.189716, 61.289269 98.15081, 61.308006 98.114941, 61.333579 98.083579, 61.364941 98.058006, 61.40081 98.039269, 61.439716 98.028137, 61.475 98.025, 61.875 98.025, 61.910284 98.028137, 61.94919 98.039269, 61.985059 98.058006, 62.016421 98.083579, 62.041994 98.114941, 62.060731 98.15081, 62.071863 98.189716, 62.075 98.225, 62.075 98.775, 62.071863 98.810284, 62.060731 98.84919, 62.041994 98.885059, 62.016421 98.916421, 61.985059 98.941994, 61.94919 98.960731, 61.910284 98.971863, 61.875 98.975, 61.475 98.975, 61.439716 98.971863, 61.40081 98.960731, 61.364941 98.941994, 61.333579 98.916421, 61.308006 98.885059, 61.289269 98.84919, 61.278137 98.810284, 61.275 98.775, 61.275 98.225))",0.072485,2.2978,61.675,98.49999999999996,0.0,Geometric release screen passes
Main,R54,2,1,0.72485,3.154601,0.1,"POLYGON ((62.925 98.225, 62.928137 98.189716, 62.939269 98.15081, 62.958006 98.114941, 62.983579 98.083579, 63.014941 98.058006, 63.05081 98.039269, 63.089716 98.028137, 63.125 98.025, 63.525 98.025, 63.560284 98.028137, 63.59919 98.039269, 63.635059 98.058006, 63.666421 98.083579, 63.691994 98.114941, 63.710731 98.15081, 63.721863 98.189716, 63.725 98.225, 63.725 98.775, 63.721863 98.810284, 63.710731 98.84919, 63.691994 98.885059, 63.666421 98.916421, 63.635059 98.941994, 63.59919 98.960731, 63.560284 98.971863, 63.525 98.975, 63.125 98.975, 63.089716 98.971863, 63.05081 98.960731, 63.014941 98.941994, 62.983579 98.916421, 62.958006 98.885059, 62.939269 98.84919, 62.928137 98.810284, 62.925 98.775, 62.925 98.225))",0.072485,2.2978,63.324999999999996,98.49999999999999,0.0,Geometric release screen passes
Main,C78,1,1,1.395346,4.468787,0.1,"POLYGON ((27.8 67.525, 27.803078 67.485891, 27.814029 67.44243, 27.832565 67.401623, 27.858089 67.364781, 27.889781 67.333089, 27.926623 67.307565, 27.96743 67.289029, 28.010891 67.278078, 28.05 67.275, 28.55 67.275, 28.589109 67.278078, 28.63257 67.289029, 28.673377 67.307565, 28.710219 67.333089, 28.741911 67.364781, 28.767435 67.401623, 28.785971 67.44243, 28.796922 67.485891, 28.8 67.525, 28.8 68.475, 28.796922 68.514109, 28.785971 68.55757, 28.767435 68.598377, 28.741911 68.635219, 28.710219 68.666911, 28.673377 68.692435, 28.63257 68.710971, 28.589109 68.721922, 28.55 68.725, 28.05 68.725, 28.010891 68.721922, 27.96743 68.710971, 27.926623 68.692435, 27.889781 68.666911, 27.858089 68.635219, 27.832565 68.598377, 27.814029 68.55757, 27.803078 68.514109, 27.8 68.475, 27.8 67.525))",0.139535,3.1224,28.3,68.0,0.0,Geometric release screen passes
Main,C78,2,1,1.395346,4.468787,0.1,"POLYGON ((29.7 67.525, 29.703078 67.485891, 29.714029 67.44243, 29.732565 67.401623, 29.758089 67.364781, 29.789781 67.333089, 29.826623 67.307565, 29.86743 67.289029, 29.910891 67.278078, 29.95 67.275, 30.45 67.275, 30.489109 67.278078, 30.53257 67.289029, 30.573377 67.307565, 30.610219 67.333089, 30.641911 67.364781, 30.667435 67.401623, 30.685971 67.44243, 30.696922 67.485891, 30.7 67.525, 30.7 68.475, 30.696922 68.514109, 30.685971 68.55757, 30.667435 68.598377, 30.641911 68.635219, 30.610219 68.666911, 30.573377 68.692435, 30.53257 68.710971, 30.489109 68.721922, 30.45 68.725, 29.95 68.725, 29.910891 68.721922, 29.86743 68.710971, 29.826623 68.692435, 29.789781 68.666911, 29.758089 68.635219, 29.732565 68.598377, 29.714029 68.55757, 29.703078 68.514109, 29.7 68.475, 29.7 67.525))",0.139535,3.1224,30.19999999999999,67.99999999999999,0.0,Geometric release screen passes
Main,U8,,1,0.430854,2.572144,0.1,"POLYGON ((23.62 59.765, 23.623806 59.745866, 23.634645 59.729645, 23.650866 59.718806, 23.67 59.715, 24.33 59.715, 24.349134 59.718806, 24.365355 59.729645, 24.376194 59.745866, 24.38 59.765, 24.38 60.235, 24.376194 60.254134, 24.365355 60.270355, 24.349134 60.281194, 24.33 60.285, 23.67 60.285, 23.650866 60.281194, 23.634645 60.270355, 23.623806 60.254134, 23.62 60.235, 23.62 59.765))",0.043085,1.6751,24.000000000000004,60.000000000000014,0.0,Geometric release screen passes
Main,U8,1,1,0.133935,1.490998,0.1,"POLYGON ((23.625 59.0125, 23.62713 58.996324, 23.636303 58.976651, 23.651651 58.961303, 23.671324 58.95213, 23.6875 58.95, 23.8125 58.95, 23.828676 58.95213, 23.848349 58.961303, 23.863697 58.976651, 23.87287 58.996324, 23.875 59.0125, 23.875 59.4375, 23.87287 59.453676, 23.863697 59.473349, 23.848349 59.488697, 23.828676 59.49787, 23.8125 59.5, 23.6875 59.5, 23.671324 59.49787, 23.651651 59.488697, 23.636303 59.473349, 23.62713 59.453676, 23.625 59.4375, 23.625 59.0125))",0.013394,0.8983,23.750000000000004,59.225,0.0,Geometric release screen passes
Main,U8,2,1,0.133935,1.490998,0.1,"POLYGON ((23.625 60.5625, 23.62713 60.546324, 23.636303 60.526651, 23.651651 60.511303, 23.671324 60.50213, 23.6875 60.5, 23.8125 60.5, 23.828676 60.50213, 23.848349 60.511303, 23.863697 60.526651, 23.87287 60.546324, 23.875 60.5625, 23.875 60.9875, 23.87287 61.003676, 23.863697 61.023349, 23.848349 61.038697, 23.828676 61.04787, 23.8125 61.05, 23.6875 61.05, 23.671324 61.04787, 23.651651 61.038697, 23.636303 61.023349, 23.62713 61.003676, 23.625 60.9875, 23.625 60.5625))",0.013394,0.8983,23.750000000000004,60.77500000000001,0.0,Geometric release screen passes
Main,U8,3,1,0.133935,1.490998,0.1,"POLYGON ((24.125 60.5625, 24.12713 60.546324, 24.136303 60.526651, 24.151651 60.511303, 24.171324 60.50213, 24.1875 60.5, 24.3125 60.5, 24.328676 60.50213, 24.348349 60.511303, 24.363697 60.526651, 24.37287 60.546324, 24.375 60.5625, 24.375 60.9875, 24.37287 61.003676, 24.363697 61.023349, 24.348349 61.038697, 24.328676 61.04787, 24.3125 61.05, 24.1875 61.05, 24.171324 61.04787, 24.151651 61.038697, 24.136303 61.023349, 24.12713 61.003676, 24.125 60.9875, 24.125 60.5625))",0.013394,0.8983,24.250000000000007,60.77500000000001,0.0,Geometric release screen passes
Main,U8,4,1,0.133935,1.490998,0.1,"POLYGON ((24.125 59.0125, 24.12713 58.996324, 24.136303 58.976651, 24.151651 58.961303, 24.171324 58.95213, 24.1875 58.95, 24.3125 58.95, 24.328676 58.95213, 24.348349 58.961303, 24.363697 58.976651, 24.37287 58.996324, 24.375 59.0125, 24.375 59.4375, 24.37287 59.453676, 24.363697 59.473349, 24.348349 59.488697, 24.328676 59.49787, 24.3125 59.5, 24.1875 59.5, 24.171324 59.49787, 24.151651 59.488697, 24.136303 59.473349, 24.12713 59.453676, 24.125 59.4375, 24.125 59.0125))",0.013394,0.8983,24.249999999999996,59.225,0.0,Geometric release screen passes
Main,C27,1,1,0.810672,3.311779,0.1,"POLYGON ((56.775 102.75, 56.776591 102.723288, 56.785684 102.681491, 56.802522 102.642169, 56.826498 102.606745, 56.856745 102.576498, 56.892169 102.552522, 56.931491 102.535684, 56.973288 102.526591, 57 102.525, 57.45 102.525, 57.476712 102.526591, 57.518509 102.535684, 57.557831 102.552522, 57.593255 102.576498, 57.623502 102.606745, 57.647478 102.642169, 57.664316 102.681491, 57.673409 102.723288, 57.675 102.75, 57.675 103.25, 57.673409 103.276712, 57.664316 103.318509, 57.647478 103.357831, 57.623502 103.393255, 57.593255 103.423502, 57.557831 103.447478, 57.518509 103.464316, 57.476712 103.473409, 57.45 103.475, 57 103.475, 56.973288 103.473409, 56.931491 103.464316, 56.892169 103.447478, 56.856745 103.423502, 56.826498 103.393255, 56.802522 103.357831, 56.785684 103.318509, 56.776591 103.276712, 56.775 103.25, 56.775 102.75))",0.081067,2.4478,57.224999999999966,102.99999999999997,0.0,Geometric release screen passes
Main,C27,2,1,0.810672,3.311779,0.1,"POLYGON ((58.325 102.75, 58.326591 102.723288, 58.335684 102.681491, 58.352522 102.642169, 58.376498 102.606745, 58.406745 102.576498, 58.442169 102.552522, 58.481491 102.535684, 58.523288 102.526591, 58.55 102.525, 59 102.525, 59.026712 102.526591, 59.068509 102.535684, 59.107831 102.552522, 59.143255 102.576498, 59.173502 102.606745, 59.197478 102.642169, 59.214316 102.681491, 59.223409 102.723288, 59.225 102.75, 59.225 103.25, 59.223409 103.276712, 59.214316 103.318509, 59.197478 103.357831, 59.173502 103.393255, 59.143255 103.423502, 59.107831 103.447478, 59.068509 103.464316, 59.026712 103.473409, 59 103.475, 58.55 103.475, 58.523288 103.473409, 58.481491 103.464316, 58.442169 103.447478, 58.406745 103.423502, 58.376498 103.393255, 58.352522 103.357831, 58.335684 103.318509, 58.326591 103.276712, 58.325 103.25, 58.325 102.75))",0.081067,2.4478,58.775,102.99999999999997,0.0,Geometric release screen passes
Main,SW2,1,1,2.045346,5.668787,0.1,"POLYGON ((55.75 88.25, 55.753078 88.210891, 55.764029 88.16743, 55.782565 88.126623, 55.808089 88.089781, 55.839781 88.058089, 55.876623 88.032565, 55.91743 88.014029, 55.960891 88.003078, 56 88, 56.55 88, 56.589109 88.003078, 56.63257 88.014029, 56.673377 88.032565, 56.710219 88.058089, 56.741911 88.089781, 56.767435 88.126623, 56.785971 88.16743, 56.796922 88.210891, 56.8 88.25, 56.8 89.75, 56.796922 89.789109, 56.785971 89.83257, 56.767435 89.873377, 56.741911 89.910219, 56.710219 89.941911, 56.673377 89.967435, 56.63257 89.985971, 56.589109 89.996922, 56.55 90, 56 90, 55.960891 89.996922, 55.91743 89.985971, 55.876623 89.967435, 55.839781 89.941911, 55.808089 89.910219, 55.782565 89.873377, 55.764029 89.83257, 55.753078 89.789109, 55.75 89.75, 55.75 88.25))",0.204535,3.6081,56.27499999999999,88.99999999999999,0.0,Geometric release screen passes
Main,SW2,2,1,2.045346,5.668787,0.1,"POLYGON ((60.2 88.25, 60.203078 88.210891, 60.214029 88.16743, 60.232565 88.126623, 60.258089 88.089781, 60.289781 88.058089, 60.326623 88.032565, 60.36743 88.014029, 60.410891 88.003078, 60.45 88, 61 88, 61.039109 88.003078, 61.08257 88.014029, 61.123377 88.032565, 61.160219 88.058089, 61.191911 88.089781, 61.217435 88.126623, 61.235971 88.16743, 61.246922 88.210891, 61.25 88.25, 61.25 89.75, 61.246922 89.789109, 61.235971 89.83257, 61.217435 89.873377, 61.191911 89.910219, 61.160219 89.941911, 61.123377 89.967435, 61.08257 89.985971, 61.039109 89.996922, 61 90, 60.45 90, 60.410891 89.996922, 60.36743 89.985971, 60.326623 89.967435, 60.289781 89.941911, 60.258089 89.910219, 60.232565 89.873377, 60.214029 89.83257, 60.203078 89.789109, 60.2 89.75, 60.2 88.25))",0.204535,3.6081,60.72500000000002,89.00000000000003,0.0,Geometric release screen passes
Main,R133,1,1,0.72485,3.154601,0.1,"POLYGON ((32.325 67.025, 32.289716 67.021863, 32.25081 67.010731, 32.214941 66.991994, 32.183579 66.966421, 32.158006 66.935059, 32.139269 66.89919, 32.128137 66.860284, 32.125 66.825, 32.125 66.425, 32.128137 66.389716, 32.139269 66.35081, 32.158006 66.314941, 32.183579 66.283579, 32.214941 66.258006, 32.25081 66.239269, 32.289716 66.228137, 32.325 66.225, 32.875 66.225, 32.910284 66.228137, 32.94919 66.239269, 32.985059 66.258006, 33.016421 66.283579, 33.041994 66.314941, 33.060731 66.35081, 33.071863 66.389716, 33.075 66.425, 33.075 66.825, 33.071863 66.860284, 33.060731 66.89919, 33.041994 66.935059, 33.016421 66.966421, 32.985059 66.991994, 32.94919 67.010731, 32.910284 67.021863, 32.875 67.025, 32.325 67.025))",0.072485,2.2978,32.599999999999994,66.62500000000003,90.0,Geometric release screen passes
Main,R133,2,1,0.72485,3.154601,0.1,"POLYGON ((32.325 65.375, 32.289716 65.371863, 32.25081 65.360731, 32.214941 65.341994, 32.183579 65.316421, 32.158006 65.285059, 32.139269 65.24919, 32.128137 65.210284, 32.125 65.175, 32.125 64.775, 32.128137 64.739716, 32.139269 64.70081, 32.158006 64.664941, 32.183579 64.633579, 32.214941 64.608006, 32.25081 64.589269, 32.289716 64.578137, 32.325 64.575, 32.875 64.575, 32.910284 64.578137, 32.94919 64.589269, 32.985059 64.608006, 33.016421 64.633579, 33.041994 64.664941, 33.060731 64.70081, 33.071863 64.739716, 33.075 64.775, 33.075 65.175, 33.071863 65.210284, 33.060731 65.24919, 33.041994 65.285059, 33.016421 65.316421, 32.985059 65.341994, 32.94919 65.360731, 32.910284 65.371863, 32.875 65.375, 32.325 65.375))",0.072485,2.2978,32.599999999999994,64.97499999999997,90.0,Geometric release screen passes
Main,R48,1,1,0.72485,3.154601,0.1,"POLYGON ((27.275 85.725, 27.278137 85.689716, 27.289269 85.65081, 27.308006 85.614941, 27.333579 85.583579, 27.364941 85.558006, 27.40081 85.539269, 27.439716 85.528137, 27.475 85.525, 27.875 85.525, 27.910284 85.528137, 27.94919 85.539269, 27.985059 85.558006, 28.016421 85.583579, 28.041994 85.614941, 28.060731 85.65081, 28.071863 85.689716, 28.075 85.725, 28.075 86.275, 28.071863 86.310284, 28.060731 86.34919, 28.041994 86.385059, 28.016421 86.416421, 27.985059 86.441994, 27.94919 86.460731, 27.910284 86.471863, 27.875 86.475, 27.475 86.475, 27.439716 86.471863, 27.40081 86.460731, 27.364941 86.441994, 27.333579 86.416421, 27.308006 86.385059, 27.289269 86.34919, 27.278137 86.310284, 27.275 86.275, 27.275 85.725))",0.072485,2.2978,27.675000000000008,86.00000000000001,0.0,Geometric release screen passes
Main,R48,2,1,0.72485,3.154601,0.1,"POLYGON ((28.925 85.725, 28.928137 85.689716, 28.939269 85.65081, 28.958006 85.614941, 28.983579 85.583579, 29.014941 85.558006, 29.05081 85.539269, 29.089716 85.528137, 29.125 85.525, 29.525 85.525, 29.560284 85.528137, 29.59919 85.539269, 29.635059 85.558006, 29.666421 85.583579, 29.691994 85.614941, 29.710731 85.65081, 29.721863 85.689716, 29.725 85.725, 29.725 86.275, 29.721863 86.310284, 29.710731 86.34919, 29.691994 86.385059, 29.666421 86.416421, 29.635059 86.441994, 29.59919 86.460731, 29.560284 86.471863, 29.525 86.475, 29.125 86.475, 29.089716 86.471863, 29.05081 86.460731, 29.014941 86.441994, 28.983579 86.416421, 28.958006 86.385059, 28.939269 86.34919, 28.928137 86.310284, 28.925 86.275, 28.925 85.725))",0.072485,2.2978,29.324999999999992,86.0,0.0,Geometric release screen passes
Main,R99,1,1,0.72485,3.154601,0.1,"POLYGON ((31.775 22.725, 31.778137 22.689716, 31.789269 22.65081, 31.808006 22.614941, 31.833579 22.583579, 31.864941 22.558006, 31.90081 22.539269, 31.939716 22.528137, 31.975 22.525, 32.375 22.525, 32.410284 22.528137, 32.44919 22.539269, 32.485059 22.558006, 32.516421 22.583579, 32.541994 22.614941, 32.560731 22.65081, 32.571863 22.689716, 32.575 22.725, 32.575 23.275, 32.571863 23.310284, 32.560731 23.34919, 32.541994 23.385059, 32.516421 23.416421, 32.485059 23.441994, 32.44919 23.460731, 32.410284 23.471863, 32.375 23.475, 31.975 23.475, 31.939716 23.471863, 31.90081 23.460731, 31.864941 23.441994, 31.833579 23.416421, 31.808006 23.385059, 31.789269 23.34919, 31.778137 23.310284, 31.775 23.275, 31.775 22.725))",0.072485,2.2978,32.175,22.999999999999996,0.0,Geometric release screen passes
Main,R99,2,1,0.72485,3.154601,0.1,"POLYGON ((33.425 22.725, 33.428137 22.689716, 33.439269 22.65081, 33.458006 22.614941, 33.483579 22.583579, 33.514941 22.558006, 33.55081 22.539269, 33.589716 22.528137, 33.625 22.525, 34.025 22.525, 34.060284 22.528137, 34.09919 22.539269, 34.135059 22.558006, 34.166421 22.583579, 34.191994 22.614941, 34.210731 22.65081, 34.221863 22.689716, 34.225 22.725, 34.225 23.275, 34.221863 23.310284, 34.210731 23.34919, 34.191994 23.385059, 34.166421 23.416421, 34.135059 23.441994, 34.09919 23.460731, 34.060284 23.471863, 34.025 23.475, 33.625 23.475, 33.589716 23.471863, 33.55081 23.460731, 33.514941 23.441994, 33.483579 23.416421, 33.458006 23.385059, 33.439269 23.34919, 33.428137 23.310284, 33.425 23.275, 33.425 22.725))",0.072485,2.2978,33.825,23.000000000000004,0.0,Geometric release screen passes
Main,C79,1,1,0.810672,3.311779,0.1,"POLYGON ((26.275 77.75, 26.276591 77.723288, 26.285684 77.681491, 26.302522 77.642169, 26.326498 77.606745, 26.356745 77.576498, 26.392169 77.552522, 26.431491 77.535684, 26.473288 77.526591, 26.5 77.525, 26.95 77.525, 26.976712 77.526591, 27.018509 77.535684, 27.057831 77.552522, 27.093255 77.576498, 27.123502 77.606745, 27.147478 77.642169, 27.164316 77.681491, 27.173409 77.723288, 27.175 77.75, 27.175 78.25, 27.173409 78.276712, 27.164316 78.318509, 27.147478 78.357831, 27.123502 78.393255, 27.093255 78.423502, 27.057831 78.447478, 27.018509 78.464316, 26.976712 78.473409, 26.95 78.475, 26.5 78.475, 26.473288 78.473409, 26.431491 78.464316, 26.392169 78.447478, 26.356745 78.423502, 26.326498 78.393255, 26.302522 78.357831, 26.285684 78.318509, 26.276591 78.276712, 26.275 78.25, 26.275 77.75))",0.081067,2.4478,26.724999999999994,77.99999999999999,0.0,Geometric release screen passes
Main,C79,2,1,0.810672,3.311779,0.1,"POLYGON ((27.825 77.75, 27.826591 77.723288, 27.835684 77.681491, 27.852522 77.642169, 27.876498 77.606745, 27.906745 77.576498, 27.942169 77.552522, 27.981491 77.535684, 28.023288 77.526591, 28.05 77.525, 28.5 77.525, 28.526712 77.526591, 28.568509 77.535684, 28.607831 77.552522, 28.643255 77.576498, 28.673502 77.606745, 28.697478 77.642169, 28.714316 77.681491, 28.723409 77.723288, 28.725 77.75, 28.725 78.25, 28.723409 78.276712, 28.714316 78.318509, 28.697478 78.357831, 28.673502 78.393255, 28.643255 78.423502, 28.607831 78.447478, 28.568509 78.464316, 28.526712 78.473409, 28.5 78.475, 28.05 78.475, 28.023288 78.473409, 27.981491 78.464316, 27.942169 78.447478, 27.906745 78.423502, 27.876498 78.393255, 27.852522 78.357831, 27.835684 78.318509, 27.826591 78.276712, 27.825 78.25, 27.825 77.75))",0.081067,2.4478,28.275000000000006,77.99999999999999,0.0,Geometric release screen passes
Main,C3,1,1,1.395346,4.468787,0.1,"POLYGON ((63.05 28.225, 63.053078 28.185891, 63.064029 28.14243, 63.082565 28.101623, 63.108089 28.064781, 63.139781 28.033089, 63.176623 28.007565, 63.21743 27.989029, 63.260891 27.978078, 63.3 27.975, 63.8 27.975, 63.839109 27.978078, 63.88257 27.989029, 63.923377 28.007565, 63.960219 28.033089, 63.991911 28.064781, 64.017435 28.101623, 64.035971 28.14243, 64.046922 28.185891, 64.05 28.225, 64.05 29.175, 64.046922 29.214109, 64.035971 29.25757, 64.017435 29.298377, 63.991911 29.335219, 63.960219 29.366911, 63.923377 29.392435, 63.88257 29.410971, 63.839109 29.421922, 63.8 29.425, 63.3 29.425, 63.260891 29.421922, 63.21743 29.410971, 63.176623 29.392435, 63.139781 29.366911, 63.108089 29.335219, 63.082565 29.298377, 63.064029 29.25757, 63.053078 29.214109, 63.05 29.175, 63.05 28.225))",0.139535,3.1224,63.549999999999976,28.699999999999996,0.0,Geometric release screen passes
Main,C3,2,1,1.395346,4.468787,0.1,"POLYGON ((64.95 28.225, 64.953078 28.185891, 64.964029 28.14243, 64.982565 28.101623, 65.008089 28.064781, 65.039781 28.033089, 65.076623 28.007565, 65.11743 27.989029, 65.160891 27.978078, 65.2 27.975, 65.7 27.975, 65.739109 27.978078, 65.78257 27.989029, 65.823377 28.007565, 65.860219 28.033089, 65.891911 28.064781, 65.917435 28.101623, 65.935971 28.14243, 65.946922 28.185891, 65.95 28.225, 65.95 29.175, 65.946922 29.214109, 65.935971 29.25757, 65.917435 29.298377, 65.891911 29.335219, 65.860219 29.366911, 65.823377 29.392435, 65.78257 29.410971, 65.739109 29.421922, 65.7 29.425, 65.2 29.425, 65.160891 29.421922, 65.11743 29.410971, 65.076623 29.392435, 65.039781 29.366911, 65.008089 29.335219, 64.982565 29.298377, 64.964029 29.25757, 64.953078 29.214109, 64.95 29.175, 64.95 28.225))",0.139535,3.1224,65.45,28.7,0.0,Geometric release screen passes
Main,R74,1,1,0.72485,3.154601,0.1,"POLYGON ((26.725 84.725, 26.689716 84.721863, 26.65081 84.710731, 26.614941 84.691994, 26.583579 84.666421, 26.558006 84.635059, 26.539269 84.59919, 26.528137 84.560284, 26.525 84.525, 26.525 84.125, 26.528137 84.089716, 26.539269 84.05081, 26.558006 84.014941, 26.583579 83.983579, 26.614941 83.958006, 26.65081 83.939269, 26.689716 83.928137, 26.725 83.925, 27.275 83.925, 27.310284 83.928137, 27.34919 83.939269, 27.385059 83.958006, 27.416421 83.983579, 27.441994 84.014941, 27.460731 84.05081, 27.471863 84.089716, 27.475 84.125, 27.475 84.525, 27.471863 84.560284, 27.460731 84.59919, 27.441994 84.635059, 27.416421 84.666421, 27.385059 84.691994, 27.34919 84.710731, 27.310284 84.721863, 27.275 84.725, 26.725 84.725))",0.072485,2.2978,26.999999999999996,84.32499999999999,90.0,Geometric release screen passes
Main,R74,2,1,0.72485,3.154601,0.1,"POLYGON ((26.725 83.075, 26.689716 83.071863, 26.65081 83.060731, 26.614941 83.041994, 26.583579 83.016421, 26.558006 82.985059, 26.539269 82.94919, 26.528137 82.910284, 26.525 82.875, 26.525 82.475, 26.528137 82.439716, 26.539269 82.40081, 26.558006 82.364941, 26.583579 82.333579, 26.614941 82.308006, 26.65081 82.289269, 26.689716 82.278137, 26.725 82.275, 27.275 82.275, 27.310284 82.278137, 27.34919 82.289269, 27.385059 82.308006, 27.416421 82.333579, 27.441994 82.364941, 27.460731 82.40081, 27.471863 82.439716, 27.475 82.475, 27.475 82.875, 27.471863 82.910284, 27.460731 82.94919, 27.441994 82.985059, 27.416421 83.016421, 27.385059 83.041994, 27.34919 83.060731, 27.310284 83.071863, 27.275 83.075, 26.725 83.075))",0.072485,2.2978,27.000000000000004,82.67500000000003,90.0,Geometric release screen passes
Main,C11,1,1,1.395346,4.468787,0.1,"POLYGON ((23.025 55.45, 22.985891 55.446922, 22.94243 55.435971, 22.901623 55.417435, 22.864781 55.391911, 22.833089 55.360219, 22.807565 55.323377, 22.789029 55.28257, 22.778078 55.239109, 22.775 55.2, 22.775 54.7, 22.778078 54.660891, 22.789029 54.61743, 22.807565 54.576623, 22.833089 54.539781, 22.864781 54.508089, 22.901623 54.482565, 22.94243 54.464029, 22.985891 54.453078, 23.025 54.45, 23.975 54.45, 24.014109 54.453078, 24.05757 54.464029, 24.098377 54.482565, 24.135219 54.508089, 24.166911 54.539781, 24.192435 54.576623, 24.210971 54.61743, 24.221922 54.660891, 24.225 54.7, 24.225 55.2, 24.221922 55.239109, 24.210971 55.28257, 24.192435 55.323377, 24.166911 55.360219, 24.135219 55.391911, 24.098377 55.417435, 24.05757 55.435971, 24.014109 55.446922, 23.975 55.45, 23.025 55.45))",0.139535,3.1224,23.500000000000004,54.949999999999996,90.0,Geometric release screen passes
Main,C11,2,1,1.395346,4.468787,0.1,"POLYGON ((23.025 53.55, 22.985891 53.546922, 22.94243 53.535971, 22.901623 53.517435, 22.864781 53.491911, 22.833089 53.460219, 22.807565 53.423377, 22.789029 53.38257, 22.778078 53.339109, 22.775 53.3, 22.775 52.8, 22.778078 52.760891, 22.789029 52.71743, 22.807565 52.676623, 22.833089 52.639781, 22.864781 52.608089, 22.901623 52.582565, 22.94243 52.564029, 22.985891 52.553078, 23.025 52.55, 23.975 52.55, 24.014109 52.553078, 24.05757 52.564029, 24.098377 52.582565, 24.135219 52.608089, 24.166911 52.639781, 24.192435 52.676623, 24.210971 52.71743, 24.221922 52.760891, 24.225 52.8, 24.225 53.3, 24.221922 53.339109, 24.210971 53.38257, 24.192435 53.423377, 24.166911 53.460219, 24.135219 53.491911, 24.098377 53.517435, 24.05757 53.535971, 24.014109 53.546922, 23.975 53.55, 23.025 53.55))",0.139535,3.1224,23.499999999999996,53.049999999999976,90.0,Geometric release screen passes
Main,R66,1,1,0.72485,3.154601,0.1,"POLYGON ((55.725 46.225, 55.689716 46.221863, 55.65081 46.210731, 55.614941 46.191994, 55.583579 46.166421, 55.558006 46.135059, 55.539269 46.09919, 55.528137 46.060284, 55.525 46.025, 55.525 45.625, 55.528137 45.589716, 55.539269 45.55081, 55.558006 45.514941, 55.583579 45.483579, 55.614941 45.458006, 55.65081 45.439269, 55.689716 45.428137, 55.725 45.425, 56.275 45.425, 56.310284 45.428137, 56.34919 45.439269, 56.385059 45.458006, 56.416421 45.483579, 56.441994 45.514941, 56.460731 45.55081, 56.471863 45.589716, 56.475 45.625, 56.475 46.025, 56.471863 46.060284, 56.460731 46.09919, 56.441994 46.135059, 56.416421 46.166421, 56.385059 46.191994, 56.34919 46.210731, 56.310284 46.221863, 56.275 46.225, 55.725 46.225))",0.072485,2.2978,55.99999999999999,45.824999999999996,90.0,Geometric release screen passes
Main,R66,2,1,0.72485,3.154601,0.1,"POLYGON ((55.725 44.575, 55.689716 44.571863, 55.65081 44.560731, 55.614941 44.541994, 55.583579 44.516421, 55.558006 44.485059, 55.539269 44.44919, 55.528137 44.410284, 55.525 44.375, 55.525 43.975, 55.528137 43.939716, 55.539269 43.90081, 55.558006 43.864941, 55.583579 43.833579, 55.614941 43.808006, 55.65081 43.789269, 55.689716 43.778137, 55.725 43.775, 56.275 43.775, 56.310284 43.778137, 56.34919 43.789269, 56.385059 43.808006, 56.416421 43.833579, 56.441994 43.864941, 56.460731 43.90081, 56.471863 43.939716, 56.475 43.975, 56.475 44.375, 56.471863 44.410284, 56.460731 44.44919, 56.441994 44.485059, 56.416421 44.516421, 56.385059 44.541994, 56.34919 44.560731, 56.310284 44.571863, 56.275 44.575, 55.725 44.575))",0.072485,2.2978,56.00000000000002,44.175000000000004,90.0,Geometric release screen passes
Main,C38,1,1,1.395346,4.468787,0.1,"POLYGON ((15.55 65.025, 15.553078 64.985891, 15.564029 64.94243, 15.582565 64.901623, 15.608089 64.864781, 15.639781 64.833089, 15.676623 64.807565, 15.71743 64.789029, 15.760891 64.778078, 15.8 64.775, 16.3 64.775, 16.339109 64.778078, 16.38257 64.789029, 16.423377 64.807565, 16.460219 64.833089, 16.491911 64.864781, 16.517435 64.901623, 16.535971 64.94243, 16.546922 64.985891, 16.55 65.025, 16.55 65.975, 16.546922 66.014109, 16.535971 66.05757, 16.517435 66.098377, 16.491911 66.135219, 16.460219 66.166911, 16.423377 66.192435, 16.38257 66.210971, 16.339109 66.221922, 16.3 66.225, 15.8 66.225, 15.760891 66.221922, 15.71743 66.210971, 15.676623 66.192435, 15.639781 66.166911, 15.608089 66.135219, 15.582565 66.098377, 15.564029 66.05757, 15.553078 66.014109, 15.55 65.975, 15.55 65.025))",0.139535,3.1224,16.050000000000004,65.50000000000001,0.0,Geometric release screen passes
Main,C38,2,1,1.395346,4.468787,0.1,"POLYGON ((17.45 65.025, 17.453078 64.985891, 17.464029 64.94243, 17.482565 64.901623, 17.508089 64.864781, 17.539781 64.833089, 17.576623 64.807565, 17.61743 64.789029, 17.660891 64.778078, 17.7 64.775, 18.2 64.775, 18.239109 64.778078, 18.28257 64.789029, 18.323377 64.807565, 18.360219 64.833089, 18.391911 64.864781, 18.417435 64.901623, 18.435971 64.94243, 18.446922 64.985891, 18.45 65.025, 18.45 65.975, 18.446922 66.014109, 18.435971 66.05757, 18.417435 66.098377, 18.391911 66.135219, 18.360219 66.166911, 18.323377 66.192435, 18.28257 66.210971, 18.239109 66.221922, 18.2 66.225, 17.7 66.225, 17.660891 66.221922, 17.61743 66.210971, 17.576623 66.192435, 17.539781 66.166911, 17.508089 66.135219, 17.482565 66.098377, 17.464029 66.05757, 17.453078 66.014109, 17.45 65.975, 17.45 65.025))",0.139535,3.1224,17.949999999999992,65.49999999999999,0.0,Geometric release screen passes
Main,R44,1,1,0.72485,3.154601,0.1,"POLYGON ((19.775 28.725, 19.778137 28.689716, 19.789269 28.65081, 19.808006 28.614941, 19.833579 28.583579, 19.864941 28.558006, 19.90081 28.539269, 19.939716 28.528137, 19.975 28.525, 20.375 28.525, 20.410284 28.528137, 20.44919 28.539269, 20.485059 28.558006, 20.516421 28.583579, 20.541994 28.614941, 20.560731 28.65081, 20.571863 28.689716, 20.575 28.725, 20.575 29.275, 20.571863 29.310284, 20.560731 29.34919, 20.541994 29.385059, 20.516421 29.416421, 20.485059 29.441994, 20.44919 29.460731, 20.410284 29.471863, 20.375 29.475, 19.975 29.475, 19.939716 29.471863, 19.90081 29.460731, 19.864941 29.441994, 19.833579 29.416421, 19.808006 29.385059, 19.789269 29.34919, 19.778137 29.310284, 19.775 29.275, 19.775 28.725))",0.072485,2.2978,20.174999999999997,28.99999999999999,0.0,Geometric release screen passes
Main,R44,2,1,0.72485,3.154601,0.1,"POLYGON ((21.425 28.725, 21.428137 28.689716, 21.439269 28.65081, 21.458006 28.614941, 21.483579 28.583579, 21.514941 28.558006, 21.55081 28.539269, 21.589716 28.528137, 21.625 28.525, 22.025 28.525, 22.060284 28.528137, 22.09919 28.539269, 22.135059 28.558006, 22.166421 28.583579, 22.191994 28.614941, 22.210731 28.65081, 22.221863 28.689716, 22.225 28.725, 22.225 29.275, 22.221863 29.310284, 22.210731 29.34919, 22.191994 29.385059, 22.166421 29.416421, 22.135059 29.441994, 22.09919 29.460731, 22.060284 29.471863, 22.025 29.475, 21.625 29.475, 21.589716 29.471863, 21.55081 29.460731, 21.514941 29.441994, 21.483579 29.416421, 21.458006 29.385059, 21.439269 29.34919, 21.428137 29.310284, 21.425 29.275, 21.425 28.725))",0.072485,2.2978,21.825000000000003,28.999999999999996,0.0,Geometric release screen passes
Main,R38,1,1,0.72485,3.154601,0.1,"POLYGON ((59.225 54.725, 59.189716 54.721863, 59.15081 54.710731, 59.114941 54.691994, 59.083579 54.666421, 59.058006 54.635059, 59.039269 54.59919, 59.028137 54.560284, 59.025 54.525, 59.025 54.125, 59.028137 54.089716, 59.039269 54.05081, 59.058006 54.014941, 59.083579 53.983579, 59.114941 53.958006, 59.15081 53.939269, 59.189716 53.928137, 59.225 53.925, 59.775 53.925, 59.810284 53.928137, 59.84919 53.939269, 59.885059 53.958006, 59.916421 53.983579, 59.941994 54.014941, 59.960731 54.05081, 59.971863 54.089716, 59.975 54.125, 59.975 54.525, 59.971863 54.560284, 59.960731 54.59919, 59.941994 54.635059, 59.916421 54.666421, 59.885059 54.691994, 59.84919 54.710731, 59.810284 54.721863, 59.775 54.725, 59.225 54.725))",0.072485,2.2978,59.500000000000014,54.324999999999996,90.0,Geometric release screen passes
Main,R38,2,1,0.72485,3.154601,0.1,"POLYGON ((59.225 53.075, 59.189716 53.071863, 59.15081 53.060731, 59.114941 53.041994, 59.083579 53.016421, 59.058006 52.985059, 59.039269 52.94919, 59.028137 52.910284, 59.025 52.875, 59.025 52.475, 59.028137 52.439716, 59.039269 52.40081, 59.058006 52.364941, 59.083579 52.333579, 59.114941 52.308006, 59.15081 52.289269, 59.189716 52.278137, 59.225 52.275, 59.775 52.275, 59.810284 52.278137, 59.84919 52.289269, 59.885059 52.308006, 59.916421 52.333579, 59.941994 52.364941, 59.960731 52.40081, 59.971863 52.439716, 59.975 52.475, 59.975 52.875, 59.971863 52.910284, 59.960731 52.94919, 59.941994 52.985059, 59.916421 53.016421, 59.885059 53.041994, 59.84919 53.060731, 59.810284 53.071863, 59.775 53.075, 59.225 53.075))",0.072485,2.2978,59.500000000000014,52.675000000000004,90.0,Geometric release screen passes
Main,R134,1,1,0.72485,3.154601,0.1,"POLYGON ((32.325 70.325, 32.289716 70.321863, 32.25081 70.310731, 32.214941 70.291994, 32.183579 70.266421, 32.158006 70.235059, 32.139269 70.19919, 32.128137 70.160284, 32.125 70.125, 32.125 69.725, 32.128137 69.689716, 32.139269 69.65081, 32.158006 69.614941, 32.183579 69.583579, 32.214941 69.558006, 32.25081 69.539269, 32.289716 69.528137, 32.325 69.525, 32.875 69.525, 32.910284 69.528137, 32.94919 69.539269, 32.985059 69.558006, 33.016421 69.583579, 33.041994 69.614941, 33.060731 69.65081, 33.071863 69.689716, 33.075 69.725, 33.075 70.125, 33.071863 70.160284, 33.060731 70.19919, 33.041994 70.235059, 33.016421 70.266421, 32.985059 70.291994, 32.94919 70.310731, 32.910284 70.321863, 32.875 70.325, 32.325 70.325))",0.072485,2.2978,32.599999999999994,69.92500000000003,90.0,Geometric release screen passes
Main,R134,2,1,0.72485,3.154601,0.1,"POLYGON ((32.325 68.675, 32.289716 68.671863, 32.25081 68.660731, 32.214941 68.641994, 32.183579 68.616421, 32.158006 68.585059, 32.139269 68.54919, 32.128137 68.510284, 32.125 68.475, 32.125 68.075, 32.128137 68.039716, 32.139269 68.00081, 32.158006 67.964941, 32.183579 67.933579, 32.214941 67.908006, 32.25081 67.889269, 32.289716 67.878137, 32.325 67.875, 32.875 67.875, 32.910284 67.878137, 32.94919 67.889269, 32.985059 67.908006, 33.016421 67.933579, 33.041994 67.964941, 33.060731 68.00081, 33.071863 68.039716, 33.075 68.075, 33.075 68.475, 33.071863 68.510284, 33.060731 68.54919, 33.041994 68.585059, 33.016421 68.616421, 32.985059 68.641994, 32.94919 68.660731, 32.910284 68.671863, 32.875 68.675, 32.325 68.675))",0.072485,2.2978,32.599999999999994,68.275,90.0,Geometric release screen passes
Main,C36,1,1,0.810672,3.311779,0.1,"POLYGON ((52.775 48.75, 52.776591 48.723288, 52.785684 48.681491, 52.802522 48.642169, 52.826498 48.606745, 52.856745 48.576498, 52.892169 48.552522, 52.931491 48.535684, 52.973288 48.526591, 53 48.525, 53.45 48.525, 53.476712 48.526591, 53.518509 48.535684, 53.557831 48.552522, 53.593255 48.576498, 53.623502 48.606745, 53.647478 48.642169, 53.664316 48.681491, 53.673409 48.723288, 53.675 48.75, 53.675 49.25, 53.673409 49.276712, 53.664316 49.318509, 53.647478 49.357831, 53.623502 49.393255, 53.593255 49.423502, 53.557831 49.447478, 53.518509 49.464316, 53.476712 49.473409, 53.45 49.475, 53 49.475, 52.973288 49.473409, 52.931491 49.464316, 52.892169 49.447478, 52.856745 49.423502, 52.826498 49.393255, 52.802522 49.357831, 52.785684 49.318509, 52.776591 49.276712, 52.775 49.25, 52.775 48.75))",0.081067,2.4478,53.22499999999999,49.000000000000014,0.0,Geometric release screen passes
Main,C36,2,1,0.810672,3.311779,0.1,"POLYGON ((54.325 48.75, 54.326591 48.723288, 54.335684 48.681491, 54.352522 48.642169, 54.376498 48.606745, 54.406745 48.576498, 54.442169 48.552522, 54.481491 48.535684, 54.523288 48.526591, 54.55 48.525, 55 48.525, 55.026712 48.526591, 55.068509 48.535684, 55.107831 48.552522, 55.143255 48.576498, 55.173502 48.606745, 55.197478 48.642169, 55.214316 48.681491, 55.223409 48.723288, 55.225 48.75, 55.225 49.25, 55.223409 49.276712, 55.214316 49.318509, 55.197478 49.357831, 55.173502 49.393255, 55.143255 49.423502, 55.107831 49.447478, 55.068509 49.464316, 55.026712 49.473409, 55 49.475, 54.55 49.475, 54.523288 49.473409, 54.481491 49.464316, 54.442169 49.447478, 54.406745 49.423502, 54.376498 49.393255, 54.352522 49.357831, 54.335684 49.318509, 54.326591 49.276712, 54.325 49.25, 54.325 48.75))",0.081067,2.4478,54.774999999999984,48.99999999999999,0.0,Geometric release screen passes
Main,R20,1,1,0.72485,3.154601,0.1,"POLYGON ((59.725 46.225, 59.689716 46.221863, 59.65081 46.210731, 59.614941 46.191994, 59.583579 46.166421, 59.558006 46.135059, 59.539269 46.09919, 59.528137 46.060284, 59.525 46.025, 59.525 45.625, 59.528137 45.589716, 59.539269 45.55081, 59.558006 45.514941, 59.583579 45.483579, 59.614941 45.458006, 59.65081 45.439269, 59.689716 45.428137, 59.725 45.425, 60.275 45.425, 60.310284 45.428137, 60.34919 45.439269, 60.385059 45.458006, 60.416421 45.483579, 60.441994 45.514941, 60.460731 45.55081, 60.471863 45.589716, 60.475 45.625, 60.475 46.025, 60.471863 46.060284, 60.460731 46.09919, 60.441994 46.135059, 60.416421 46.166421, 60.385059 46.191994, 60.34919 46.210731, 60.310284 46.221863, 60.275 46.225, 59.725 46.225))",0.072485,2.2978,60.0,45.824999999999996,90.0,Geometric release screen passes
Main,R20,2,1,0.72485,3.154601,0.1,"POLYGON ((59.725 44.575, 59.689716 44.571863, 59.65081 44.560731, 59.614941 44.541994, 59.583579 44.516421, 59.558006 44.485059, 59.539269 44.44919, 59.528137 44.410284, 59.525 44.375, 59.525 43.975, 59.528137 43.939716, 59.539269 43.90081, 59.558006 43.864941, 59.583579 43.833579, 59.614941 43.808006, 59.65081 43.789269, 59.689716 43.778137, 59.725 43.775, 60.275 43.775, 60.310284 43.778137, 60.34919 43.789269, 60.385059 43.808006, 60.416421 43.833579, 60.441994 43.864941, 60.460731 43.90081, 60.471863 43.939716, 60.475 43.975, 60.475 44.375, 60.471863 44.410284, 60.460731 44.44919, 60.441994 44.485059, 60.416421 44.516421, 60.385059 44.541994, 60.34919 44.560731, 60.310284 44.571863, 60.275 44.575, 59.725 44.575))",0.072485,2.2978,60.0,44.175000000000004,90.0,Geometric release screen passes
Main,R60,1,1,0.72485,3.154601,0.1,"POLYGON ((30.775 26.525, 30.810284 26.528137, 30.84919 26.539269, 30.885059 26.558006, 30.916421 26.583579, 30.941994 26.614941, 30.960731 26.65081, 30.971863 26.689716, 30.975 26.725, 30.975 27.125, 30.971863 27.160284, 30.960731 27.19919, 30.941994 27.235059, 30.916421 27.266421, 30.885059 27.291994, 30.84919 27.310731, 30.810284 27.321863, 30.775 27.325, 30.225 27.325, 30.189716 27.321863, 30.15081 27.310731, 30.114941 27.291994, 30.083579 27.266421, 30.058006 27.235059, 30.039269 27.19919, 30.028137 27.160284, 30.025 27.125, 30.025 26.725, 30.028137 26.689716, 30.039269 26.65081, 30.058006 26.614941, 30.083579 26.583579, 30.114941 26.558006, 30.15081 26.539269, 30.189716 26.528137, 30.225 26.525, 30.775 26.525))",0.072485,2.2978,30.499999999999996,26.925,270.0,Geometric release screen passes
Main,R60,2,1,0.72485,3.154601,0.1,"POLYGON ((30.775 28.175, 30.810284 28.178137, 30.84919 28.189269, 30.885059 28.208006, 30.916421 28.233579, 30.941994 28.264941, 30.960731 28.30081, 30.971863 28.339716, 30.975 28.375, 30.975 28.775, 30.971863 28.810284, 30.960731 28.84919, 30.941994 28.885059, 30.916421 28.916421, 30.885059 28.941994, 30.84919 28.960731, 30.810284 28.971863, 30.775 28.975, 30.225 28.975, 30.189716 28.971863, 30.15081 28.960731, 30.114941 28.941994, 30.083579 28.916421, 30.058006 28.885059, 30.039269 28.84919, 30.028137 28.810284, 30.025 28.775, 30.025 28.375, 30.028137 28.339716, 30.039269 28.30081, 30.058006 28.264941, 30.083579 28.233579, 30.114941 28.208006, 30.15081 28.189269, 30.189716 28.178137, 30.225 28.175, 30.775 28.175))",0.072485,2.2978,30.500000000000007,28.575000000000003,270.0,Geometric release screen passes
Main,R18,1,1,0.72485,3.154601,0.1,"POLYGON ((25.225 51.225, 25.189716 51.221863, 25.15081 51.210731, 25.114941 51.191994, 25.083579 51.166421, 25.058006 51.135059, 25.039269 51.09919, 25.028137 51.060284, 25.025 51.025, 25.025 50.625, 25.028137 50.589716, 25.039269 50.55081, 25.058006 50.514941, 25.083579 50.483579, 25.114941 50.458006, 25.15081 50.439269, 25.189716 50.428137, 25.225 50.425, 25.775 50.425, 25.810284 50.428137, 25.84919 50.439269, 25.885059 50.458006, 25.916421 50.483579, 25.941994 50.514941, 25.960731 50.55081, 25.971863 50.589716, 25.975 50.625, 25.975 51.025, 25.971863 51.060284, 25.960731 51.09919, 25.941994 51.135059, 25.916421 51.166421, 25.885059 51.191994, 25.84919 51.210731, 25.810284 51.221863, 25.775 51.225, 25.225 51.225))",0.072485,2.2978,25.499999999999996,50.824999999999996,90.0,Geometric release screen passes
Main,R18,2,1,0.72485,3.154601,0.1,"POLYGON ((25.225 49.575, 25.189716 49.571863, 25.15081 49.560731, 25.114941 49.541994, 25.083579 49.516421, 25.058006 49.485059, 25.039269 49.44919, 25.028137 49.410284, 25.025 49.375, 25.025 48.975, 25.028137 48.939716, 25.039269 48.90081, 25.058006 48.864941, 25.083579 48.833579, 25.114941 48.808006, 25.15081 48.789269, 25.189716 48.778137, 25.225 48.775, 25.775 48.775, 25.810284 48.778137, 25.84919 48.789269, 25.885059 48.808006, 25.916421 48.833579, 25.941994 48.864941, 25.960731 48.90081, 25.971863 48.939716, 25.975 48.975, 25.975 49.375, 25.971863 49.410284, 25.960731 49.44919, 25.941994 49.485059, 25.916421 49.516421, 25.885059 49.541994, 25.84919 49.560731, 25.810284 49.571863, 25.775 49.575, 25.225 49.575))",0.072485,2.2978,25.499999999999996,49.175000000000004,90.0,Geometric release screen passes
Main,R32,1,1,0.72485,3.154601,0.1,"POLYGON ((14.125 27.725, 14.089716 27.721863, 14.05081 27.710731, 14.014941 27.691994, 13.983579 27.666421, 13.958006 27.635059, 13.939269 27.59919, 13.928137 27.560284, 13.925 27.525, 13.925 27.125, 13.928137 27.089716, 13.939269 27.05081, 13.958006 27.014941, 13.983579 26.983579, 14.014941 26.958006, 14.05081 26.939269, 14.089716 26.928137, 14.125 26.925, 14.675 26.925, 14.710284 26.928137, 14.74919 26.939269, 14.785059 26.958006, 14.816421 26.983579, 14.841994 27.014941, 14.860731 27.05081, 14.871863 27.089716, 14.875 27.125, 14.875 27.525, 14.871863 27.560284, 14.860731 27.59919, 14.841994 27.635059, 14.816421 27.666421, 14.785059 27.691994, 14.74919 27.710731, 14.710284 27.721863, 14.675 27.725, 14.125 27.725))",0.072485,2.2978,14.399999999999997,27.324999999999992,90.0,Geometric release screen passes
Main,R32,2,1,0.72485,3.154601,0.1,"POLYGON ((14.125 26.075, 14.089716 26.071863, 14.05081 26.060731, 14.014941 26.041994, 13.983579 26.016421, 13.958006 25.985059, 13.939269 25.94919, 13.928137 25.910284, 13.925 25.875, 13.925 25.475, 13.928137 25.439716, 13.939269 25.40081, 13.958006 25.364941, 13.983579 25.333579, 14.014941 25.308006, 14.05081 25.289269, 14.089716 25.278137, 14.125 25.275, 14.675 25.275, 14.710284 25.278137, 14.74919 25.289269, 14.785059 25.308006, 14.816421 25.333579, 14.841994 25.364941, 14.860731 25.40081, 14.871863 25.439716, 14.875 25.475, 14.875 25.875, 14.871863 25.910284, 14.860731 25.94919, 14.841994 25.985059, 14.816421 26.016421, 14.785059 26.041994, 14.74919 26.060731, 14.710284 26.071863, 14.675 26.075, 14.125 26.075))",0.072485,2.2978,14.4,25.675000000000004,90.0,Geometric release screen passes
Main,R76,1,1,0.72485,3.154601,0.1,"POLYGON ((38.225 87.775, 38.221863 87.810284, 38.210731 87.84919, 38.191994 87.885059, 38.166421 87.916421, 38.135059 87.941994, 38.09919 87.960731, 38.060284 87.971863, 38.025 87.975, 37.625 87.975, 37.589716 87.971863, 37.55081 87.960731, 37.514941 87.941994, 37.483579 87.916421, 37.458006 87.885059, 37.439269 87.84919, 37.428137 87.810284, 37.425 87.775, 37.425 87.225, 37.428137 87.189716, 37.439269 87.15081, 37.458006 87.114941, 37.483579 87.083579, 37.514941 87.058006, 37.55081 87.039269, 37.589716 87.028137, 37.625 87.025, 38.025 87.025, 38.060284 87.028137, 38.09919 87.039269, 38.135059 87.058006, 38.166421 87.083579, 38.191994 87.114941, 38.210731 87.15081, 38.221863 87.189716, 38.225 87.225, 38.225 87.775))",0.072485,2.2978,37.82499999999999,87.49999999999997,180.0,Geometric release screen passes
Main,R76,2,1,0.72485,3.154601,0.1,"POLYGON ((36.575 87.775, 36.571863 87.810284, 36.560731 87.84919, 36.541994 87.885059, 36.516421 87.916421, 36.485059 87.941994, 36.44919 87.960731, 36.410284 87.971863, 36.375 87.975, 35.975 87.975, 35.939716 87.971863, 35.90081 87.960731, 35.864941 87.941994, 35.833579 87.916421, 35.808006 87.885059, 35.789269 87.84919, 35.778137 87.810284, 35.775 87.775, 35.775 87.225, 35.778137 87.189716, 35.789269 87.15081, 35.808006 87.114941, 35.833579 87.083579, 35.864941 87.058006, 35.90081 87.039269, 35.939716 87.028137, 35.975 87.025, 36.375 87.025, 36.410284 87.028137, 36.44919 87.039269, 36.485059 87.058006, 36.516421 87.083579, 36.541994 87.114941, 36.560731 87.15081, 36.571863 87.189716, 36.575 87.225, 36.575 87.775))",0.072485,2.2978,36.175,87.49999999999996,180.0,Geometric release screen passes
Main,U15,1,1,0.430622,3.048028,0.1,"POLYGON ((55.975 100.1625, 55.976525 100.146233, 55.98514 100.121614, 56.000628 100.100628, 56.021614 100.08514, 56.046233 100.076525, 56.0625 100.075, 57.1375 100.075, 57.153767 100.076525, 57.178386 100.08514, 57.199372 100.100628, 57.21486 100.121614, 57.223475 100.146233, 57.225 100.1625, 57.225 100.3375, 57.223475 100.353767, 57.21486 100.378386, 57.199372 100.399372, 57.178386 100.41486, 57.153767 100.423475, 57.1375 100.425, 56.0625 100.425, 56.046233 100.423475, 56.021614 100.41486, 56.000628 100.399372, 55.98514 100.378386, 55.976525 100.353767, 55.975 100.3375, 55.975 100.1625))",0.043062,1.4128,56.60000000000001,100.25000000000001,0.0,Geometric release screen passes
Main,U15,2,1,0.430622,3.048028,0.1,"POLYGON ((55.975 100.6625, 55.976525 100.646233, 55.98514 100.621614, 56.000628 100.600628, 56.021614 100.58514, 56.046233 100.576525, 56.0625 100.575, 57.1375 100.575, 57.153767 100.576525, 57.178386 100.58514, 57.199372 100.600628, 57.21486 100.621614, 57.223475 100.646233, 57.225 100.6625, 57.225 100.8375, 57.223475 100.853767, 57.21486 100.878386, 57.199372 100.899372, 57.178386 100.91486, 57.153767 100.923475, 57.1375 100.925, 56.0625 100.925, 56.046233 100.923475, 56.021614 100.91486, 56.000628 100.899372, 55.98514 100.878386, 55.976525 100.853767, 55.975 100.8375, 55.975 100.6625))",0.043062,1.4128,56.60000000000001,100.75000000000001,0.0,Geometric release screen passes
Main,U15,3,1,0.430622,3.048028,0.1,"POLYGON ((55.975 101.1625, 55.976525 101.146233, 55.98514 101.121614, 56.000628 101.100628, 56.021614 101.08514, 56.046233 101.076525, 56.0625 101.075, 57.1375 101.075, 57.153767 101.076525, 57.178386 101.08514, 57.199372 101.100628, 57.21486 101.121614, 57.223475 101.146233, 57.225 101.1625, 57.225 101.3375, 57.223475 101.353767, 57.21486 101.378386, 57.199372 101.399372, 57.178386 101.41486, 57.153767 101.423475, 57.1375 101.425, 56.0625 101.425, 56.046233 101.423475, 56.021614 101.41486, 56.000628 101.399372, 55.98514 101.378386, 55.976525 101.353767, 55.975 101.3375, 55.975 101.1625))",0.043062,1.4128,56.60000000000001,101.25000000000001,0.0,Geometric release screen passes
Main,U15,4,1,0.430622,3.048028,0.1,"POLYGON ((55.975 101.6625, 55.976525 101.646233, 55.98514 101.621614, 56.000628 101.600628, 56.021614 101.58514, 56.046233 101.576525, 56.0625 101.575, 57.1375 101.575, 57.153767 101.576525, 57.178386 101.58514, 57.199372 101.600628, 57.21486 101.621614, 57.223475 101.646233, 57.225 101.6625, 57.225 101.8375, 57.223475 101.853767, 57.21486 101.878386, 57.199372 101.899372, 57.178386 101.91486, 57.153767 101.923475, 57.1375 101.925, 56.0625 101.925, 56.046233 101.923475, 56.021614 101.91486, 56.000628 101.899372, 55.98514 101.878386, 55.976525 101.853767, 55.975 101.8375, 55.975 101.6625))",0.043062,1.4128,56.60000000000001,101.75000000000003,0.0,Geometric release screen passes
Main,U15,5,1,0.430622,3.048028,0.1,"POLYGON ((58.775 101.6625, 58.776525 101.646233, 58.78514 101.621614, 58.800628 101.600628, 58.821614 101.58514, 58.846233 101.576525, 58.8625 101.575, 59.9375 101.575, 59.953767 101.576525, 59.978386 101.58514, 59.999372 101.600628, 60.01486 101.621614, 60.023475 101.646233, 60.025 101.6625, 60.025 101.8375, 60.023475 101.853767, 60.01486 101.878386, 59.999372 101.899372, 59.978386 101.91486, 59.953767 101.923475, 59.9375 101.925, 58.8625 101.925, 58.846233 101.923475, 58.821614 101.91486, 58.800628 101.899372, 58.78514 101.878386, 58.776525 101.853767, 58.775 101.8375, 58.775 101.6625))",0.043062,1.4128,59.400000000000006,101.74999999999999,0.0,Geometric release screen passes
Main,U15,6,1,0.430622,3.048028,0.1,"POLYGON ((58.775 101.1625, 58.776525 101.146233, 58.78514 101.121614, 58.800628 101.100628, 58.821614 101.08514, 58.846233 101.076525, 58.8625 101.075, 59.9375 101.075, 59.953767 101.076525, 59.978386 101.08514, 59.999372 101.100628, 60.01486 101.121614, 60.023475 101.146233, 60.025 101.1625, 60.025 101.3375, 60.023475 101.353767, 60.01486 101.378386, 59.999372 101.399372, 59.978386 101.41486, 59.953767 101.423475, 59.9375 101.425, 58.8625 101.425, 58.846233 101.423475, 58.821614 101.41486, 58.800628 101.399372, 58.78514 101.378386, 58.776525 101.353767, 58.775 101.3375, 58.775 101.1625))",0.043062,1.4128,59.400000000000006,101.25,0.0,Geometric release screen passes
Main,U15,7,1,0.430622,3.048028,0.1,"POLYGON ((58.775 100.6625, 58.776525 100.646233, 58.78514 100.621614, 58.800628 100.600628, 58.821614 100.58514, 58.846233 100.576525, 58.8625 100.575, 59.9375 100.575, 59.953767 100.576525, 59.978386 100.58514, 59.999372 100.600628, 60.01486 100.621614, 60.023475 100.646233, 60.025 100.6625, 60.025 100.8375, 60.023475 100.853767, 60.01486 100.878386, 59.999372 100.899372, 59.978386 100.91486, 59.953767 100.923475, 59.9375 100.925, 58.8625 100.925, 58.846233 100.923475, 58.821614 100.91486, 58.800628 100.899372, 58.78514 100.878386, 58.776525 100.853767, 58.775 100.8375, 58.775 100.6625))",0.043062,1.4128,59.400000000000006,100.75000000000001,0.0,Geometric release screen passes
Main,U15,8,1,0.430622,3.048028,0.1,"POLYGON ((58.775 100.1625, 58.776525 100.146233, 58.78514 100.121614, 58.800628 100.100628, 58.821614 100.08514, 58.846233 100.076525, 58.8625 100.075, 59.9375 100.075, 59.953767 100.076525, 59.978386 100.08514, 59.999372 100.100628, 60.01486 100.121614, 60.023475 100.146233, 60.025 100.1625, 60.025 100.3375, 60.023475 100.353767, 60.01486 100.378386, 59.999372 100.399372, 59.978386 100.41486, 59.953767 100.423475, 59.9375 100.425, 58.8625 100.425, 58.846233 100.423475, 58.821614 100.41486, 58.800628 100.399372, 58.78514 100.378386, 58.776525 100.353767, 58.775 100.3375, 58.775 100.1625))",0.043062,1.4128,59.400000000000006,100.25,0.0,Geometric release screen passes
Main,C6,1,1,0.810672,3.311779,0.1,"POLYGON ((49.75 102.225, 49.723288 102.223409, 49.681491 102.214316, 49.642169 102.197478, 49.606745 102.173502, 49.576498 102.143255, 49.552522 102.107831, 49.535684 102.068509, 49.526591 102.026712, 49.525 102, 49.525 101.55, 49.526591 101.523288, 49.535684 101.481491, 49.552522 101.442169, 49.576498 101.406745, 49.606745 101.376498, 49.642169 101.352522, 49.681491 101.335684, 49.723288 101.326591, 49.75 101.325, 50.25 101.325, 50.276712 101.326591, 50.318509 101.335684, 50.357831 101.352522, 50.393255 101.376498, 50.423502 101.406745, 50.447478 101.442169, 50.464316 101.481491, 50.473409 101.523288, 50.475 101.55, 50.475 102, 50.473409 102.026712, 50.464316 102.068509, 50.447478 102.107831, 50.423502 102.143255, 50.393255 102.173502, 50.357831 102.197478, 50.318509 102.214316, 50.276712 102.223409, 50.25 102.225, 49.75 102.225))",0.081067,2.4478,49.99999999999999,101.77499999999995,90.0,Geometric release screen passes
Main,C6,2,1,0.810672,3.311779,0.1,"POLYGON ((49.75 100.675, 49.723288 100.673409, 49.681491 100.664316, 49.642169 100.647478, 49.606745 100.623502, 49.576498 100.593255, 49.552522 100.557831, 49.535684 100.518509, 49.526591 100.476712, 49.525 100.45, 49.525 100, 49.526591 99.973288, 49.535684 99.931491, 49.552522 99.892169, 49.576498 99.856745, 49.606745 99.826498, 49.642169 99.802522, 49.681491 99.785684, 49.723288 99.776591, 49.75 99.775, 50.25 99.775, 50.276712 99.776591, 50.318509 99.785684, 50.357831 99.802522, 50.393255 99.826498, 50.423502 99.856745, 50.447478 99.892169, 50.464316 99.931491, 50.473409 99.973288, 50.475 100, 50.475 100.45, 50.473409 100.476712, 50.464316 100.518509, 50.447478 100.557831, 50.423502 100.593255, 50.393255 100.623502, 50.357831 100.647478, 50.318509 100.664316, 50.276712 100.673409, 50.25 100.675, 49.75 100.675))",0.081067,2.4478,50.00000000000001,100.22499999999998,90.0,Geometric release screen passes
Main,R130,1,1,0.72485,3.154601,0.1,"POLYGON ((46.725 30.725, 46.689716 30.721863, 46.65081 30.710731, 46.614941 30.691994, 46.583579 30.666421, 46.558006 30.635059, 46.539269 30.59919, 46.528137 30.560284, 46.525 30.525, 46.525 30.125, 46.528137 30.089716, 46.539269 30.05081, 46.558006 30.014941, 46.583579 29.983579, 46.614941 29.958006, 46.65081 29.939269, 46.689716 29.928137, 46.725 29.925, 47.275 29.925, 47.310284 29.928137, 47.34919 29.939269, 47.385059 29.958006, 47.416421 29.983579, 47.441994 30.014941, 47.460731 30.05081, 47.471863 30.089716, 47.475 30.125, 47.475 30.525, 47.471863 30.560284, 47.460731 30.59919, 47.441994 30.635059, 47.416421 30.666421, 47.385059 30.691994, 47.34919 30.710731, 47.310284 30.721863, 47.275 30.725, 46.725 30.725))",0.072485,2.2978,47.0,30.32500000000001,90.0,Geometric release screen passes
Main,R130,2,1,0.72485,3.154601,0.1,"POLYGON ((46.725 29.075, 46.689716 29.071863, 46.65081 29.060731, 46.614941 29.041994, 46.583579 29.016421, 46.558006 28.985059, 46.539269 28.94919, 46.528137 28.910284, 46.525 28.875, 46.525 28.475, 46.528137 28.439716, 46.539269 28.40081, 46.558006 28.364941, 46.583579 28.333579, 46.614941 28.308006, 46.65081 28.289269, 46.689716 28.278137, 46.725 28.275, 47.275 28.275, 47.310284 28.278137, 47.34919 28.289269, 47.385059 28.308006, 47.416421 28.333579, 47.441994 28.364941, 47.460731 28.40081, 47.471863 28.439716, 47.475 28.475, 47.475 28.875, 47.471863 28.910284, 47.460731 28.94919, 47.441994 28.985059, 47.416421 29.016421, 47.385059 29.041994, 47.34919 29.060731, 47.310284 29.071863, 47.275 29.075, 46.725 29.075))",0.072485,2.2978,46.99999999999999,28.675000000000004,90.0,Geometric release screen passes
Main,C21,1,1,0.810672,3.311779,0.1,"POLYGON ((51.725 49.75, 51.723409 49.776712, 51.714316 49.818509, 51.697478 49.857831, 51.673502 49.893255, 51.643255 49.923502, 51.607831 49.947478, 51.568509 49.964316, 51.526712 49.973409, 51.5 49.975, 51.05 49.975, 51.023288 49.973409, 50.981491 49.964316, 50.942169 49.947478, 50.906745 49.923502, 50.876498 49.893255, 50.852522 49.857831, 50.835684 49.818509, 50.826591 49.776712, 50.825 49.75, 50.825 49.25, 50.826591 49.223288, 50.835684 49.181491, 50.852522 49.142169, 50.876498 49.106745, 50.906745 49.076498, 50.942169 49.052522, 50.981491 49.035684, 51.023288 49.026591, 51.05 49.025, 51.5 49.025, 51.526712 49.026591, 51.568509 49.035684, 51.607831 49.052522, 51.643255 49.076498, 51.673502 49.106745, 51.697478 49.142169, 51.714316 49.181491, 51.723409 49.223288, 51.725 49.25, 51.725 49.75))",0.081067,2.4478,51.27500000000001,49.500000000000014,180.0,Geometric release screen passes
Main,C21,2,1,0.810672,3.311779,0.1,"POLYGON ((50.175 49.75, 50.173409 49.776712, 50.164316 49.818509, 50.147478 49.857831, 50.123502 49.893255, 50.093255 49.923502, 50.057831 49.947478, 50.018509 49.964316, 49.976712 49.973409, 49.95 49.975, 49.5 49.975, 49.473288 49.973409, 49.431491 49.964316, 49.392169 49.947478, 49.356745 49.923502, 49.326498 49.893255, 49.302522 49.857831, 49.285684 49.818509, 49.276591 49.776712, 49.275 49.75, 49.275 49.25, 49.276591 49.223288, 49.285684 49.181491, 49.302522 49.142169, 49.326498 49.106745, 49.356745 49.076498, 49.392169 49.052522, 49.431491 49.035684, 49.473288 49.026591, 49.5 49.025, 49.95 49.025, 49.976712 49.026591, 50.018509 49.035684, 50.057831 49.052522, 50.093255 49.076498, 50.123502 49.106745, 50.147478 49.142169, 50.164316 49.181491, 50.173409 49.223288, 50.175 49.25, 50.175 49.75))",0.081067,2.4478,49.72499999999997,49.49999999999999,180.0,Geometric release screen passes
Main,C32,1,1,0.810672,3.311779,0.1,"POLYGON ((21.5 45.975, 21.473288 45.973409, 21.431491 45.964316, 21.392169 45.947478, 21.356745 45.923502, 21.326498 45.893255, 21.302522 45.857831, 21.285684 45.818509, 21.276591 45.776712, 21.275 45.75, 21.275 45.3, 21.276591 45.273288, 21.285684 45.231491, 21.302522 45.192169, 21.326498 45.156745, 21.356745 45.126498, 21.392169 45.102522, 21.431491 45.085684, 21.473288 45.076591, 21.5 45.075, 22 45.075, 22.026712 45.076591, 22.068509 45.085684, 22.107831 45.102522, 22.143255 45.126498, 22.173502 45.156745, 22.197478 45.192169, 22.214316 45.231491, 22.223409 45.273288, 22.225 45.3, 22.225 45.75, 22.223409 45.776712, 22.214316 45.818509, 22.197478 45.857831, 22.173502 45.893255, 22.143255 45.923502, 22.107831 45.947478, 22.068509 45.964316, 22.026712 45.973409, 22 45.975, 21.5 45.975))",0.081067,2.4478,21.75000000000001,45.52500000000002,90.0,Geometric release screen passes
Main,C32,2,1,0.810672,3.311779,0.1,"POLYGON ((21.5 44.425, 21.473288 44.423409, 21.431491 44.414316, 21.392169 44.397478, 21.356745 44.373502, 21.326498 44.343255, 21.302522 44.307831, 21.285684 44.268509, 21.276591 44.226712, 21.275 44.2, 21.275 43.75, 21.276591 43.723288, 21.285684 43.681491, 21.302522 43.642169, 21.326498 43.606745, 21.356745 43.576498, 21.392169 43.552522, 21.431491 43.535684, 21.473288 43.526591, 21.5 43.525, 22 43.525, 22.026712 43.526591, 22.068509 43.535684, 22.107831 43.552522, 22.143255 43.576498, 22.173502 43.606745, 22.197478 43.642169, 22.214316 43.681491, 22.223409 43.723288, 22.225 43.75, 22.225 44.2, 22.223409 44.226712, 22.214316 44.268509, 22.197478 44.307831, 22.173502 44.343255, 22.143255 44.373502, 22.107831 44.397478, 22.068509 44.414316, 22.026712 44.423409, 22 44.425, 21.5 44.425))",0.081067,2.4478,21.749999999999996,43.97499999999998,90.0,Geometric release screen passes
Main,C16,1,1,0.810672,3.311779,0.1,"POLYGON ((12.775 41.25, 12.776591 41.223288, 12.785684 41.181491, 12.802522 41.142169, 12.826498 41.106745, 12.856745 41.076498, 12.892169 41.052522, 12.931491 41.035684, 12.973288 41.026591, 13 41.025, 13.45 41.025, 13.476712 41.026591, 13.518509 41.035684, 13.557831 41.052522, 13.593255 41.076498, 13.623502 41.106745, 13.647478 41.142169, 13.664316 41.181491, 13.673409 41.223288, 13.675 41.25, 13.675 41.75, 13.673409 41.776712, 13.664316 41.818509, 13.647478 41.857831, 13.623502 41.893255, 13.593255 41.923502, 13.557831 41.947478, 13.518509 41.964316, 13.476712 41.973409, 13.45 41.975, 13 41.975, 12.973288 41.973409, 12.931491 41.964316, 12.892169 41.947478, 12.856745 41.923502, 12.826498 41.893255, 12.802522 41.857831, 12.785684 41.818509, 12.776591 41.776712, 12.775 41.75, 12.775 41.25))",0.081067,2.4478,13.225000000000001,41.5,0.0,Geometric release screen passes
Main,C16,2,1,0.810672,3.311779,0.1,"POLYGON ((14.325 41.25, 14.326591 41.223288, 14.335684 41.181491, 14.352522 41.142169, 14.376498 41.106745, 14.406745 41.076498, 14.442169 41.052522, 14.481491 41.035684, 14.523288 41.026591, 14.55 41.025, 15 41.025, 15.026712 41.026591, 15.068509 41.035684, 15.107831 41.052522, 15.143255 41.076498, 15.173502 41.106745, 15.197478 41.142169, 15.214316 41.181491, 15.223409 41.223288, 15.225 41.25, 15.225 41.75, 15.223409 41.776712, 15.214316 41.818509, 15.197478 41.857831, 15.173502 41.893255, 15.143255 41.923502, 15.107831 41.947478, 15.068509 41.964316, 15.026712 41.973409, 15 41.975, 14.55 41.975, 14.523288 41.973409, 14.481491 41.964316, 14.442169 41.947478, 14.406745 41.923502, 14.376498 41.893255, 14.352522 41.857831, 14.335684 41.818509, 14.326591 41.776712, 14.325 41.75, 14.325 41.25))",0.081067,2.4478,14.775000000000004,41.500000000000014,0.0,Geometric release screen passes
Main,D4,1,1,0.865088,3.890481,0.1,"POLYGON ((51.325 61.7, 51.328099 61.669667, 51.339054 61.636607, 51.357338 61.606965, 51.381965 61.582338, 51.411607 61.564054, 51.444667 61.553099, 51.475 61.55, 52.65 61.55, 52.680333 61.553099, 52.713393 61.564054, 52.743035 61.582338, 52.767662 61.606965, 52.785946 61.636607, 52.796901 61.669667, 52.8 61.7, 52.8 62, 52.796901 62.030333, 52.785946 62.063393, 52.767662 62.093035, 52.743035 62.117662, 52.713393 62.135946, 52.680333 62.146901, 52.65 62.15, 51.475 62.15, 51.444667 62.146901, 51.411607 62.135946, 51.381965 62.117662, 51.357338 62.093035, 51.339054 62.063393, 51.328099 62.030333, 51.325 62, 51.325 61.7))",0.086509,2.2236,52.06250000000002,61.85,0.0,Geometric release screen passes
Main,D4,2,1,0.865088,3.890481,0.1,"POLYGON ((51.325 63.6, 51.328099 63.569667, 51.339054 63.536607, 51.357338 63.506965, 51.381965 63.482338, 51.411607 63.464054, 51.444667 63.453099, 51.475 63.45, 52.65 63.45, 52.680333 63.453099, 52.713393 63.464054, 52.743035 63.482338, 52.767662 63.506965, 52.785946 63.536607, 52.796901 63.569667, 52.8 63.6, 52.8 63.9, 52.796901 63.930333, 52.785946 63.963393, 52.767662 63.993035, 52.743035 64.017662, 52.713393 64.035946, 52.680333 64.046901, 52.65 64.05, 51.475 64.05, 51.444667 64.046901, 51.411607 64.035946, 51.381965 64.017662, 51.357338 63.993035, 51.339054 63.963393, 51.328099 63.930333, 51.325 63.9, 51.325 63.6))",0.086509,2.2236,52.06250000000001,63.75000000000001,0.0,Geometric release screen passes
Main,D4,3,1,0.865088,3.890481,0.1,"POLYGON ((53.2 62.65, 53.203099 62.619667, 53.214054 62.586607, 53.232338 62.556965, 53.256965 62.532338, 53.286607 62.514054, 53.319667 62.503099, 53.35 62.5, 54.525 62.5, 54.555333 62.503099, 54.588393 62.514054, 54.618035 62.532338, 54.642662 62.556965, 54.660946 62.586607, 54.671901 62.619667, 54.675 62.65, 54.675 62.95, 54.671901 62.980333, 54.660946 63.013393, 54.642662 63.043035, 54.618035 63.067662, 54.588393 63.085946, 54.555333 63.096901, 54.525 63.1, 53.35 63.1, 53.319667 63.096901, 53.286607 63.085946, 53.256965 63.067662, 53.232338 63.043035, 53.214054 63.013393, 53.203099 62.980333, 53.2 62.95, 53.2 62.65))",0.086509,2.2236,53.93749999999998,62.79999999999998,0.0,Geometric release screen passes
Main,R5,1,1,0.72485,3.154601,0.1,"POLYGON ((40.775 87.975, 40.739716 87.971863, 40.70081 87.960731, 40.664941 87.941994, 40.633579 87.916421, 40.608006 87.885059, 40.589269 87.84919, 40.578137 87.810284, 40.575 87.775, 40.575 87.375, 40.578137 87.339716, 40.589269 87.30081, 40.608006 87.264941, 40.633579 87.233579, 40.664941 87.208006, 40.70081 87.189269, 40.739716 87.178137, 40.775 87.175, 41.325 87.175, 41.360284 87.178137, 41.39919 87.189269, 41.435059 87.208006, 41.466421 87.233579, 41.491994 87.264941, 41.510731 87.30081, 41.521863 87.339716, 41.525 87.375, 41.525 87.775, 41.521863 87.810284, 41.510731 87.84919, 41.491994 87.885059, 41.466421 87.916421, 41.435059 87.941994, 41.39919 87.960731, 41.360284 87.971863, 41.325 87.975, 40.775 87.975))",0.072485,2.2978,41.05000000000001,87.575,90.0,Geometric release screen passes
Main,R5,2,1,0.72485,3.154601,0.1,"POLYGON ((40.775 86.325, 40.739716 86.321863, 40.70081 86.310731, 40.664941 86.291994, 40.633579 86.266421, 40.608006 86.235059, 40.589269 86.19919, 40.578137 86.160284, 40.575 86.125, 40.575 85.725, 40.578137 85.689716, 40.589269 85.65081, 40.608006 85.614941, 40.633579 85.583579, 40.664941 85.558006, 40.70081 85.539269, 40.739716 85.528137, 40.775 85.525, 41.325 85.525, 41.360284 85.528137, 41.39919 85.539269, 41.435059 85.558006, 41.466421 85.583579, 41.491994 85.614941, 41.510731 85.65081, 41.521863 85.689716, 41.525 85.725, 41.525 86.125, 41.521863 86.160284, 41.510731 86.19919, 41.491994 86.235059, 41.466421 86.266421, 41.435059 86.291994, 41.39919 86.310731, 41.360284 86.321863, 41.325 86.325, 40.775 86.325))",0.072485,2.2978,41.05000000000002,85.925,90.0,Geometric release screen passes
Main,R37,1,1,0.72485,3.154601,0.1,"POLYGON ((57.225 53.725, 57.189716 53.721863, 57.15081 53.710731, 57.114941 53.691994, 57.083579 53.666421, 57.058006 53.635059, 57.039269 53.59919, 57.028137 53.560284, 57.025 53.525, 57.025 53.125, 57.028137 53.089716, 57.039269 53.05081, 57.058006 53.014941, 57.083579 52.983579, 57.114941 52.958006, 57.15081 52.939269, 57.189716 52.928137, 57.225 52.925, 57.775 52.925, 57.810284 52.928137, 57.84919 52.939269, 57.885059 52.958006, 57.916421 52.983579, 57.941994 53.014941, 57.960731 53.05081, 57.971863 53.089716, 57.975 53.125, 57.975 53.525, 57.971863 53.560284, 57.960731 53.59919, 57.941994 53.635059, 57.916421 53.666421, 57.885059 53.691994, 57.84919 53.710731, 57.810284 53.721863, 57.775 53.725, 57.225 53.725))",0.072485,2.2978,57.5,53.325,90.0,Geometric release screen passes
Main,R37,2,1,0.72485,3.154601,0.1,"POLYGON ((57.225 52.075, 57.189716 52.071863, 57.15081 52.060731, 57.114941 52.041994, 57.083579 52.016421, 57.058006 51.985059, 57.039269 51.94919, 57.028137 51.910284, 57.025 51.875, 57.025 51.475, 57.028137 51.439716, 57.039269 51.40081, 57.058006 51.364941, 57.083579 51.333579, 57.114941 51.308006, 57.15081 51.289269, 57.189716 51.278137, 57.225 51.275, 57.775 51.275, 57.810284 51.278137, 57.84919 51.289269, 57.885059 51.308006, 57.916421 51.333579, 57.941994 51.364941, 57.960731 51.40081, 57.971863 51.439716, 57.975 51.475, 57.975 51.875, 57.971863 51.910284, 57.960731 51.94919, 57.941994 51.985059, 57.916421 52.016421, 57.885059 52.041994, 57.84919 52.060731, 57.810284 52.071863, 57.775 52.075, 57.225 52.075))",0.072485,2.2978,57.49999999999999,51.675,90.0,Geometric release screen passes
Main,R3,1,1,0.72485,3.154601,0.1,"POLYGON ((49.725 90.225, 49.689716 90.221863, 49.65081 90.210731, 49.614941 90.191994, 49.583579 90.166421, 49.558006 90.135059, 49.539269 90.09919, 49.528137 90.060284, 49.525 90.025, 49.525 89.625, 49.528137 89.589716, 49.539269 89.55081, 49.558006 89.514941, 49.583579 89.483579, 49.614941 89.458006, 49.65081 89.439269, 49.689716 89.428137, 49.725 89.425, 50.275 89.425, 50.310284 89.428137, 50.34919 89.439269, 50.385059 89.458006, 50.416421 89.483579, 50.441994 89.514941, 50.460731 89.55081, 50.471863 89.589716, 50.475 89.625, 50.475 90.025, 50.471863 90.060284, 50.460731 90.09919, 50.441994 90.135059, 50.416421 90.166421, 50.385059 90.191994, 50.34919 90.210731, 50.310284 90.221863, 50.275 90.225, 49.725 90.225))",0.072485,2.2978,49.999999999999986,89.82499999999999,90.0,Geometric release screen passes
Main,R3,2,1,0.72485,3.154601,0.1,"POLYGON ((49.725 88.575, 49.689716 88.571863, 49.65081 88.560731, 49.614941 88.541994, 49.583579 88.516421, 49.558006 88.485059, 49.539269 88.44919, 49.528137 88.410284, 49.525 88.375, 49.525 87.975, 49.528137 87.939716, 49.539269 87.90081, 49.558006 87.864941, 49.583579 87.833579, 49.614941 87.808006, 49.65081 87.789269, 49.689716 87.778137, 49.725 87.775, 50.275 87.775, 50.310284 87.778137, 50.34919 87.789269, 50.385059 87.808006, 50.416421 87.833579, 50.441994 87.864941, 50.460731 87.90081, 50.471863 87.939716, 50.475 87.975, 50.475 88.375, 50.471863 88.410284, 50.460731 88.44919, 50.441994 88.485059, 50.416421 88.516421, 50.385059 88.541994, 50.34919 88.560731, 50.310284 88.571863, 50.275 88.575, 49.725 88.575))",0.072485,2.2978,50.00000000000001,88.175,90.0,Geometric release screen passes
Main,C35,1,1,0.810672,3.311779,0.1,"POLYGON ((52.75 42.225, 52.723288 42.223409, 52.681491 42.214316, 52.642169 42.197478, 52.606745 42.173502, 52.576498 42.143255, 52.552522 42.107831, 52.535684 42.068509, 52.526591 42.026712, 52.525 42, 52.525 41.55, 52.526591 41.523288, 52.535684 41.481491, 52.552522 41.442169, 52.576498 41.406745, 52.606745 41.376498, 52.642169 41.352522, 52.681491 41.335684, 52.723288 41.326591, 52.75 41.325, 53.25 41.325, 53.276712 41.326591, 53.318509 41.335684, 53.357831 41.352522, 53.393255 41.376498, 53.423502 41.406745, 53.447478 41.442169, 53.464316 41.481491, 53.473409 41.523288, 53.475 41.55, 53.475 42, 53.473409 42.026712, 53.464316 42.068509, 53.447478 42.107831, 53.423502 42.143255, 53.393255 42.173502, 53.357831 42.197478, 53.318509 42.214316, 53.276712 42.223409, 53.25 42.225, 52.75 42.225))",0.081067,2.4478,53.00000000000001,41.775000000000006,90.0,Geometric release screen passes
Main,C35,2,1,0.810672,3.311779,0.1,"POLYGON ((52.75 40.675, 52.723288 40.673409, 52.681491 40.664316, 52.642169 40.647478, 52.606745 40.623502, 52.576498 40.593255, 52.552522 40.557831, 52.535684 40.518509, 52.526591 40.476712, 52.525 40.45, 52.525 40, 52.526591 39.973288, 52.535684 39.931491, 52.552522 39.892169, 52.576498 39.856745, 52.606745 39.826498, 52.642169 39.802522, 52.681491 39.785684, 52.723288 39.776591, 52.75 39.775, 53.25 39.775, 53.276712 39.776591, 53.318509 39.785684, 53.357831 39.802522, 53.393255 39.826498, 53.423502 39.856745, 53.447478 39.892169, 53.464316 39.931491, 53.473409 39.973288, 53.475 40, 53.475 40.45, 53.473409 40.476712, 53.464316 40.518509, 53.447478 40.557831, 53.423502 40.593255, 53.393255 40.623502, 53.357831 40.647478, 53.318509 40.664316, 53.276712 40.673409, 53.25 40.675, 52.75 40.675))",0.081067,2.4478,52.999999999999986,40.22499999999997,90.0,Geometric release screen passes
Main,U34,1,1,0.775088,3.590481,0.1,"POLYGON ((64.4 20.3, 64.369667 20.296901, 64.336607 20.285946, 64.306965 20.267662, 64.282338 20.243035, 64.264054 20.213393, 64.253099 20.180333, 64.25 20.15, 64.25 19.125, 64.253099 19.094667, 64.264054 19.061607, 64.282338 19.031965, 64.306965 19.007338, 64.336607 18.989054, 64.369667 18.978099, 64.4 18.975, 64.7 18.975, 64.730333 18.978099, 64.763393 18.989054, 64.793035 19.007338, 64.817662 19.031965, 64.835946 19.061607, 64.846901 19.094667, 64.85 19.125, 64.85 20.15, 64.846901 20.180333, 64.835946 20.213393, 64.817662 20.243035, 64.793035 20.267662, 64.763393 20.285946, 64.730333 20.296901, 64.7 20.3, 64.4 20.3))",0.077509,2.1587,64.55000000000001,19.637499999999992,90.0,Geometric release screen passes
Main,U34,2,1,0.775088,3.590481,0.1,"POLYGON ((65.35 20.3, 65.319667 20.296901, 65.286607 20.285946, 65.256965 20.267662, 65.232338 20.243035, 65.214054 20.213393, 65.203099 20.180333, 65.2 20.15, 65.2 19.125, 65.203099 19.094667, 65.214054 19.061607, 65.232338 19.031965, 65.256965 19.007338, 65.286607 18.989054, 65.319667 18.978099, 65.35 18.975, 65.65 18.975, 65.680333 18.978099, 65.713393 18.989054, 65.743035 19.007338, 65.767662 19.031965, 65.785946 19.061607, 65.796901 19.094667, 65.8 19.125, 65.8 20.15, 65.796901 20.180333, 65.785946 20.213393, 65.767662 20.243035, 65.743035 20.267662, 65.713393 20.285946, 65.680333 20.296901, 65.65 20.3, 65.35 20.3))",0.077509,2.1587,65.49999999999997,19.637499999999996,90.0,Geometric release screen passes
Main,U34,3,1,0.775088,3.590481,0.1,"POLYGON ((66.3 20.3, 66.269667 20.296901, 66.236607 20.285946, 66.206965 20.267662, 66.182338 20.243035, 66.164054 20.213393, 66.153099 20.180333, 66.15 20.15, 66.15 19.125, 66.153099 19.094667, 66.164054 19.061607, 66.182338 19.031965, 66.206965 19.007338, 66.236607 18.989054, 66.269667 18.978099, 66.3 18.975, 66.6 18.975, 66.630333 18.978099, 66.663393 18.989054, 66.693035 19.007338, 66.717662 19.031965, 66.735946 19.061607, 66.746901 19.094667, 66.75 19.125, 66.75 20.15, 66.746901 20.180333, 66.735946 20.213393, 66.717662 20.243035, 66.693035 20.267662, 66.663393 20.285946, 66.630333 20.296901, 66.6 20.3, 66.3 20.3))",0.077509,2.1587,66.45,19.6375,90.0,Geometric release screen passes
Main,U34,4,1,0.775088,3.590481,0.1,"POLYGON ((66.3 18.025, 66.269667 18.021901, 66.236607 18.010946, 66.206965 17.992662, 66.182338 17.968035, 66.164054 17.938393, 66.153099 17.905333, 66.15 17.875, 66.15 16.85, 66.153099 16.819667, 66.164054 16.786607, 66.182338 16.756965, 66.206965 16.732338, 66.236607 16.714054, 66.269667 16.703099, 66.3 16.7, 66.6 16.7, 66.630333 16.703099, 66.663393 16.714054, 66.693035 16.732338, 66.717662 16.756965, 66.735946 16.786607, 66.746901 16.819667, 66.75 16.85, 66.75 17.875, 66.746901 17.905333, 66.735946 17.938393, 66.717662 17.968035, 66.693035 17.992662, 66.663393 18.010946, 66.630333 18.021901, 66.6 18.025, 66.3 18.025))",0.077509,2.1587,66.45,17.362499999999994,90.0,Geometric release screen passes
Main,U34,5,1,0.775088,3.590481,0.1,"POLYGON ((64.4 18.025, 64.369667 18.021901, 64.336607 18.010946, 64.306965 17.992662, 64.282338 17.968035, 64.264054 17.938393, 64.253099 17.905333, 64.25 17.875, 64.25 16.85, 64.253099 16.819667, 64.264054 16.786607, 64.282338 16.756965, 64.306965 16.732338, 64.336607 16.714054, 64.369667 16.703099, 64.4 16.7, 64.7 16.7, 64.730333 16.703099, 64.763393 16.714054, 64.793035 16.732338, 64.817662 16.756965, 64.835946 16.786607, 64.846901 16.819667, 64.85 16.85, 64.85 17.875, 64.846901 17.905333, 64.835946 17.938393, 64.817662 17.968035, 64.793035 17.992662, 64.763393 18.010946, 64.730333 18.021901, 64.7 18.025, 64.4 18.025))",0.077509,2.1587,64.55,17.362499999999994,90.0,Geometric release screen passes
Main,C76,1,1,0.810672,3.311779,0.1,"POLYGON ((44 27.475, 43.973288 27.473409, 43.931491 27.464316, 43.892169 27.447478, 43.856745 27.423502, 43.826498 27.393255, 43.802522 27.357831, 43.785684 27.318509, 43.776591 27.276712, 43.775 27.25, 43.775 26.8, 43.776591 26.773288, 43.785684 26.731491, 43.802522 26.692169, 43.826498 26.656745, 43.856745 26.626498, 43.892169 26.602522, 43.931491 26.585684, 43.973288 26.576591, 44 26.575, 44.5 26.575, 44.526712 26.576591, 44.568509 26.585684, 44.607831 26.602522, 44.643255 26.626498, 44.673502 26.656745, 44.697478 26.692169, 44.714316 26.731491, 44.723409 26.773288, 44.725 26.8, 44.725 27.25, 44.723409 27.276712, 44.714316 27.318509, 44.697478 27.357831, 44.673502 27.393255, 44.643255 27.423502, 44.607831 27.447478, 44.568509 27.464316, 44.526712 27.473409, 44.5 27.475, 44 27.475))",0.081067,2.4478,44.25,27.025000000000002,90.0,Geometric release screen passes
Main,C76,2,1,0.810672,3.311779,0.1,"POLYGON ((44 25.925, 43.973288 25.923409, 43.931491 25.914316, 43.892169 25.897478, 43.856745 25.873502, 43.826498 25.843255, 43.802522 25.807831, 43.785684 25.768509, 43.776591 25.726712, 43.775 25.7, 43.775 25.25, 43.776591 25.223288, 43.785684 25.181491, 43.802522 25.142169, 43.826498 25.106745, 43.856745 25.076498, 43.892169 25.052522, 43.931491 25.035684, 43.973288 25.026591, 44 25.025, 44.5 25.025, 44.526712 25.026591, 44.568509 25.035684, 44.607831 25.052522, 44.643255 25.076498, 44.673502 25.106745, 44.697478 25.142169, 44.714316 25.181491, 44.723409 25.223288, 44.725 25.25, 44.725 25.7, 44.723409 25.726712, 44.714316 25.768509, 44.697478 25.807831, 44.673502 25.843255, 44.643255 25.873502, 44.607831 25.897478, 44.568509 25.914316, 44.526712 25.923409, 44.5 25.925, 44 25.925))",0.081067,2.4478,44.25,25.474999999999998,90.0,Geometric release screen passes
Main,R14,1,1,0.72485,3.154601,0.1,"POLYGON ((11.225 53.725, 11.189716 53.721863, 11.15081 53.710731, 11.114941 53.691994, 11.083579 53.666421, 11.058006 53.635059, 11.039269 53.59919, 11.028137 53.560284, 11.025 53.525, 11.025 53.125, 11.028137 53.089716, 11.039269 53.05081, 11.058006 53.014941, 11.083579 52.983579, 11.114941 52.958006, 11.15081 52.939269, 11.189716 52.928137, 11.225 52.925, 11.775 52.925, 11.810284 52.928137, 11.84919 52.939269, 11.885059 52.958006, 11.916421 52.983579, 11.941994 53.014941, 11.960731 53.05081, 11.971863 53.089716, 11.975 53.125, 11.975 53.525, 11.971863 53.560284, 11.960731 53.59919, 11.941994 53.635059, 11.916421 53.666421, 11.885059 53.691994, 11.84919 53.710731, 11.810284 53.721863, 11.775 53.725, 11.225 53.725))",0.072485,2.2978,11.499999999999998,53.324999999999996,90.0,Geometric release screen passes
Main,R14,2,1,0.72485,3.154601,0.1,"POLYGON ((11.225 52.075, 11.189716 52.071863, 11.15081 52.060731, 11.114941 52.041994, 11.083579 52.016421, 11.058006 51.985059, 11.039269 51.94919, 11.028137 51.910284, 11.025 51.875, 11.025 51.475, 11.028137 51.439716, 11.039269 51.40081, 11.058006 51.364941, 11.083579 51.333579, 11.114941 51.308006, 11.15081 51.289269, 11.189716 51.278137, 11.225 51.275, 11.775 51.275, 11.810284 51.278137, 11.84919 51.289269, 11.885059 51.308006, 11.916421 51.333579, 11.941994 51.364941, 11.960731 51.40081, 11.971863 51.439716, 11.975 51.475, 11.975 51.875, 11.971863 51.910284, 11.960731 51.94919, 11.941994 51.985059, 11.916421 52.016421, 11.885059 52.041994, 11.84919 52.060731, 11.810284 52.071863, 11.775 52.075, 11.225 52.075))",0.072485,2.2978,11.499999999999998,51.675,90.0,Geometric release screen passes
Main,U3,1,1,0.32,2.4,0.1,"POLYGON ((47.4 102.6, 46.6 102.6, 46.6 102.2, 47.4 102.2, 47.4 102.6))",0.032,1.3333,47.0,102.39999999999999,180.0,Geometric release screen passes
Main,U3,2,1,0.32,2.4,0.1,"POLYGON ((47.4 101.75, 46.6 101.75, 46.6 101.35, 47.4 101.35, 47.4 101.75))",0.032,1.3333,46.99999999999999,101.55,180.0,Geometric release screen passes
Main,U3,3,1,0.32,2.4,0.1,"POLYGON ((47.4 100.9, 46.6 100.9, 46.6 100.5, 47.4 100.5, 47.4 100.9))",0.032,1.3333,46.99999999999999,100.69999999999999,180.0,Geometric release screen passes
Main,U3,4,1,0.32,2.4,0.1,"POLYGON ((47.4 100.05, 46.6 100.05, 46.6 99.65, 47.4 99.65, 47.4 100.05))",0.032,1.3333,47.0,99.85000000000001,180.0,Geometric release screen passes
Main,U3,5,1,0.32,2.4,0.1,"POLYGON ((47.4 99.2, 46.6 99.2, 46.6 98.8, 47.4 98.8, 47.4 99.2))",0.032,1.3333,46.99999999999999,99.0,180.0,Geometric release screen passes
Main,U3,6,1,0.32,2.4,0.1,"POLYGON ((47.4 98.35, 46.6 98.35, 46.6 97.95, 47.4 97.95, 47.4 98.35))",0.032,1.3333,47.0,98.14999999999999,180.0,Geometric release screen passes
Main,U3,7,1,0.32,2.4,0.1,"POLYGON ((47.4 97.5, 46.6 97.5, 46.6 97.1, 47.4 97.1, 47.4 97.5))",0.032,1.3333,46.99999999999999,97.30000000000001,180.0,Geometric release screen passes
Main,U3,8,1,0.32,2.4,0.1,"POLYGON ((47.4 96.65, 46.6 96.65, 46.6 96.25, 47.4 96.25, 47.4 96.65))",0.032,1.3333,46.99999999999999,96.45,180.0,Geometric release screen passes
Main,U3,9,1,0.32,2.4,0.1,"POLYGON ((47.4 95.8, 46.6 95.8, 46.6 95.4, 47.4 95.4, 47.4 95.8))",0.032,1.3333,47.0,95.60000000000001,180.0,Geometric release screen passes
Main,U3,10,1,0.32,2.4,0.1,"POLYGON ((47.4 94.95, 46.6 94.95, 46.6 94.55, 47.4 94.55, 47.4 94.95))",0.032,1.3333,46.99999999999999,94.75,180.0,Geometric release screen passes
Main,U3,11,1,0.32,2.4,0.1,"POLYGON ((47.4 94.1, 46.6 94.1, 46.6 93.7, 47.4 93.7, 47.4 94.1))",0.032,1.3333,47.0,93.89999999999999,180.0,Geometric release screen passes
Main,U3,12,1,0.32,2.4,0.1,"POLYGON ((47.4 93.25, 46.6 93.25, 46.6 92.85, 47.4 92.85, 47.4 93.25))",0.032,1.3333,46.99999999999999,93.04999999999998,180.0,Geometric release screen passes
Main,U3,13,1,0.32,2.4,0.1,"POLYGON ((47.4 92.4, 46.6 92.4, 46.6 92, 47.4 92, 47.4 92.4))",0.032,1.3333,46.99999999999999,92.2,180.0,Geometric release screen passes
Main,U3,14,1,0.32,2.4,0.1,"POLYGON ((47.4 91.55, 46.6 91.55, 46.6 91.15, 47.4 91.15, 47.4 91.55))",0.032,1.3333,47.0,91.35000000000001,180.0,Geometric release screen passes
Main,U3,15,1,0.32,2.4,0.1,"POLYGON ((47.4 90.7, 46.6 90.7, 46.6 90.3, 47.4 90.3, 47.4 90.7))",0.032,1.3333,46.99999999999999,90.5,180.0,Geometric release screen passes
Main,U3,16,1,0.32,2.4,0.1,"POLYGON ((46.15 89.05, 46.15 89.85, 45.75 89.85, 45.75 89.05, 46.15 89.05))",0.032,1.3333,45.95,89.45,270.0,Geometric release screen passes
Main,U3,17,1,0.32,2.4,0.1,"POLYGON ((45.3 89.05, 45.3 89.85, 44.9 89.85, 44.9 89.05, 45.3 89.05))",0.032,1.3333,45.1,89.45,270.0,Geometric release screen passes
Main,U3,18,1,0.32,2.4,0.1,"POLYGON ((44.45 89.05, 44.45 89.85, 44.05 89.85, 44.05 89.05, 44.45 89.05))",0.032,1.3333,44.24999999999999,89.45,270.0,Geometric release screen passes
Main,U3,19,1,0.32,2.4,0.1,"POLYGON ((43.6 89.05, 43.6 89.85, 43.2 89.85, 43.2 89.05, 43.6 89.05))",0.032,1.3333,43.4,89.45,270.0,Geometric release screen passes
Main,U3,20,1,0.32,2.4,0.1,"POLYGON ((42.75 89.05, 42.75 89.85, 42.35 89.85, 42.35 89.05, 42.75 89.05))",0.032,1.3333,42.55,89.45,270.0,Geometric release screen passes
Main,U3,21,1,0.32,2.4,0.1,"POLYGON ((41.9 89.05, 41.9 89.85, 41.5 89.85, 41.5 89.05, 41.9 89.05))",0.032,1.3333,41.699999999999996,89.45,270.0,Geometric release screen passes
Main,U3,22,1,0.32,2.4,0.1,"POLYGON ((41.05 89.05, 41.05 89.85, 40.65 89.85, 40.65 89.05, 41.05 89.05))",0.032,1.3333,40.85,89.45,270.0,Geometric release screen passes
Main,U3,23,1,0.32,2.4,0.1,"POLYGON ((40.2 89.05, 40.2 89.85, 39.8 89.85, 39.8 89.05, 40.2 89.05))",0.032,1.3333,39.99999999999999,89.45,270.0,Geometric release screen passes
Main,U3,24,1,0.32,2.4,0.1,"POLYGON ((39.35 89.05, 39.35 89.85, 38.95 89.85, 38.95 89.05, 39.35 89.05))",0.032,1.3333,39.15,89.45,270.0,Geometric release screen passes
Main,U3,25,1,0.32,2.4,0.1,"POLYGON ((38.5 89.05, 38.5 89.85, 38.1 89.85, 38.1 89.05, 38.5 89.05))",0.032,1.3333,38.3,89.45,270.0,Geometric release screen passes
Main,U3,26,1,0.32,2.4,0.1,"POLYGON ((37.65 89.05, 37.65 89.85, 37.25 89.85, 37.25 89.05, 37.65 89.05))",0.032,1.3333,37.449999999999996,89.45,270.0,Geometric release screen passes
Main,U3,27,1,0.32,2.4,0.1,"POLYGON ((36.8 89.05, 36.8 89.85, 36.4 89.85, 36.4 89.05, 36.8 89.05))",0.032,1.3333,36.599999999999994,89.45,270.0,Geometric release screen passes
Main,U3,28,1,0.32,2.4,0.1,"POLYGON ((35.95 89.05, 35.95 89.85, 35.55 89.85, 35.55 89.05, 35.95 89.05))",0.032,1.3333,35.75,89.45,270.0,Geometric release screen passes
Main,U3,29,1,0.32,2.4,0.1,"POLYGON ((35.1 89.05, 35.1 89.85, 34.7 89.85, 34.7 89.05, 35.1 89.05))",0.032,1.3333,34.9,89.45,270.0,Geometric release screen passes
Main,U3,30,1,0.32,2.4,0.1,"POLYGON ((34.25 89.05, 34.25 89.85, 33.85 89.85, 33.85 89.05, 34.25 89.05))",0.032,1.3333,34.05,89.45,270.0,Geometric release screen passes
Main,U3,31,1,0.32,2.4,0.1,"POLYGON ((33.4 90.7, 32.6 90.7, 32.6 90.3, 33.4 90.3, 33.4 90.7))",0.032,1.3333,32.99999999999999,90.5,180.0,Geometric release screen passes
Main,U3,32,1,0.32,2.4,0.1,"POLYGON ((33.4 91.55, 32.6 91.55, 32.6 91.15, 33.4 91.15, 33.4 91.55))",0.032,1.3333,33.0,91.35000000000001,180.0,Geometric release screen passes
Main,U3,33,1,0.32,2.4,0.1,"POLYGON ((33.4 92.4, 32.6 92.4, 32.6 92, 33.4 92, 33.4 92.4))",0.032,1.3333,32.99999999999999,92.2,180.0,Geometric release screen passes
Main,U3,34,1,0.32,2.4,0.1,"POLYGON ((33.4 93.25, 32.6 93.25, 32.6 92.85, 33.4 92.85, 33.4 93.25))",0.032,1.3333,32.99999999999999,93.04999999999998,180.0,Geometric release screen passes
Main,U3,35,1,0.32,2.4,0.1,"POLYGON ((33.4 94.1, 32.6 94.1, 32.6 93.7, 33.4 93.7, 33.4 94.1))",0.032,1.3333,33.0,93.89999999999999,180.0,Geometric release screen passes
Main,U3,36,1,0.32,2.4,0.1,"POLYGON ((33.4 94.95, 32.6 94.95, 32.6 94.55, 33.4 94.55, 33.4 94.95))",0.032,1.3333,32.99999999999999,94.75,180.0,Geometric release screen passes
Main,U3,37,1,0.32,2.4,0.1,"POLYGON ((33.4 95.8, 32.6 95.8, 32.6 95.4, 33.4 95.4, 33.4 95.8))",0.032,1.3333,33.0,95.60000000000001,180.0,Geometric release screen passes
Main,U3,38,1,0.32,2.4,0.1,"POLYGON ((33.4 96.65, 32.6 96.65, 32.6 96.25, 33.4 96.25, 33.4 96.65))",0.032,1.3333,32.99999999999999,96.45,180.0,Geometric release screen passes
Main,U3,39,1,0.32,2.4,0.1,"POLYGON ((33.4 97.5, 32.6 97.5, 32.6 97.1, 33.4 97.1, 33.4 97.5))",0.032,1.3333,32.99999999999999,97.30000000000001,180.0,Geometric release screen passes
Main,U3,40,1,0.32,2.4,0.1,"POLYGON ((33.4 98.35, 32.6 98.35, 32.6 97.95, 33.4 97.95, 33.4 98.35))",0.032,1.3333,33.0,98.14999999999999,180.0,Geometric release screen passes
Main,U3,41,1,0.32,2.4,0.1,"POLYGON ((33.4 99.2, 32.6 99.2, 32.6 98.8, 33.4 98.8, 33.4 99.2))",0.032,1.3333,32.99999999999999,99.0,180.0,Geometric release screen passes
Main,U3,42,1,0.32,2.4,0.1,"POLYGON ((33.4 100.05, 32.6 100.05, 32.6 99.65, 33.4 99.65, 33.4 100.05))",0.032,1.3333,33.0,99.85000000000001,180.0,Geometric release screen passes
Main,U3,43,1,0.32,2.4,0.1,"POLYGON ((33.4 100.9, 32.6 100.9, 32.6 100.5, 33.4 100.5, 33.4 100.9))",0.032,1.3333,32.99999999999999,100.69999999999999,180.0,Geometric release screen passes
Main,U3,44,1,0.32,2.4,0.1,"POLYGON ((33.4 101.75, 32.6 101.75, 32.6 101.35, 33.4 101.35, 33.4 101.75))",0.032,1.3333,32.99999999999999,101.55,180.0,Geometric release screen passes
Main,U3,45,1,0.32,2.4,0.1,"POLYGON ((33.4 102.6, 32.6 102.6, 32.6 102.2, 33.4 102.2, 33.4 102.6))",0.032,1.3333,33.0,102.39999999999999,180.0,Geometric release screen passes
Main,U3,46,1,0.32,2.4,0.1,"POLYGON ((34.25 103.05, 34.25 103.85, 33.85 103.85, 33.85 103.05, 34.25 103.05))",0.032,1.3333,34.05,103.45,270.0,Geometric release screen passes
Main,U3,47,1,0.32,2.4,0.1,"POLYGON ((35.1 103.05, 35.1 103.85, 34.7 103.85, 34.7 103.05, 35.1 103.05))",0.032,1.3333,34.9,103.45,270.0,Geometric release screen passes
Main,U3,48,1,0.32,2.4,0.1,"POLYGON ((35.95 103.05, 35.95 103.85, 35.55 103.85, 35.55 103.05, 35.95 103.05))",0.032,1.3333,35.75,103.44999999999999,270.0,Geometric release screen passes
Main,U3,49,1,0.32,2.4,0.1,"POLYGON ((36.8 103.05, 36.8 103.85, 36.4 103.85, 36.4 103.05, 36.8 103.05))",0.032,1.3333,36.599999999999994,103.45,270.0,Geometric release screen passes
Main,U3,50,1,0.32,2.4,0.1,"POLYGON ((37.65 103.05, 37.65 103.85, 37.25 103.85, 37.25 103.05, 37.65 103.05))",0.032,1.3333,37.449999999999996,103.45,270.0,Geometric release screen passes
Main,U3,51,1,0.32,2.4,0.1,"POLYGON ((38.5 103.05, 38.5 103.85, 38.1 103.85, 38.1 103.05, 38.5 103.05))",0.032,1.3333,38.3,103.45,270.0,Geometric release screen passes
Main,U3,52,1,0.32,2.4,0.1,"POLYGON ((39.35 103.05, 39.35 103.85, 38.95 103.85, 38.95 103.05, 39.35 103.05))",0.032,1.3333,39.15,103.45,270.0,Geometric release screen passes
Main,U3,53,1,0.32,2.4,0.1,"POLYGON ((40.2 103.05, 40.2 103.85, 39.8 103.85, 39.8 103.05, 40.2 103.05))",0.032,1.3333,39.99999999999999,103.44999999999999,270.0,Geometric release screen passes
Main,U3,54,1,0.32,2.4,0.1,"POLYGON ((41.05 103.05, 41.05 103.85, 40.65 103.85, 40.65 103.05, 41.05 103.05))",0.032,1.3333,40.85,103.45,270.0,Geometric release screen passes
Main,U3,55,1,0.32,2.4,0.1,"POLYGON ((41.9 103.05, 41.9 103.85, 41.5 103.85, 41.5 103.05, 41.9 103.05))",0.032,1.3333,41.699999999999996,103.45,270.0,Geometric release screen passes
Main,U3,56,1,0.32,2.4,0.1,"POLYGON ((42.75 103.05, 42.75 103.85, 42.35 103.85, 42.35 103.05, 42.75 103.05))",0.032,1.3333,42.55,103.45,270.0,Geometric release screen passes
Main,U3,57,1,0.32,2.4,0.1,"POLYGON ((43.6 103.05, 43.6 103.85, 43.2 103.85, 43.2 103.05, 43.6 103.05))",0.032,1.3333,43.4,103.45,270.0,Geometric release screen passes
Main,U3,58,1,0.32,2.4,0.1,"POLYGON ((44.45 103.05, 44.45 103.85, 44.05 103.85, 44.05 103.05, 44.45 103.05))",0.032,1.3333,44.24999999999999,103.44999999999999,270.0,Geometric release screen passes
Main,U3,59,1,0.32,2.4,0.1,"POLYGON ((45.3 103.05, 45.3 103.85, 44.9 103.85, 44.9 103.05, 45.3 103.05))",0.032,1.3333,45.1,103.45,270.0,Geometric release screen passes
Main,U3,60,1,0.32,2.4,0.1,"POLYGON ((46.15 103.05, 46.15 103.85, 45.75 103.85, 45.75 103.05, 46.15 103.05))",0.032,1.3333,45.95,103.45,270.0,Geometric release screen passes
Main,U3,61,1,1.361592,4.568029,0.1,"POLYGON ((42.25 98.304, 41.854 98.7, 41.05 98.7, 41.05 97.5, 42.25 97.5, 42.25 98.304))",0.136159,2.9807,41.6230499709164,98.0730499709164,180.0,Geometric release screen passes
Main,U3,61,1,1.44,4.8,0.1,"POLYGON ((42.25 97.05, 41.05 97.05, 41.05 95.85, 42.25 95.85, 42.25 97.05))",0.144,3.0,41.65,96.44999999999997,180.0,Geometric release screen passes
Main,U3,61,1,1.44,4.8,0.1,"POLYGON ((42.25 95.4, 41.05 95.4, 41.05 94.2, 42.25 94.2, 42.25 95.4))",0.144,3.0,41.65,94.80000000000001,180.0,Geometric release screen passes
Main,U3,61,1,1.44,4.8,0.1,"POLYGON ((40.6 98.7, 39.4 98.7, 39.4 97.5, 40.6 97.5, 40.6 98.7))",0.144,3.0,40.0,98.1,180.0,Geometric release screen passes
Main,U3,61,1,1.44,4.8,0.1,"POLYGON ((40.6 97.05, 39.4 97.05, 39.4 95.85, 40.6 95.85, 40.6 97.05))",0.144,3.0,40.0,96.44999999999997,180.0,Geometric release screen passes
Main,U3,61,1,1.44,4.8,0.1,"POLYGON ((40.6 95.4, 39.4 95.4, 39.4 94.2, 40.6 94.2, 40.6 95.4))",0.144,3.0,40.0,94.80000000000001,180.0,Geometric release screen passes
Main,U3,61,1,1.44,4.8,0.1,"POLYGON ((38.95 98.7, 37.75 98.7, 37.75 97.5, 38.95 97.5, 38.95 98.7))",0.144,3.0,38.35,98.1,180.0,Geometric release screen passes
Main,U3,61,1,1.44,4.8,0.1,"POLYGON ((38.95 97.05, 37.75 97.05, 37.75 95.85, 38.95 95.85, 38.95 97.05))",0.144,3.0,38.35,96.44999999999997,180.0,Geometric release screen passes
Main,U3,61,1,1.44,4.8,0.1,"POLYGON ((38.95 95.4, 37.75 95.4, 37.75 94.2, 38.95 94.2, 38.95 95.4))",0.144,3.0,38.35,94.80000000000001,180.0,Geometric release screen passes
Main,U3,62,1,0.64,3.2,0.1,"POLYGON ((47.4 103.85, 46.6 103.85, 46.6 103.05, 47.4 103.05, 47.4 103.85))",0.064,2.0,47.0,103.45,180.0,Geometric release screen passes
Main,U3,63,1,0.64,3.2,0.1,"POLYGON ((47.4 89.85, 46.6 89.85, 46.6 89.05, 47.4 89.05, 47.4 89.85))",0.064,2.0,47.0,89.45,180.0,Geometric release screen passes
Main,U3,64,1,0.64,3.2,0.1,"POLYGON ((33.4 89.85, 32.6 89.85, 32.6 89.05, 33.4 89.05, 33.4 89.85))",0.064,2.0,33.0,89.45,180.0,Geometric release screen passes
Main,U3,65,1,0.64,3.2,0.1,"POLYGON ((33.4 103.85, 32.6 103.85, 32.6 103.05, 33.4 103.05, 33.4 103.85))",0.064,2.0,33.0,103.45,180.0,Geometric release screen passes
Main,R31,1,1,0.72485,3.154601,0.1,"POLYGON ((12.225 27.725, 12.189716 27.721863, 12.15081 27.710731, 12.114941 27.691994, 12.083579 27.666421, 12.058006 27.635059, 12.039269 27.59919, 12.028137 27.560284, 12.025 27.525, 12.025 27.125, 12.028137 27.089716, 12.039269 27.05081, 12.058006 27.014941, 12.083579 26.983579, 12.114941 26.958006, 12.15081 26.939269, 12.189716 26.928137, 12.225 26.925, 12.775 26.925, 12.810284 26.928137, 12.84919 26.939269, 12.885059 26.958006, 12.916421 26.983579, 12.941994 27.014941, 12.960731 27.05081, 12.971863 27.089716, 12.975 27.125, 12.975 27.525, 12.971863 27.560284, 12.960731 27.59919, 12.941994 27.635059, 12.916421 27.666421, 12.885059 27.691994, 12.84919 27.710731, 12.810284 27.721863, 12.775 27.725, 12.225 27.725))",0.072485,2.2978,12.499999999999998,27.324999999999992,90.0,Geometric release screen passes
Main,R31,2,1,0.72485,3.154601,0.1,"POLYGON ((12.225 26.075, 12.189716 26.071863, 12.15081 26.060731, 12.114941 26.041994, 12.083579 26.016421, 12.058006 25.985059, 12.039269 25.94919, 12.028137 25.910284, 12.025 25.875, 12.025 25.475, 12.028137 25.439716, 12.039269 25.40081, 12.058006 25.364941, 12.083579 25.333579, 12.114941 25.308006, 12.15081 25.289269, 12.189716 25.278137, 12.225 25.275, 12.775 25.275, 12.810284 25.278137, 12.84919 25.289269, 12.885059 25.308006, 12.916421 25.333579, 12.941994 25.364941, 12.960731 25.40081, 12.971863 25.439716, 12.975 25.475, 12.975 25.875, 12.971863 25.910284, 12.960731 25.94919, 12.941994 25.985059, 12.916421 26.016421, 12.885059 26.041994, 12.84919 26.060731, 12.810284 26.071863, 12.775 26.075, 12.225 26.075))",0.072485,2.2978,12.500000000000002,25.674999999999997,90.0,Geometric release screen passes
Main,R132,1,1,0.72485,3.154601,0.1,"POLYGON ((25.075 74.675, 25.039716 74.671863, 25.00081 74.660731, 24.964941 74.641994, 24.933579 74.616421, 24.908006 74.585059, 24.889269 74.54919, 24.878137 74.510284, 24.875 74.475, 24.875 74.075, 24.878137 74.039716, 24.889269 74.00081, 24.908006 73.964941, 24.933579 73.933579, 24.964941 73.908006, 25.00081 73.889269, 25.039716 73.878137, 25.075 73.875, 25.625 73.875, 25.660284 73.878137, 25.69919 73.889269, 25.735059 73.908006, 25.766421 73.933579, 25.791994 73.964941, 25.810731 74.00081, 25.821863 74.039716, 25.825 74.075, 25.825 74.475, 25.821863 74.510284, 25.810731 74.54919, 25.791994 74.585059, 25.766421 74.616421, 25.735059 74.641994, 25.69919 74.660731, 25.660284 74.671863, 25.625 74.675, 25.075 74.675))",0.072485,2.2978,25.349999999999998,74.27499999999998,90.0,Geometric release screen passes
Main,R132,2,1,0.72485,3.154601,0.1,"POLYGON ((25.075 73.025, 25.039716 73.021863, 25.00081 73.010731, 24.964941 72.991994, 24.933579 72.966421, 24.908006 72.935059, 24.889269 72.89919, 24.878137 72.860284, 24.875 72.825, 24.875 72.425, 24.878137 72.389716, 24.889269 72.35081, 24.908006 72.314941, 24.933579 72.283579, 24.964941 72.258006, 25.00081 72.239269, 25.039716 72.228137, 25.075 72.225, 25.625 72.225, 25.660284 72.228137, 25.69919 72.239269, 25.735059 72.258006, 25.766421 72.283579, 25.791994 72.314941, 25.810731 72.35081, 25.821863 72.389716, 25.825 72.425, 25.825 72.825, 25.821863 72.860284, 25.810731 72.89919, 25.791994 72.935059, 25.766421 72.966421, 25.735059 72.991994, 25.69919 73.010731, 25.660284 73.021863, 25.625 73.025, 25.075 73.025))",0.072485,2.2978,25.349999999999987,72.62499999999999,90.0,Geometric release screen passes
Main,R68,1,1,0.72485,3.154601,0.1,"POLYGON ((55.775 56.725, 55.778137 56.689716, 55.789269 56.65081, 55.808006 56.614941, 55.833579 56.583579, 55.864941 56.558006, 55.90081 56.539269, 55.939716 56.528137, 55.975 56.525, 56.375 56.525, 56.410284 56.528137, 56.44919 56.539269, 56.485059 56.558006, 56.516421 56.583579, 56.541994 56.614941, 56.560731 56.65081, 56.571863 56.689716, 56.575 56.725, 56.575 57.275, 56.571863 57.310284, 56.560731 57.34919, 56.541994 57.385059, 56.516421 57.416421, 56.485059 57.441994, 56.44919 57.460731, 56.410284 57.471863, 56.375 57.475, 55.975 57.475, 55.939716 57.471863, 55.90081 57.460731, 55.864941 57.441994, 55.833579 57.416421, 55.808006 57.385059, 55.789269 57.34919, 55.778137 57.310284, 55.775 57.275, 55.775 56.725))",0.072485,2.2978,56.175,56.99999999999999,0.0,Geometric release screen passes
Main,R68,2,1,0.72485,3.154601,0.1,"POLYGON ((57.425 56.725, 57.428137 56.689716, 57.439269 56.65081, 57.458006 56.614941, 57.483579 56.583579, 57.514941 56.558006, 57.55081 56.539269, 57.589716 56.528137, 57.625 56.525, 58.025 56.525, 58.060284 56.528137, 58.09919 56.539269, 58.135059 56.558006, 58.166421 56.583579, 58.191994 56.614941, 58.210731 56.65081, 58.221863 56.689716, 58.225 56.725, 58.225 57.275, 58.221863 57.310284, 58.210731 57.34919, 58.191994 57.385059, 58.166421 57.416421, 58.135059 57.441994, 58.09919 57.460731, 58.060284 57.471863, 58.025 57.475, 57.625 57.475, 57.589716 57.471863, 57.55081 57.460731, 57.514941 57.441994, 57.483579 57.416421, 57.458006 57.385059, 57.439269 57.34919, 57.428137 57.310284, 57.425 57.275, 57.425 56.725))",0.072485,2.2978,57.825,57.00000000000001,0.0,Geometric release screen passes
Main,R73,1,1,0.72485,3.154601,0.1,"POLYGON ((24.775 80.725, 24.778137 80.689716, 24.789269 80.65081, 24.808006 80.614941, 24.833579 80.583579, 24.864941 80.558006, 24.90081 80.539269, 24.939716 80.528137, 24.975 80.525, 25.375 80.525, 25.410284 80.528137, 25.44919 80.539269, 25.485059 80.558006, 25.516421 80.583579, 25.541994 80.614941, 25.560731 80.65081, 25.571863 80.689716, 25.575 80.725, 25.575 81.275, 25.571863 81.310284, 25.560731 81.34919, 25.541994 81.385059, 25.516421 81.416421, 25.485059 81.441994, 25.44919 81.460731, 25.410284 81.471863, 25.375 81.475, 24.975 81.475, 24.939716 81.471863, 24.90081 81.460731, 24.864941 81.441994, 24.833579 81.416421, 24.808006 81.385059, 24.789269 81.34919, 24.778137 81.310284, 24.775 81.275, 24.775 80.725))",0.072485,2.2978,25.175,81.00000000000003,0.0,Geometric release screen passes
Main,R73,2,1,0.72485,3.154601,0.1,"POLYGON ((26.425 80.725, 26.428137 80.689716, 26.439269 80.65081, 26.458006 80.614941, 26.483579 80.583579, 26.514941 80.558006, 26.55081 80.539269, 26.589716 80.528137, 26.625 80.525, 27.025 80.525, 27.060284 80.528137, 27.09919 80.539269, 27.135059 80.558006, 27.166421 80.583579, 27.191994 80.614941, 27.210731 80.65081, 27.221863 80.689716, 27.225 80.725, 27.225 81.275, 27.221863 81.310284, 27.210731 81.34919, 27.191994 81.385059, 27.166421 81.416421, 27.135059 81.441994, 27.09919 81.460731, 27.060284 81.471863, 27.025 81.475, 26.625 81.475, 26.589716 81.471863, 26.55081 81.460731, 26.514941 81.441994, 26.483579 81.416421, 26.458006 81.385059, 26.439269 81.34919, 26.428137 81.310284, 26.425 81.275, 26.425 80.725))",0.072485,2.2978,26.825,81.0,0.0,Geometric release screen passes
Main,R23,1,1,0.72485,3.154601,0.1,"POLYGON ((62.275 51.225, 62.278137 51.189716, 62.289269 51.15081, 62.308006 51.114941, 62.333579 51.083579, 62.364941 51.058006, 62.40081 51.039269, 62.439716 51.028137, 62.475 51.025, 62.875 51.025, 62.910284 51.028137, 62.94919 51.039269, 62.985059 51.058006, 63.016421 51.083579, 63.041994 51.114941, 63.060731 51.15081, 63.071863 51.189716, 63.075 51.225, 63.075 51.775, 63.071863 51.810284, 63.060731 51.84919, 63.041994 51.885059, 63.016421 51.916421, 62.985059 51.941994, 62.94919 51.960731, 62.910284 51.971863, 62.875 51.975, 62.475 51.975, 62.439716 51.971863, 62.40081 51.960731, 62.364941 51.941994, 62.333579 51.916421, 62.308006 51.885059, 62.289269 51.84919, 62.278137 51.810284, 62.275 51.775, 62.275 51.225))",0.072485,2.2978,62.67500000000002,51.50000000000001,0.0,Geometric release screen passes
Main,R23,2,1,0.72485,3.154601,0.1,"POLYGON ((63.925 51.225, 63.928137 51.189716, 63.939269 51.15081, 63.958006 51.114941, 63.983579 51.083579, 64.014941 51.058006, 64.05081 51.039269, 64.089716 51.028137, 64.125 51.025, 64.525 51.025, 64.560284 51.028137, 64.59919 51.039269, 64.635059 51.058006, 64.666421 51.083579, 64.691994 51.114941, 64.710731 51.15081, 64.721863 51.189716, 64.725 51.225, 64.725 51.775, 64.721863 51.810284, 64.710731 51.84919, 64.691994 51.885059, 64.666421 51.916421, 64.635059 51.941994, 64.59919 51.960731, 64.560284 51.971863, 64.525 51.975, 64.125 51.975, 64.089716 51.971863, 64.05081 51.960731, 64.014941 51.941994, 63.983579 51.916421, 63.958006 51.885059, 63.939269 51.84919, 63.928137 51.810284, 63.925 51.775, 63.925 51.225))",0.072485,2.2978,64.32499999999999,51.5,0.0,Geometric release screen passes
Main,R10,1,1,0.72485,3.154601,0.1,"POLYGON ((12.775 50.725, 12.778137 50.689716, 12.789269 50.65081, 12.808006 50.614941, 12.833579 50.583579, 12.864941 50.558006, 12.90081 50.539269, 12.939716 50.528137, 12.975 50.525, 13.375 50.525, 13.410284 50.528137, 13.44919 50.539269, 13.485059 50.558006, 13.516421 50.583579, 13.541994 50.614941, 13.560731 50.65081, 13.571863 50.689716, 13.575 50.725, 13.575 51.275, 13.571863 51.310284, 13.560731 51.34919, 13.541994 51.385059, 13.516421 51.416421, 13.485059 51.441994, 13.44919 51.460731, 13.410284 51.471863, 13.375 51.475, 12.975 51.475, 12.939716 51.471863, 12.90081 51.460731, 12.864941 51.441994, 12.833579 51.416421, 12.808006 51.385059, 12.789269 51.34919, 12.778137 51.310284, 12.775 51.275, 12.775 50.725))",0.072485,2.2978,13.174999999999997,50.99999999999999,0.0,Geometric release screen passes
Main,R10,2,1,0.72485,3.154601,0.1,"POLYGON ((14.425 50.725, 14.428137 50.689716, 14.439269 50.65081, 14.458006 50.614941, 14.483579 50.583579, 14.514941 50.558006, 14.55081 50.539269, 14.589716 50.528137, 14.625 50.525, 15.025 50.525, 15.060284 50.528137, 15.09919 50.539269, 15.135059 50.558006, 15.166421 50.583579, 15.191994 50.614941, 15.210731 50.65081, 15.221863 50.689716, 15.225 50.725, 15.225 51.275, 15.221863 51.310284, 15.210731 51.34919, 15.191994 51.385059, 15.166421 51.416421, 15.135059 51.441994, 15.09919 51.460731, 15.060284 51.471863, 15.025 51.475, 14.625 51.475, 14.589716 51.471863, 14.55081 51.460731, 14.514941 51.441994, 14.483579 51.416421, 14.458006 51.385059, 14.439269 51.34919, 14.428137 51.310284, 14.425 51.275, 14.425 50.725))",0.072485,2.2978,14.825,50.99999999999999,0.0,Geometric release screen passes
Main,R53,1,1,0.72485,3.154601,0.1,"POLYGON ((51.775 98.225, 51.778137 98.189716, 51.789269 98.15081, 51.808006 98.114941, 51.833579 98.083579, 51.864941 98.058006, 51.90081 98.039269, 51.939716 98.028137, 51.975 98.025, 52.375 98.025, 52.410284 98.028137, 52.44919 98.039269, 52.485059 98.058006, 52.516421 98.083579, 52.541994 98.114941, 52.560731 98.15081, 52.571863 98.189716, 52.575 98.225, 52.575 98.775, 52.571863 98.810284, 52.560731 98.84919, 52.541994 98.885059, 52.516421 98.916421, 52.485059 98.941994, 52.44919 98.960731, 52.410284 98.971863, 52.375 98.975, 51.975 98.975, 51.939716 98.971863, 51.90081 98.960731, 51.864941 98.941994, 51.833579 98.916421, 51.808006 98.885059, 51.789269 98.84919, 51.778137 98.810284, 51.775 98.775, 51.775 98.225))",0.072485,2.2978,52.17499999999998,98.49999999999996,0.0,Geometric release screen passes
Main,R53,2,1,0.72485,3.154601,0.1,"POLYGON ((53.425 98.225, 53.428137 98.189716, 53.439269 98.15081, 53.458006 98.114941, 53.483579 98.083579, 53.514941 98.058006, 53.55081 98.039269, 53.589716 98.028137, 53.625 98.025, 54.025 98.025, 54.060284 98.028137, 54.09919 98.039269, 54.135059 98.058006, 54.166421 98.083579, 54.191994 98.114941, 54.210731 98.15081, 54.221863 98.189716, 54.225 98.225, 54.225 98.775, 54.221863 98.810284, 54.210731 98.84919, 54.191994 98.885059, 54.166421 98.916421, 54.135059 98.941994, 54.09919 98.960731, 54.060284 98.971863, 54.025 98.975, 53.625 98.975, 53.589716 98.971863, 53.55081 98.960731, 53.514941 98.941994, 53.483579 98.916421, 53.458006 98.885059, 53.439269 98.84919, 53.428137 98.810284, 53.425 98.775, 53.425 98.225))",0.072485,2.2978,53.82499999999999,98.49999999999999,0.0,Geometric release screen passes
Main,C29,1,1,0.810672,3.311779,0.1,"POLYGON ((17.225 85.65, 17.223409 85.676712, 17.214316 85.718509, 17.197478 85.757831, 17.173502 85.793255, 17.143255 85.823502, 17.107831 85.847478, 17.068509 85.864316, 17.026712 85.873409, 17 85.875, 16.55 85.875, 16.523288 85.873409, 16.481491 85.864316, 16.442169 85.847478, 16.406745 85.823502, 16.376498 85.793255, 16.352522 85.757831, 16.335684 85.718509, 16.326591 85.676712, 16.325 85.65, 16.325 85.15, 16.326591 85.123288, 16.335684 85.081491, 16.352522 85.042169, 16.376498 85.006745, 16.406745 84.976498, 16.442169 84.952522, 16.481491 84.935684, 16.523288 84.926591, 16.55 84.925, 17 84.925, 17.026712 84.926591, 17.068509 84.935684, 17.107831 84.952522, 17.143255 84.976498, 17.173502 85.006745, 17.197478 85.042169, 17.214316 85.081491, 17.223409 85.123288, 17.225 85.15, 17.225 85.65))",0.081067,2.4478,16.775,85.39999999999998,180.0,Geometric release screen passes
Main,C29,2,1,0.810672,3.311779,0.1,"POLYGON ((15.675 85.65, 15.673409 85.676712, 15.664316 85.718509, 15.647478 85.757831, 15.623502 85.793255, 15.593255 85.823502, 15.557831 85.847478, 15.518509 85.864316, 15.476712 85.873409, 15.45 85.875, 15 85.875, 14.973288 85.873409, 14.931491 85.864316, 14.892169 85.847478, 14.856745 85.823502, 14.826498 85.793255, 14.802522 85.757831, 14.785684 85.718509, 14.776591 85.676712, 14.775 85.65, 14.775 85.15, 14.776591 85.123288, 14.785684 85.081491, 14.802522 85.042169, 14.826498 85.006745, 14.856745 84.976498, 14.892169 84.952522, 14.931491 84.935684, 14.973288 84.926591, 15 84.925, 15.45 84.925, 15.476712 84.926591, 15.518509 84.935684, 15.557831 84.952522, 15.593255 84.976498, 15.623502 85.006745, 15.647478 85.042169, 15.664316 85.081491, 15.673409 85.123288, 15.675 85.15, 15.675 85.65))",0.081067,2.4478,15.225000000000003,85.39999999999998,180.0,Geometric release screen passes
Main,C20,1,1,0.810672,3.311779,0.1,"POLYGON ((53.75 47.225, 53.723288 47.223409, 53.681491 47.214316, 53.642169 47.197478, 53.606745 47.173502, 53.576498 47.143255, 53.552522 47.107831, 53.535684 47.068509, 53.526591 47.026712, 53.525 47, 53.525 46.55, 53.526591 46.523288, 53.535684 46.481491, 53.552522 46.442169, 53.576498 46.406745, 53.606745 46.376498, 53.642169 46.352522, 53.681491 46.335684, 53.723288 46.326591, 53.75 46.325, 54.25 46.325, 54.276712 46.326591, 54.318509 46.335684, 54.357831 46.352522, 54.393255 46.376498, 54.423502 46.406745, 54.447478 46.442169, 54.464316 46.481491, 54.473409 46.523288, 54.475 46.55, 54.475 47, 54.473409 47.026712, 54.464316 47.068509, 54.447478 47.107831, 54.423502 47.143255, 54.393255 47.173502, 54.357831 47.197478, 54.318509 47.214316, 54.276712 47.223409, 54.25 47.225, 53.75 47.225))",0.081067,2.4478,54.00000000000001,46.77500000000001,90.0,Geometric release screen passes
Main,C20,2,1,0.810672,3.311779,0.1,"POLYGON ((53.75 45.675, 53.723288 45.673409, 53.681491 45.664316, 53.642169 45.647478, 53.606745 45.623502, 53.576498 45.593255, 53.552522 45.557831, 53.535684 45.518509, 53.526591 45.476712, 53.525 45.45, 53.525 45, 53.526591 44.973288, 53.535684 44.931491, 53.552522 44.892169, 53.576498 44.856745, 53.606745 44.826498, 53.642169 44.802522, 53.681491 44.785684, 53.723288 44.776591, 53.75 44.775, 54.25 44.775, 54.276712 44.776591, 54.318509 44.785684, 54.357831 44.802522, 54.393255 44.826498, 54.423502 44.856745, 54.447478 44.892169, 54.464316 44.931491, 54.473409 44.973288, 54.475 45, 54.475 45.45, 54.473409 45.476712, 54.464316 45.518509, 54.447478 45.557831, 54.423502 45.593255, 54.393255 45.623502, 54.357831 45.647478, 54.318509 45.664316, 54.276712 45.673409, 54.25 45.675, 53.75 45.675))",0.081067,2.4478,53.999999999999964,45.22499999999997,90.0,Geometric release screen passes
Main,C7,1,1,0.810672,3.311779,0.1,"POLYGON ((19.75 46.225, 19.723288 46.223409, 19.681491 46.214316, 19.642169 46.197478, 19.606745 46.173502, 19.576498 46.143255, 19.552522 46.107831, 19.535684 46.068509, 19.526591 46.026712, 19.525 46, 19.525 45.55, 19.526591 45.523288, 19.535684 45.481491, 19.552522 45.442169, 19.576498 45.406745, 19.606745 45.376498, 19.642169 45.352522, 19.681491 45.335684, 19.723288 45.326591, 19.75 45.325, 20.25 45.325, 20.276712 45.326591, 20.318509 45.335684, 20.357831 45.352522, 20.393255 45.376498, 20.423502 45.406745, 20.447478 45.442169, 20.464316 45.481491, 20.473409 45.523288, 20.475 45.55, 20.475 46, 20.473409 46.026712, 20.464316 46.068509, 20.447478 46.107831, 20.423502 46.143255, 20.393255 46.173502, 20.357831 46.197478, 20.318509 46.214316, 20.276712 46.223409, 20.25 46.225, 19.75 46.225))",0.081067,2.4478,20.000000000000007,45.77500000000001,90.0,Geometric release screen passes
Main,C7,2,1,0.810672,3.311779,0.1,"POLYGON ((19.75 44.675, 19.723288 44.673409, 19.681491 44.664316, 19.642169 44.647478, 19.606745 44.623502, 19.576498 44.593255, 19.552522 44.557831, 19.535684 44.518509, 19.526591 44.476712, 19.525 44.45, 19.525 44, 19.526591 43.973288, 19.535684 43.931491, 19.552522 43.892169, 19.576498 43.856745, 19.606745 43.826498, 19.642169 43.802522, 19.681491 43.785684, 19.723288 43.776591, 19.75 43.775, 20.25 43.775, 20.276712 43.776591, 20.318509 43.785684, 20.357831 43.802522, 20.393255 43.826498, 20.423502 43.856745, 20.447478 43.892169, 20.464316 43.931491, 20.473409 43.973288, 20.475 44, 20.475 44.45, 20.473409 44.476712, 20.464316 44.518509, 20.447478 44.557831, 20.423502 44.593255, 20.393255 44.623502, 20.357831 44.647478, 20.318509 44.664316, 20.276712 44.673409, 20.25 44.675, 19.75 44.675))",0.081067,2.4478,19.999999999999996,44.224999999999994,90.0,Geometric release screen passes
Main,R6,1,1,0.72485,3.154601,0.1,"POLYGON ((39.125 87.975, 39.089716 87.971863, 39.05081 87.960731, 39.014941 87.941994, 38.983579 87.916421, 38.958006 87.885059, 38.939269 87.84919, 38.928137 87.810284, 38.925 87.775, 38.925 87.375, 38.928137 87.339716, 38.939269 87.30081, 38.958006 87.264941, 38.983579 87.233579, 39.014941 87.208006, 39.05081 87.189269, 39.089716 87.178137, 39.125 87.175, 39.675 87.175, 39.710284 87.178137, 39.74919 87.189269, 39.785059 87.208006, 39.816421 87.233579, 39.841994 87.264941, 39.860731 87.30081, 39.871863 87.339716, 39.875 87.375, 39.875 87.775, 39.871863 87.810284, 39.860731 87.84919, 39.841994 87.885059, 39.816421 87.916421, 39.785059 87.941994, 39.74919 87.960731, 39.710284 87.971863, 39.675 87.975, 39.125 87.975))",0.072485,2.2978,39.4,87.57499999999999,90.0,Geometric release screen passes
Main,R6,2,1,0.72485,3.154601,0.1,"POLYGON ((39.125 86.325, 39.089716 86.321863, 39.05081 86.310731, 39.014941 86.291994, 38.983579 86.266421, 38.958006 86.235059, 38.939269 86.19919, 38.928137 86.160284, 38.925 86.125, 38.925 85.725, 38.928137 85.689716, 38.939269 85.65081, 38.958006 85.614941, 38.983579 85.583579, 39.014941 85.558006, 39.05081 85.539269, 39.089716 85.528137, 39.125 85.525, 39.675 85.525, 39.710284 85.528137, 39.74919 85.539269, 39.785059 85.558006, 39.816421 85.583579, 39.841994 85.614941, 39.860731 85.65081, 39.871863 85.689716, 39.875 85.725, 39.875 86.125, 39.871863 86.160284, 39.860731 86.19919, 39.841994 86.235059, 39.816421 86.266421, 39.785059 86.291994, 39.74919 86.310731, 39.710284 86.321863, 39.675 86.325, 39.125 86.325))",0.072485,2.2978,39.400000000000006,85.92500000000004,90.0,Geometric release screen passes
Main,C88,1,1,1.395346,4.468787,0.1,"POLYGON ((25.15 22.425, 25.153078 22.385891, 25.164029 22.34243, 25.182565 22.301623, 25.208089 22.264781, 25.239781 22.233089, 25.276623 22.207565, 25.31743 22.189029, 25.360891 22.178078, 25.4 22.175, 25.9 22.175, 25.939109 22.178078, 25.98257 22.189029, 26.023377 22.207565, 26.060219 22.233089, 26.091911 22.264781, 26.117435 22.301623, 26.135971 22.34243, 26.146922 22.385891, 26.15 22.425, 26.15 23.375, 26.146922 23.414109, 26.135971 23.45757, 26.117435 23.498377, 26.091911 23.535219, 26.060219 23.566911, 26.023377 23.592435, 25.98257 23.610971, 25.939109 23.621922, 25.9 23.625, 25.4 23.625, 25.360891 23.621922, 25.31743 23.610971, 25.276623 23.592435, 25.239781 23.566911, 25.208089 23.535219, 25.182565 23.498377, 25.164029 23.45757, 25.153078 23.414109, 25.15 23.375, 25.15 22.425))",0.139535,3.1224,25.650000000000002,22.900000000000002,0.0,Geometric release screen passes
Main,C88,2,1,1.395346,4.468787,0.1,"POLYGON ((27.05 22.425, 27.053078 22.385891, 27.064029 22.34243, 27.082565 22.301623, 27.108089 22.264781, 27.139781 22.233089, 27.176623 22.207565, 27.21743 22.189029, 27.260891 22.178078, 27.3 22.175, 27.8 22.175, 27.839109 22.178078, 27.88257 22.189029, 27.923377 22.207565, 27.960219 22.233089, 27.991911 22.264781, 28.017435 22.301623, 28.035971 22.34243, 28.046922 22.385891, 28.05 22.425, 28.05 23.375, 28.046922 23.414109, 28.035971 23.45757, 28.017435 23.498377, 27.991911 23.535219, 27.960219 23.566911, 27.923377 23.592435, 27.88257 23.610971, 27.839109 23.621922, 27.8 23.625, 27.3 23.625, 27.260891 23.621922, 27.21743 23.610971, 27.176623 23.592435, 27.139781 23.566911, 27.108089 23.535219, 27.082565 23.498377, 27.064029 23.45757, 27.053078 23.414109, 27.05 23.375, 27.05 22.425))",0.139535,3.1224,27.55,22.900000000000006,0.0,Geometric release screen passes
Main,C30,1,1,0.810672,3.311779,0.1,"POLYGON ((14.775 92.75, 14.776591 92.723288, 14.785684 92.681491, 14.802522 92.642169, 14.826498 92.606745, 14.856745 92.576498, 14.892169 92.552522, 14.931491 92.535684, 14.973288 92.526591, 15 92.525, 15.45 92.525, 15.476712 92.526591, 15.518509 92.535684, 15.557831 92.552522, 15.593255 92.576498, 15.623502 92.606745, 15.647478 92.642169, 15.664316 92.681491, 15.673409 92.723288, 15.675 92.75, 15.675 93.25, 15.673409 93.276712, 15.664316 93.318509, 15.647478 93.357831, 15.623502 93.393255, 15.593255 93.423502, 15.557831 93.447478, 15.518509 93.464316, 15.476712 93.473409, 15.45 93.475, 15 93.475, 14.973288 93.473409, 14.931491 93.464316, 14.892169 93.447478, 14.856745 93.423502, 14.826498 93.393255, 14.802522 93.357831, 14.785684 93.318509, 14.776591 93.276712, 14.775 93.25, 14.775 92.75))",0.081067,2.4478,15.225000000000005,93.00000000000004,0.0,Geometric release screen passes
Main,C30,2,1,0.810672,3.311779,0.1,"POLYGON ((16.325 92.75, 16.326591 92.723288, 16.335684 92.681491, 16.352522 92.642169, 16.376498 92.606745, 16.406745 92.576498, 16.442169 92.552522, 16.481491 92.535684, 16.523288 92.526591, 16.55 92.525, 17 92.525, 17.026712 92.526591, 17.068509 92.535684, 17.107831 92.552522, 17.143255 92.576498, 17.173502 92.606745, 17.197478 92.642169, 17.214316 92.681491, 17.223409 92.723288, 17.225 92.75, 17.225 93.25, 17.223409 93.276712, 17.214316 93.318509, 17.197478 93.357831, 17.173502 93.393255, 17.143255 93.423502, 17.107831 93.447478, 17.068509 93.464316, 17.026712 93.473409, 17 93.475, 16.55 93.475, 16.523288 93.473409, 16.481491 93.464316, 16.442169 93.447478, 16.406745 93.423502, 16.376498 93.393255, 16.352522 93.357831, 16.335684 93.318509, 16.326591 93.276712, 16.325 93.25, 16.325 92.75))",0.081067,2.4478,16.774999999999995,93.0,0.0,Geometric release screen passes
Main,C8,1,1,1.395346,4.468787,0.1,"POLYGON ((19.525 49.95, 19.485891 49.946922, 19.44243 49.935971, 19.401623 49.917435, 19.364781 49.891911, 19.333089 49.860219, 19.307565 49.823377, 19.289029 49.78257, 19.278078 49.739109, 19.275 49.7, 19.275 49.2, 19.278078 49.160891, 19.289029 49.11743, 19.307565 49.076623, 19.333089 49.039781, 19.364781 49.008089, 19.401623 48.982565, 19.44243 48.964029, 19.485891 48.953078, 19.525 48.95, 20.475 48.95, 20.514109 48.953078, 20.55757 48.964029, 20.598377 48.982565, 20.635219 49.008089, 20.666911 49.039781, 20.692435 49.076623, 20.710971 49.11743, 20.721922 49.160891, 20.725 49.2, 20.725 49.7, 20.721922 49.739109, 20.710971 49.78257, 20.692435 49.823377, 20.666911 49.860219, 20.635219 49.891911, 20.598377 49.917435, 20.55757 49.935971, 20.514109 49.946922, 20.475 49.95, 19.525 49.95))",0.139535,3.1224,19.999999999999996,49.44999999999999,90.0,Geometric release screen passes
Main,C8,2,1,1.395346,4.468787,0.1,"POLYGON ((19.525 48.05, 19.485891 48.046922, 19.44243 48.035971, 19.401623 48.017435, 19.364781 47.991911, 19.333089 47.960219, 19.307565 47.923377, 19.289029 47.88257, 19.278078 47.839109, 19.275 47.8, 19.275 47.3, 19.278078 47.260891, 19.289029 47.21743, 19.307565 47.176623, 19.333089 47.139781, 19.364781 47.108089, 19.401623 47.082565, 19.44243 47.064029, 19.485891 47.053078, 19.525 47.05, 20.475 47.05, 20.514109 47.053078, 20.55757 47.064029, 20.598377 47.082565, 20.635219 47.108089, 20.666911 47.139781, 20.692435 47.176623, 20.710971 47.21743, 20.721922 47.260891, 20.725 47.3, 20.725 47.8, 20.721922 47.839109, 20.710971 47.88257, 20.692435 47.923377, 20.666911 47.960219, 20.635219 47.991911, 20.598377 48.017435, 20.55757 48.035971, 20.514109 48.046922, 20.475 48.05, 19.525 48.05))",0.139535,3.1224,19.999999999999996,47.54999999999999,90.0,Geometric release screen passes
Main,R35,1,1,0.72485,3.154601,0.1,"POLYGON ((19.825 27.725, 19.789716 27.721863, 19.75081 27.710731, 19.714941 27.691994, 19.683579 27.666421, 19.658006 27.635059, 19.639269 27.59919, 19.628137 27.560284, 19.625 27.525, 19.625 27.125, 19.628137 27.089716, 19.639269 27.05081, 19.658006 27.014941, 19.683579 26.983579, 19.714941 26.958006, 19.75081 26.939269, 19.789716 26.928137, 19.825 26.925, 20.375 26.925, 20.410284 26.928137, 20.44919 26.939269, 20.485059 26.958006, 20.516421 26.983579, 20.541994 27.014941, 20.560731 27.05081, 20.571863 27.089716, 20.575 27.125, 20.575 27.525, 20.571863 27.560284, 20.560731 27.59919, 20.541994 27.635059, 20.516421 27.666421, 20.485059 27.691994, 20.44919 27.710731, 20.410284 27.721863, 20.375 27.725, 19.825 27.725))",0.072485,2.2978,20.099999999999998,27.325,90.0,Geometric release screen passes
Main,R35,2,1,0.72485,3.154601,0.1,"POLYGON ((19.825 26.075, 19.789716 26.071863, 19.75081 26.060731, 19.714941 26.041994, 19.683579 26.016421, 19.658006 25.985059, 19.639269 25.94919, 19.628137 25.910284, 19.625 25.875, 19.625 25.475, 19.628137 25.439716, 19.639269 25.40081, 19.658006 25.364941, 19.683579 25.333579, 19.714941 25.308006, 19.75081 25.289269, 19.789716 25.278137, 19.825 25.275, 20.375 25.275, 20.410284 25.278137, 20.44919 25.289269, 20.485059 25.308006, 20.516421 25.333579, 20.541994 25.364941, 20.560731 25.40081, 20.571863 25.439716, 20.575 25.475, 20.575 25.875, 20.571863 25.910284, 20.560731 25.94919, 20.541994 25.985059, 20.516421 26.016421, 20.485059 26.041994, 20.44919 26.060731, 20.410284 26.071863, 20.375 26.075, 19.825 26.075))",0.072485,2.2978,20.099999999999994,25.675,90.0,Geometric release screen passes
Main,C28,1,1,0.810672,3.311779,0.1,"POLYGON ((61.25 102.225, 61.223288 102.223409, 61.181491 102.214316, 61.142169 102.197478, 61.106745 102.173502, 61.076498 102.143255, 61.052522 102.107831, 61.035684 102.068509, 61.026591 102.026712, 61.025 102, 61.025 101.55, 61.026591 101.523288, 61.035684 101.481491, 61.052522 101.442169, 61.076498 101.406745, 61.106745 101.376498, 61.142169 101.352522, 61.181491 101.335684, 61.223288 101.326591, 61.25 101.325, 61.75 101.325, 61.776712 101.326591, 61.818509 101.335684, 61.857831 101.352522, 61.893255 101.376498, 61.923502 101.406745, 61.947478 101.442169, 61.964316 101.481491, 61.973409 101.523288, 61.975 101.55, 61.975 102, 61.973409 102.026712, 61.964316 102.068509, 61.947478 102.107831, 61.923502 102.143255, 61.893255 102.173502, 61.857831 102.197478, 61.818509 102.214316, 61.776712 102.223409, 61.75 102.225, 61.25 102.225))",0.081067,2.4478,61.49999999999998,101.77499999999995,90.0,Geometric release screen passes
Main,C28,2,1,0.810672,3.311779,0.1,"POLYGON ((61.25 100.675, 61.223288 100.673409, 61.181491 100.664316, 61.142169 100.647478, 61.106745 100.623502, 61.076498 100.593255, 61.052522 100.557831, 61.035684 100.518509, 61.026591 100.476712, 61.025 100.45, 61.025 100, 61.026591 99.973288, 61.035684 99.931491, 61.052522 99.892169, 61.076498 99.856745, 61.106745 99.826498, 61.142169 99.802522, 61.181491 99.785684, 61.223288 99.776591, 61.25 99.775, 61.75 99.775, 61.776712 99.776591, 61.818509 99.785684, 61.857831 99.802522, 61.893255 99.826498, 61.923502 99.856745, 61.947478 99.892169, 61.964316 99.931491, 61.973409 99.973288, 61.975 100, 61.975 100.45, 61.973409 100.476712, 61.964316 100.518509, 61.947478 100.557831, 61.923502 100.593255, 61.893255 100.623502, 61.857831 100.647478, 61.818509 100.664316, 61.776712 100.673409, 61.75 100.675, 61.25 100.675))",0.081067,2.4478,61.50000000000001,100.22499999999998,90.0,Geometric release screen passes
Main,C17,1,1,0.810672,3.311779,0.1,"POLYGON ((22.775 62.75, 22.776591 62.723288, 22.785684 62.681491, 22.802522 62.642169, 22.826498 62.606745, 22.856745 62.576498, 22.892169 62.552522, 22.931491 62.535684, 22.973288 62.526591, 23 62.525, 23.45 62.525, 23.476712 62.526591, 23.518509 62.535684, 23.557831 62.552522, 23.593255 62.576498, 23.623502 62.606745, 23.647478 62.642169, 23.664316 62.681491, 23.673409 62.723288, 23.675 62.75, 23.675 63.25, 23.673409 63.276712, 23.664316 63.318509, 23.647478 63.357831, 23.623502 63.393255, 23.593255 63.423502, 23.557831 63.447478, 23.518509 63.464316, 23.476712 63.473409, 23.45 63.475, 23 63.475, 22.973288 63.473409, 22.931491 63.464316, 22.892169 63.447478, 22.856745 63.423502, 22.826498 63.393255, 22.802522 63.357831, 22.785684 63.318509, 22.776591 63.276712, 22.775 63.25, 22.775 62.75))",0.081067,2.4478,23.224999999999998,63.000000000000014,0.0,Geometric release screen passes
Main,C17,2,1,0.810672,3.311779,0.1,"POLYGON ((24.325 62.75, 24.326591 62.723288, 24.335684 62.681491, 24.352522 62.642169, 24.376498 62.606745, 24.406745 62.576498, 24.442169 62.552522, 24.481491 62.535684, 24.523288 62.526591, 24.55 62.525, 25 62.525, 25.026712 62.526591, 25.068509 62.535684, 25.107831 62.552522, 25.143255 62.576498, 25.173502 62.606745, 25.197478 62.642169, 25.214316 62.681491, 25.223409 62.723288, 25.225 62.75, 25.225 63.25, 25.223409 63.276712, 25.214316 63.318509, 25.197478 63.357831, 25.173502 63.393255, 25.143255 63.423502, 25.107831 63.447478, 25.068509 63.464316, 25.026712 63.473409, 25 63.475, 24.55 63.475, 24.523288 63.473409, 24.481491 63.464316, 24.442169 63.447478, 24.406745 63.423502, 24.376498 63.393255, 24.352522 63.357831, 24.335684 63.318509, 24.326591 63.276712, 24.325 63.25, 24.325 62.75))",0.081067,2.4478,24.775000000000002,62.999999999999986,0.0,Geometric release screen passes
Main,C55,1,1,0.810672,3.311779,0.1,"POLYGON ((33.475 40.25, 33.473409 40.276712, 33.464316 40.318509, 33.447478 40.357831, 33.423502 40.393255, 33.393255 40.423502, 33.357831 40.447478, 33.318509 40.464316, 33.276712 40.473409, 33.25 40.475, 32.8 40.475, 32.773288 40.473409, 32.731491 40.464316, 32.692169 40.447478, 32.656745 40.423502, 32.626498 40.393255, 32.602522 40.357831, 32.585684 40.318509, 32.576591 40.276712, 32.575 40.25, 32.575 39.75, 32.576591 39.723288, 32.585684 39.681491, 32.602522 39.642169, 32.626498 39.606745, 32.656745 39.576498, 32.692169 39.552522, 32.731491 39.535684, 32.773288 39.526591, 32.8 39.525, 33.25 39.525, 33.276712 39.526591, 33.318509 39.535684, 33.357831 39.552522, 33.393255 39.576498, 33.423502 39.606745, 33.447478 39.642169, 33.464316 39.681491, 33.473409 39.723288, 33.475 39.75, 33.475 40.25))",0.081067,2.4478,33.02499999999999,40.00000000000001,180.0,Geometric release screen passes
Main,C55,2,1,0.810672,3.311779,0.1,"POLYGON ((31.925 40.25, 31.923409 40.276712, 31.914316 40.318509, 31.897478 40.357831, 31.873502 40.393255, 31.843255 40.423502, 31.807831 40.447478, 31.768509 40.464316, 31.726712 40.473409, 31.7 40.475, 31.25 40.475, 31.223288 40.473409, 31.181491 40.464316, 31.142169 40.447478, 31.106745 40.423502, 31.076498 40.393255, 31.052522 40.357831, 31.035684 40.318509, 31.026591 40.276712, 31.025 40.25, 31.025 39.75, 31.026591 39.723288, 31.035684 39.681491, 31.052522 39.642169, 31.076498 39.606745, 31.106745 39.576498, 31.142169 39.552522, 31.181491 39.535684, 31.223288 39.526591, 31.25 39.525, 31.7 39.525, 31.726712 39.526591, 31.768509 39.535684, 31.807831 39.552522, 31.843255 39.576498, 31.873502 39.606745, 31.897478 39.642169, 31.914316 39.681491, 31.923409 39.723288, 31.925 39.75, 31.925 40.25))",0.081067,2.4478,31.47499999999999,40.0,180.0,Geometric release screen passes
Main,C13,1,1,0.810672,3.311779,0.1,"POLYGON ((65.75 46.225, 65.723288 46.223409, 65.681491 46.214316, 65.642169 46.197478, 65.606745 46.173502, 65.576498 46.143255, 65.552522 46.107831, 65.535684 46.068509, 65.526591 46.026712, 65.525 46, 65.525 45.55, 65.526591 45.523288, 65.535684 45.481491, 65.552522 45.442169, 65.576498 45.406745, 65.606745 45.376498, 65.642169 45.352522, 65.681491 45.335684, 65.723288 45.326591, 65.75 45.325, 66.25 45.325, 66.276712 45.326591, 66.318509 45.335684, 66.357831 45.352522, 66.393255 45.376498, 66.423502 45.406745, 66.447478 45.442169, 66.464316 45.481491, 66.473409 45.523288, 66.475 45.55, 66.475 46, 66.473409 46.026712, 66.464316 46.068509, 66.447478 46.107831, 66.423502 46.143255, 66.393255 46.173502, 66.357831 46.197478, 66.318509 46.214316, 66.276712 46.223409, 66.25 46.225, 65.75 46.225))",0.081067,2.4478,65.99999999999999,45.775000000000006,90.0,Geometric release screen passes
Main,C13,2,1,0.810672,3.311779,0.1,"POLYGON ((65.75 44.675, 65.723288 44.673409, 65.681491 44.664316, 65.642169 44.647478, 65.606745 44.623502, 65.576498 44.593255, 65.552522 44.557831, 65.535684 44.518509, 65.526591 44.476712, 65.525 44.45, 65.525 44, 65.526591 43.973288, 65.535684 43.931491, 65.552522 43.892169, 65.576498 43.856745, 65.606745 43.826498, 65.642169 43.802522, 65.681491 43.785684, 65.723288 43.776591, 65.75 43.775, 66.25 43.775, 66.276712 43.776591, 66.318509 43.785684, 66.357831 43.802522, 66.393255 43.826498, 66.423502 43.856745, 66.447478 43.892169, 66.464316 43.931491, 66.473409 43.973288, 66.475 44, 66.475 44.45, 66.473409 44.476712, 66.464316 44.518509, 66.447478 44.557831, 66.423502 44.593255, 66.393255 44.623502, 66.357831 44.647478, 66.318509 44.664316, 66.276712 44.673409, 66.25 44.675, 65.75 44.675))",0.081067,2.4478,65.99999999999999,44.22499999999999,90.0,Geometric release screen passes
Main,C26,1,1,0.810672,3.311779,0.1,"POLYGON ((62.275 60, 62.276591 59.973288, 62.285684 59.931491, 62.302522 59.892169, 62.326498 59.856745, 62.356745 59.826498, 62.392169 59.802522, 62.431491 59.785684, 62.473288 59.776591, 62.5 59.775, 62.95 59.775, 62.976712 59.776591, 63.018509 59.785684, 63.057831 59.802522, 63.093255 59.826498, 63.123502 59.856745, 63.147478 59.892169, 63.164316 59.931491, 63.173409 59.973288, 63.175 60, 63.175 60.5, 63.173409 60.526712, 63.164316 60.568509, 63.147478 60.607831, 63.123502 60.643255, 63.093255 60.673502, 63.057831 60.697478, 63.018509 60.714316, 62.976712 60.723409, 62.95 60.725, 62.5 60.725, 62.473288 60.723409, 62.431491 60.714316, 62.392169 60.697478, 62.356745 60.673502, 62.326498 60.643255, 62.302522 60.607831, 62.285684 60.568509, 62.276591 60.526712, 62.275 60.5, 62.275 60))",0.081067,2.4478,62.72500000000003,60.25000000000001,0.0,Geometric release screen passes
Main,C26,2,1,0.810672,3.311779,0.1,"POLYGON ((63.825 60, 63.826591 59.973288, 63.835684 59.931491, 63.852522 59.892169, 63.876498 59.856745, 63.906745 59.826498, 63.942169 59.802522, 63.981491 59.785684, 64.023288 59.776591, 64.05 59.775, 64.5 59.775, 64.526712 59.776591, 64.568509 59.785684, 64.607831 59.802522, 64.643255 59.826498, 64.673502 59.856745, 64.697478 59.892169, 64.714316 59.931491, 64.723409 59.973288, 64.725 60, 64.725 60.5, 64.723409 60.526712, 64.714316 60.568509, 64.697478 60.607831, 64.673502 60.643255, 64.643255 60.673502, 64.607831 60.697478, 64.568509 60.714316, 64.526712 60.723409, 64.5 60.725, 64.05 60.725, 64.023288 60.723409, 63.981491 60.714316, 63.942169 60.697478, 63.906745 60.673502, 63.876498 60.643255, 63.852522 60.607831, 63.835684 60.568509, 63.826591 60.526712, 63.825 60.5, 63.825 60))",0.081067,2.4478,64.275,60.25,0.0,Geometric release screen passes
Main,R101,1,1,0.72485,3.154601,0.1,"POLYGON ((48.025 63.475, 48.028137 63.439716, 48.039269 63.40081, 48.058006 63.364941, 48.083579 63.333579, 48.114941 63.308006, 48.15081 63.289269, 48.189716 63.278137, 48.225 63.275, 48.625 63.275, 48.660284 63.278137, 48.69919 63.289269, 48.735059 63.308006, 48.766421 63.333579, 48.791994 63.364941, 48.810731 63.40081, 48.821863 63.439716, 48.825 63.475, 48.825 64.025, 48.821863 64.060284, 48.810731 64.09919, 48.791994 64.135059, 48.766421 64.166421, 48.735059 64.191994, 48.69919 64.210731, 48.660284 64.221863, 48.625 64.225, 48.225 64.225, 48.189716 64.221863, 48.15081 64.210731, 48.114941 64.191994, 48.083579 64.166421, 48.058006 64.135059, 48.039269 64.09919, 48.028137 64.060284, 48.025 64.025, 48.025 63.475))",0.072485,2.2978,48.425000000000004,63.75,0.0,Geometric release screen passes
Main,R101,2,1,0.72485,3.154601,0.1,"POLYGON ((49.675 63.475, 49.678137 63.439716, 49.689269 63.40081, 49.708006 63.364941, 49.733579 63.333579, 49.764941 63.308006, 49.80081 63.289269, 49.839716 63.278137, 49.875 63.275, 50.275 63.275, 50.310284 63.278137, 50.34919 63.289269, 50.385059 63.308006, 50.416421 63.333579, 50.441994 63.364941, 50.460731 63.40081, 50.471863 63.439716, 50.475 63.475, 50.475 64.025, 50.471863 64.060284, 50.460731 64.09919, 50.441994 64.135059, 50.416421 64.166421, 50.385059 64.191994, 50.34919 64.210731, 50.310284 64.221863, 50.275 64.225, 49.875 64.225, 49.839716 64.221863, 49.80081 64.210731, 49.764941 64.191994, 49.733579 64.166421, 49.708006 64.135059, 49.689269 64.09919, 49.678137 64.060284, 49.675 64.025, 49.675 63.475))",0.072485,2.2978,50.07500000000002,63.75000000000001,0.0,Geometric release screen passes
Main,R59,1,1,0.72485,3.154601,0.1,"POLYGON ((26.775 26.975, 26.778137 26.939716, 26.789269 26.90081, 26.808006 26.864941, 26.833579 26.833579, 26.864941 26.808006, 26.90081 26.789269, 26.939716 26.778137, 26.975 26.775, 27.375 26.775, 27.410284 26.778137, 27.44919 26.789269, 27.485059 26.808006, 27.516421 26.833579, 27.541994 26.864941, 27.560731 26.90081, 27.571863 26.939716, 27.575 26.975, 27.575 27.525, 27.571863 27.560284, 27.560731 27.59919, 27.541994 27.635059, 27.516421 27.666421, 27.485059 27.691994, 27.44919 27.710731, 27.410284 27.721863, 27.375 27.725, 26.975 27.725, 26.939716 27.721863, 26.90081 27.710731, 26.864941 27.691994, 26.833579 27.666421, 26.808006 27.635059, 26.789269 27.59919, 26.778137 27.560284, 26.775 27.525, 26.775 26.975))",0.072485,2.2978,27.174999999999997,27.24999999999999,0.0,Geometric release screen passes
Main,R59,2,1,0.72485,3.154601,0.1,"POLYGON ((28.425 26.975, 28.428137 26.939716, 28.439269 26.90081, 28.458006 26.864941, 28.483579 26.833579, 28.514941 26.808006, 28.55081 26.789269, 28.589716 26.778137, 28.625 26.775, 29.025 26.775, 29.060284 26.778137, 29.09919 26.789269, 29.135059 26.808006, 29.166421 26.833579, 29.191994 26.864941, 29.210731 26.90081, 29.221863 26.939716, 29.225 26.975, 29.225 27.525, 29.221863 27.560284, 29.210731 27.59919, 29.191994 27.635059, 29.166421 27.666421, 29.135059 27.691994, 29.09919 27.710731, 29.060284 27.721863, 29.025 27.725, 28.625 27.725, 28.589716 27.721863, 28.55081 27.710731, 28.514941 27.691994, 28.483579 27.666421, 28.458006 27.635059, 28.439269 27.59919, 28.428137 27.560284, 28.425 27.525, 28.425 26.975))",0.072485,2.2978,28.825000000000006,27.250000000000004,0.0,Geometric release screen passes
Main,R77,1,1,0.72485,3.154601,0.1,"POLYGON ((38.225 85.275, 38.221863 85.310284, 38.210731 85.34919, 38.191994 85.385059, 38.166421 85.416421, 38.135059 85.441994, 38.09919 85.460731, 38.060284 85.471863, 38.025 85.475, 37.625 85.475, 37.589716 85.471863, 37.55081 85.460731, 37.514941 85.441994, 37.483579 85.416421, 37.458006 85.385059, 37.439269 85.34919, 37.428137 85.310284, 37.425 85.275, 37.425 84.725, 37.428137 84.689716, 37.439269 84.65081, 37.458006 84.614941, 37.483579 84.583579, 37.514941 84.558006, 37.55081 84.539269, 37.589716 84.528137, 37.625 84.525, 38.025 84.525, 38.060284 84.528137, 38.09919 84.539269, 38.135059 84.558006, 38.166421 84.583579, 38.191994 84.614941, 38.210731 84.65081, 38.221863 84.689716, 38.225 84.725, 38.225 85.275))",0.072485,2.2978,37.82499999999999,84.99999999999997,180.0,Geometric release screen passes
Main,R77,2,1,0.72485,3.154601,0.1,"POLYGON ((36.575 85.275, 36.571863 85.310284, 36.560731 85.34919, 36.541994 85.385059, 36.516421 85.416421, 36.485059 85.441994, 36.44919 85.460731, 36.410284 85.471863, 36.375 85.475, 35.975 85.475, 35.939716 85.471863, 35.90081 85.460731, 35.864941 85.441994, 35.833579 85.416421, 35.808006 85.385059, 35.789269 85.34919, 35.778137 85.310284, 35.775 85.275, 35.775 84.725, 35.778137 84.689716, 35.789269 84.65081, 35.808006 84.614941, 35.833579 84.583579, 35.864941 84.558006, 35.90081 84.539269, 35.939716 84.528137, 35.975 84.525, 36.375 84.525, 36.410284 84.528137, 36.44919 84.539269, 36.485059 84.558006, 36.516421 84.583579, 36.541994 84.614941, 36.560731 84.65081, 36.571863 84.689716, 36.575 84.725, 36.575 85.275))",0.072485,2.2978,36.175,84.99999999999994,180.0,Geometric release screen passes
Main,U12,,2,0.246076,2.380692,0.1,"POLYGON ((22.65 23.85, 22.646194 23.830866, 22.635355 23.814645, 22.619134 23.803806, 22.6 23.8, 22.475 23.8, 22.455866 23.803806, 22.439645 23.814645, 22.428806 23.830866, 22.425 23.85, 22.425 24.1625, 22.1 24.1625, 22.080866 24.166306, 22.064645 24.177145, 22.053806 24.193366, 22.05 24.2125, 22.05 24.3875, 22.053806 24.406634, 22.064645 24.422855, 22.080866 24.433694, 22.1 24.4375, 22.442855078881813 24.4375, 22.455866 24.446194, 22.475 24.45, 22.6 24.45, 22.619134 24.446194, 22.635355 24.435355, 22.646194 24.419134, 22.65 24.4, 22.65 24.3875, 22.65 24.2125, 22.65 23.85))",0.024608,1.0336,22.413948329986713,24.197775660113496,0.0,Geometric release screen passes
Main,U12,,2,0.246076,2.380692,0.1,"POLYGON ((22.1 25.5625, 22.080866 25.566306, 22.064645 25.577145, 22.053806 25.593366, 22.05 25.6125, 22.05 25.7875, 22.053806 25.806634, 22.064645 25.822855, 22.080866 25.833694, 22.1 25.8375, 22.425 25.8375, 22.425 26.15, 22.428806 26.169134, 22.439645 26.185355, 22.455866 26.196194, 22.475 26.2, 22.6 26.2, 22.619134 26.196194, 22.635355 26.185355, 22.646194 26.169134, 22.65 26.15, 22.65 25.7875, 22.65 25.6125, 22.65 25.6, 22.646194 25.580866, 22.635355 25.564645, 22.619134 25.553806, 22.6 25.55, 22.475 25.55, 22.455866 25.553806, 22.442855078881813 25.5625, 22.1 25.5625))",0.024608,1.0336,22.41394832998672,25.802224339886507,0.0,Geometric release screen passes
Main,U12,,1,0.294454,2.592144,0.1,"POLYGON ((22.86 23.89, 22.863806 23.870866, 22.874645 23.854645, 22.890866 23.843806, 22.91 23.84, 23.09 23.84, 23.109134 23.843806, 23.125355 23.854645, 23.136194 23.870866, 23.14 23.89, 23.14 24.85, 23.136194 24.869134, 23.125355 24.885355, 23.109134 24.896194, 23.09 24.9, 22.91 24.9, 22.890866 24.896194, 22.874645 24.885355, 22.863806 24.869134, 22.86 24.85, 22.86 23.89))",0.029445,1.1359,22.999999999999996,24.369999999999997,0.0,Geometric release screen passes
Main,U12,,1,0.294454,2.592144,0.1,"POLYGON ((22.86 25.15, 22.863806 25.130866, 22.874645 25.114645, 22.890866 25.103806, 22.91 25.1, 23.09 25.1, 23.109134 25.103806, 23.125355 25.114645, 23.136194 25.130866, 23.14 25.15, 23.14 26.11, 23.136194 26.129134, 23.125355 26.145355, 23.109134 26.156194, 23.09 26.16, 22.91 26.16, 22.890866 26.156194, 22.874645 26.145355, 22.863806 26.129134, 22.86 26.11, 22.86 25.15))",0.029445,1.1359,23.000000000000004,25.63,0.0,Geometric release screen passes
Main,U12,,1,0.294454,2.592144,0.1,"POLYGON ((23.36 23.89, 23.363806 23.870866, 23.374645 23.854645, 23.390866 23.843806, 23.41 23.84, 23.59 23.84, 23.609134 23.843806, 23.625355 23.854645, 23.636194 23.870866, 23.64 23.89, 23.64 24.85, 23.636194 24.869134, 23.625355 24.885355, 23.609134 24.896194, 23.59 24.9, 23.41 24.9, 23.390866 24.896194, 23.374645 24.885355, 23.363806 24.869134, 23.36 24.85, 23.36 23.89))",0.029445,1.1359,23.5,24.369999999999997,0.0,Geometric release screen passes
Main,U12,,1,0.294454,2.592144,0.1,"POLYGON ((23.36 25.15, 23.363806 25.130866, 23.374645 25.114645, 23.390866 25.103806, 23.41 25.1, 23.59 25.1, 23.609134 25.103806, 23.625355 25.114645, 23.636194 25.130866, 23.64 25.15, 23.64 26.11, 23.636194 26.129134, 23.625355 26.145355, 23.609134 26.156194, 23.59 26.16, 23.41 26.16, 23.390866 26.156194, 23.374645 26.145355, 23.363806 26.129134, 23.36 26.11, 23.36 25.15))",0.029445,1.1359,23.499999999999996,25.63,0.0,Geometric release screen passes
Main,U12,,2,0.246076,2.380692,0.1,"POLYGON ((24.075 23.85, 24.071194 23.830866, 24.060355 23.814645, 24.044134 23.803806, 24.025 23.8, 23.9 23.8, 23.880866 23.803806, 23.864645 23.814645, 23.853806 23.830866, 23.85 23.85, 23.85 24.2125, 23.85 24.3875, 23.85 24.4, 23.853806 24.419134, 23.864645 24.435355, 23.880866 24.446194, 23.9 24.45, 24.025 24.45, 24.044134 24.446194, 24.057144921118187 24.4375, 24.4 24.4375, 24.419134 24.433694, 24.435355 24.422855, 24.446194 24.406634, 24.45 24.3875, 24.45 24.2125, 24.446194 24.193366, 24.435355 24.177145, 24.419134 24.166306, 24.4 24.1625, 24.075 24.1625, 24.075 23.85))",0.024608,1.0336,24.086051670013283,24.1977756601135,0.0,Geometric release screen passes
Main,U12,,2,0.246076,2.380692,0.1,"POLYGON ((24.4 25.8375, 24.419134 25.833694, 24.435355 25.822855, 24.446194 25.806634, 24.45 25.7875, 24.45 25.6125, 24.446194 25.593366, 24.435355 25.577145, 24.419134 25.566306, 24.4 25.5625, 24.057144921118187 25.5625, 24.044134 25.553806, 24.025 25.55, 23.9 25.55, 23.880866 25.553806, 23.864645 25.564645, 23.853806 25.580866, 23.85 25.6, 23.85 25.6125, 23.85 25.7875, 23.85 26.15, 23.853806 26.169134, 23.864645 26.185355, 23.880866 26.196194, 23.9 26.2, 24.025 26.2, 24.044134 26.196194, 24.060355 26.185355, 24.071194 26.169134, 24.075 26.15, 24.075 25.8375, 24.4 25.8375))",0.024608,1.0336,24.086051670013283,25.8022243398865,0.0,Geometric release screen passes
Main,U12,2,1,0.147654,1.612144,0.1,"POLYGON ((22.05 24.7, 22.053806 24.680866, 22.064645 24.664645, 22.080866 24.653806, 22.1 24.65, 22.6 24.65, 22.619134 24.653806, 22.635355 24.664645, 22.646194 24.680866, 22.65 24.7, 22.65 24.85, 22.646194 24.869134, 22.635355 24.885355, 22.619134 24.896194, 22.6 24.9, 22.1 24.9, 22.080866 24.896194, 22.064645 24.885355, 22.053806 24.869134, 22.05 24.85, 22.05 24.7))",0.014765,0.9159,22.349999999999998,24.775,0.0,Geometric release screen passes
Main,U12,3,1,0.147654,1.612144,0.1,"POLYGON ((22.05 25.15, 22.053806 25.130866, 22.064645 25.114645, 22.080866 25.103806, 22.1 25.1, 22.6 25.1, 22.619134 25.103806, 22.635355 25.114645, 22.646194 25.130866, 22.65 25.15, 22.65 25.3, 22.646194 25.319134, 22.635355 25.335355, 22.619134 25.346194, 22.6 25.35, 22.1 25.35, 22.080866 25.346194, 22.064645 25.335355, 22.053806 25.319134, 22.05 25.3, 22.05 25.15))",0.014765,0.9159,22.349999999999998,25.224999999999994,0.0,Geometric release screen passes
Main,U12,8,1,0.147654,1.612144,0.1,"POLYGON ((23.85 25.15, 23.853806 25.130866, 23.864645 25.114645, 23.880866 25.103806, 23.9 25.1, 24.4 25.1, 24.419134 25.103806, 24.435355 25.114645, 24.446194 25.130866, 24.45 25.15, 24.45 25.3, 24.446194 25.319134, 24.435355 25.335355, 24.419134 25.346194, 24.4 25.35, 23.9 25.35, 23.880866 25.346194, 23.864645 25.335355, 23.853806 25.319134, 23.85 25.3, 23.85 25.15))",0.014765,0.9159,24.149999999999995,25.224999999999994,0.0,Geometric release screen passes
Main,U12,9,1,0.147654,1.612144,0.1,"POLYGON ((23.85 24.7, 23.853806 24.680866, 23.864645 24.664645, 23.880866 24.653806, 23.9 24.65, 24.4 24.65, 24.419134 24.653806, 24.435355 24.664645, 24.446194 24.680866, 24.45 24.7, 24.45 24.85, 24.446194 24.869134, 24.435355 24.885355, 24.419134 24.896194, 24.4 24.9, 23.9 24.9, 23.880866 24.896194, 23.864645 24.885355, 23.853806 24.869134, 23.85 24.85, 23.85 24.7))",0.014765,0.9159,24.149999999999995,24.775000000000002,0.0,Geometric release screen passes
Main,R26,1,1,0.72485,3.154601,0.1,"POLYGON ((54.275 30.825, 54.278137 30.789716, 54.289269 30.75081, 54.308006 30.714941, 54.333579 30.683579, 54.364941 30.658006, 54.40081 30.639269, 54.439716 30.628137, 54.475 30.625, 54.875 30.625, 54.910284 30.628137, 54.94919 30.639269, 54.985059 30.658006, 55.016421 30.683579, 55.041994 30.714941, 55.060731 30.75081, 55.071863 30.789716, 55.075 30.825, 55.075 31.375, 55.071863 31.410284, 55.060731 31.44919, 55.041994 31.485059, 55.016421 31.516421, 54.985059 31.541994, 54.94919 31.560731, 54.910284 31.571863, 54.875 31.575, 54.475 31.575, 54.439716 31.571863, 54.40081 31.560731, 54.364941 31.541994, 54.333579 31.516421, 54.308006 31.485059, 54.289269 31.44919, 54.278137 31.410284, 54.275 31.375, 54.275 30.825))",0.072485,2.2978,54.675000000000004,31.1,0.0,Geometric release screen passes
Main,R26,2,1,0.72485,3.154601,0.1,"POLYGON ((55.925 30.825, 55.928137 30.789716, 55.939269 30.75081, 55.958006 30.714941, 55.983579 30.683579, 56.014941 30.658006, 56.05081 30.639269, 56.089716 30.628137, 56.125 30.625, 56.525 30.625, 56.560284 30.628137, 56.59919 30.639269, 56.635059 30.658006, 56.666421 30.683579, 56.691994 30.714941, 56.710731 30.75081, 56.721863 30.789716, 56.725 30.825, 56.725 31.375, 56.721863 31.410284, 56.710731 31.44919, 56.691994 31.485059, 56.666421 31.516421, 56.635059 31.541994, 56.59919 31.560731, 56.560284 31.571863, 56.525 31.575, 56.125 31.575, 56.089716 31.571863, 56.05081 31.560731, 56.014941 31.541994, 55.983579 31.516421, 55.958006 31.485059, 55.939269 31.44919, 55.928137 31.410284, 55.925 31.375, 55.925 30.825))",0.072485,2.2978,56.32499999999999,31.100000000000012,0.0,Geometric release screen passes
Main,U25,1,1,0.581041,3.576441,0.1,"POLYGON ((49.7 60.6, 49.678743 60.597715, 49.652075 60.587768, 49.629289 60.570711, 49.612232 60.547925, 49.602285 60.521257, 49.6 60.5, 49.6 59.225, 49.602285 59.203743, 49.612232 59.177075, 49.629289 59.154289, 49.652075 59.137232, 49.678743 59.127285, 49.7 59.125, 49.9 59.125, 49.921257 59.127285, 49.947925 59.137232, 49.970711 59.154289, 49.987768 59.177075, 49.997715 59.203743, 50 59.225, 50 60.5, 49.997715 60.521257, 49.987768 60.547925, 49.970711 60.570711, 49.947925 60.587768, 49.921257 60.597715, 49.9 60.6, 49.7 60.6))",0.058104,1.6246,49.80000000000002,59.86250000000001,90.0,Geometric release screen passes
Main,U25,2,1,0.581041,3.576441,0.1,"POLYGON ((50.35 60.6, 50.328743 60.597715, 50.302075 60.587768, 50.279289 60.570711, 50.262232 60.547925, 50.252285 60.521257, 50.25 60.5, 50.25 59.225, 50.252285 59.203743, 50.262232 59.177075, 50.279289 59.154289, 50.302075 59.137232, 50.328743 59.127285, 50.35 59.125, 50.55 59.125, 50.571257 59.127285, 50.597925 59.137232, 50.620711 59.154289, 50.637768 59.177075, 50.647715 59.203743, 50.65 59.225, 50.65 60.5, 50.647715 60.521257, 50.637768 60.547925, 50.620711 60.570711, 50.597925 60.587768, 50.571257 60.597715, 50.55 60.6, 50.35 60.6))",0.058104,1.6246,50.449999999999996,59.86250000000001,90.0,Geometric release screen passes
Main,U25,3,1,0.581041,3.576441,0.1,"POLYGON ((51 60.6, 50.978743 60.597715, 50.952075 60.587768, 50.929289 60.570711, 50.912232 60.547925, 50.902285 60.521257, 50.9 60.5, 50.9 59.225, 50.902285 59.203743, 50.912232 59.177075, 50.929289 59.154289, 50.952075 59.137232, 50.978743 59.127285, 51 59.125, 51.2 59.125, 51.221257 59.127285, 51.247925 59.137232, 51.270711 59.154289, 51.287768 59.177075, 51.297715 59.203743, 51.3 59.225, 51.3 60.5, 51.297715 60.521257, 51.287768 60.547925, 51.270711 60.570711, 51.247925 60.587768, 51.221257 60.597715, 51.2 60.6, 51 60.6))",0.058104,1.6246,51.100000000000016,59.86250000000001,90.0,Geometric release screen passes
Main,U25,4,1,0.581041,3.576441,0.1,"POLYGON ((51.65 60.6, 51.628743 60.597715, 51.602075 60.587768, 51.579289 60.570711, 51.562232 60.547925, 51.552285 60.521257, 51.55 60.5, 51.55 59.225, 51.552285 59.203743, 51.562232 59.177075, 51.579289 59.154289, 51.602075 59.137232, 51.628743 59.127285, 51.65 59.125, 51.85 59.125, 51.871257 59.127285, 51.897925 59.137232, 51.920711 59.154289, 51.937768 59.177075, 51.947715 59.203743, 51.95 59.225, 51.95 60.5, 51.947715 60.521257, 51.937768 60.547925, 51.920711 60.570711, 51.897925 60.587768, 51.871257 60.597715, 51.85 60.6, 51.65 60.6))",0.058104,1.6246,51.75000000000001,59.862500000000004,90.0,Geometric release screen passes
Main,U25,5,1,0.581041,3.576441,0.1,"POLYGON ((52.3 60.6, 52.278743 60.597715, 52.252075 60.587768, 52.229289 60.570711, 52.212232 60.547925, 52.202285 60.521257, 52.2 60.5, 52.2 59.225, 52.202285 59.203743, 52.212232 59.177075, 52.229289 59.154289, 52.252075 59.137232, 52.278743 59.127285, 52.3 59.125, 52.5 59.125, 52.521257 59.127285, 52.547925 59.137232, 52.570711 59.154289, 52.587768 59.177075, 52.597715 59.203743, 52.6 59.225, 52.6 60.5, 52.597715 60.521257, 52.587768 60.547925, 52.570711 60.570711, 52.547925 60.587768, 52.521257 60.597715, 52.5 60.6, 52.3 60.6))",0.058104,1.6246,52.39999999999998,59.862499999999976,90.0,Geometric release screen passes
Main,U25,6,1,0.581041,3.576441,0.1,"POLYGON ((52.95 60.6, 52.928743 60.597715, 52.902075 60.587768, 52.879289 60.570711, 52.862232 60.547925, 52.852285 60.521257, 52.85 60.5, 52.85 59.225, 52.852285 59.203743, 52.862232 59.177075, 52.879289 59.154289, 52.902075 59.137232, 52.928743 59.127285, 52.95 59.125, 53.15 59.125, 53.171257 59.127285, 53.197925 59.137232, 53.220711 59.154289, 53.237768 59.177075, 53.247715 59.203743, 53.25 59.225, 53.25 60.5, 53.247715 60.521257, 53.237768 60.547925, 53.220711 60.570711, 53.197925 60.587768, 53.171257 60.597715, 53.15 60.6, 52.95 60.6))",0.058104,1.6246,53.05000000000002,59.86250000000001,90.0,Geometric release screen passes
Main,U25,7,1,0.581041,3.576441,0.1,"POLYGON ((53.6 60.6, 53.578743 60.597715, 53.552075 60.587768, 53.529289 60.570711, 53.512232 60.547925, 53.502285 60.521257, 53.5 60.5, 53.5 59.225, 53.502285 59.203743, 53.512232 59.177075, 53.529289 59.154289, 53.552075 59.137232, 53.578743 59.127285, 53.6 59.125, 53.8 59.125, 53.821257 59.127285, 53.847925 59.137232, 53.870711 59.154289, 53.887768 59.177075, 53.897715 59.203743, 53.9 59.225, 53.9 60.5, 53.897715 60.521257, 53.887768 60.547925, 53.870711 60.570711, 53.847925 60.587768, 53.821257 60.597715, 53.8 60.6, 53.6 60.6))",0.058104,1.6246,53.7,59.86250000000001,90.0,Geometric release screen passes
Main,U25,8,1,0.581041,3.576441,0.1,"POLYGON ((53.6 54.875, 53.578743 54.872715, 53.552075 54.862768, 53.529289 54.845711, 53.512232 54.822925, 53.502285 54.796257, 53.5 54.775, 53.5 53.5, 53.502285 53.478743, 53.512232 53.452075, 53.529289 53.429289, 53.552075 53.412232, 53.578743 53.402285, 53.6 53.4, 53.8 53.4, 53.821257 53.402285, 53.847925 53.412232, 53.870711 53.429289, 53.887768 53.452075, 53.897715 53.478743, 53.9 53.5, 53.9 54.775, 53.897715 54.796257, 53.887768 54.822925, 53.870711 54.845711, 53.847925 54.862768, 53.821257 54.872715, 53.8 54.875, 53.6 54.875))",0.058104,1.6246,53.7,54.137500000000024,90.0,Geometric release screen passes
Main,U25,9,1,0.581041,3.576441,0.1,"POLYGON ((52.95 54.875, 52.928743 54.872715, 52.902075 54.862768, 52.879289 54.845711, 52.862232 54.822925, 52.852285 54.796257, 52.85 54.775, 52.85 53.5, 52.852285 53.478743, 52.862232 53.452075, 52.879289 53.429289, 52.902075 53.412232, 52.928743 53.402285, 52.95 53.4, 53.15 53.4, 53.171257 53.402285, 53.197925 53.412232, 53.220711 53.429289, 53.237768 53.452075, 53.247715 53.478743, 53.25 53.5, 53.25 54.775, 53.247715 54.796257, 53.237768 54.822925, 53.220711 54.845711, 53.197925 54.862768, 53.171257 54.872715, 53.15 54.875, 52.95 54.875))",0.058104,1.6246,53.05000000000002,54.13750000000003,90.0,Geometric release screen passes
Main,U25,10,1,0.581041,3.576441,0.1,"POLYGON ((52.3 54.875, 52.278743 54.872715, 52.252075 54.862768, 52.229289 54.845711, 52.212232 54.822925, 52.202285 54.796257, 52.2 54.775, 52.2 53.5, 52.202285 53.478743, 52.212232 53.452075, 52.229289 53.429289, 52.252075 53.412232, 52.278743 53.402285, 52.3 53.4, 52.5 53.4, 52.521257 53.402285, 52.547925 53.412232, 52.570711 53.429289, 52.587768 53.452075, 52.597715 53.478743, 52.6 53.5, 52.6 54.775, 52.597715 54.796257, 52.587768 54.822925, 52.570711 54.845711, 52.547925 54.862768, 52.521257 54.872715, 52.5 54.875, 52.3 54.875))",0.058104,1.6246,52.399999999999984,54.13750000000001,90.0,Geometric release screen passes
Main,U25,11,1,0.581041,3.576441,0.1,"POLYGON ((51.65 54.875, 51.628743 54.872715, 51.602075 54.862768, 51.579289 54.845711, 51.562232 54.822925, 51.552285 54.796257, 51.55 54.775, 51.55 53.5, 51.552285 53.478743, 51.562232 53.452075, 51.579289 53.429289, 51.602075 53.412232, 51.628743 53.402285, 51.65 53.4, 51.85 53.4, 51.871257 53.402285, 51.897925 53.412232, 51.920711 53.429289, 51.937768 53.452075, 51.947715 53.478743, 51.95 53.5, 51.95 54.775, 51.947715 54.796257, 51.937768 54.822925, 51.920711 54.845711, 51.897925 54.862768, 51.871257 54.872715, 51.85 54.875, 51.65 54.875))",0.058104,1.6246,51.75,54.137499999999996,90.0,Geometric release screen passes
Main,U25,12,1,0.581041,3.576441,0.1,"POLYGON ((51 54.875, 50.978743 54.872715, 50.952075 54.862768, 50.929289 54.845711, 50.912232 54.822925, 50.902285 54.796257, 50.9 54.775, 50.9 53.5, 50.902285 53.478743, 50.912232 53.452075, 50.929289 53.429289, 50.952075 53.412232, 50.978743 53.402285, 51 53.4, 51.2 53.4, 51.221257 53.402285, 51.247925 53.412232, 51.270711 53.429289, 51.287768 53.452075, 51.297715 53.478743, 51.3 53.5, 51.3 54.775, 51.297715 54.796257, 51.287768 54.822925, 51.270711 54.845711, 51.247925 54.862768, 51.221257 54.872715, 51.2 54.875, 51 54.875))",0.058104,1.6246,51.10000000000001,54.13750000000001,90.0,Geometric release screen passes
Main,U25,13,1,0.581041,3.576441,0.1,"POLYGON ((50.35 54.875, 50.328743 54.872715, 50.302075 54.862768, 50.279289 54.845711, 50.262232 54.822925, 50.252285 54.796257, 50.25 54.775, 50.25 53.5, 50.252285 53.478743, 50.262232 53.452075, 50.279289 53.429289, 50.302075 53.412232, 50.328743 53.402285, 50.35 53.4, 50.55 53.4, 50.571257 53.402285, 50.597925 53.412232, 50.620711 53.429289, 50.637768 53.452075, 50.647715 53.478743, 50.65 53.5, 50.65 54.775, 50.647715 54.796257, 50.637768 54.822925, 50.620711 54.845711, 50.597925 54.862768, 50.571257 54.872715, 50.55 54.875, 50.35 54.875))",0.058104,1.6246,50.45000000000001,54.137500000000024,90.0,Geometric release screen passes
Main,U25,14,1,0.581041,3.576441,0.1,"POLYGON ((49.7 54.875, 49.678743 54.872715, 49.652075 54.862768, 49.629289 54.845711, 49.612232 54.822925, 49.602285 54.796257, 49.6 54.775, 49.6 53.5, 49.602285 53.478743, 49.612232 53.452075, 49.629289 53.429289, 49.652075 53.412232, 49.678743 53.402285, 49.7 53.4, 49.9 53.4, 49.921257 53.402285, 49.947925 53.412232, 49.970711 53.429289, 49.987768 53.452075, 49.997715 53.478743, 50 53.5, 50 54.775, 49.997715 54.796257, 49.987768 54.822925, 49.970711 54.845711, 49.947925 54.862768, 49.921257 54.872715, 49.9 54.875, 49.7 54.875))",0.058104,1.6246,49.80000000000001,54.13750000000003,90.0,Geometric release screen passes
Main,C82,1,1,0.810672,3.311779,0.1,"POLYGON ((26.25 69.725, 26.223288 69.723409, 26.181491 69.714316, 26.142169 69.697478, 26.106745 69.673502, 26.076498 69.643255, 26.052522 69.607831, 26.035684 69.568509, 26.026591 69.526712, 26.025 69.5, 26.025 69.05, 26.026591 69.023288, 26.035684 68.981491, 26.052522 68.942169, 26.076498 68.906745, 26.106745 68.876498, 26.142169 68.852522, 26.181491 68.835684, 26.223288 68.826591, 26.25 68.825, 26.75 68.825, 26.776712 68.826591, 26.818509 68.835684, 26.857831 68.852522, 26.893255 68.876498, 26.923502 68.906745, 26.947478 68.942169, 26.964316 68.981491, 26.973409 69.023288, 26.975 69.05, 26.975 69.5, 26.973409 69.526712, 26.964316 69.568509, 26.947478 69.607831, 26.923502 69.643255, 26.893255 69.673502, 26.857831 69.697478, 26.818509 69.714316, 26.776712 69.723409, 26.75 69.725, 26.25 69.725))",0.081067,2.4478,26.49999999999999,69.27499999999995,90.0,Geometric release screen passes
Main,C82,2,1,0.810672,3.311779,0.1,"POLYGON ((26.25 68.175, 26.223288 68.173409, 26.181491 68.164316, 26.142169 68.147478, 26.106745 68.123502, 26.076498 68.093255, 26.052522 68.057831, 26.035684 68.018509, 26.026591 67.976712, 26.025 67.95, 26.025 67.5, 26.026591 67.473288, 26.035684 67.431491, 26.052522 67.392169, 26.076498 67.356745, 26.106745 67.326498, 26.142169 67.302522, 26.181491 67.285684, 26.223288 67.276591, 26.25 67.275, 26.75 67.275, 26.776712 67.276591, 26.818509 67.285684, 26.857831 67.302522, 26.893255 67.326498, 26.923502 67.356745, 26.947478 67.392169, 26.964316 67.431491, 26.973409 67.473288, 26.975 67.5, 26.975 67.95, 26.973409 67.976712, 26.964316 68.018509, 26.947478 68.057831, 26.923502 68.093255, 26.893255 68.123502, 26.857831 68.147478, 26.818509 68.164316, 26.776712 68.173409, 26.75 68.175, 26.25 68.175))",0.081067,2.4478,26.49999999999999,67.72499999999998,90.0,Geometric release screen passes
Main,R46,1,1,0.72485,3.154601,0.1,"POLYGON ((61.075 103.225, 61.078137 103.189716, 61.089269 103.15081, 61.108006 103.114941, 61.133579 103.083579, 61.164941 103.058006, 61.20081 103.039269, 61.239716 103.028137, 61.275 103.025, 61.675 103.025, 61.710284 103.028137, 61.74919 103.039269, 61.785059 103.058006, 61.816421 103.083579, 61.841994 103.114941, 61.860731 103.15081, 61.871863 103.189716, 61.875 103.225, 61.875 103.775, 61.871863 103.810284, 61.860731 103.84919, 61.841994 103.885059, 61.816421 103.916421, 61.785059 103.941994, 61.74919 103.960731, 61.710284 103.971863, 61.675 103.975, 61.275 103.975, 61.239716 103.971863, 61.20081 103.960731, 61.164941 103.941994, 61.133579 103.916421, 61.108006 103.885059, 61.089269 103.84919, 61.078137 103.810284, 61.075 103.775, 61.075 103.225))",0.072485,2.2978,61.475,103.49999999999997,0.0,Geometric release screen passes
Main,R46,2,1,0.72485,3.154601,0.1,"POLYGON ((62.725 103.225, 62.728137 103.189716, 62.739269 103.15081, 62.758006 103.114941, 62.783579 103.083579, 62.814941 103.058006, 62.85081 103.039269, 62.889716 103.028137, 62.925 103.025, 63.325 103.025, 63.360284 103.028137, 63.39919 103.039269, 63.435059 103.058006, 63.466421 103.083579, 63.491994 103.114941, 63.510731 103.15081, 63.521863 103.189716, 63.525 103.225, 63.525 103.775, 63.521863 103.810284, 63.510731 103.84919, 63.491994 103.885059, 63.466421 103.916421, 63.435059 103.941994, 63.39919 103.960731, 63.360284 103.971863, 63.325 103.975, 62.925 103.975, 62.889716 103.971863, 62.85081 103.960731, 62.814941 103.941994, 62.783579 103.916421, 62.758006 103.885059, 62.739269 103.84919, 62.728137 103.810284, 62.725 103.775, 62.725 103.225))",0.072485,2.2978,63.12500000000001,103.49999999999997,0.0,Geometric release screen passes
Main,R136,1,1,0.72485,3.154601,0.1,"POLYGON ((32.325 63.725, 32.289716 63.721863, 32.25081 63.710731, 32.214941 63.691994, 32.183579 63.666421, 32.158006 63.635059, 32.139269 63.59919, 32.128137 63.560284, 32.125 63.525, 32.125 63.125, 32.128137 63.089716, 32.139269 63.05081, 32.158006 63.014941, 32.183579 62.983579, 32.214941 62.958006, 32.25081 62.939269, 32.289716 62.928137, 32.325 62.925, 32.875 62.925, 32.910284 62.928137, 32.94919 62.939269, 32.985059 62.958006, 33.016421 62.983579, 33.041994 63.014941, 33.060731 63.05081, 33.071863 63.089716, 33.075 63.125, 33.075 63.525, 33.071863 63.560284, 33.060731 63.59919, 33.041994 63.635059, 33.016421 63.666421, 32.985059 63.691994, 32.94919 63.710731, 32.910284 63.721863, 32.875 63.725, 32.325 63.725))",0.072485,2.2978,32.6,63.32499999999998,90.0,Geometric release screen passes
Main,R136,2,1,0.72485,3.154601,0.1,"POLYGON ((32.325 62.075, 32.289716 62.071863, 32.25081 62.060731, 32.214941 62.041994, 32.183579 62.016421, 32.158006 61.985059, 32.139269 61.94919, 32.128137 61.910284, 32.125 61.875, 32.125 61.475, 32.128137 61.439716, 32.139269 61.40081, 32.158006 61.364941, 32.183579 61.333579, 32.214941 61.308006, 32.25081 61.289269, 32.289716 61.278137, 32.325 61.275, 32.875 61.275, 32.910284 61.278137, 32.94919 61.289269, 32.985059 61.308006, 33.016421 61.333579, 33.041994 61.364941, 33.060731 61.40081, 33.071863 61.439716, 33.075 61.475, 33.075 61.875, 33.071863 61.910284, 33.060731 61.94919, 33.041994 61.985059, 33.016421 62.016421, 32.985059 62.041994, 32.94919 62.060731, 32.910284 62.071863, 32.875 62.075, 32.325 62.075))",0.072485,2.2978,32.60000000000003,61.67500000000003,90.0,Geometric release screen passes
Main,R34,1,1,0.72485,3.154601,0.1,"POLYGON ((17.925 27.725, 17.889716 27.721863, 17.85081 27.710731, 17.814941 27.691994, 17.783579 27.666421, 17.758006 27.635059, 17.739269 27.59919, 17.728137 27.560284, 17.725 27.525, 17.725 27.125, 17.728137 27.089716, 17.739269 27.05081, 17.758006 27.014941, 17.783579 26.983579, 17.814941 26.958006, 17.85081 26.939269, 17.889716 26.928137, 17.925 26.925, 18.475 26.925, 18.510284 26.928137, 18.54919 26.939269, 18.585059 26.958006, 18.616421 26.983579, 18.641994 27.014941, 18.660731 27.05081, 18.671863 27.089716, 18.675 27.125, 18.675 27.525, 18.671863 27.560284, 18.660731 27.59919, 18.641994 27.635059, 18.616421 27.666421, 18.585059 27.691994, 18.54919 27.710731, 18.510284 27.721863, 18.475 27.725, 17.925 27.725))",0.072485,2.2978,18.2,27.324999999999996,90.0,Geometric release screen passes
Main,R34,2,1,0.72485,3.154601,0.1,"POLYGON ((17.925 26.075, 17.889716 26.071863, 17.85081 26.060731, 17.814941 26.041994, 17.783579 26.016421, 17.758006 25.985059, 17.739269 25.94919, 17.728137 25.910284, 17.725 25.875, 17.725 25.475, 17.728137 25.439716, 17.739269 25.40081, 17.758006 25.364941, 17.783579 25.333579, 17.814941 25.308006, 17.85081 25.289269, 17.889716 25.278137, 17.925 25.275, 18.475 25.275, 18.510284 25.278137, 18.54919 25.289269, 18.585059 25.308006, 18.616421 25.333579, 18.641994 25.364941, 18.660731 25.40081, 18.671863 25.439716, 18.675 25.475, 18.675 25.875, 18.671863 25.910284, 18.660731 25.94919, 18.641994 25.985059, 18.616421 26.016421, 18.585059 26.041994, 18.54919 26.060731, 18.510284 26.071863, 18.475 26.075, 17.925 26.075))",0.072485,2.2978,18.200000000000006,25.674999999999997,90.0,Geometric release screen passes
Main,C14,1,1,1.395346,4.468787,0.1,"POLYGON ((65.525 49.95, 65.485891 49.946922, 65.44243 49.935971, 65.401623 49.917435, 65.364781 49.891911, 65.333089 49.860219, 65.307565 49.823377, 65.289029 49.78257, 65.278078 49.739109, 65.275 49.7, 65.275 49.2, 65.278078 49.160891, 65.289029 49.11743, 65.307565 49.076623, 65.333089 49.039781, 65.364781 49.008089, 65.401623 48.982565, 65.44243 48.964029, 65.485891 48.953078, 65.525 48.95, 66.475 48.95, 66.514109 48.953078, 66.55757 48.964029, 66.598377 48.982565, 66.635219 49.008089, 66.666911 49.039781, 66.692435 49.076623, 66.710971 49.11743, 66.721922 49.160891, 66.725 49.2, 66.725 49.7, 66.721922 49.739109, 66.710971 49.78257, 66.692435 49.823377, 66.666911 49.860219, 66.635219 49.891911, 66.598377 49.917435, 66.55757 49.935971, 66.514109 49.946922, 66.475 49.95, 65.525 49.95))",0.139535,3.1224,65.99999999999999,49.449999999999996,90.0,Geometric release screen passes
Main,C14,2,1,1.395346,4.468787,0.1,"POLYGON ((65.525 48.05, 65.485891 48.046922, 65.44243 48.035971, 65.401623 48.017435, 65.364781 47.991911, 65.333089 47.960219, 65.307565 47.923377, 65.289029 47.88257, 65.278078 47.839109, 65.275 47.8, 65.275 47.3, 65.278078 47.260891, 65.289029 47.21743, 65.307565 47.176623, 65.333089 47.139781, 65.364781 47.108089, 65.401623 47.082565, 65.44243 47.064029, 65.485891 47.053078, 65.525 47.05, 66.475 47.05, 66.514109 47.053078, 66.55757 47.064029, 66.598377 47.082565, 66.635219 47.108089, 66.666911 47.139781, 66.692435 47.176623, 66.710971 47.21743, 66.721922 47.260891, 66.725 47.3, 66.725 47.8, 66.721922 47.839109, 66.710971 47.88257, 66.692435 47.923377, 66.666911 47.960219, 66.635219 47.991911, 66.598377 48.017435, 66.55757 48.035971, 66.514109 48.046922, 66.475 48.05, 65.525 48.05))",0.139535,3.1224,66.00000000000001,47.550000000000026,90.0,Geometric release screen passes
Main,R36,1,1,0.72485,3.154601,0.1,"POLYGON ((55.225 53.725, 55.189716 53.721863, 55.15081 53.710731, 55.114941 53.691994, 55.083579 53.666421, 55.058006 53.635059, 55.039269 53.59919, 55.028137 53.560284, 55.025 53.525, 55.025 53.125, 55.028137 53.089716, 55.039269 53.05081, 55.058006 53.014941, 55.083579 52.983579, 55.114941 52.958006, 55.15081 52.939269, 55.189716 52.928137, 55.225 52.925, 55.775 52.925, 55.810284 52.928137, 55.84919 52.939269, 55.885059 52.958006, 55.916421 52.983579, 55.941994 53.014941, 55.960731 53.05081, 55.971863 53.089716, 55.975 53.125, 55.975 53.525, 55.971863 53.560284, 55.960731 53.59919, 55.941994 53.635059, 55.916421 53.666421, 55.885059 53.691994, 55.84919 53.710731, 55.810284 53.721863, 55.775 53.725, 55.225 53.725))",0.072485,2.2978,55.49999999999999,53.325,90.0,Geometric release screen passes
Main,R36,2,1,0.72485,3.154601,0.1,"POLYGON ((55.225 52.075, 55.189716 52.071863, 55.15081 52.060731, 55.114941 52.041994, 55.083579 52.016421, 55.058006 51.985059, 55.039269 51.94919, 55.028137 51.910284, 55.025 51.875, 55.025 51.475, 55.028137 51.439716, 55.039269 51.40081, 55.058006 51.364941, 55.083579 51.333579, 55.114941 51.308006, 55.15081 51.289269, 55.189716 51.278137, 55.225 51.275, 55.775 51.275, 55.810284 51.278137, 55.84919 51.289269, 55.885059 51.308006, 55.916421 51.333579, 55.941994 51.364941, 55.960731 51.40081, 55.971863 51.439716, 55.975 51.475, 55.975 51.875, 55.971863 51.910284, 55.960731 51.94919, 55.941994 51.985059, 55.916421 52.016421, 55.885059 52.041994, 55.84919 52.060731, 55.810284 52.071863, 55.775 52.075, 55.225 52.075))",0.072485,2.2978,55.50000000000001,51.675,90.0,Geometric release screen passes
Main,D1,1,1,5.695346,9.168787,0.1,"POLYGON ((20.4 19.9, 20.396922 19.939109, 20.385971 19.98257, 20.367435 20.023377, 20.341911 20.060219, 20.310219 20.091911, 20.273377 20.117435, 20.23257 20.135971, 20.189109 20.146922, 20.15 20.15, 18.15 20.15, 18.110891 20.146922, 18.06743 20.135971, 18.026623 20.117435, 17.989781 20.091911, 17.958089 20.060219, 17.932565 20.023377, 17.914029 19.98257, 17.903078 19.939109, 17.9 19.9, 17.9 18.1, 17.903078 18.060891, 17.914029 18.01743, 17.932565 17.976623, 17.958089 17.939781, 17.989781 17.908089, 18.026623 17.882565, 18.06743 17.864029, 18.110891 17.853078, 18.15 17.85, 20.15 17.85, 20.189109 17.853078, 20.23257 17.864029, 20.273377 17.882565, 20.310219 17.908089, 20.341911 17.939781, 20.367435 17.976623, 20.385971 18.01743, 20.396922 18.060891, 20.4 18.1, 20.4 19.9))",0.569535,6.2117,19.149999999999988,19.0,180.0,Geometric release screen passes
Main,D1,2,1,5.695346,9.168787,0.1,"POLYGON ((16.1 19.9, 16.096922 19.939109, 16.085971 19.98257, 16.067435 20.023377, 16.041911 20.060219, 16.010219 20.091911, 15.973377 20.117435, 15.93257 20.135971, 15.889109 20.146922, 15.85 20.15, 13.85 20.15, 13.810891 20.146922, 13.76743 20.135971, 13.726623 20.117435, 13.689781 20.091911, 13.658089 20.060219, 13.632565 20.023377, 13.614029 19.98257, 13.603078 19.939109, 13.6 19.9, 13.6 18.1, 13.603078 18.060891, 13.614029 18.01743, 13.632565 17.976623, 13.658089 17.939781, 13.689781 17.908089, 13.726623 17.882565, 13.76743 17.864029, 13.810891 17.853078, 13.85 17.85, 15.85 17.85, 15.889109 17.853078, 15.93257 17.864029, 15.973377 17.882565, 16.010219 17.908089, 16.041911 17.939781, 16.067435 17.976623, 16.085971 18.01743, 16.096922 18.060891, 16.1 18.1, 16.1 19.9))",0.569535,6.2117,14.850000000000007,19.000000000000007,180.0,Geometric release screen passes
Main,R141,1,1,0.72485,3.154601,0.1,"POLYGON ((63.725 65.225, 63.689716 65.221863, 63.65081 65.210731, 63.614941 65.191994, 63.583579 65.166421, 63.558006 65.135059, 63.539269 65.09919, 63.528137 65.060284, 63.525 65.025, 63.525 64.625, 63.528137 64.589716, 63.539269 64.55081, 63.558006 64.514941, 63.583579 64.483579, 63.614941 64.458006, 63.65081 64.439269, 63.689716 64.428137, 63.725 64.425, 64.275 64.425, 64.310284 64.428137, 64.34919 64.439269, 64.385059 64.458006, 64.416421 64.483579, 64.441994 64.514941, 64.460731 64.55081, 64.471863 64.589716, 64.475 64.625, 64.475 65.025, 64.471863 65.060284, 64.460731 65.09919, 64.441994 65.135059, 64.416421 65.166421, 64.385059 65.191994, 64.34919 65.210731, 64.310284 65.221863, 64.275 65.225, 63.725 65.225))",0.072485,2.2978,63.99999999999998,64.82499999999997,90.0,Geometric release screen passes
Main,R141,2,1,0.72485,3.154601,0.1,"POLYGON ((63.725 63.575, 63.689716 63.571863, 63.65081 63.560731, 63.614941 63.541994, 63.583579 63.516421, 63.558006 63.485059, 63.539269 63.44919, 63.528137 63.410284, 63.525 63.375, 63.525 62.975, 63.528137 62.939716, 63.539269 62.90081, 63.558006 62.864941, 63.583579 62.833579, 63.614941 62.808006, 63.65081 62.789269, 63.689716 62.778137, 63.725 62.775, 64.275 62.775, 64.310284 62.778137, 64.34919 62.789269, 64.385059 62.808006, 64.416421 62.833579, 64.441994 62.864941, 64.460731 62.90081, 64.471863 62.939716, 64.475 62.975, 64.475 63.375, 64.471863 63.410284, 64.460731 63.44919, 64.441994 63.485059, 64.416421 63.516421, 64.385059 63.541994, 64.34919 63.560731, 64.310284 63.571863, 64.275 63.575, 63.725 63.575))",0.072485,2.2978,63.99999999999998,63.175000000000026,90.0,Geometric release screen passes
Main,R45,1,1,0.72485,3.154601,0.1,"POLYGON ((56.725 61.975, 56.689716 61.971863, 56.65081 61.960731, 56.614941 61.941994, 56.583579 61.916421, 56.558006 61.885059, 56.539269 61.84919, 56.528137 61.810284, 56.525 61.775, 56.525 61.375, 56.528137 61.339716, 56.539269 61.30081, 56.558006 61.264941, 56.583579 61.233579, 56.614941 61.208006, 56.65081 61.189269, 56.689716 61.178137, 56.725 61.175, 57.275 61.175, 57.310284 61.178137, 57.34919 61.189269, 57.385059 61.208006, 57.416421 61.233579, 57.441994 61.264941, 57.460731 61.30081, 57.471863 61.339716, 57.475 61.375, 57.475 61.775, 57.471863 61.810284, 57.460731 61.84919, 57.441994 61.885059, 57.416421 61.916421, 57.385059 61.941994, 57.34919 61.960731, 57.310284 61.971863, 57.275 61.975, 56.725 61.975))",0.072485,2.2978,56.99999999999999,61.574999999999996,90.0,Geometric release screen passes
Main,R45,2,1,0.72485,3.154601,0.1,"POLYGON ((56.725 60.325, 56.689716 60.321863, 56.65081 60.310731, 56.614941 60.291994, 56.583579 60.266421, 56.558006 60.235059, 56.539269 60.19919, 56.528137 60.160284, 56.525 60.125, 56.525 59.725, 56.528137 59.689716, 56.539269 59.65081, 56.558006 59.614941, 56.583579 59.583579, 56.614941 59.558006, 56.65081 59.539269, 56.689716 59.528137, 56.725 59.525, 57.275 59.525, 57.310284 59.528137, 57.34919 59.539269, 57.385059 59.558006, 57.416421 59.583579, 57.441994 59.614941, 57.460731 59.65081, 57.471863 59.689716, 57.475 59.725, 57.475 60.125, 57.471863 60.160284, 57.460731 60.19919, 57.441994 60.235059, 57.416421 60.266421, 57.385059 60.291994, 57.34919 60.310731, 57.310284 60.321863, 57.275 60.325, 56.725 60.325))",0.072485,2.2978,57.00000000000001,59.925000000000004,90.0,Geometric release screen passes
Main,R11,1,1,0.72485,3.154601,0.1,"POLYGON ((16.275 51.225, 16.278137 51.189716, 16.289269 51.15081, 16.308006 51.114941, 16.333579 51.083579, 16.364941 51.058006, 16.40081 51.039269, 16.439716 51.028137, 16.475 51.025, 16.875 51.025, 16.910284 51.028137, 16.94919 51.039269, 16.985059 51.058006, 17.016421 51.083579, 17.041994 51.114941, 17.060731 51.15081, 17.071863 51.189716, 17.075 51.225, 17.075 51.775, 17.071863 51.810284, 17.060731 51.84919, 17.041994 51.885059, 17.016421 51.916421, 16.985059 51.941994, 16.94919 51.960731, 16.910284 51.971863, 16.875 51.975, 16.475 51.975, 16.439716 51.971863, 16.40081 51.960731, 16.364941 51.941994, 16.333579 51.916421, 16.308006 51.885059, 16.289269 51.84919, 16.278137 51.810284, 16.275 51.775, 16.275 51.225))",0.072485,2.2978,16.675000000000004,51.49999999999999,0.0,Geometric release screen passes
Main,R11,2,1,0.72485,3.154601,0.1,"POLYGON ((17.925 51.225, 17.928137 51.189716, 17.939269 51.15081, 17.958006 51.114941, 17.983579 51.083579, 18.014941 51.058006, 18.05081 51.039269, 18.089716 51.028137, 18.125 51.025, 18.525 51.025, 18.560284 51.028137, 18.59919 51.039269, 18.635059 51.058006, 18.666421 51.083579, 18.691994 51.114941, 18.710731 51.15081, 18.721863 51.189716, 18.725 51.225, 18.725 51.775, 18.721863 51.810284, 18.710731 51.84919, 18.691994 51.885059, 18.666421 51.916421, 18.635059 51.941994, 18.59919 51.960731, 18.560284 51.971863, 18.525 51.975, 18.125 51.975, 18.089716 51.971863, 18.05081 51.960731, 18.014941 51.941994, 17.983579 51.916421, 17.958006 51.885059, 17.939269 51.84919, 17.928137 51.810284, 17.925 51.775, 17.925 51.225))",0.072485,2.2978,18.325,51.5,0.0,Geometric release screen passes
Main,R58,1,1,0.72485,3.154601,0.1,"POLYGON ((30.975 24.375, 30.978137 24.339716, 30.989269 24.30081, 31.008006 24.264941, 31.033579 24.233579, 31.064941 24.208006, 31.10081 24.189269, 31.139716 24.178137, 31.175 24.175, 31.575 24.175, 31.610284 24.178137, 31.64919 24.189269, 31.685059 24.208006, 31.716421 24.233579, 31.741994 24.264941, 31.760731 24.30081, 31.771863 24.339716, 31.775 24.375, 31.775 24.925, 31.771863 24.960284, 31.760731 24.99919, 31.741994 25.035059, 31.716421 25.066421, 31.685059 25.091994, 31.64919 25.110731, 31.610284 25.121863, 31.575 25.125, 31.175 25.125, 31.139716 25.121863, 31.10081 25.110731, 31.064941 25.091994, 31.033579 25.066421, 31.008006 25.035059, 30.989269 24.99919, 30.978137 24.960284, 30.975 24.925, 30.975 24.375))",0.072485,2.2978,31.37499999999999,24.65,0.0,Geometric release screen passes
Main,R58,2,1,0.72485,3.154601,0.1,"POLYGON ((32.625 24.375, 32.628137 24.339716, 32.639269 24.30081, 32.658006 24.264941, 32.683579 24.233579, 32.714941 24.208006, 32.75081 24.189269, 32.789716 24.178137, 32.825 24.175, 33.225 24.175, 33.260284 24.178137, 33.29919 24.189269, 33.335059 24.208006, 33.366421 24.233579, 33.391994 24.264941, 33.410731 24.30081, 33.421863 24.339716, 33.425 24.375, 33.425 24.925, 33.421863 24.960284, 33.410731 24.99919, 33.391994 25.035059, 33.366421 25.066421, 33.335059 25.091994, 33.29919 25.110731, 33.260284 25.121863, 33.225 25.125, 32.825 25.125, 32.789716 25.121863, 32.75081 25.110731, 32.714941 25.091994, 32.683579 25.066421, 32.658006 25.035059, 32.639269 24.99919, 32.628137 24.960284, 32.625 24.925, 32.625 24.375))",0.072485,2.2978,33.02499999999999,24.649999999999995,0.0,Geometric release screen passes
Main,R128,1,1,0.72485,3.154601,0.1,"POLYGON ((50.225 25.975, 50.189716 25.971863, 50.15081 25.960731, 50.114941 25.941994, 50.083579 25.916421, 50.058006 25.885059, 50.039269 25.84919, 50.028137 25.810284, 50.025 25.775, 50.025 25.375, 50.028137 25.339716, 50.039269 25.30081, 50.058006 25.264941, 50.083579 25.233579, 50.114941 25.208006, 50.15081 25.189269, 50.189716 25.178137, 50.225 25.175, 50.775 25.175, 50.810284 25.178137, 50.84919 25.189269, 50.885059 25.208006, 50.916421 25.233579, 50.941994 25.264941, 50.960731 25.30081, 50.971863 25.339716, 50.975 25.375, 50.975 25.775, 50.971863 25.810284, 50.960731 25.84919, 50.941994 25.885059, 50.916421 25.916421, 50.885059 25.941994, 50.84919 25.960731, 50.810284 25.971863, 50.775 25.975, 50.225 25.975))",0.072485,2.2978,50.5,25.575000000000003,90.0,Geometric release screen passes
Main,R128,2,1,0.72485,3.154601,0.1,"POLYGON ((50.225 24.325, 50.189716 24.321863, 50.15081 24.310731, 50.114941 24.291994, 50.083579 24.266421, 50.058006 24.235059, 50.039269 24.19919, 50.028137 24.160284, 50.025 24.125, 50.025 23.725, 50.028137 23.689716, 50.039269 23.65081, 50.058006 23.614941, 50.083579 23.583579, 50.114941 23.558006, 50.15081 23.539269, 50.189716 23.528137, 50.225 23.525, 50.775 23.525, 50.810284 23.528137, 50.84919 23.539269, 50.885059 23.558006, 50.916421 23.583579, 50.941994 23.614941, 50.960731 23.65081, 50.971863 23.689716, 50.975 23.725, 50.975 24.125, 50.971863 24.160284, 50.960731 24.19919, 50.941994 24.235059, 50.916421 24.266421, 50.885059 24.291994, 50.84919 24.310731, 50.810284 24.321863, 50.775 24.325, 50.225 24.325))",0.072485,2.2978,50.49999999999999,23.92499999999999,90.0,Geometric release screen passes
Main,C25,1,1,0.810672,3.311779,0.1,"POLYGON ((24 30.475, 23.973288 30.473409, 23.931491 30.464316, 23.892169 30.447478, 23.856745 30.423502, 23.826498 30.393255, 23.802522 30.357831, 23.785684 30.318509, 23.776591 30.276712, 23.775 30.25, 23.775 29.8, 23.776591 29.773288, 23.785684 29.731491, 23.802522 29.692169, 23.826498 29.656745, 23.856745 29.626498, 23.892169 29.602522, 23.931491 29.585684, 23.973288 29.576591, 24 29.575, 24.5 29.575, 24.526712 29.576591, 24.568509 29.585684, 24.607831 29.602522, 24.643255 29.626498, 24.673502 29.656745, 24.697478 29.692169, 24.714316 29.731491, 24.723409 29.773288, 24.725 29.8, 24.725 30.25, 24.723409 30.276712, 24.714316 30.318509, 24.697478 30.357831, 24.673502 30.393255, 24.643255 30.423502, 24.607831 30.447478, 24.568509 30.464316, 24.526712 30.473409, 24.5 30.475, 24 30.475))",0.081067,2.4478,24.25,30.025000000000002,90.0,Geometric release screen passes
Main,C25,2,1,0.810672,3.311779,0.1,"POLYGON ((24 28.925, 23.973288 28.923409, 23.931491 28.914316, 23.892169 28.897478, 23.856745 28.873502, 23.826498 28.843255, 23.802522 28.807831, 23.785684 28.768509, 23.776591 28.726712, 23.775 28.7, 23.775 28.25, 23.776591 28.223288, 23.785684 28.181491, 23.802522 28.142169, 23.826498 28.106745, 23.856745 28.076498, 23.892169 28.052522, 23.931491 28.035684, 23.973288 28.026591, 24 28.025, 24.5 28.025, 24.526712 28.026591, 24.568509 28.035684, 24.607831 28.052522, 24.643255 28.076498, 24.673502 28.106745, 24.697478 28.142169, 24.714316 28.181491, 24.723409 28.223288, 24.725 28.25, 24.725 28.7, 24.723409 28.726712, 24.714316 28.768509, 24.697478 28.807831, 24.673502 28.843255, 24.643255 28.873502, 24.607831 28.897478, 24.568509 28.914316, 24.526712 28.923409, 24.5 28.925, 24 28.925))",0.081067,2.4478,24.249999999999996,28.475000000000005,90.0,Geometric release screen passes
Main,U28,1,1,0.351872,2.598028,0.1,"POLYGON ((21.2625 41.85, 21.246233 41.848475, 21.221614 41.83986, 21.200628 41.824372, 21.18514 41.803386, 21.176525 41.778767, 21.175 41.7625, 21.175 40.9125, 21.176525 40.896233, 21.18514 40.871614, 21.200628 40.850628, 21.221614 40.83514, 21.246233 40.826525, 21.2625 40.825, 21.4375 40.825, 21.453767 40.826525, 21.478386 40.83514, 21.499372 40.850628, 21.51486 40.871614, 21.523475 40.896233, 21.525 40.9125, 21.525 41.7625, 21.523475 41.778767, 21.51486 41.803386, 21.499372 41.824372, 21.478386 41.83986, 21.453767 41.848475, 21.4375 41.85, 21.2625 41.85))",0.035187,1.3544,21.349999999999998,41.3375,90.0,Geometric release screen passes
Main,U28,2,1,0.351872,2.598028,0.1,"POLYGON ((21.9125 41.85, 21.896233 41.848475, 21.871614 41.83986, 21.850628 41.824372, 21.83514 41.803386, 21.826525 41.778767, 21.825 41.7625, 21.825 40.9125, 21.826525 40.896233, 21.83514 40.871614, 21.850628 40.850628, 21.871614 40.83514, 21.896233 40.826525, 21.9125 40.825, 22.0875 40.825, 22.103767 40.826525, 22.128386 40.83514, 22.149372 40.850628, 22.16486 40.871614, 22.173475 40.896233, 22.175 40.9125, 22.175 41.7625, 22.173475 41.778767, 22.16486 41.803386, 22.149372 41.824372, 22.128386 41.83986, 22.103767 41.848475, 22.0875 41.85, 21.9125 41.85))",0.035187,1.3544,22.0,41.33750000000001,90.0,Geometric release screen passes
Main,U28,3,1,0.351872,2.598028,0.1,"POLYGON ((22.5625 41.85, 22.546233 41.848475, 22.521614 41.83986, 22.500628 41.824372, 22.48514 41.803386, 22.476525 41.778767, 22.475 41.7625, 22.475 40.9125, 22.476525 40.896233, 22.48514 40.871614, 22.500628 40.850628, 22.521614 40.83514, 22.546233 40.826525, 22.5625 40.825, 22.7375 40.825, 22.753767 40.826525, 22.778386 40.83514, 22.799372 40.850628, 22.81486 40.871614, 22.823475 40.896233, 22.825 40.9125, 22.825 41.7625, 22.823475 41.778767, 22.81486 41.803386, 22.799372 41.824372, 22.778386 41.83986, 22.753767 41.848475, 22.7375 41.85, 22.5625 41.85))",0.035187,1.3544,22.65,41.3375,90.0,Geometric release screen passes
Main,U28,4,1,0.351872,2.598028,0.1,"POLYGON ((22.5625 40.175, 22.546233 40.173475, 22.521614 40.16486, 22.500628 40.149372, 22.48514 40.128386, 22.476525 40.103767, 22.475 40.0875, 22.475 39.2375, 22.476525 39.221233, 22.48514 39.196614, 22.500628 39.175628, 22.521614 39.16014, 22.546233 39.151525, 22.5625 39.15, 22.7375 39.15, 22.753767 39.151525, 22.778386 39.16014, 22.799372 39.175628, 22.81486 39.196614, 22.823475 39.221233, 22.825 39.2375, 22.825 40.0875, 22.823475 40.103767, 22.81486 40.128386, 22.799372 40.149372, 22.778386 40.16486, 22.753767 40.173475, 22.7375 40.175, 22.5625 40.175))",0.035187,1.3544,22.65,39.66249999999998,90.0,Geometric release screen passes
Main,U28,5,1,0.351872,2.598028,0.1,"POLYGON ((21.9125 40.175, 21.896233 40.173475, 21.871614 40.16486, 21.850628 40.149372, 21.83514 40.128386, 21.826525 40.103767, 21.825 40.0875, 21.825 39.2375, 21.826525 39.221233, 21.83514 39.196614, 21.850628 39.175628, 21.871614 39.16014, 21.896233 39.151525, 21.9125 39.15, 22.0875 39.15, 22.103767 39.151525, 22.128386 39.16014, 22.149372 39.175628, 22.16486 39.196614, 22.173475 39.221233, 22.175 39.2375, 22.175 40.0875, 22.173475 40.103767, 22.16486 40.128386, 22.149372 40.149372, 22.128386 40.16486, 22.103767 40.173475, 22.0875 40.175, 21.9125 40.175))",0.035187,1.3544,22.000000000000004,39.662499999999994,90.0,Geometric release screen passes
Main,U28,6,1,0.351872,2.598028,0.1,"POLYGON ((21.2625 40.175, 21.246233 40.173475, 21.221614 40.16486, 21.200628 40.149372, 21.18514 40.128386, 21.176525 40.103767, 21.175 40.0875, 21.175 39.2375, 21.176525 39.221233, 21.18514 39.196614, 21.200628 39.175628, 21.221614 39.16014, 21.246233 39.151525, 21.2625 39.15, 21.4375 39.15, 21.453767 39.151525, 21.478386 39.16014, 21.499372 39.175628, 21.51486 39.196614, 21.523475 39.221233, 21.525 39.2375, 21.525 40.0875, 21.523475 40.103767, 21.51486 40.128386, 21.499372 40.149372, 21.478386 40.16486, 21.453767 40.173475, 21.4375 40.175, 21.2625 40.175))",0.035187,1.3544,21.350000000000005,39.662499999999994,90.0,Geometric release screen passes
Main,R78,1,1,0.72485,3.154601,0.1,"POLYGON ((42.725 88.225, 42.689716 88.221863, 42.65081 88.210731, 42.614941 88.191994, 42.583579 88.166421, 42.558006 88.135059, 42.539269 88.09919, 42.528137 88.060284, 42.525 88.025, 42.525 87.625, 42.528137 87.589716, 42.539269 87.55081, 42.558006 87.514941, 42.583579 87.483579, 42.614941 87.458006, 42.65081 87.439269, 42.689716 87.428137, 42.725 87.425, 43.275 87.425, 43.310284 87.428137, 43.34919 87.439269, 43.385059 87.458006, 43.416421 87.483579, 43.441994 87.514941, 43.460731 87.55081, 43.471863 87.589716, 43.475 87.625, 43.475 88.025, 43.471863 88.060284, 43.460731 88.09919, 43.441994 88.135059, 43.416421 88.166421, 43.385059 88.191994, 43.34919 88.210731, 43.310284 88.221863, 43.275 88.225, 42.725 88.225))",0.072485,2.2978,42.99999999999999,87.825,90.0,Geometric release screen passes
Main,R78,2,1,0.72485,3.154601,0.1,"POLYGON ((42.725 86.575, 42.689716 86.571863, 42.65081 86.560731, 42.614941 86.541994, 42.583579 86.516421, 42.558006 86.485059, 42.539269 86.44919, 42.528137 86.410284, 42.525 86.375, 42.525 85.975, 42.528137 85.939716, 42.539269 85.90081, 42.558006 85.864941, 42.583579 85.833579, 42.614941 85.808006, 42.65081 85.789269, 42.689716 85.778137, 42.725 85.775, 43.275 85.775, 43.310284 85.778137, 43.34919 85.789269, 43.385059 85.808006, 43.416421 85.833579, 43.441994 85.864941, 43.460731 85.90081, 43.471863 85.939716, 43.475 85.975, 43.475 86.375, 43.471863 86.410284, 43.460731 86.44919, 43.441994 86.485059, 43.416421 86.516421, 43.385059 86.541994, 43.34919 86.560731, 43.310284 86.571863, 43.275 86.575, 42.725 86.575))",0.072485,2.2978,43.0,86.175,90.0,Geometric release screen passes
Main,C71,1,1,0.810672,3.311779,0.1,"POLYGON ((48.75 86.475, 48.723288 86.473409, 48.681491 86.464316, 48.642169 86.447478, 48.606745 86.423502, 48.576498 86.393255, 48.552522 86.357831, 48.535684 86.318509, 48.526591 86.276712, 48.525 86.25, 48.525 85.8, 48.526591 85.773288, 48.535684 85.731491, 48.552522 85.692169, 48.576498 85.656745, 48.606745 85.626498, 48.642169 85.602522, 48.681491 85.585684, 48.723288 85.576591, 48.75 85.575, 49.25 85.575, 49.276712 85.576591, 49.318509 85.585684, 49.357831 85.602522, 49.393255 85.626498, 49.423502 85.656745, 49.447478 85.692169, 49.464316 85.731491, 49.473409 85.773288, 49.475 85.8, 49.475 86.25, 49.473409 86.276712, 49.464316 86.318509, 49.447478 86.357831, 49.423502 86.393255, 49.393255 86.423502, 49.357831 86.447478, 49.318509 86.464316, 49.276712 86.473409, 49.25 86.475, 48.75 86.475))",0.081067,2.4478,48.99999999999999,86.02499999999998,90.0,Geometric release screen passes
Main,C71,2,1,0.810672,3.311779,0.1,"POLYGON ((48.75 84.925, 48.723288 84.923409, 48.681491 84.914316, 48.642169 84.897478, 48.606745 84.873502, 48.576498 84.843255, 48.552522 84.807831, 48.535684 84.768509, 48.526591 84.726712, 48.525 84.7, 48.525 84.25, 48.526591 84.223288, 48.535684 84.181491, 48.552522 84.142169, 48.576498 84.106745, 48.606745 84.076498, 48.642169 84.052522, 48.681491 84.035684, 48.723288 84.026591, 48.75 84.025, 49.25 84.025, 49.276712 84.026591, 49.318509 84.035684, 49.357831 84.052522, 49.393255 84.076498, 49.423502 84.106745, 49.447478 84.142169, 49.464316 84.181491, 49.473409 84.223288, 49.475 84.25, 49.475 84.7, 49.473409 84.726712, 49.464316 84.768509, 49.447478 84.807831, 49.423502 84.843255, 49.393255 84.873502, 49.357831 84.897478, 49.318509 84.914316, 49.276712 84.923409, 49.25 84.925, 48.75 84.925))",0.081067,2.4478,49.0,84.47499999999998,90.0,Geometric release screen passes
Main,C81,1,1,0.810672,3.311779,0.1,"POLYGON ((28.025 70, 28.026591 69.973288, 28.035684 69.931491, 28.052522 69.892169, 28.076498 69.856745, 28.106745 69.826498, 28.142169 69.802522, 28.181491 69.785684, 28.223288 69.776591, 28.25 69.775, 28.7 69.775, 28.726712 69.776591, 28.768509 69.785684, 28.807831 69.802522, 28.843255 69.826498, 28.873502 69.856745, 28.897478 69.892169, 28.914316 69.931491, 28.923409 69.973288, 28.925 70, 28.925 70.5, 28.923409 70.526712, 28.914316 70.568509, 28.897478 70.607831, 28.873502 70.643255, 28.843255 70.673502, 28.807831 70.697478, 28.768509 70.714316, 28.726712 70.723409, 28.7 70.725, 28.25 70.725, 28.223288 70.723409, 28.181491 70.714316, 28.142169 70.697478, 28.106745 70.673502, 28.076498 70.643255, 28.052522 70.607831, 28.035684 70.568509, 28.026591 70.526712, 28.025 70.5, 28.025 70))",0.081067,2.4478,28.475000000000005,70.24999999999997,0.0,Geometric release screen passes
Main,C81,2,1,0.810672,3.311779,0.1,"POLYGON ((29.575 70, 29.576591 69.973288, 29.585684 69.931491, 29.602522 69.892169, 29.626498 69.856745, 29.656745 69.826498, 29.692169 69.802522, 29.731491 69.785684, 29.773288 69.776591, 29.8 69.775, 30.25 69.775, 30.276712 69.776591, 30.318509 69.785684, 30.357831 69.802522, 30.393255 69.826498, 30.423502 69.856745, 30.447478 69.892169, 30.464316 69.931491, 30.473409 69.973288, 30.475 70, 30.475 70.5, 30.473409 70.526712, 30.464316 70.568509, 30.447478 70.607831, 30.423502 70.643255, 30.393255 70.673502, 30.357831 70.697478, 30.318509 70.714316, 30.276712 70.723409, 30.25 70.725, 29.8 70.725, 29.773288 70.723409, 29.731491 70.714316, 29.692169 70.697478, 29.656745 70.673502, 29.626498 70.643255, 29.602522 70.607831, 29.585684 70.568509, 29.576591 70.526712, 29.575 70.5, 29.575 70))",0.081067,2.4478,30.02499999999999,70.24999999999997,0.0,Geometric release screen passes
Main,R79,1,1,0.72485,3.154601,0.1,"POLYGON ((44.725 88.225, 44.689716 88.221863, 44.65081 88.210731, 44.614941 88.191994, 44.583579 88.166421, 44.558006 88.135059, 44.539269 88.09919, 44.528137 88.060284, 44.525 88.025, 44.525 87.625, 44.528137 87.589716, 44.539269 87.55081, 44.558006 87.514941, 44.583579 87.483579, 44.614941 87.458006, 44.65081 87.439269, 44.689716 87.428137, 44.725 87.425, 45.275 87.425, 45.310284 87.428137, 45.34919 87.439269, 45.385059 87.458006, 45.416421 87.483579, 45.441994 87.514941, 45.460731 87.55081, 45.471863 87.589716, 45.475 87.625, 45.475 88.025, 45.471863 88.060284, 45.460731 88.09919, 45.441994 88.135059, 45.416421 88.166421, 45.385059 88.191994, 45.34919 88.210731, 45.310284 88.221863, 45.275 88.225, 44.725 88.225))",0.072485,2.2978,45.00000000000001,87.825,90.0,Geometric release screen passes
Main,R79,2,1,0.72485,3.154601,0.1,"POLYGON ((44.725 86.575, 44.689716 86.571863, 44.65081 86.560731, 44.614941 86.541994, 44.583579 86.516421, 44.558006 86.485059, 44.539269 86.44919, 44.528137 86.410284, 44.525 86.375, 44.525 85.975, 44.528137 85.939716, 44.539269 85.90081, 44.558006 85.864941, 44.583579 85.833579, 44.614941 85.808006, 44.65081 85.789269, 44.689716 85.778137, 44.725 85.775, 45.275 85.775, 45.310284 85.778137, 45.34919 85.789269, 45.385059 85.808006, 45.416421 85.833579, 45.441994 85.864941, 45.460731 85.90081, 45.471863 85.939716, 45.475 85.975, 45.475 86.375, 45.471863 86.410284, 45.460731 86.44919, 45.441994 86.485059, 45.416421 86.516421, 45.385059 86.541994, 45.34919 86.560731, 45.310284 86.571863, 45.275 86.575, 44.725 86.575))",0.072485,2.2978,45.000000000000014,86.175,90.0,Geometric release screen passes
Main,C86,1,1,0.810672,3.311779,0.1,"POLYGON ((47.575 70.79, 47.576591 70.763288, 47.585684 70.721491, 47.602522 70.682169, 47.626498 70.646745, 47.656745 70.616498, 47.692169 70.592522, 47.731491 70.575684, 47.773288 70.566591, 47.8 70.565, 48.25 70.565, 48.276712 70.566591, 48.318509 70.575684, 48.357831 70.592522, 48.393255 70.616498, 48.423502 70.646745, 48.447478 70.682169, 48.464316 70.721491, 48.473409 70.763288, 48.475 70.79, 48.475 71.29, 48.473409 71.316712, 48.464316 71.358509, 48.447478 71.397831, 48.423502 71.433255, 48.393255 71.463502, 48.357831 71.487478, 48.318509 71.504316, 48.276712 71.513409, 48.25 71.515, 47.8 71.515, 47.773288 71.513409, 47.731491 71.504316, 47.692169 71.487478, 47.656745 71.463502, 47.626498 71.433255, 47.602522 71.397831, 47.585684 71.358509, 47.576591 71.316712, 47.575 71.29, 47.575 70.79))",0.081067,2.4478,48.02500000000002,71.04000000000002,0.0,Geometric release screen passes
Main,C86,2,1,0.810672,3.311779,0.1,"POLYGON ((49.125 70.79, 49.126591 70.763288, 49.135684 70.721491, 49.152522 70.682169, 49.176498 70.646745, 49.206745 70.616498, 49.242169 70.592522, 49.281491 70.575684, 49.323288 70.566591, 49.35 70.565, 49.8 70.565, 49.826712 70.566591, 49.868509 70.575684, 49.907831 70.592522, 49.943255 70.616498, 49.973502 70.646745, 49.997478 70.682169, 50.014316 70.721491, 50.023409 70.763288, 50.025 70.79, 50.025 71.29, 50.023409 71.316712, 50.014316 71.358509, 49.997478 71.397831, 49.973502 71.433255, 49.943255 71.463502, 49.907831 71.487478, 49.868509 71.504316, 49.826712 71.513409, 49.8 71.515, 49.35 71.515, 49.323288 71.513409, 49.281491 71.504316, 49.242169 71.487478, 49.206745 71.463502, 49.176498 71.433255, 49.152522 71.397831, 49.135684 71.358509, 49.126591 71.316712, 49.125 71.29, 49.125 70.79))",0.081067,2.4478,49.574999999999996,71.03999999999998,0.0,Geometric release screen passes
Main,R129,1,1,0.72485,3.154601,0.1,"POLYGON ((47.475 26.725, 47.439716 26.721863, 47.40081 26.710731, 47.364941 26.691994, 47.333579 26.666421, 47.308006 26.635059, 47.289269 26.59919, 47.278137 26.560284, 47.275 26.525, 47.275 26.125, 47.278137 26.089716, 47.289269 26.05081, 47.308006 26.014941, 47.333579 25.983579, 47.364941 25.958006, 47.40081 25.939269, 47.439716 25.928137, 47.475 25.925, 48.025 25.925, 48.060284 25.928137, 48.09919 25.939269, 48.135059 25.958006, 48.166421 25.983579, 48.191994 26.014941, 48.210731 26.05081, 48.221863 26.089716, 48.225 26.125, 48.225 26.525, 48.221863 26.560284, 48.210731 26.59919, 48.191994 26.635059, 48.166421 26.666421, 48.135059 26.691994, 48.09919 26.710731, 48.060284 26.721863, 48.025 26.725, 47.475 26.725))",0.072485,2.2978,47.749999999999986,26.325,90.0,Geometric release screen passes
Main,R129,2,1,0.72485,3.154601,0.1,"POLYGON ((47.475 25.075, 47.439716 25.071863, 47.40081 25.060731, 47.364941 25.041994, 47.333579 25.016421, 47.308006 24.985059, 47.289269 24.94919, 47.278137 24.910284, 47.275 24.875, 47.275 24.475, 47.278137 24.439716, 47.289269 24.40081, 47.308006 24.364941, 47.333579 24.333579, 47.364941 24.308006, 47.40081 24.289269, 47.439716 24.278137, 47.475 24.275, 48.025 24.275, 48.060284 24.278137, 48.09919 24.289269, 48.135059 24.308006, 48.166421 24.333579, 48.191994 24.364941, 48.210731 24.40081, 48.221863 24.439716, 48.225 24.475, 48.225 24.875, 48.221863 24.910284, 48.210731 24.94919, 48.191994 24.985059, 48.166421 25.016421, 48.135059 25.041994, 48.09919 25.060731, 48.060284 25.071863, 48.025 25.075, 47.475 25.075))",0.072485,2.2978,47.75,24.674999999999997,90.0,Geometric release screen passes
Main,C40,1,1,1.395346,4.468787,0.1,"POLYGON ((58.75 59.425, 58.753078 59.385891, 58.764029 59.34243, 58.782565 59.301623, 58.808089 59.264781, 58.839781 59.233089, 58.876623 59.207565, 58.91743 59.189029, 58.960891 59.178078, 59 59.175, 59.5 59.175, 59.539109 59.178078, 59.58257 59.189029, 59.623377 59.207565, 59.660219 59.233089, 59.691911 59.264781, 59.717435 59.301623, 59.735971 59.34243, 59.746922 59.385891, 59.75 59.425, 59.75 60.375, 59.746922 60.414109, 59.735971 60.45757, 59.717435 60.498377, 59.691911 60.535219, 59.660219 60.566911, 59.623377 60.592435, 59.58257 60.610971, 59.539109 60.621922, 59.5 60.625, 59 60.625, 58.960891 60.621922, 58.91743 60.610971, 58.876623 60.592435, 58.839781 60.566911, 58.808089 60.535219, 58.782565 60.498377, 58.764029 60.45757, 58.753078 60.414109, 58.75 60.375, 58.75 59.425))",0.139535,3.1224,59.25000000000001,59.900000000000006,0.0,Geometric release screen passes
Main,C40,2,1,1.395346,4.468787,0.1,"POLYGON ((60.65 59.425, 60.653078 59.385891, 60.664029 59.34243, 60.682565 59.301623, 60.708089 59.264781, 60.739781 59.233089, 60.776623 59.207565, 60.81743 59.189029, 60.860891 59.178078, 60.9 59.175, 61.4 59.175, 61.439109 59.178078, 61.48257 59.189029, 61.523377 59.207565, 61.560219 59.233089, 61.591911 59.264781, 61.617435 59.301623, 61.635971 59.34243, 61.646922 59.385891, 61.65 59.425, 61.65 60.375, 61.646922 60.414109, 61.635971 60.45757, 61.617435 60.498377, 61.591911 60.535219, 61.560219 60.566911, 61.523377 60.592435, 61.48257 60.610971, 61.439109 60.621922, 61.4 60.625, 60.9 60.625, 60.860891 60.621922, 60.81743 60.610971, 60.776623 60.592435, 60.739781 60.566911, 60.708089 60.535219, 60.682565 60.498377, 60.664029 60.45757, 60.653078 60.414109, 60.65 60.375, 60.65 59.425))",0.139535,3.1224,61.15,59.89999999999999,0.0,Geometric release screen passes
Main,U4,,1,0.627654,3.112144,0.1,"POLYGON ((16.55 44.25, 16.553806 44.230866, 16.564645 44.214645, 16.580866 44.203806, 16.6 44.2, 17.4 44.2, 17.419134 44.203806, 17.435355 44.214645, 17.446194 44.230866, 17.45 44.25, 17.45 44.85, 17.446194 44.869134, 17.435355 44.885355, 17.419134 44.896194, 17.4 44.9, 16.6 44.9, 16.580866 44.896194, 16.564645 44.885355, 16.553806 44.869134, 16.55 44.85, 16.55 44.25))",0.062765,2.0168,16.99999999999999,44.55,0.0,Geometric release screen passes
Main,U4,,1,0.627654,3.112144,0.1,"POLYGON ((16.55 45.15, 16.553806 45.130866, 16.564645 45.114645, 16.580866 45.103806, 16.6 45.1, 17.4 45.1, 17.419134 45.103806, 17.435355 45.114645, 17.446194 45.130866, 17.45 45.15, 17.45 45.75, 17.446194 45.769134, 17.435355 45.785355, 17.419134 45.796194, 17.4 45.8, 16.6 45.8, 16.580866 45.796194, 16.564645 45.785355, 16.553806 45.769134, 16.55 45.75, 16.55 45.15))",0.062765,2.0168,17.0,45.45,0.0,Geometric release screen passes
Main,U4,1,1,0.146435,1.590998,0.1,"POLYGON ((15.75 44.1875, 15.75213 44.171324, 15.761303 44.151651, 15.776651 44.136303, 15.796324 44.12713, 15.8125 44.125, 16.2875 44.125, 16.303676 44.12713, 16.323349 44.136303, 16.338697 44.151651, 16.34787 44.171324, 16.35 44.1875, 16.35 44.3125, 16.34787 44.328676, 16.338697 44.348349, 16.323349 44.363697, 16.303676 44.37287, 16.2875 44.375, 15.8125 44.375, 15.796324 44.37287, 15.776651 44.363697, 15.761303 44.348349, 15.75213 44.328676, 15.75 44.3125, 15.75 44.1875))",0.014644,0.9204,16.050000000000004,44.25,0.0,Geometric release screen passes
Main,U4,2,1,0.146435,1.590998,0.1,"POLYGON ((15.75 44.6875, 15.75213 44.671324, 15.761303 44.651651, 15.776651 44.636303, 15.796324 44.62713, 15.8125 44.625, 16.2875 44.625, 16.303676 44.62713, 16.323349 44.636303, 16.338697 44.651651, 16.34787 44.671324, 16.35 44.6875, 16.35 44.8125, 16.34787 44.828676, 16.338697 44.848349, 16.323349 44.863697, 16.303676 44.87287, 16.2875 44.875, 15.8125 44.875, 15.796324 44.87287, 15.776651 44.863697, 15.761303 44.848349, 15.75213 44.828676, 15.75 44.8125, 15.75 44.6875))",0.014644,0.9204,16.050000000000004,44.75000000000001,0.0,Geometric release screen passes
Main,U4,3,1,0.146435,1.590998,0.1,"POLYGON ((15.75 45.1875, 15.75213 45.171324, 15.761303 45.151651, 15.776651 45.136303, 15.796324 45.12713, 15.8125 45.125, 16.2875 45.125, 16.303676 45.12713, 16.323349 45.136303, 16.338697 45.151651, 16.34787 45.171324, 16.35 45.1875, 16.35 45.3125, 16.34787 45.328676, 16.338697 45.348349, 16.323349 45.363697, 16.303676 45.37287, 16.2875 45.375, 15.8125 45.375, 15.796324 45.37287, 15.776651 45.363697, 15.761303 45.348349, 15.75213 45.328676, 15.75 45.3125, 15.75 45.1875))",0.014644,0.9204,16.050000000000004,45.249999999999986,0.0,Geometric release screen passes
Main,U4,4,1,0.146435,1.590998,0.1,"POLYGON ((15.75 45.6875, 15.75213 45.671324, 15.761303 45.651651, 15.776651 45.636303, 15.796324 45.62713, 15.8125 45.625, 16.2875 45.625, 16.303676 45.62713, 16.323349 45.636303, 16.338697 45.651651, 16.34787 45.671324, 16.35 45.6875, 16.35 45.8125, 16.34787 45.828676, 16.338697 45.848349, 16.323349 45.863697, 16.303676 45.87287, 16.2875 45.875, 15.8125 45.875, 15.796324 45.87287, 15.776651 45.863697, 15.761303 45.848349, 15.75213 45.828676, 15.75 45.8125, 15.75 45.6875))",0.014644,0.9204,16.050000000000004,45.75,0.0,Geometric release screen passes
Main,U4,5,1,0.146435,1.590998,0.1,"POLYGON ((17.65 45.6875, 17.65213 45.671324, 17.661303 45.651651, 17.676651 45.636303, 17.696324 45.62713, 17.7125 45.625, 18.1875 45.625, 18.203676 45.62713, 18.223349 45.636303, 18.238697 45.651651, 18.24787 45.671324, 18.25 45.6875, 18.25 45.8125, 18.24787 45.828676, 18.238697 45.848349, 18.223349 45.863697, 18.203676 45.87287, 18.1875 45.875, 17.7125 45.875, 17.696324 45.87287, 17.676651 45.863697, 17.661303 45.848349, 17.65213 45.828676, 17.65 45.8125, 17.65 45.6875))",0.014644,0.9204,17.949999999999992,45.749999999999986,0.0,Geometric release screen passes
Main,U4,6,1,0.146435,1.590998,0.1,"POLYGON ((17.65 45.1875, 17.65213 45.171324, 17.661303 45.151651, 17.676651 45.136303, 17.696324 45.12713, 17.7125 45.125, 18.1875 45.125, 18.203676 45.12713, 18.223349 45.136303, 18.238697 45.151651, 18.24787 45.171324, 18.25 45.1875, 18.25 45.3125, 18.24787 45.328676, 18.238697 45.348349, 18.223349 45.363697, 18.203676 45.37287, 18.1875 45.375, 17.7125 45.375, 17.696324 45.37287, 17.676651 45.363697, 17.661303 45.348349, 17.65213 45.328676, 17.65 45.3125, 17.65 45.1875))",0.014644,0.9204,17.949999999999992,45.25,0.0,Geometric release screen passes
Main,U4,7,1,0.146435,1.590998,0.1,"POLYGON ((17.65 44.6875, 17.65213 44.671324, 17.661303 44.651651, 17.676651 44.636303, 17.696324 44.62713, 17.7125 44.625, 18.1875 44.625, 18.203676 44.62713, 18.223349 44.636303, 18.238697 44.651651, 18.24787 44.671324, 18.25 44.6875, 18.25 44.8125, 18.24787 44.828676, 18.238697 44.848349, 18.223349 44.863697, 18.203676 44.87287, 18.1875 44.875, 17.7125 44.875, 17.696324 44.87287, 17.676651 44.863697, 17.661303 44.848349, 17.65213 44.828676, 17.65 44.8125, 17.65 44.6875))",0.014644,0.9204,17.949999999999992,44.74999999999999,0.0,Geometric release screen passes
Main,U4,8,1,0.146435,1.590998,0.1,"POLYGON ((17.65 44.1875, 17.65213 44.171324, 17.661303 44.151651, 17.676651 44.136303, 17.696324 44.12713, 17.7125 44.125, 18.1875 44.125, 18.203676 44.12713, 18.223349 44.136303, 18.238697 44.151651, 18.24787 44.171324, 18.25 44.1875, 18.25 44.3125, 18.24787 44.328676, 18.238697 44.348349, 18.223349 44.363697, 18.203676 44.37287, 18.1875 44.375, 17.7125 44.375, 17.696324 44.37287, 17.676651 44.363697, 17.661303 44.348349, 17.65213 44.328676, 17.65 44.3125, 17.65 44.1875))",0.014644,0.9204,17.949999999999992,44.249999999999986,0.0,Geometric release screen passes
Main,R30,1,1,0.72485,3.154601,0.1,"POLYGON ((15.275 23.725, 15.278137 23.689716, 15.289269 23.65081, 15.308006 23.614941, 15.333579 23.583579, 15.364941 23.558006, 15.40081 23.539269, 15.439716 23.528137, 15.475 23.525, 15.875 23.525, 15.910284 23.528137, 15.94919 23.539269, 15.985059 23.558006, 16.016421 23.583579, 16.041994 23.614941, 16.060731 23.65081, 16.071863 23.689716, 16.075 23.725, 16.075 24.275, 16.071863 24.310284, 16.060731 24.34919, 16.041994 24.385059, 16.016421 24.416421, 15.985059 24.441994, 15.94919 24.460731, 15.910284 24.471863, 15.875 24.475, 15.475 24.475, 15.439716 24.471863, 15.40081 24.460731, 15.364941 24.441994, 15.333579 24.416421, 15.308006 24.385059, 15.289269 24.34919, 15.278137 24.310284, 15.275 24.275, 15.275 23.725))",0.072485,2.2978,15.675,23.999999999999996,0.0,Geometric release screen passes
Main,R30,2,1,0.72485,3.154601,0.1,"POLYGON ((16.925 23.725, 16.928137 23.689716, 16.939269 23.65081, 16.958006 23.614941, 16.983579 23.583579, 17.014941 23.558006, 17.05081 23.539269, 17.089716 23.528137, 17.125 23.525, 17.525 23.525, 17.560284 23.528137, 17.59919 23.539269, 17.635059 23.558006, 17.666421 23.583579, 17.691994 23.614941, 17.710731 23.65081, 17.721863 23.689716, 17.725 23.725, 17.725 24.275, 17.721863 24.310284, 17.710731 24.34919, 17.691994 24.385059, 17.666421 24.416421, 17.635059 24.441994, 17.59919 24.460731, 17.560284 24.471863, 17.525 24.475, 17.125 24.475, 17.089716 24.471863, 17.05081 24.460731, 17.014941 24.441994, 16.983579 24.416421, 16.958006 24.385059, 16.939269 24.34919, 16.928137 24.310284, 16.925 24.275, 16.925 23.725))",0.072485,2.2978,17.325000000000003,24.0,0.0,Geometric release screen passes
Main,C39,1,1,1.395346,4.468787,0.1,"POLYGON ((19.55 65.025, 19.553078 64.985891, 19.564029 64.94243, 19.582565 64.901623, 19.608089 64.864781, 19.639781 64.833089, 19.676623 64.807565, 19.71743 64.789029, 19.760891 64.778078, 19.8 64.775, 20.3 64.775, 20.339109 64.778078, 20.38257 64.789029, 20.423377 64.807565, 20.460219 64.833089, 20.491911 64.864781, 20.517435 64.901623, 20.535971 64.94243, 20.546922 64.985891, 20.55 65.025, 20.55 65.975, 20.546922 66.014109, 20.535971 66.05757, 20.517435 66.098377, 20.491911 66.135219, 20.460219 66.166911, 20.423377 66.192435, 20.38257 66.210971, 20.339109 66.221922, 20.3 66.225, 19.8 66.225, 19.760891 66.221922, 19.71743 66.210971, 19.676623 66.192435, 19.639781 66.166911, 19.608089 66.135219, 19.582565 66.098377, 19.564029 66.05757, 19.553078 66.014109, 19.55 65.975, 19.55 65.025))",0.139535,3.1224,20.05,65.50000000000001,0.0,Geometric release screen passes
Main,C39,2,1,1.395346,4.468787,0.1,"POLYGON ((21.45 65.025, 21.453078 64.985891, 21.464029 64.94243, 21.482565 64.901623, 21.508089 64.864781, 21.539781 64.833089, 21.576623 64.807565, 21.61743 64.789029, 21.660891 64.778078, 21.7 64.775, 22.2 64.775, 22.239109 64.778078, 22.28257 64.789029, 22.323377 64.807565, 22.360219 64.833089, 22.391911 64.864781, 22.417435 64.901623, 22.435971 64.94243, 22.446922 64.985891, 22.45 65.025, 22.45 65.975, 22.446922 66.014109, 22.435971 66.05757, 22.417435 66.098377, 22.391911 66.135219, 22.360219 66.166911, 22.323377 66.192435, 22.28257 66.210971, 22.239109 66.221922, 22.2 66.225, 21.7 66.225, 21.660891 66.221922, 21.61743 66.210971, 21.576623 66.192435, 21.539781 66.166911, 21.508089 66.135219, 21.482565 66.098377, 21.464029 66.05757, 21.453078 66.014109, 21.45 65.975, 21.45 65.025))",0.139535,3.1224,21.949999999999992,65.49999999999999,0.0,Geometric release screen passes
Main,C15,1,1,0.810672,3.311779,0.1,"POLYGON ((61.775 47.75, 61.776591 47.723288, 61.785684 47.681491, 61.802522 47.642169, 61.826498 47.606745, 61.856745 47.576498, 61.892169 47.552522, 61.931491 47.535684, 61.973288 47.526591, 62 47.525, 62.45 47.525, 62.476712 47.526591, 62.518509 47.535684, 62.557831 47.552522, 62.593255 47.576498, 62.623502 47.606745, 62.647478 47.642169, 62.664316 47.681491, 62.673409 47.723288, 62.675 47.75, 62.675 48.25, 62.673409 48.276712, 62.664316 48.318509, 62.647478 48.357831, 62.623502 48.393255, 62.593255 48.423502, 62.557831 48.447478, 62.518509 48.464316, 62.476712 48.473409, 62.45 48.475, 62 48.475, 61.973288 48.473409, 61.931491 48.464316, 61.892169 48.447478, 61.856745 48.423502, 61.826498 48.393255, 61.802522 48.357831, 61.785684 48.318509, 61.776591 48.276712, 61.775 48.25, 61.775 47.75))",0.081067,2.4478,62.22500000000001,48.000000000000014,0.0,Geometric release screen passes
Main,C15,2,1,0.810672,3.311779,0.1,"POLYGON ((63.325 47.75, 63.326591 47.723288, 63.335684 47.681491, 63.352522 47.642169, 63.376498 47.606745, 63.406745 47.576498, 63.442169 47.552522, 63.481491 47.535684, 63.523288 47.526591, 63.55 47.525, 64 47.525, 64.026712 47.526591, 64.068509 47.535684, 64.107831 47.552522, 64.143255 47.576498, 64.173502 47.606745, 64.197478 47.642169, 64.214316 47.681491, 64.223409 47.723288, 64.225 47.75, 64.225 48.25, 64.223409 48.276712, 64.214316 48.318509, 64.197478 48.357831, 64.173502 48.393255, 64.143255 48.423502, 64.107831 48.447478, 64.068509 48.464316, 64.026712 48.473409, 64 48.475, 63.55 48.475, 63.523288 48.473409, 63.481491 48.464316, 63.442169 48.447478, 63.406745 48.423502, 63.376498 48.393255, 63.352522 48.357831, 63.335684 48.318509, 63.326591 48.276712, 63.325 48.25, 63.325 47.75))",0.081067,2.4478,63.77499999999999,47.99999999999999,0.0,Geometric release screen passes
Main,R57,1,1,0.72485,3.154601,0.1,"POLYGON ((28.925 25.875, 28.889716 25.871863, 28.85081 25.860731, 28.814941 25.841994, 28.783579 25.816421, 28.758006 25.785059, 28.739269 25.74919, 28.728137 25.710284, 28.725 25.675, 28.725 25.275, 28.728137 25.239716, 28.739269 25.20081, 28.758006 25.164941, 28.783579 25.133579, 28.814941 25.108006, 28.85081 25.089269, 28.889716 25.078137, 28.925 25.075, 29.475 25.075, 29.510284 25.078137, 29.54919 25.089269, 29.585059 25.108006, 29.616421 25.133579, 29.641994 25.164941, 29.660731 25.20081, 29.671863 25.239716, 29.675 25.275, 29.675 25.675, 29.671863 25.710284, 29.660731 25.74919, 29.641994 25.785059, 29.616421 25.816421, 29.585059 25.841994, 29.54919 25.860731, 29.510284 25.871863, 29.475 25.875, 28.925 25.875))",0.072485,2.2978,29.200000000000003,25.474999999999994,90.0,Geometric release screen passes
Main,R57,2,1,0.72485,3.154601,0.1,"POLYGON ((28.925 24.225, 28.889716 24.221863, 28.85081 24.210731, 28.814941 24.191994, 28.783579 24.166421, 28.758006 24.135059, 28.739269 24.09919, 28.728137 24.060284, 28.725 24.025, 28.725 23.625, 28.728137 23.589716, 28.739269 23.55081, 28.758006 23.514941, 28.783579 23.483579, 28.814941 23.458006, 28.85081 23.439269, 28.889716 23.428137, 28.925 23.425, 29.475 23.425, 29.510284 23.428137, 29.54919 23.439269, 29.585059 23.458006, 29.616421 23.483579, 29.641994 23.514941, 29.660731 23.55081, 29.671863 23.589716, 29.675 23.625, 29.675 24.025, 29.671863 24.060284, 29.660731 24.09919, 29.641994 24.135059, 29.616421 24.166421, 29.585059 24.191994, 29.54919 24.210731, 29.510284 24.221863, 29.475 24.225, 28.925 24.225))",0.072485,2.2978,29.200000000000003,23.825,90.0,Geometric release screen passes
Main,R56,1,1,0.72485,3.154601,0.1,"POLYGON ((25.225 24.875, 25.228137 24.839716, 25.239269 24.80081, 25.258006 24.764941, 25.283579 24.733579, 25.314941 24.708006, 25.35081 24.689269, 25.389716 24.678137, 25.425 24.675, 25.825 24.675, 25.860284 24.678137, 25.89919 24.689269, 25.935059 24.708006, 25.966421 24.733579, 25.991994 24.764941, 26.010731 24.80081, 26.021863 24.839716, 26.025 24.875, 26.025 25.425, 26.021863 25.460284, 26.010731 25.49919, 25.991994 25.535059, 25.966421 25.566421, 25.935059 25.591994, 25.89919 25.610731, 25.860284 25.621863, 25.825 25.625, 25.425 25.625, 25.389716 25.621863, 25.35081 25.610731, 25.314941 25.591994, 25.283579 25.566421, 25.258006 25.535059, 25.239269 25.49919, 25.228137 25.460284, 25.225 25.425, 25.225 24.875))",0.072485,2.2978,25.624999999999993,25.15000000000001,0.0,Geometric release screen passes
Main,R56,2,1,0.72485,3.154601,0.1,"POLYGON ((26.875 24.875, 26.878137 24.839716, 26.889269 24.80081, 26.908006 24.764941, 26.933579 24.733579, 26.964941 24.708006, 27.00081 24.689269, 27.039716 24.678137, 27.075 24.675, 27.475 24.675, 27.510284 24.678137, 27.54919 24.689269, 27.585059 24.708006, 27.616421 24.733579, 27.641994 24.764941, 27.660731 24.80081, 27.671863 24.839716, 27.675 24.875, 27.675 25.425, 27.671863 25.460284, 27.660731 25.49919, 27.641994 25.535059, 27.616421 25.566421, 27.585059 25.591994, 27.54919 25.610731, 27.510284 25.621863, 27.475 25.625, 27.075 25.625, 27.039716 25.621863, 27.00081 25.610731, 26.964941 25.591994, 26.933579 25.566421, 26.908006 25.535059, 26.889269 25.49919, 26.878137 25.460284, 26.875 25.425, 26.875 24.875))",0.072485,2.2978,27.274999999999988,25.15,0.0,Geometric release screen passes
Main,Q1,1,1,0.865088,3.890481,0.1,"POLYGON ((25.325 29.4, 25.328099 29.369667, 25.339054 29.336607, 25.357338 29.306965, 25.381965 29.282338, 25.411607 29.264054, 25.444667 29.253099, 25.475 29.25, 26.65 29.25, 26.680333 29.253099, 26.713393 29.264054, 26.743035 29.282338, 26.767662 29.306965, 26.785946 29.336607, 26.796901 29.369667, 26.8 29.4, 26.8 29.7, 26.796901 29.730333, 26.785946 29.763393, 26.767662 29.793035, 26.743035 29.817662, 26.713393 29.835946, 26.680333 29.846901, 26.65 29.85, 25.475 29.85, 25.444667 29.846901, 25.411607 29.835946, 25.381965 29.817662, 25.357338 29.793035, 25.339054 29.763393, 25.328099 29.730333, 25.325 29.7, 25.325 29.4))",0.086509,2.2236,26.062499999999996,29.54999999999999,0.0,Geometric release screen passes
Main,Q1,2,1,0.865088,3.890481,0.1,"POLYGON ((25.325 31.3, 25.328099 31.269667, 25.339054 31.236607, 25.357338 31.206965, 25.381965 31.182338, 25.411607 31.164054, 25.444667 31.153099, 25.475 31.15, 26.65 31.15, 26.680333 31.153099, 26.713393 31.164054, 26.743035 31.182338, 26.767662 31.206965, 26.785946 31.236607, 26.796901 31.269667, 26.8 31.3, 26.8 31.6, 26.796901 31.630333, 26.785946 31.663393, 26.767662 31.693035, 26.743035 31.717662, 26.713393 31.735946, 26.680333 31.746901, 26.65 31.75, 25.475 31.75, 25.444667 31.746901, 25.411607 31.735946, 25.381965 31.717662, 25.357338 31.693035, 25.339054 31.663393, 25.328099 31.630333, 25.325 31.6, 25.325 31.3))",0.086509,2.2236,26.0625,31.450000000000003,0.0,Geometric release screen passes
Main,Q1,3,1,0.865088,3.890481,0.1,"POLYGON ((27.2 30.35, 27.203099 30.319667, 27.214054 30.286607, 27.232338 30.256965, 27.256965 30.232338, 27.286607 30.214054, 27.319667 30.203099, 27.35 30.2, 28.525 30.2, 28.555333 30.203099, 28.588393 30.214054, 28.618035 30.232338, 28.642662 30.256965, 28.660946 30.286607, 28.671901 30.319667, 28.675 30.35, 28.675 30.65, 28.671901 30.680333, 28.660946 30.713393, 28.642662 30.743035, 28.618035 30.767662, 28.588393 30.785946, 28.555333 30.796901, 28.525 30.8, 27.35 30.8, 27.319667 30.796901, 27.286607 30.785946, 27.256965 30.767662, 27.232338 30.743035, 27.214054 30.713393, 27.203099 30.680333, 27.2 30.65, 27.2 30.35))",0.086509,2.2236,27.937500000000004,30.499999999999996,0.0,Geometric release screen passes
Main,C75,1,1,0.810672,3.311779,0.1,"POLYGON ((60.775 17, 60.776591 16.973288, 60.785684 16.931491, 60.802522 16.892169, 60.826498 16.856745, 60.856745 16.826498, 60.892169 16.802522, 60.931491 16.785684, 60.973288 16.776591, 61 16.775, 61.45 16.775, 61.476712 16.776591, 61.518509 16.785684, 61.557831 16.802522, 61.593255 16.826498, 61.623502 16.856745, 61.647478 16.892169, 61.664316 16.931491, 61.673409 16.973288, 61.675 17, 61.675 17.5, 61.673409 17.526712, 61.664316 17.568509, 61.647478 17.607831, 61.623502 17.643255, 61.593255 17.673502, 61.557831 17.697478, 61.518509 17.714316, 61.476712 17.723409, 61.45 17.725, 61 17.725, 60.973288 17.723409, 60.931491 17.714316, 60.892169 17.697478, 60.856745 17.673502, 60.826498 17.643255, 60.802522 17.607831, 60.785684 17.568509, 60.776591 17.526712, 60.775 17.5, 60.775 17))",0.081067,2.4478,61.225000000000016,17.250000000000004,0.0,Geometric release screen passes
Main,C75,2,1,0.810672,3.311779,0.1,"POLYGON ((62.325 17, 62.326591 16.973288, 62.335684 16.931491, 62.352522 16.892169, 62.376498 16.856745, 62.406745 16.826498, 62.442169 16.802522, 62.481491 16.785684, 62.523288 16.776591, 62.55 16.775, 63 16.775, 63.026712 16.776591, 63.068509 16.785684, 63.107831 16.802522, 63.143255 16.826498, 63.173502 16.856745, 63.197478 16.892169, 63.214316 16.931491, 63.223409 16.973288, 63.225 17, 63.225 17.5, 63.223409 17.526712, 63.214316 17.568509, 63.197478 17.607831, 63.173502 17.643255, 63.143255 17.673502, 63.107831 17.697478, 63.068509 17.714316, 63.026712 17.723409, 63 17.725, 62.55 17.725, 62.523288 17.723409, 62.481491 17.714316, 62.442169 17.697478, 62.406745 17.673502, 62.376498 17.643255, 62.352522 17.607831, 62.335684 17.568509, 62.326591 17.526712, 62.325 17.5, 62.325 17))",0.081067,2.4478,62.77499999999999,17.249999999999996,0.0,Geometric release screen passes
Main,R22,1,1,0.72485,3.154601,0.1,"POLYGON ((58.775 50.725, 58.778137 50.689716, 58.789269 50.65081, 58.808006 50.614941, 58.833579 50.583579, 58.864941 50.558006, 58.90081 50.539269, 58.939716 50.528137, 58.975 50.525, 59.375 50.525, 59.410284 50.528137, 59.44919 50.539269, 59.485059 50.558006, 59.516421 50.583579, 59.541994 50.614941, 59.560731 50.65081, 59.571863 50.689716, 59.575 50.725, 59.575 51.275, 59.571863 51.310284, 59.560731 51.34919, 59.541994 51.385059, 59.516421 51.416421, 59.485059 51.441994, 59.44919 51.460731, 59.410284 51.471863, 59.375 51.475, 58.975 51.475, 58.939716 51.471863, 58.90081 51.460731, 58.864941 51.441994, 58.833579 51.416421, 58.808006 51.385059, 58.789269 51.34919, 58.778137 51.310284, 58.775 51.275, 58.775 50.725))",0.072485,2.2978,59.175,51.000000000000014,0.0,Geometric release screen passes
Main,R22,2,1,0.72485,3.154601,0.1,"POLYGON ((60.425 50.725, 60.428137 50.689716, 60.439269 50.65081, 60.458006 50.614941, 60.483579 50.583579, 60.514941 50.558006, 60.55081 50.539269, 60.589716 50.528137, 60.625 50.525, 61.025 50.525, 61.060284 50.528137, 61.09919 50.539269, 61.135059 50.558006, 61.166421 50.583579, 61.191994 50.614941, 61.210731 50.65081, 61.221863 50.689716, 61.225 50.725, 61.225 51.275, 61.221863 51.310284, 61.210731 51.34919, 61.191994 51.385059, 61.166421 51.416421, 61.135059 51.441994, 61.09919 51.460731, 61.060284 51.471863, 61.025 51.475, 60.625 51.475, 60.589716 51.471863, 60.55081 51.460731, 60.514941 51.441994, 60.483579 51.416421, 60.458006 51.385059, 60.439269 51.34919, 60.428137 51.310284, 60.425 51.275, 60.425 50.725))",0.072485,2.2978,60.825,51.0,0.0,Geometric release screen passes
Main,U19,1,1,0.775088,3.590481,0.1,"POLYGON ((27.8 35.1, 27.796901 35.130333, 27.785946 35.163393, 27.767662 35.193035, 27.743035 35.217662, 27.713393 35.235946, 27.680333 35.246901, 27.65 35.25, 26.625 35.25, 26.594667 35.246901, 26.561607 35.235946, 26.531965 35.217662, 26.507338 35.193035, 26.489054 35.163393, 26.478099 35.130333, 26.475 35.1, 26.475 34.8, 26.478099 34.769667, 26.489054 34.736607, 26.507338 34.706965, 26.531965 34.682338, 26.561607 34.664054, 26.594667 34.653099, 26.625 34.65, 27.65 34.65, 27.680333 34.653099, 27.713393 34.664054, 27.743035 34.682338, 27.767662 34.706965, 27.785946 34.736607, 27.796901 34.769667, 27.8 34.8, 27.8 35.1))",0.077509,2.1587,27.137499999999996,34.949999999999996,180.0,Geometric release screen passes
Main,U19,2,1,0.775088,3.590481,0.1,"POLYGON ((27.8 34.15, 27.796901 34.180333, 27.785946 34.213393, 27.767662 34.243035, 27.743035 34.267662, 27.713393 34.285946, 27.680333 34.296901, 27.65 34.3, 26.625 34.3, 26.594667 34.296901, 26.561607 34.285946, 26.531965 34.267662, 26.507338 34.243035, 26.489054 34.213393, 26.478099 34.180333, 26.475 34.15, 26.475 33.85, 26.478099 33.819667, 26.489054 33.786607, 26.507338 33.756965, 26.531965 33.732338, 26.561607 33.714054, 26.594667 33.703099, 26.625 33.7, 27.65 33.7, 27.680333 33.703099, 27.713393 33.714054, 27.743035 33.732338, 27.767662 33.756965, 27.785946 33.786607, 27.796901 33.819667, 27.8 33.85, 27.8 34.15))",0.077509,2.1587,27.137499999999996,34.00000000000001,180.0,Geometric release screen passes
Main,U19,3,1,0.775088,3.590481,0.1,"POLYGON ((27.8 33.2, 27.796901 33.230333, 27.785946 33.263393, 27.767662 33.293035, 27.743035 33.317662, 27.713393 33.335946, 27.680333 33.346901, 27.65 33.35, 26.625 33.35, 26.594667 33.346901, 26.561607 33.335946, 26.531965 33.317662, 26.507338 33.293035, 26.489054 33.263393, 26.478099 33.230333, 26.475 33.2, 26.475 32.9, 26.478099 32.869667, 26.489054 32.836607, 26.507338 32.806965, 26.531965 32.782338, 26.561607 32.764054, 26.594667 32.753099, 26.625 32.75, 27.65 32.75, 27.680333 32.753099, 27.713393 32.764054, 27.743035 32.782338, 27.767662 32.806965, 27.785946 32.836607, 27.796901 32.869667, 27.8 32.9, 27.8 33.2))",0.077509,2.1587,27.137499999999996,33.050000000000004,180.0,Geometric release screen passes
Main,U19,4,1,0.775088,3.590481,0.1,"POLYGON ((25.525 33.2, 25.521901 33.230333, 25.510946 33.263393, 25.492662 33.293035, 25.468035 33.317662, 25.438393 33.335946, 25.405333 33.346901, 25.375 33.35, 24.35 33.35, 24.319667 33.346901, 24.286607 33.335946, 24.256965 33.317662, 24.232338 33.293035, 24.214054 33.263393, 24.203099 33.230333, 24.2 33.2, 24.2 32.9, 24.203099 32.869667, 24.214054 32.836607, 24.232338 32.806965, 24.256965 32.782338, 24.286607 32.764054, 24.319667 32.753099, 24.35 32.75, 25.375 32.75, 25.405333 32.753099, 25.438393 32.764054, 25.468035 32.782338, 25.492662 32.806965, 25.510946 32.836607, 25.521901 32.869667, 25.525 32.9, 25.525 33.2))",0.077509,2.1587,24.862499999999994,33.05,180.0,Geometric release screen passes
Main,U19,5,1,0.775088,3.590481,0.1,"POLYGON ((25.525 35.1, 25.521901 35.130333, 25.510946 35.163393, 25.492662 35.193035, 25.468035 35.217662, 25.438393 35.235946, 25.405333 35.246901, 25.375 35.25, 24.35 35.25, 24.319667 35.246901, 24.286607 35.235946, 24.256965 35.217662, 24.232338 35.193035, 24.214054 35.163393, 24.203099 35.130333, 24.2 35.1, 24.2 34.8, 24.203099 34.769667, 24.214054 34.736607, 24.232338 34.706965, 24.256965 34.682338, 24.286607 34.664054, 24.319667 34.653099, 24.35 34.65, 25.375 34.65, 25.405333 34.653099, 25.438393 34.664054, 25.468035 34.682338, 25.492662 34.706965, 25.510946 34.736607, 25.521901 34.769667, 25.525 34.8, 25.525 35.1))",0.077509,2.1587,24.862499999999994,34.949999999999996,180.0,Geometric release screen passes
Main,C83,1,1,0.810672,3.311779,0.1,"POLYGON ((47.575 72.57, 47.576591 72.543288, 47.585684 72.501491, 47.602522 72.462169, 47.626498 72.426745, 47.656745 72.396498, 47.692169 72.372522, 47.731491 72.355684, 47.773288 72.346591, 47.8 72.345, 48.25 72.345, 48.276712 72.346591, 48.318509 72.355684, 48.357831 72.372522, 48.393255 72.396498, 48.423502 72.426745, 48.447478 72.462169, 48.464316 72.501491, 48.473409 72.543288, 48.475 72.57, 48.475 73.07, 48.473409 73.096712, 48.464316 73.138509, 48.447478 73.177831, 48.423502 73.213255, 48.393255 73.243502, 48.357831 73.267478, 48.318509 73.284316, 48.276712 73.293409, 48.25 73.295, 47.8 73.295, 47.773288 73.293409, 47.731491 73.284316, 47.692169 73.267478, 47.656745 73.243502, 47.626498 73.213255, 47.602522 73.177831, 47.585684 73.138509, 47.576591 73.096712, 47.575 73.07, 47.575 72.57))",0.081067,2.4478,48.02499999999999,72.82000000000002,0.0,Geometric release screen passes
Main,C83,2,1,0.810672,3.311779,0.1,"POLYGON ((49.125 72.57, 49.126591 72.543288, 49.135684 72.501491, 49.152522 72.462169, 49.176498 72.426745, 49.206745 72.396498, 49.242169 72.372522, 49.281491 72.355684, 49.323288 72.346591, 49.35 72.345, 49.8 72.345, 49.826712 72.346591, 49.868509 72.355684, 49.907831 72.372522, 49.943255 72.396498, 49.973502 72.426745, 49.997478 72.462169, 50.014316 72.501491, 50.023409 72.543288, 50.025 72.57, 50.025 73.07, 50.023409 73.096712, 50.014316 73.138509, 49.997478 73.177831, 49.973502 73.213255, 49.943255 73.243502, 49.907831 73.267478, 49.868509 73.284316, 49.826712 73.293409, 49.8 73.295, 49.35 73.295, 49.323288 73.293409, 49.281491 73.284316, 49.242169 73.267478, 49.206745 73.243502, 49.176498 73.213255, 49.152522 73.177831, 49.135684 73.138509, 49.126591 73.096712, 49.125 73.07, 49.125 72.57))",0.081067,2.4478,49.57499999999999,72.82000000000001,0.0,Geometric release screen passes
Main,C24,1,1,0.810672,3.311779,0.1,"POLYGON ((21.2 21.525, 21.226712 21.526591, 21.268509 21.535684, 21.307831 21.552522, 21.343255 21.576498, 21.373502 21.606745, 21.397478 21.642169, 21.414316 21.681491, 21.423409 21.723288, 21.425 21.75, 21.425 22.2, 21.423409 22.226712, 21.414316 22.268509, 21.397478 22.307831, 21.373502 22.343255, 21.343255 22.373502, 21.307831 22.397478, 21.268509 22.414316, 21.226712 22.423409, 21.2 22.425, 20.7 22.425, 20.673288 22.423409, 20.631491 22.414316, 20.592169 22.397478, 20.556745 22.373502, 20.526498 22.343255, 20.502522 22.307831, 20.485684 22.268509, 20.476591 22.226712, 20.475 22.2, 20.475 21.75, 20.476591 21.723288, 20.485684 21.681491, 20.502522 21.642169, 20.526498 21.606745, 20.556745 21.576498, 20.592169 21.552522, 20.631491 21.535684, 20.673288 21.526591, 20.7 21.525, 21.2 21.525))",0.081067,2.4478,20.95,21.974999999999998,270.0,Geometric release screen passes
Main,C24,2,1,0.810672,3.311779,0.1,"POLYGON ((21.2 23.075, 21.226712 23.076591, 21.268509 23.085684, 21.307831 23.102522, 21.343255 23.126498, 21.373502 23.156745, 21.397478 23.192169, 21.414316 23.231491, 21.423409 23.273288, 21.425 23.3, 21.425 23.75, 21.423409 23.776712, 21.414316 23.818509, 21.397478 23.857831, 21.373502 23.893255, 21.343255 23.923502, 21.307831 23.947478, 21.268509 23.964316, 21.226712 23.973409, 21.2 23.975, 20.7 23.975, 20.673288 23.973409, 20.631491 23.964316, 20.592169 23.947478, 20.556745 23.923502, 20.526498 23.893255, 20.502522 23.857831, 20.485684 23.818509, 20.476591 23.776712, 20.475 23.75, 20.475 23.3, 20.476591 23.273288, 20.485684 23.231491, 20.502522 23.192169, 20.526498 23.156745, 20.556745 23.126498, 20.592169 23.102522, 20.631491 23.085684, 20.673288 23.076591, 20.7 23.075, 21.2 23.075))",0.081067,2.4478,20.94999999999999,23.524999999999995,270.0,Geometric release screen passes
Main,R67,1,1,0.72485,3.154601,0.1,"POLYGON ((47.725 59.225, 47.689716 59.221863, 47.65081 59.210731, 47.614941 59.191994, 47.583579 59.166421, 47.558006 59.135059, 47.539269 59.09919, 47.528137 59.060284, 47.525 59.025, 47.525 58.625, 47.528137 58.589716, 47.539269 58.55081, 47.558006 58.514941, 47.583579 58.483579, 47.614941 58.458006, 47.65081 58.439269, 47.689716 58.428137, 47.725 58.425, 48.275 58.425, 48.310284 58.428137, 48.34919 58.439269, 48.385059 58.458006, 48.416421 58.483579, 48.441994 58.514941, 48.460731 58.55081, 48.471863 58.589716, 48.475 58.625, 48.475 59.025, 48.471863 59.060284, 48.460731 59.09919, 48.441994 59.135059, 48.416421 59.166421, 48.385059 59.191994, 48.34919 59.210731, 48.310284 59.221863, 48.275 59.225, 47.725 59.225))",0.072485,2.2978,48.0,58.82499999999998,90.0,Geometric release screen passes
Main,R67,2,1,0.72485,3.154601,0.1,"POLYGON ((47.725 57.575, 47.689716 57.571863, 47.65081 57.560731, 47.614941 57.541994, 47.583579 57.516421, 47.558006 57.485059, 47.539269 57.44919, 47.528137 57.410284, 47.525 57.375, 47.525 56.975, 47.528137 56.939716, 47.539269 56.90081, 47.558006 56.864941, 47.583579 56.833579, 47.614941 56.808006, 47.65081 56.789269, 47.689716 56.778137, 47.725 56.775, 48.275 56.775, 48.310284 56.778137, 48.34919 56.789269, 48.385059 56.808006, 48.416421 56.833579, 48.441994 56.864941, 48.460731 56.90081, 48.471863 56.939716, 48.475 56.975, 48.475 57.375, 48.471863 57.410284, 48.460731 57.44919, 48.441994 57.485059, 48.416421 57.516421, 48.385059 57.541994, 48.34919 57.560731, 48.310284 57.571863, 48.275 57.575, 47.725 57.575))",0.072485,2.2978,48.0,57.175,90.0,Geometric release screen passes
Main,D2,1,1,5.695346,9.168787,0.1,"POLYGON ((13.6 68.6, 13.603078 68.560891, 13.614029 68.51743, 13.632565 68.476623, 13.658089 68.439781, 13.689781 68.408089, 13.726623 68.382565, 13.76743 68.364029, 13.810891 68.353078, 13.85 68.35, 15.85 68.35, 15.889109 68.353078, 15.93257 68.364029, 15.973377 68.382565, 16.010219 68.408089, 16.041911 68.439781, 16.067435 68.476623, 16.085971 68.51743, 16.096922 68.560891, 16.1 68.6, 16.1 70.4, 16.096922 70.439109, 16.085971 70.48257, 16.067435 70.523377, 16.041911 70.560219, 16.010219 70.591911, 15.973377 70.617435, 15.93257 70.635971, 15.889109 70.646922, 15.85 70.65, 13.85 70.65, 13.810891 70.646922, 13.76743 70.635971, 13.726623 70.617435, 13.689781 70.591911, 13.658089 70.560219, 13.632565 70.523377, 13.614029 70.48257, 13.603078 70.439109, 13.6 70.4, 13.6 68.6))",0.569535,6.2117,14.85,69.50000000000001,0.0,Geometric release screen passes
Main,D2,2,1,5.695346,9.168787,0.1,"POLYGON ((17.9 68.6, 17.903078 68.560891, 17.914029 68.51743, 17.932565 68.476623, 17.958089 68.439781, 17.989781 68.408089, 18.026623 68.382565, 18.06743 68.364029, 18.110891 68.353078, 18.15 68.35, 20.15 68.35, 20.189109 68.353078, 20.23257 68.364029, 20.273377 68.382565, 20.310219 68.408089, 20.341911 68.439781, 20.367435 68.476623, 20.385971 68.51743, 20.396922 68.560891, 20.4 68.6, 20.4 70.4, 20.396922 70.439109, 20.385971 70.48257, 20.367435 70.523377, 20.341911 70.560219, 20.310219 70.591911, 20.273377 70.617435, 20.23257 70.635971, 20.189109 70.646922, 20.15 70.65, 18.15 70.65, 18.110891 70.646922, 18.06743 70.635971, 18.026623 70.617435, 17.989781 70.591911, 17.958089 70.560219, 17.932565 70.523377, 17.914029 70.48257, 17.903078 70.439109, 17.9 70.4, 17.9 68.6))",0.569535,6.2117,19.15,69.5,0.0,Geometric release screen passes
Main,C80,1,1,0.810672,3.311779,0.1,"POLYGON ((35.575 52.35, 35.576591 52.323288, 35.585684 52.281491, 35.602522 52.242169, 35.626498 52.206745, 35.656745 52.176498, 35.692169 52.152522, 35.731491 52.135684, 35.773288 52.126591, 35.8 52.125, 36.25 52.125, 36.276712 52.126591, 36.318509 52.135684, 36.357831 52.152522, 36.393255 52.176498, 36.423502 52.206745, 36.447478 52.242169, 36.464316 52.281491, 36.473409 52.323288, 36.475 52.35, 36.475 52.85, 36.473409 52.876712, 36.464316 52.918509, 36.447478 52.957831, 36.423502 52.993255, 36.393255 53.023502, 36.357831 53.047478, 36.318509 53.064316, 36.276712 53.073409, 36.25 53.075, 35.8 53.075, 35.773288 53.073409, 35.731491 53.064316, 35.692169 53.047478, 35.656745 53.023502, 35.626498 52.993255, 35.602522 52.957831, 35.585684 52.918509, 35.576591 52.876712, 35.575 52.85, 35.575 52.35))",0.081067,2.4478,36.02499999999999,52.599999999999994,0.0,Geometric release screen passes
Main,C80,2,1,0.810672,3.311779,0.1,"POLYGON ((37.125 52.35, 37.126591 52.323288, 37.135684 52.281491, 37.152522 52.242169, 37.176498 52.206745, 37.206745 52.176498, 37.242169 52.152522, 37.281491 52.135684, 37.323288 52.126591, 37.35 52.125, 37.8 52.125, 37.826712 52.126591, 37.868509 52.135684, 37.907831 52.152522, 37.943255 52.176498, 37.973502 52.206745, 37.997478 52.242169, 38.014316 52.281491, 38.023409 52.323288, 38.025 52.35, 38.025 52.85, 38.023409 52.876712, 38.014316 52.918509, 37.997478 52.957831, 37.973502 52.993255, 37.943255 53.023502, 37.907831 53.047478, 37.868509 53.064316, 37.826712 53.073409, 37.8 53.075, 37.35 53.075, 37.323288 53.073409, 37.281491 53.064316, 37.242169 53.047478, 37.206745 53.023502, 37.176498 52.993255, 37.152522 52.957831, 37.135684 52.918509, 37.126591 52.876712, 37.125 52.85, 37.125 52.35))",0.081067,2.4478,37.575,52.60000000000001,0.0,Geometric release screen passes
Main,R24,1,1,0.72485,3.154601,0.1,"POLYGON ((64.725 41.725, 64.689716 41.721863, 64.65081 41.710731, 64.614941 41.691994, 64.583579 41.666421, 64.558006 41.635059, 64.539269 41.59919, 64.528137 41.560284, 64.525 41.525, 64.525 41.125, 64.528137 41.089716, 64.539269 41.05081, 64.558006 41.014941, 64.583579 40.983579, 64.614941 40.958006, 64.65081 40.939269, 64.689716 40.928137, 64.725 40.925, 65.275 40.925, 65.310284 40.928137, 65.34919 40.939269, 65.385059 40.958006, 65.416421 40.983579, 65.441994 41.014941, 65.460731 41.05081, 65.471863 41.089716, 65.475 41.125, 65.475 41.525, 65.471863 41.560284, 65.460731 41.59919, 65.441994 41.635059, 65.416421 41.666421, 65.385059 41.691994, 65.34919 41.710731, 65.310284 41.721863, 65.275 41.725, 64.725 41.725))",0.072485,2.2978,65.0,41.32499999999999,90.0,Geometric release screen passes
Main,R24,2,1,0.72485,3.154601,0.1,"POLYGON ((64.725 40.075, 64.689716 40.071863, 64.65081 40.060731, 64.614941 40.041994, 64.583579 40.016421, 64.558006 39.985059, 64.539269 39.94919, 64.528137 39.910284, 64.525 39.875, 64.525 39.475, 64.528137 39.439716, 64.539269 39.40081, 64.558006 39.364941, 64.583579 39.333579, 64.614941 39.308006, 64.65081 39.289269, 64.689716 39.278137, 64.725 39.275, 65.275 39.275, 65.310284 39.278137, 65.34919 39.289269, 65.385059 39.308006, 65.416421 39.333579, 65.441994 39.364941, 65.460731 39.40081, 65.471863 39.439716, 65.475 39.475, 65.475 39.875, 65.471863 39.910284, 65.460731 39.94919, 65.441994 39.985059, 65.416421 40.016421, 65.385059 40.041994, 65.34919 40.060731, 65.310284 40.071863, 65.275 40.075, 64.725 40.075))",0.072485,2.2978,65.00000000000001,39.67499999999999,90.0,Geometric release screen passes
Main,C63,1,1,0.810672,3.311779,0.1,"POLYGON ((19.75 41.725, 19.723288 41.723409, 19.681491 41.714316, 19.642169 41.697478, 19.606745 41.673502, 19.576498 41.643255, 19.552522 41.607831, 19.535684 41.568509, 19.526591 41.526712, 19.525 41.5, 19.525 41.05, 19.526591 41.023288, 19.535684 40.981491, 19.552522 40.942169, 19.576498 40.906745, 19.606745 40.876498, 19.642169 40.852522, 19.681491 40.835684, 19.723288 40.826591, 19.75 40.825, 20.25 40.825, 20.276712 40.826591, 20.318509 40.835684, 20.357831 40.852522, 20.393255 40.876498, 20.423502 40.906745, 20.447478 40.942169, 20.464316 40.981491, 20.473409 41.023288, 20.475 41.05, 20.475 41.5, 20.473409 41.526712, 20.464316 41.568509, 20.447478 41.607831, 20.423502 41.643255, 20.393255 41.673502, 20.357831 41.697478, 20.318509 41.714316, 20.276712 41.723409, 20.25 41.725, 19.75 41.725))",0.081067,2.4478,20.000000000000007,41.27500000000001,90.0,Geometric release screen passes
Main,C63,2,1,0.810672,3.311779,0.1,"POLYGON ((19.75 40.175, 19.723288 40.173409, 19.681491 40.164316, 19.642169 40.147478, 19.606745 40.123502, 19.576498 40.093255, 19.552522 40.057831, 19.535684 40.018509, 19.526591 39.976712, 19.525 39.95, 19.525 39.5, 19.526591 39.473288, 19.535684 39.431491, 19.552522 39.392169, 19.576498 39.356745, 19.606745 39.326498, 19.642169 39.302522, 19.681491 39.285684, 19.723288 39.276591, 19.75 39.275, 20.25 39.275, 20.276712 39.276591, 20.318509 39.285684, 20.357831 39.302522, 20.393255 39.326498, 20.423502 39.356745, 20.447478 39.392169, 20.464316 39.431491, 20.473409 39.473288, 20.475 39.5, 20.475 39.95, 20.473409 39.976712, 20.464316 40.018509, 20.447478 40.057831, 20.423502 40.093255, 20.393255 40.123502, 20.357831 40.147478, 20.318509 40.164316, 20.276712 40.173409, 20.25 40.175, 19.75 40.175))",0.081067,2.4478,19.999999999999996,39.725,90.0,Geometric release screen passes
Main,R33,1,1,0.72485,3.154601,0.1,"POLYGON ((16.025 27.725, 15.989716 27.721863, 15.95081 27.710731, 15.914941 27.691994, 15.883579 27.666421, 15.858006 27.635059, 15.839269 27.59919, 15.828137 27.560284, 15.825 27.525, 15.825 27.125, 15.828137 27.089716, 15.839269 27.05081, 15.858006 27.014941, 15.883579 26.983579, 15.914941 26.958006, 15.95081 26.939269, 15.989716 26.928137, 16.025 26.925, 16.575 26.925, 16.610284 26.928137, 16.64919 26.939269, 16.685059 26.958006, 16.716421 26.983579, 16.741994 27.014941, 16.760731 27.05081, 16.771863 27.089716, 16.775 27.125, 16.775 27.525, 16.771863 27.560284, 16.760731 27.59919, 16.741994 27.635059, 16.716421 27.666421, 16.685059 27.691994, 16.64919 27.710731, 16.610284 27.721863, 16.575 27.725, 16.025 27.725))",0.072485,2.2978,16.3,27.325000000000003,90.0,Geometric release screen passes
Main,R33,2,1,0.72485,3.154601,0.1,"POLYGON ((16.025 26.075, 15.989716 26.071863, 15.95081 26.060731, 15.914941 26.041994, 15.883579 26.016421, 15.858006 25.985059, 15.839269 25.94919, 15.828137 25.910284, 15.825 25.875, 15.825 25.475, 15.828137 25.439716, 15.839269 25.40081, 15.858006 25.364941, 15.883579 25.333579, 15.914941 25.308006, 15.95081 25.289269, 15.989716 25.278137, 16.025 25.275, 16.575 25.275, 16.610284 25.278137, 16.64919 25.289269, 16.685059 25.308006, 16.716421 25.333579, 16.741994 25.364941, 16.760731 25.40081, 16.771863 25.439716, 16.775 25.475, 16.775 25.875, 16.771863 25.910284, 16.760731 25.94919, 16.741994 25.985059, 16.716421 26.016421, 16.685059 26.041994, 16.64919 26.060731, 16.610284 26.071863, 16.575 26.075, 16.025 26.075))",0.072485,2.2978,16.29999999999999,25.675000000000004,90.0,Geometric release screen passes
Main,R17,1,1,0.72485,3.154601,0.1,"POLYGON ((26.775 54.775, 26.810284 54.778137, 26.84919 54.789269, 26.885059 54.808006, 26.916421 54.833579, 26.941994 54.864941, 26.960731 54.90081, 26.971863 54.939716, 26.975 54.975, 26.975 55.375, 26.971863 55.410284, 26.960731 55.44919, 26.941994 55.485059, 26.916421 55.516421, 26.885059 55.541994, 26.84919 55.560731, 26.810284 55.571863, 26.775 55.575, 26.225 55.575, 26.189716 55.571863, 26.15081 55.560731, 26.114941 55.541994, 26.083579 55.516421, 26.058006 55.485059, 26.039269 55.44919, 26.028137 55.410284, 26.025 55.375, 26.025 54.975, 26.028137 54.939716, 26.039269 54.90081, 26.058006 54.864941, 26.083579 54.833579, 26.114941 54.808006, 26.15081 54.789269, 26.189716 54.778137, 26.225 54.775, 26.775 54.775))",0.072485,2.2978,26.500000000000004,55.175000000000004,270.0,Geometric release screen passes
Main,R17,2,1,0.72485,3.154601,0.1,"POLYGON ((26.775 56.425, 26.810284 56.428137, 26.84919 56.439269, 26.885059 56.458006, 26.916421 56.483579, 26.941994 56.514941, 26.960731 56.55081, 26.971863 56.589716, 26.975 56.625, 26.975 57.025, 26.971863 57.060284, 26.960731 57.09919, 26.941994 57.135059, 26.916421 57.166421, 26.885059 57.191994, 26.84919 57.210731, 26.810284 57.221863, 26.775 57.225, 26.225 57.225, 26.189716 57.221863, 26.15081 57.210731, 26.114941 57.191994, 26.083579 57.166421, 26.058006 57.135059, 26.039269 57.09919, 26.028137 57.060284, 26.025 57.025, 26.025 56.625, 26.028137 56.589716, 26.039269 56.55081, 26.058006 56.514941, 26.083579 56.483579, 26.114941 56.458006, 26.15081 56.439269, 26.189716 56.428137, 26.225 56.425, 26.775 56.425))",0.072485,2.2978,26.499999999999996,56.824999999999996,270.0,Geometric release screen passes
Main,R80,1,1,0.72485,3.154601,0.1,"POLYGON ((46.725 88.225, 46.689716 88.221863, 46.65081 88.210731, 46.614941 88.191994, 46.583579 88.166421, 46.558006 88.135059, 46.539269 88.09919, 46.528137 88.060284, 46.525 88.025, 46.525 87.625, 46.528137 87.589716, 46.539269 87.55081, 46.558006 87.514941, 46.583579 87.483579, 46.614941 87.458006, 46.65081 87.439269, 46.689716 87.428137, 46.725 87.425, 47.275 87.425, 47.310284 87.428137, 47.34919 87.439269, 47.385059 87.458006, 47.416421 87.483579, 47.441994 87.514941, 47.460731 87.55081, 47.471863 87.589716, 47.475 87.625, 47.475 88.025, 47.471863 88.060284, 47.460731 88.09919, 47.441994 88.135059, 47.416421 88.166421, 47.385059 88.191994, 47.34919 88.210731, 47.310284 88.221863, 47.275 88.225, 46.725 88.225))",0.072485,2.2978,47.0,87.825,90.0,Geometric release screen passes
Main,R80,2,1,0.72485,3.154601,0.1,"POLYGON ((46.725 86.575, 46.689716 86.571863, 46.65081 86.560731, 46.614941 86.541994, 46.583579 86.516421, 46.558006 86.485059, 46.539269 86.44919, 46.528137 86.410284, 46.525 86.375, 46.525 85.975, 46.528137 85.939716, 46.539269 85.90081, 46.558006 85.864941, 46.583579 85.833579, 46.614941 85.808006, 46.65081 85.789269, 46.689716 85.778137, 46.725 85.775, 47.275 85.775, 47.310284 85.778137, 47.34919 85.789269, 47.385059 85.808006, 47.416421 85.833579, 47.441994 85.864941, 47.460731 85.90081, 47.471863 85.939716, 47.475 85.975, 47.475 86.375, 47.471863 86.410284, 47.460731 86.44919, 47.441994 86.485059, 47.416421 86.516421, 47.385059 86.541994, 47.34919 86.560731, 47.310284 86.571863, 47.275 86.575, 46.725 86.575))",0.072485,2.2978,47.00000000000001,86.175,90.0,Geometric release screen passes
Main,U29,1,1,0.581041,3.576441,0.1,"POLYGON ((23.95 43.85, 23.928743 43.847715, 23.902075 43.837768, 23.879289 43.820711, 23.862232 43.797925, 23.852285 43.771257, 23.85 43.75, 23.85 42.475, 23.852285 42.453743, 23.862232 42.427075, 23.879289 42.404289, 23.902075 42.387232, 23.928743 42.377285, 23.95 42.375, 24.15 42.375, 24.171257 42.377285, 24.197925 42.387232, 24.220711 42.404289, 24.237768 42.427075, 24.247715 42.453743, 24.25 42.475, 24.25 43.75, 24.247715 43.771257, 24.237768 43.797925, 24.220711 43.820711, 24.197925 43.837768, 24.171257 43.847715, 24.15 43.85, 23.95 43.85))",0.058104,1.6246,24.050000000000004,43.1125,90.0,Geometric release screen passes
Main,U29,2,1,0.581041,3.576441,0.1,"POLYGON ((24.6 43.85, 24.578743 43.847715, 24.552075 43.837768, 24.529289 43.820711, 24.512232 43.797925, 24.502285 43.771257, 24.5 43.75, 24.5 42.475, 24.502285 42.453743, 24.512232 42.427075, 24.529289 42.404289, 24.552075 42.387232, 24.578743 42.377285, 24.6 42.375, 24.8 42.375, 24.821257 42.377285, 24.847925 42.387232, 24.870711 42.404289, 24.887768 42.427075, 24.897715 42.453743, 24.9 42.475, 24.9 43.75, 24.897715 43.771257, 24.887768 43.797925, 24.870711 43.820711, 24.847925 43.837768, 24.821257 43.847715, 24.8 43.85, 24.6 43.85))",0.058104,1.6246,24.699999999999992,43.11249999999997,90.0,Geometric release screen passes
Main,U29,3,1,0.581041,3.576441,0.1,"POLYGON ((25.25 43.85, 25.228743 43.847715, 25.202075 43.837768, 25.179289 43.820711, 25.162232 43.797925, 25.152285 43.771257, 25.15 43.75, 25.15 42.475, 25.152285 42.453743, 25.162232 42.427075, 25.179289 42.404289, 25.202075 42.387232, 25.228743 42.377285, 25.25 42.375, 25.45 42.375, 25.471257 42.377285, 25.497925 42.387232, 25.520711 42.404289, 25.537768 42.427075, 25.547715 42.453743, 25.55 42.475, 25.55 43.75, 25.547715 43.771257, 25.537768 43.797925, 25.520711 43.820711, 25.497925 43.837768, 25.471257 43.847715, 25.45 43.85, 25.25 43.85))",0.058104,1.6246,25.349999999999998,43.11249999999998,90.0,Geometric release screen passes
Main,U29,4,1,0.581041,3.576441,0.1,"POLYGON ((25.9 43.85, 25.878743 43.847715, 25.852075 43.837768, 25.829289 43.820711, 25.812232 43.797925, 25.802285 43.771257, 25.8 43.75, 25.8 42.475, 25.802285 42.453743, 25.812232 42.427075, 25.829289 42.404289, 25.852075 42.387232, 25.878743 42.377285, 25.9 42.375, 26.1 42.375, 26.121257 42.377285, 26.147925 42.387232, 26.170711 42.404289, 26.187768 42.427075, 26.197715 42.453743, 26.2 42.475, 26.2 43.75, 26.197715 43.771257, 26.187768 43.797925, 26.170711 43.820711, 26.147925 43.837768, 26.121257 43.847715, 26.1 43.85, 25.9 43.85))",0.058104,1.6246,26.000000000000004,43.1125,90.0,Geometric release screen passes
Main,U29,5,1,0.581041,3.576441,0.1,"POLYGON ((26.55 43.85, 26.528743 43.847715, 26.502075 43.837768, 26.479289 43.820711, 26.462232 43.797925, 26.452285 43.771257, 26.45 43.75, 26.45 42.475, 26.452285 42.453743, 26.462232 42.427075, 26.479289 42.404289, 26.502075 42.387232, 26.528743 42.377285, 26.55 42.375, 26.75 42.375, 26.771257 42.377285, 26.797925 42.387232, 26.820711 42.404289, 26.837768 42.427075, 26.847715 42.453743, 26.85 42.475, 26.85 43.75, 26.847715 43.771257, 26.837768 43.797925, 26.820711 43.820711, 26.797925 43.837768, 26.771257 43.847715, 26.75 43.85, 26.55 43.85))",0.058104,1.6246,26.650000000000006,43.11249999999998,90.0,Geometric release screen passes
Main,U29,6,1,0.581041,3.576441,0.1,"POLYGON ((27.2 43.85, 27.178743 43.847715, 27.152075 43.837768, 27.129289 43.820711, 27.112232 43.797925, 27.102285 43.771257, 27.1 43.75, 27.1 42.475, 27.102285 42.453743, 27.112232 42.427075, 27.129289 42.404289, 27.152075 42.387232, 27.178743 42.377285, 27.2 42.375, 27.4 42.375, 27.421257 42.377285, 27.447925 42.387232, 27.470711 42.404289, 27.487768 42.427075, 27.497715 42.453743, 27.5 42.475, 27.5 43.75, 27.497715 43.771257, 27.487768 43.797925, 27.470711 43.820711, 27.447925 43.837768, 27.421257 43.847715, 27.4 43.85, 27.2 43.85))",0.058104,1.6246,27.30000000000001,43.1125,90.0,Geometric release screen passes
Main,U29,7,1,0.581041,3.576441,0.1,"POLYGON ((27.85 43.85, 27.828743 43.847715, 27.802075 43.837768, 27.779289 43.820711, 27.762232 43.797925, 27.752285 43.771257, 27.75 43.75, 27.75 42.475, 27.752285 42.453743, 27.762232 42.427075, 27.779289 42.404289, 27.802075 42.387232, 27.828743 42.377285, 27.85 42.375, 28.05 42.375, 28.071257 42.377285, 28.097925 42.387232, 28.120711 42.404289, 28.137768 42.427075, 28.147715 42.453743, 28.15 42.475, 28.15 43.75, 28.147715 43.771257, 28.137768 43.797925, 28.120711 43.820711, 28.097925 43.837768, 28.071257 43.847715, 28.05 43.85, 27.85 43.85))",0.058104,1.6246,27.949999999999992,43.11249999999997,90.0,Geometric release screen passes
Main,U29,8,1,0.581041,3.576441,0.1,"POLYGON ((27.85 38.125, 27.828743 38.122715, 27.802075 38.112768, 27.779289 38.095711, 27.762232 38.072925, 27.752285 38.046257, 27.75 38.025, 27.75 36.75, 27.752285 36.728743, 27.762232 36.702075, 27.779289 36.679289, 27.802075 36.662232, 27.828743 36.652285, 27.85 36.65, 28.05 36.65, 28.071257 36.652285, 28.097925 36.662232, 28.120711 36.679289, 28.137768 36.702075, 28.147715 36.728743, 28.15 36.75, 28.15 38.025, 28.147715 38.046257, 28.137768 38.072925, 28.120711 38.095711, 28.097925 38.112768, 28.071257 38.122715, 28.05 38.125, 27.85 38.125))",0.058104,1.6246,27.949999999999996,37.3875,90.0,Geometric release screen passes
Main,U29,9,1,0.581041,3.576441,0.1,"POLYGON ((27.2 38.125, 27.178743 38.122715, 27.152075 38.112768, 27.129289 38.095711, 27.112232 38.072925, 27.102285 38.046257, 27.1 38.025, 27.1 36.75, 27.102285 36.728743, 27.112232 36.702075, 27.129289 36.679289, 27.152075 36.662232, 27.178743 36.652285, 27.2 36.65, 27.4 36.65, 27.421257 36.652285, 27.447925 36.662232, 27.470711 36.679289, 27.487768 36.702075, 27.497715 36.728743, 27.5 36.75, 27.5 38.025, 27.497715 38.046257, 27.487768 38.072925, 27.470711 38.095711, 27.447925 38.112768, 27.421257 38.122715, 27.4 38.125, 27.2 38.125))",0.058104,1.6246,27.30000000000001,37.3875,90.0,Geometric release screen passes
Main,U29,10,1,0.581041,3.576441,0.1,"POLYGON ((26.55 38.125, 26.528743 38.122715, 26.502075 38.112768, 26.479289 38.095711, 26.462232 38.072925, 26.452285 38.046257, 26.45 38.025, 26.45 36.75, 26.452285 36.728743, 26.462232 36.702075, 26.479289 36.679289, 26.502075 36.662232, 26.528743 36.652285, 26.55 36.65, 26.75 36.65, 26.771257 36.652285, 26.797925 36.662232, 26.820711 36.679289, 26.837768 36.702075, 26.847715 36.728743, 26.85 36.75, 26.85 38.025, 26.847715 38.046257, 26.837768 38.072925, 26.820711 38.095711, 26.797925 38.112768, 26.771257 38.122715, 26.75 38.125, 26.55 38.125))",0.058104,1.6246,26.650000000000006,37.3875,90.0,Geometric release screen passes
Main,U29,11,1,0.581041,3.576441,0.1,"POLYGON ((25.9 38.125, 25.878743 38.122715, 25.852075 38.112768, 25.829289 38.095711, 25.812232 38.072925, 25.802285 38.046257, 25.8 38.025, 25.8 36.75, 25.802285 36.728743, 25.812232 36.702075, 25.829289 36.679289, 25.852075 36.662232, 25.878743 36.652285, 25.9 36.65, 26.1 36.65, 26.121257 36.652285, 26.147925 36.662232, 26.170711 36.679289, 26.187768 36.702075, 26.197715 36.728743, 26.2 36.75, 26.2 38.025, 26.197715 38.046257, 26.187768 38.072925, 26.170711 38.095711, 26.147925 38.112768, 26.121257 38.122715, 26.1 38.125, 25.9 38.125))",0.058104,1.6246,26.0,37.387499999999996,90.0,Geometric release screen passes
Main,U29,12,1,0.581041,3.576441,0.1,"POLYGON ((25.25 38.125, 25.228743 38.122715, 25.202075 38.112768, 25.179289 38.095711, 25.162232 38.072925, 25.152285 38.046257, 25.15 38.025, 25.15 36.75, 25.152285 36.728743, 25.162232 36.702075, 25.179289 36.679289, 25.202075 36.662232, 25.228743 36.652285, 25.25 36.65, 25.45 36.65, 25.471257 36.652285, 25.497925 36.662232, 25.520711 36.679289, 25.537768 36.702075, 25.547715 36.728743, 25.55 36.75, 25.55 38.025, 25.547715 38.046257, 25.537768 38.072925, 25.520711 38.095711, 25.497925 38.112768, 25.471257 38.122715, 25.45 38.125, 25.25 38.125))",0.058104,1.6246,25.350000000000005,37.38750000000001,90.0,Geometric release screen passes
Main,U29,13,1,0.581041,3.576441,0.1,"POLYGON ((24.6 38.125, 24.578743 38.122715, 24.552075 38.112768, 24.529289 38.095711, 24.512232 38.072925, 24.502285 38.046257, 24.5 38.025, 24.5 36.75, 24.502285 36.728743, 24.512232 36.702075, 24.529289 36.679289, 24.552075 36.662232, 24.578743 36.652285, 24.6 36.65, 24.8 36.65, 24.821257 36.652285, 24.847925 36.662232, 24.870711 36.679289, 24.887768 36.702075, 24.897715 36.728743, 24.9 36.75, 24.9 38.025, 24.897715 38.046257, 24.887768 38.072925, 24.870711 38.095711, 24.847925 38.112768, 24.821257 38.122715, 24.8 38.125, 24.6 38.125))",0.058104,1.6246,24.7,37.3875,90.0,Geometric release screen passes
Main,U29,14,1,0.581041,3.576441,0.1,"POLYGON ((23.95 38.125, 23.928743 38.122715, 23.902075 38.112768, 23.879289 38.095711, 23.862232 38.072925, 23.852285 38.046257, 23.85 38.025, 23.85 36.75, 23.852285 36.728743, 23.862232 36.702075, 23.879289 36.679289, 23.902075 36.662232, 23.928743 36.652285, 23.95 36.65, 24.15 36.65, 24.171257 36.652285, 24.197925 36.662232, 24.220711 36.679289, 24.237768 36.702075, 24.247715 36.728743, 24.25 36.75, 24.25 38.025, 24.247715 38.046257, 24.237768 38.072925, 24.220711 38.095711, 24.197925 38.112768, 24.171257 38.122715, 24.15 38.125, 23.95 38.125))",0.058104,1.6246,24.05,37.3875,90.0,Geometric release screen passes
Main,R55,1,1,0.72485,3.154601,0.1,"POLYGON ((52.275 86.225, 52.278137 86.189716, 52.289269 86.15081, 52.308006 86.114941, 52.333579 86.083579, 52.364941 86.058006, 52.40081 86.039269, 52.439716 86.028137, 52.475 86.025, 52.875 86.025, 52.910284 86.028137, 52.94919 86.039269, 52.985059 86.058006, 53.016421 86.083579, 53.041994 86.114941, 53.060731 86.15081, 53.071863 86.189716, 53.075 86.225, 53.075 86.775, 53.071863 86.810284, 53.060731 86.84919, 53.041994 86.885059, 53.016421 86.916421, 52.985059 86.941994, 52.94919 86.960731, 52.910284 86.971863, 52.875 86.975, 52.475 86.975, 52.439716 86.971863, 52.40081 86.960731, 52.364941 86.941994, 52.333579 86.916421, 52.308006 86.885059, 52.289269 86.84919, 52.278137 86.810284, 52.275 86.775, 52.275 86.225))",0.072485,2.2978,52.675,86.50000000000001,0.0,Geometric release screen passes
Main,R55,2,1,0.72485,3.154601,0.1,"POLYGON ((53.925 86.225, 53.928137 86.189716, 53.939269 86.15081, 53.958006 86.114941, 53.983579 86.083579, 54.014941 86.058006, 54.05081 86.039269, 54.089716 86.028137, 54.125 86.025, 54.525 86.025, 54.560284 86.028137, 54.59919 86.039269, 54.635059 86.058006, 54.666421 86.083579, 54.691994 86.114941, 54.710731 86.15081, 54.721863 86.189716, 54.725 86.225, 54.725 86.775, 54.721863 86.810284, 54.710731 86.84919, 54.691994 86.885059, 54.666421 86.916421, 54.635059 86.941994, 54.59919 86.960731, 54.560284 86.971863, 54.525 86.975, 54.125 86.975, 54.089716 86.971863, 54.05081 86.960731, 54.014941 86.941994, 53.983579 86.916421, 53.958006 86.885059, 53.939269 86.84919, 53.928137 86.810284, 53.925 86.775, 53.925 86.225))",0.072485,2.2978,54.32499999999999,86.49999999999999,0.0,Geometric release screen passes
Main,C5,1,1,1.395346,4.468787,0.1,"POLYGON ((49.525 98.95, 49.485891 98.946922, 49.44243 98.935971, 49.401623 98.917435, 49.364781 98.891911, 49.333089 98.860219, 49.307565 98.823377, 49.289029 98.78257, 49.278078 98.739109, 49.275 98.7, 49.275 98.2, 49.278078 98.160891, 49.289029 98.11743, 49.307565 98.076623, 49.333089 98.039781, 49.364781 98.008089, 49.401623 97.982565, 49.44243 97.964029, 49.485891 97.953078, 49.525 97.95, 50.475 97.95, 50.514109 97.953078, 50.55757 97.964029, 50.598377 97.982565, 50.635219 98.008089, 50.666911 98.039781, 50.692435 98.076623, 50.710971 98.11743, 50.721922 98.160891, 50.725 98.2, 50.725 98.7, 50.721922 98.739109, 50.710971 98.78257, 50.692435 98.823377, 50.666911 98.860219, 50.635219 98.891911, 50.598377 98.917435, 50.55757 98.935971, 50.514109 98.946922, 50.475 98.95, 49.525 98.95))",0.139535,3.1224,50.0,98.45000000000002,90.0,Geometric release screen passes
Main,C5,2,1,1.395346,4.468787,0.1,"POLYGON ((49.525 97.05, 49.485891 97.046922, 49.44243 97.035971, 49.401623 97.017435, 49.364781 96.991911, 49.333089 96.960219, 49.307565 96.923377, 49.289029 96.88257, 49.278078 96.839109, 49.275 96.8, 49.275 96.3, 49.278078 96.260891, 49.289029 96.21743, 49.307565 96.176623, 49.333089 96.139781, 49.364781 96.108089, 49.401623 96.082565, 49.44243 96.064029, 49.485891 96.053078, 49.525 96.05, 50.475 96.05, 50.514109 96.053078, 50.55757 96.064029, 50.598377 96.082565, 50.635219 96.108089, 50.666911 96.139781, 50.692435 96.176623, 50.710971 96.21743, 50.721922 96.260891, 50.725 96.3, 50.725 96.8, 50.721922 96.839109, 50.710971 96.88257, 50.692435 96.923377, 50.666911 96.960219, 50.635219 96.991911, 50.598377 97.017435, 50.55757 97.035971, 50.514109 97.046922, 50.475 97.05, 49.525 97.05))",0.139535,3.1224,49.999999999999986,96.55000000000003,90.0,Geometric release screen passes
Main,R12,1,1,0.72485,3.154601,0.1,"POLYGON ((21.775 50.225, 21.778137 50.189716, 21.789269 50.15081, 21.808006 50.114941, 21.833579 50.083579, 21.864941 50.058006, 21.90081 50.039269, 21.939716 50.028137, 21.975 50.025, 22.375 50.025, 22.410284 50.028137, 22.44919 50.039269, 22.485059 50.058006, 22.516421 50.083579, 22.541994 50.114941, 22.560731 50.15081, 22.571863 50.189716, 22.575 50.225, 22.575 50.775, 22.571863 50.810284, 22.560731 50.84919, 22.541994 50.885059, 22.516421 50.916421, 22.485059 50.941994, 22.44919 50.960731, 22.410284 50.971863, 22.375 50.975, 21.975 50.975, 21.939716 50.971863, 21.90081 50.960731, 21.864941 50.941994, 21.833579 50.916421, 21.808006 50.885059, 21.789269 50.84919, 21.778137 50.810284, 21.775 50.775, 21.775 50.225))",0.072485,2.2978,22.175000000000004,50.5,0.0,Geometric release screen passes
Main,R12,2,1,0.72485,3.154601,0.1,"POLYGON ((23.425 50.225, 23.428137 50.189716, 23.439269 50.15081, 23.458006 50.114941, 23.483579 50.083579, 23.514941 50.058006, 23.55081 50.039269, 23.589716 50.028137, 23.625 50.025, 24.025 50.025, 24.060284 50.028137, 24.09919 50.039269, 24.135059 50.058006, 24.166421 50.083579, 24.191994 50.114941, 24.210731 50.15081, 24.221863 50.189716, 24.225 50.225, 24.225 50.775, 24.221863 50.810284, 24.210731 50.84919, 24.191994 50.885059, 24.166421 50.916421, 24.135059 50.941994, 24.09919 50.960731, 24.060284 50.971863, 24.025 50.975, 23.625 50.975, 23.589716 50.971863, 23.55081 50.960731, 23.514941 50.941994, 23.483579 50.916421, 23.458006 50.885059, 23.439269 50.84919, 23.428137 50.810284, 23.425 50.775, 23.425 50.225))",0.072485,2.2978,23.825000000000003,50.49999999999999,0.0,Geometric release screen passes
Main,R7,1,1,0.72485,3.154601,0.1,"POLYGON ((29.525 78.975, 29.528137 78.939716, 29.539269 78.90081, 29.558006 78.864941, 29.583579 78.833579, 29.614941 78.808006, 29.65081 78.789269, 29.689716 78.778137, 29.725 78.775, 30.125 78.775, 30.160284 78.778137, 30.19919 78.789269, 30.235059 78.808006, 30.266421 78.833579, 30.291994 78.864941, 30.310731 78.90081, 30.321863 78.939716, 30.325 78.975, 30.325 79.525, 30.321863 79.560284, 30.310731 79.59919, 30.291994 79.635059, 30.266421 79.666421, 30.235059 79.691994, 30.19919 79.710731, 30.160284 79.721863, 30.125 79.725, 29.725 79.725, 29.689716 79.721863, 29.65081 79.710731, 29.614941 79.691994, 29.583579 79.666421, 29.558006 79.635059, 29.539269 79.59919, 29.528137 79.560284, 29.525 79.525, 29.525 78.975))",0.072485,2.2978,29.925,79.25000000000001,0.0,Geometric release screen passes
Main,R7,2,1,0.72485,3.154601,0.1,"POLYGON ((31.175 78.975, 31.178137 78.939716, 31.189269 78.90081, 31.208006 78.864941, 31.233579 78.833579, 31.264941 78.808006, 31.30081 78.789269, 31.339716 78.778137, 31.375 78.775, 31.775 78.775, 31.810284 78.778137, 31.84919 78.789269, 31.885059 78.808006, 31.916421 78.833579, 31.941994 78.864941, 31.960731 78.90081, 31.971863 78.939716, 31.975 78.975, 31.975 79.525, 31.971863 79.560284, 31.960731 79.59919, 31.941994 79.635059, 31.916421 79.666421, 31.885059 79.691994, 31.84919 79.710731, 31.810284 79.721863, 31.775 79.725, 31.375 79.725, 31.339716 79.721863, 31.30081 79.710731, 31.264941 79.691994, 31.233579 79.666421, 31.208006 79.635059, 31.189269 79.59919, 31.178137 79.560284, 31.175 79.525, 31.175 78.975))",0.072485,2.2978,31.575000000000003,79.25,0.0,Geometric release screen passes
Main,R61,1,1,0.72485,3.154601,0.1,"POLYGON ((32.525 28.275, 32.560284 28.278137, 32.59919 28.289269, 32.635059 28.308006, 32.666421 28.333579, 32.691994 28.364941, 32.710731 28.40081, 32.721863 28.439716, 32.725 28.475, 32.725 28.875, 32.721863 28.910284, 32.710731 28.94919, 32.691994 28.985059, 32.666421 29.016421, 32.635059 29.041994, 32.59919 29.060731, 32.560284 29.071863, 32.525 29.075, 31.975 29.075, 31.939716 29.071863, 31.90081 29.060731, 31.864941 29.041994, 31.833579 29.016421, 31.808006 28.985059, 31.789269 28.94919, 31.778137 28.910284, 31.775 28.875, 31.775 28.475, 31.778137 28.439716, 31.789269 28.40081, 31.808006 28.364941, 31.833579 28.333579, 31.864941 28.308006, 31.90081 28.289269, 31.939716 28.278137, 31.975 28.275, 32.525 28.275))",0.072485,2.2978,32.25,28.67499999999999,270.0,Geometric release screen passes
Main,R61,2,1,0.72485,3.154601,0.1,"POLYGON ((32.525 29.925, 32.560284 29.928137, 32.59919 29.939269, 32.635059 29.958006, 32.666421 29.983579, 32.691994 30.014941, 32.710731 30.05081, 32.721863 30.089716, 32.725 30.125, 32.725 30.525, 32.721863 30.560284, 32.710731 30.59919, 32.691994 30.635059, 32.666421 30.666421, 32.635059 30.691994, 32.59919 30.710731, 32.560284 30.721863, 32.525 30.725, 31.975 30.725, 31.939716 30.721863, 31.90081 30.710731, 31.864941 30.691994, 31.833579 30.666421, 31.808006 30.635059, 31.789269 30.59919, 31.778137 30.560284, 31.775 30.525, 31.775 30.125, 31.778137 30.089716, 31.789269 30.05081, 31.808006 30.014941, 31.833579 29.983579, 31.864941 29.958006, 31.90081 29.939269, 31.939716 29.928137, 31.975 29.925, 32.525 29.925))",0.072485,2.2978,32.25000000000001,30.32500000000001,270.0,Geometric release screen passes
Main,R9,1,1,0.72485,3.154601,0.1,"POLYGON ((13.725 49.725, 13.689716 49.721863, 13.65081 49.710731, 13.614941 49.691994, 13.583579 49.666421, 13.558006 49.635059, 13.539269 49.59919, 13.528137 49.560284, 13.525 49.525, 13.525 49.125, 13.528137 49.089716, 13.539269 49.05081, 13.558006 49.014941, 13.583579 48.983579, 13.614941 48.958006, 13.65081 48.939269, 13.689716 48.928137, 13.725 48.925, 14.275 48.925, 14.310284 48.928137, 14.34919 48.939269, 14.385059 48.958006, 14.416421 48.983579, 14.441994 49.014941, 14.460731 49.05081, 14.471863 49.089716, 14.475 49.125, 14.475 49.525, 14.471863 49.560284, 14.460731 49.59919, 14.441994 49.635059, 14.416421 49.666421, 14.385059 49.691994, 14.34919 49.710731, 14.310284 49.721863, 14.275 49.725, 13.725 49.725))",0.072485,2.2978,14.000000000000002,49.325,90.0,Geometric release screen passes
Main,R9,2,1,0.72485,3.154601,0.1,"POLYGON ((13.725 48.075, 13.689716 48.071863, 13.65081 48.060731, 13.614941 48.041994, 13.583579 48.016421, 13.558006 47.985059, 13.539269 47.94919, 13.528137 47.910284, 13.525 47.875, 13.525 47.475, 13.528137 47.439716, 13.539269 47.40081, 13.558006 47.364941, 13.583579 47.333579, 13.614941 47.308006, 13.65081 47.289269, 13.689716 47.278137, 13.725 47.275, 14.275 47.275, 14.310284 47.278137, 14.34919 47.289269, 14.385059 47.308006, 14.416421 47.333579, 14.441994 47.364941, 14.460731 47.40081, 14.471863 47.439716, 14.475 47.475, 14.475 47.875, 14.471863 47.910284, 14.460731 47.94919, 14.441994 47.985059, 14.416421 48.016421, 14.385059 48.041994, 14.34919 48.060731, 14.310284 48.071863, 14.275 48.075, 13.725 48.075))",0.072485,2.2978,14.000000000000002,47.67499999999999,90.0,Geometric release screen passes
Main,R75,1,1,0.72485,3.154601,0.1,"POLYGON ((33.725 84.725, 33.689716 84.721863, 33.65081 84.710731, 33.614941 84.691994, 33.583579 84.666421, 33.558006 84.635059, 33.539269 84.59919, 33.528137 84.560284, 33.525 84.525, 33.525 84.125, 33.528137 84.089716, 33.539269 84.05081, 33.558006 84.014941, 33.583579 83.983579, 33.614941 83.958006, 33.65081 83.939269, 33.689716 83.928137, 33.725 83.925, 34.275 83.925, 34.310284 83.928137, 34.34919 83.939269, 34.385059 83.958006, 34.416421 83.983579, 34.441994 84.014941, 34.460731 84.05081, 34.471863 84.089716, 34.475 84.125, 34.475 84.525, 34.471863 84.560284, 34.460731 84.59919, 34.441994 84.635059, 34.416421 84.666421, 34.385059 84.691994, 34.34919 84.710731, 34.310284 84.721863, 34.275 84.725, 33.725 84.725))",0.072485,2.2978,34.0,84.32499999999996,90.0,Geometric release screen passes
Main,R75,2,1,0.72485,3.154601,0.1,"POLYGON ((33.725 83.075, 33.689716 83.071863, 33.65081 83.060731, 33.614941 83.041994, 33.583579 83.016421, 33.558006 82.985059, 33.539269 82.94919, 33.528137 82.910284, 33.525 82.875, 33.525 82.475, 33.528137 82.439716, 33.539269 82.40081, 33.558006 82.364941, 33.583579 82.333579, 33.614941 82.308006, 33.65081 82.289269, 33.689716 82.278137, 33.725 82.275, 34.275 82.275, 34.310284 82.278137, 34.34919 82.289269, 34.385059 82.308006, 34.416421 82.333579, 34.441994 82.364941, 34.460731 82.40081, 34.471863 82.439716, 34.475 82.475, 34.475 82.875, 34.471863 82.910284, 34.460731 82.94919, 34.441994 82.985059, 34.416421 83.016421, 34.385059 83.041994, 34.34919 83.060731, 34.310284 83.071863, 34.275 83.075, 33.725 83.075))",0.072485,2.2978,34.00000000000001,82.67500000000001,90.0,Geometric release screen passes
Main,U5,,1,0.627654,3.112144,0.1,"POLYGON ((16.55 53.25, 16.553806 53.230866, 16.564645 53.214645, 16.580866 53.203806, 16.6 53.2, 17.4 53.2, 17.419134 53.203806, 17.435355 53.214645, 17.446194 53.230866, 17.45 53.25, 17.45 53.85, 17.446194 53.869134, 17.435355 53.885355, 17.419134 53.896194, 17.4 53.9, 16.6 53.9, 16.580866 53.896194, 16.564645 53.885355, 16.553806 53.869134, 16.55 53.85, 16.55 53.25))",0.062765,2.0168,16.99999999999999,53.54999999999999,0.0,Geometric release screen passes
Main,U5,,1,0.627654,3.112144,0.1,"POLYGON ((16.55 54.15, 16.553806 54.130866, 16.564645 54.114645, 16.580866 54.103806, 16.6 54.1, 17.4 54.1, 17.419134 54.103806, 17.435355 54.114645, 17.446194 54.130866, 17.45 54.15, 17.45 54.75, 17.446194 54.769134, 17.435355 54.785355, 17.419134 54.796194, 17.4 54.8, 16.6 54.8, 16.580866 54.796194, 16.564645 54.785355, 16.553806 54.769134, 16.55 54.75, 16.55 54.15))",0.062765,2.0168,17.0,54.449999999999996,0.0,Geometric release screen passes
Main,U5,1,1,0.146435,1.590998,0.1,"POLYGON ((15.75 53.1875, 15.75213 53.171324, 15.761303 53.151651, 15.776651 53.136303, 15.796324 53.12713, 15.8125 53.125, 16.2875 53.125, 16.303676 53.12713, 16.323349 53.136303, 16.338697 53.151651, 16.34787 53.171324, 16.35 53.1875, 16.35 53.3125, 16.34787 53.328676, 16.338697 53.348349, 16.323349 53.363697, 16.303676 53.37287, 16.2875 53.375, 15.8125 53.375, 15.796324 53.37287, 15.776651 53.363697, 15.761303 53.348349, 15.75213 53.328676, 15.75 53.3125, 15.75 53.1875))",0.014644,0.9204,16.050000000000004,53.25000000000002,0.0,Geometric release screen passes
Main,U5,2,1,0.146435,1.590998,0.1,"POLYGON ((15.75 53.6875, 15.75213 53.671324, 15.761303 53.651651, 15.776651 53.636303, 15.796324 53.62713, 15.8125 53.625, 16.2875 53.625, 16.303676 53.62713, 16.323349 53.636303, 16.338697 53.651651, 16.34787 53.671324, 16.35 53.6875, 16.35 53.8125, 16.34787 53.828676, 16.338697 53.848349, 16.323349 53.863697, 16.303676 53.87287, 16.2875 53.875, 15.8125 53.875, 15.796324 53.87287, 15.776651 53.863697, 15.761303 53.848349, 15.75213 53.828676, 15.75 53.8125, 15.75 53.6875))",0.014644,0.9204,16.050000000000004,53.75000000000001,0.0,Geometric release screen passes
Main,U5,3,1,0.146435,1.590998,0.1,"POLYGON ((15.75 54.1875, 15.75213 54.171324, 15.761303 54.151651, 15.776651 54.136303, 15.796324 54.12713, 15.8125 54.125, 16.2875 54.125, 16.303676 54.12713, 16.323349 54.136303, 16.338697 54.151651, 16.34787 54.171324, 16.35 54.1875, 16.35 54.3125, 16.34787 54.328676, 16.338697 54.348349, 16.323349 54.363697, 16.303676 54.37287, 16.2875 54.375, 15.8125 54.375, 15.796324 54.37287, 15.776651 54.363697, 15.761303 54.348349, 15.75213 54.328676, 15.75 54.3125, 15.75 54.1875))",0.014644,0.9204,16.050000000000004,54.25000000000001,0.0,Geometric release screen passes
Main,U5,4,1,0.146435,1.590998,0.1,"POLYGON ((15.75 54.6875, 15.75213 54.671324, 15.761303 54.651651, 15.776651 54.636303, 15.796324 54.62713, 15.8125 54.625, 16.2875 54.625, 16.303676 54.62713, 16.323349 54.636303, 16.338697 54.651651, 16.34787 54.671324, 16.35 54.6875, 16.35 54.8125, 16.34787 54.828676, 16.338697 54.848349, 16.323349 54.863697, 16.303676 54.87287, 16.2875 54.875, 15.8125 54.875, 15.796324 54.87287, 15.776651 54.863697, 15.761303 54.848349, 15.75213 54.828676, 15.75 54.8125, 15.75 54.6875))",0.014644,0.9204,16.050000000000004,54.75,0.0,Geometric release screen passes
Main,U5,5,1,0.146435,1.590998,0.1,"POLYGON ((17.65 54.6875, 17.65213 54.671324, 17.661303 54.651651, 17.676651 54.636303, 17.696324 54.62713, 17.7125 54.625, 18.1875 54.625, 18.203676 54.62713, 18.223349 54.636303, 18.238697 54.651651, 18.24787 54.671324, 18.25 54.6875, 18.25 54.8125, 18.24787 54.828676, 18.238697 54.848349, 18.223349 54.863697, 18.203676 54.87287, 18.1875 54.875, 17.7125 54.875, 17.696324 54.87287, 17.676651 54.863697, 17.661303 54.848349, 17.65213 54.828676, 17.65 54.8125, 17.65 54.6875))",0.014644,0.9204,17.949999999999992,54.74999999999999,0.0,Geometric release screen passes
Main,U5,6,1,0.146435,1.590998,0.1,"POLYGON ((17.65 54.1875, 17.65213 54.171324, 17.661303 54.151651, 17.676651 54.136303, 17.696324 54.12713, 17.7125 54.125, 18.1875 54.125, 18.203676 54.12713, 18.223349 54.136303, 18.238697 54.151651, 18.24787 54.171324, 18.25 54.1875, 18.25 54.3125, 18.24787 54.328676, 18.238697 54.348349, 18.223349 54.363697, 18.203676 54.37287, 18.1875 54.375, 17.7125 54.375, 17.696324 54.37287, 17.676651 54.363697, 17.661303 54.348349, 17.65213 54.328676, 17.65 54.3125, 17.65 54.1875))",0.014644,0.9204,17.949999999999992,54.24999999999998,0.0,Geometric release screen passes
Main,U5,7,1,0.146435,1.590998,0.1,"POLYGON ((17.65 53.6875, 17.65213 53.671324, 17.661303 53.651651, 17.676651 53.636303, 17.696324 53.62713, 17.7125 53.625, 18.1875 53.625, 18.203676 53.62713, 18.223349 53.636303, 18.238697 53.651651, 18.24787 53.671324, 18.25 53.6875, 18.25 53.8125, 18.24787 53.828676, 18.238697 53.848349, 18.223349 53.863697, 18.203676 53.87287, 18.1875 53.875, 17.7125 53.875, 17.696324 53.87287, 17.676651 53.863697, 17.661303 53.848349, 17.65213 53.828676, 17.65 53.8125, 17.65 53.6875))",0.014644,0.9204,17.949999999999992,53.74999999999998,0.0,Geometric release screen passes
Main,U5,8,1,0.146435,1.590998,0.1,"POLYGON ((17.65 53.1875, 17.65213 53.171324, 17.661303 53.151651, 17.676651 53.136303, 17.696324 53.12713, 17.7125 53.125, 18.1875 53.125, 18.203676 53.12713, 18.223349 53.136303, 18.238697 53.151651, 18.24787 53.171324, 18.25 53.1875, 18.25 53.3125, 18.24787 53.328676, 18.238697 53.348349, 18.223349 53.363697, 18.203676 53.37287, 18.1875 53.375, 17.7125 53.375, 17.696324 53.37287, 17.676651 53.363697, 17.661303 53.348349, 17.65213 53.328676, 17.65 53.3125, 17.65 53.1875))",0.014644,0.9204,17.949999999999992,53.249999999999986,0.0,Geometric release screen passes
Main,U13,,2,0.246076,2.380692,0.1,"POLYGON ((60.4 55.85, 60.396194 55.830866, 60.385355 55.814645, 60.369134 55.803806, 60.35 55.8, 60.225 55.8, 60.205866 55.803806, 60.189645 55.814645, 60.178806 55.830866, 60.175 55.85, 60.175 56.1625, 59.85 56.1625, 59.830866 56.166306, 59.814645 56.177145, 59.803806 56.193366, 59.8 56.2125, 59.8 56.3875, 59.803806 56.406634, 59.814645 56.422855, 59.830866 56.433694, 59.85 56.4375, 60.19285507888181 56.4375, 60.205866 56.446194, 60.225 56.45, 60.35 56.45, 60.369134 56.446194, 60.385355 56.435355, 60.396194 56.419134, 60.4 56.4, 60.4 56.3875, 60.4 56.2125, 60.4 55.85))",0.024608,1.0336,60.163948329986724,56.197775660113514,0.0,Geometric release screen passes
Main,U13,,2,0.246076,2.380692,0.1,"POLYGON ((59.85 57.5625, 59.830866 57.566306, 59.814645 57.577145, 59.803806 57.593366, 59.8 57.6125, 59.8 57.7875, 59.803806 57.806634, 59.814645 57.822855, 59.830866 57.833694, 59.85 57.8375, 60.175 57.8375, 60.175 58.15, 60.178806 58.169134, 60.189645 58.185355, 60.205866 58.196194, 60.225 58.2, 60.35 58.2, 60.369134 58.196194, 60.385355 58.185355, 60.396194 58.169134, 60.4 58.15, 60.4 57.7875, 60.4 57.6125, 60.4 57.6, 60.396194 57.580866, 60.385355 57.564645, 60.369134 57.553806, 60.35 57.55, 60.225 57.55, 60.205866 57.553806, 60.19285507888181 57.5625, 59.85 57.5625))",0.024608,1.0336,60.163948329986724,57.80222433988649,0.0,Geometric release screen passes
Main,U13,,1,0.294454,2.592144,0.1,"POLYGON ((60.61 55.89, 60.613806 55.870866, 60.624645 55.854645, 60.640866 55.843806, 60.66 55.84, 60.84 55.84, 60.859134 55.843806, 60.875355 55.854645, 60.886194 55.870866, 60.89 55.89, 60.89 56.85, 60.886194 56.869134, 60.875355 56.885355, 60.859134 56.896194, 60.84 56.9, 60.66 56.9, 60.640866 56.896194, 60.624645 56.885355, 60.613806 56.869134, 60.61 56.85, 60.61 55.89))",0.029445,1.1359,60.75000000000001,56.370000000000005,0.0,Geometric release screen passes
Main,U13,,1,0.294454,2.592144,0.1,"POLYGON ((60.61 57.15, 60.613806 57.130866, 60.624645 57.114645, 60.640866 57.103806, 60.66 57.1, 60.84 57.1, 60.859134 57.103806, 60.875355 57.114645, 60.886194 57.130866, 60.89 57.15, 60.89 58.11, 60.886194 58.129134, 60.875355 58.145355, 60.859134 58.156194, 60.84 58.16, 60.66 58.16, 60.640866 58.156194, 60.624645 58.145355, 60.613806 58.129134, 60.61 58.11, 60.61 57.15))",0.029445,1.1359,60.75000000000001,57.63,0.0,Geometric release screen passes
Main,U13,,1,0.294454,2.592144,0.1,"POLYGON ((61.11 55.89, 61.113806 55.870866, 61.124645 55.854645, 61.140866 55.843806, 61.16 55.84, 61.34 55.84, 61.359134 55.843806, 61.375355 55.854645, 61.386194 55.870866, 61.39 55.89, 61.39 56.85, 61.386194 56.869134, 61.375355 56.885355, 61.359134 56.896194, 61.34 56.9, 61.16 56.9, 61.140866 56.896194, 61.124645 56.885355, 61.113806 56.869134, 61.11 56.85, 61.11 55.89))",0.029445,1.1359,61.24999999999999,56.370000000000005,0.0,Geometric release screen passes
Main,U13,,1,0.294454,2.592144,0.1,"POLYGON ((61.11 57.15, 61.113806 57.130866, 61.124645 57.114645, 61.140866 57.103806, 61.16 57.1, 61.34 57.1, 61.359134 57.103806, 61.375355 57.114645, 61.386194 57.130866, 61.39 57.15, 61.39 58.11, 61.386194 58.129134, 61.375355 58.145355, 61.359134 58.156194, 61.34 58.16, 61.16 58.16, 61.140866 58.156194, 61.124645 58.145355, 61.113806 58.129134, 61.11 58.11, 61.11 57.15))",0.029445,1.1359,61.25000000000001,57.63,0.0,Geometric release screen passes
Main,U13,,2,0.246076,2.380692,0.1,"POLYGON ((61.825 55.85, 61.821194 55.830866, 61.810355 55.814645, 61.794134 55.803806, 61.775 55.8, 61.65 55.8, 61.630866 55.803806, 61.614645 55.814645, 61.603806 55.830866, 61.6 55.85, 61.6 56.2125, 61.6 56.3875, 61.6 56.4, 61.603806 56.419134, 61.614645 56.435355, 61.630866 56.446194, 61.65 56.45, 61.775 56.45, 61.794134 56.446194, 61.80714492111819 56.4375, 62.15 56.4375, 62.169134 56.433694, 62.185355 56.422855, 62.196194 56.406634, 62.2 56.3875, 62.2 56.2125, 62.196194 56.193366, 62.185355 56.177145, 62.169134 56.166306, 62.15 56.1625, 61.825 56.1625, 61.825 55.85))",0.024608,1.0336,61.8360516700133,56.19777566011351,0.0,Geometric release screen passes
Main,U13,,2,0.246076,2.380692,0.1,"POLYGON ((62.15 57.8375, 62.169134 57.833694, 62.185355 57.822855, 62.196194 57.806634, 62.2 57.7875, 62.2 57.6125, 62.196194 57.593366, 62.185355 57.577145, 62.169134 57.566306, 62.15 57.5625, 61.80714492111819 57.5625, 61.794134 57.553806, 61.775 57.55, 61.65 57.55, 61.630866 57.553806, 61.614645 57.564645, 61.603806 57.580866, 61.6 57.6, 61.6 57.6125, 61.6 57.7875, 61.6 58.15, 61.603806 58.169134, 61.614645 58.185355, 61.630866 58.196194, 61.65 58.2, 61.775 58.2, 61.794134 58.196194, 61.810355 58.185355, 61.821194 58.169134, 61.825 58.15, 61.825 57.8375, 62.15 57.8375))",0.024608,1.0336,61.836051670013276,57.8022243398865,0.0,Geometric release screen passes
Main,U13,2,1,0.147654,1.612144,0.1,"POLYGON ((59.8 56.7, 59.803806 56.680866, 59.814645 56.664645, 59.830866 56.653806, 59.85 56.65, 60.35 56.65, 60.369134 56.653806, 60.385355 56.664645, 60.396194 56.680866, 60.4 56.7, 60.4 56.85, 60.396194 56.869134, 60.385355 56.885355, 60.369134 56.896194, 60.35 56.9, 59.85 56.9, 59.830866 56.896194, 59.814645 56.885355, 59.803806 56.869134, 59.8 56.85, 59.8 56.7))",0.014765,0.9159,60.1,56.774999999999984,0.0,Geometric release screen passes
Main,U13,3,1,0.147654,1.612144,0.1,"POLYGON ((59.8 57.15, 59.803806 57.130866, 59.814645 57.114645, 59.830866 57.103806, 59.85 57.1, 60.35 57.1, 60.369134 57.103806, 60.385355 57.114645, 60.396194 57.130866, 60.4 57.15, 60.4 57.3, 60.396194 57.319134, 60.385355 57.335355, 60.369134 57.346194, 60.35 57.35, 59.85 57.35, 59.830866 57.346194, 59.814645 57.335355, 59.803806 57.319134, 59.8 57.3, 59.8 57.15))",0.014765,0.9159,60.10000000000001,57.225,0.0,Geometric release screen passes
Main,U13,8,1,0.147654,1.612144,0.1,"POLYGON ((61.6 57.15, 61.603806 57.130866, 61.614645 57.114645, 61.630866 57.103806, 61.65 57.1, 62.15 57.1, 62.169134 57.103806, 62.185355 57.114645, 62.196194 57.130866, 62.2 57.15, 62.2 57.3, 62.196194 57.319134, 62.185355 57.335355, 62.169134 57.346194, 62.15 57.35, 61.65 57.35, 61.630866 57.346194, 61.614645 57.335355, 61.603806 57.319134, 61.6 57.3, 61.6 57.15))",0.014765,0.9159,61.900000000000006,57.22499999999999,0.0,Geometric release screen passes
Main,U13,9,1,0.147654,1.612144,0.1,"POLYGON ((61.6 56.7, 61.603806 56.680866, 61.614645 56.664645, 61.630866 56.653806, 61.65 56.65, 62.15 56.65, 62.169134 56.653806, 62.185355 56.664645, 62.196194 56.680866, 62.2 56.7, 62.2 56.85, 62.196194 56.869134, 62.185355 56.885355, 62.169134 56.896194, 62.15 56.9, 61.65 56.9, 61.630866 56.896194, 61.614645 56.885355, 61.603806 56.869134, 61.6 56.85, 61.6 56.7))",0.014765,0.9159,61.900000000000006,56.77499999999999,0.0,Geometric release screen passes
Main,R21,1,1,0.72485,3.154601,0.1,"POLYGON ((59.725 49.725, 59.689716 49.721863, 59.65081 49.710731, 59.614941 49.691994, 59.583579 49.666421, 59.558006 49.635059, 59.539269 49.59919, 59.528137 49.560284, 59.525 49.525, 59.525 49.125, 59.528137 49.089716, 59.539269 49.05081, 59.558006 49.014941, 59.583579 48.983579, 59.614941 48.958006, 59.65081 48.939269, 59.689716 48.928137, 59.725 48.925, 60.275 48.925, 60.310284 48.928137, 60.34919 48.939269, 60.385059 48.958006, 60.416421 48.983579, 60.441994 49.014941, 60.460731 49.05081, 60.471863 49.089716, 60.475 49.125, 60.475 49.525, 60.471863 49.560284, 60.460731 49.59919, 60.441994 49.635059, 60.416421 49.666421, 60.385059 49.691994, 60.34919 49.710731, 60.310284 49.721863, 60.275 49.725, 59.725 49.725))",0.072485,2.2978,60.0,49.325,90.0,Geometric release screen passes
Main,R21,2,1,0.72485,3.154601,0.1,"POLYGON ((59.725 48.075, 59.689716 48.071863, 59.65081 48.060731, 59.614941 48.041994, 59.583579 48.016421, 59.558006 47.985059, 59.539269 47.94919, 59.528137 47.910284, 59.525 47.875, 59.525 47.475, 59.528137 47.439716, 59.539269 47.40081, 59.558006 47.364941, 59.583579 47.333579, 59.614941 47.308006, 59.65081 47.289269, 59.689716 47.278137, 59.725 47.275, 60.275 47.275, 60.310284 47.278137, 60.34919 47.289269, 60.385059 47.308006, 60.416421 47.333579, 60.441994 47.364941, 60.460731 47.40081, 60.471863 47.439716, 60.475 47.475, 60.475 47.875, 60.471863 47.910284, 60.460731 47.94919, 60.441994 47.985059, 60.416421 48.016421, 60.385059 48.041994, 60.34919 48.060731, 60.310284 48.071863, 60.275 48.075, 59.725 48.075))",0.072485,2.2978,60.0,47.67500000000001,90.0,Geometric release screen passes
Main,R127,1,1,0.72485,3.154601,0.1,"POLYGON ((32.525 85.725, 32.528137 85.689716, 32.539269 85.65081, 32.558006 85.614941, 32.583579 85.583579, 32.614941 85.558006, 32.65081 85.539269, 32.689716 85.528137, 32.725 85.525, 33.125 85.525, 33.160284 85.528137, 33.19919 85.539269, 33.235059 85.558006, 33.266421 85.583579, 33.291994 85.614941, 33.310731 85.65081, 33.321863 85.689716, 33.325 85.725, 33.325 86.275, 33.321863 86.310284, 33.310731 86.34919, 33.291994 86.385059, 33.266421 86.416421, 33.235059 86.441994, 33.19919 86.460731, 33.160284 86.471863, 33.125 86.475, 32.725 86.475, 32.689716 86.471863, 32.65081 86.460731, 32.614941 86.441994, 32.583579 86.416421, 32.558006 86.385059, 32.539269 86.34919, 32.528137 86.310284, 32.525 86.275, 32.525 85.725))",0.072485,2.2978,32.925,85.99999999999999,0.0,Geometric release screen passes
Main,R127,2,1,0.72485,3.154601,0.1,"POLYGON ((34.175 85.725, 34.178137 85.689716, 34.189269 85.65081, 34.208006 85.614941, 34.233579 85.583579, 34.264941 85.558006, 34.30081 85.539269, 34.339716 85.528137, 34.375 85.525, 34.775 85.525, 34.810284 85.528137, 34.84919 85.539269, 34.885059 85.558006, 34.916421 85.583579, 34.941994 85.614941, 34.960731 85.65081, 34.971863 85.689716, 34.975 85.725, 34.975 86.275, 34.971863 86.310284, 34.960731 86.34919, 34.941994 86.385059, 34.916421 86.416421, 34.885059 86.441994, 34.84919 86.460731, 34.810284 86.471863, 34.775 86.475, 34.375 86.475, 34.339716 86.471863, 34.30081 86.460731, 34.264941 86.441994, 34.233579 86.416421, 34.208006 86.385059, 34.189269 86.34919, 34.178137 86.310284, 34.175 86.275, 34.175 85.725))",0.072485,2.2978,34.574999999999996,86.0,0.0,Geometric release screen passes
Main,R142,1,1,0.72485,3.154601,0.1,"POLYGON ((66.225 65.225, 66.189716 65.221863, 66.15081 65.210731, 66.114941 65.191994, 66.083579 65.166421, 66.058006 65.135059, 66.039269 65.09919, 66.028137 65.060284, 66.025 65.025, 66.025 64.625, 66.028137 64.589716, 66.039269 64.55081, 66.058006 64.514941, 66.083579 64.483579, 66.114941 64.458006, 66.15081 64.439269, 66.189716 64.428137, 66.225 64.425, 66.775 64.425, 66.810284 64.428137, 66.84919 64.439269, 66.885059 64.458006, 66.916421 64.483579, 66.941994 64.514941, 66.960731 64.55081, 66.971863 64.589716, 66.975 64.625, 66.975 65.025, 66.971863 65.060284, 66.960731 65.09919, 66.941994 65.135059, 66.916421 65.166421, 66.885059 65.191994, 66.84919 65.210731, 66.810284 65.221863, 66.775 65.225, 66.225 65.225))",0.072485,2.2978,66.5,64.82499999999997,90.0,Geometric release screen passes
Main,R142,2,1,0.72485,3.154601,0.1,"POLYGON ((66.225 63.575, 66.189716 63.571863, 66.15081 63.560731, 66.114941 63.541994, 66.083579 63.516421, 66.058006 63.485059, 66.039269 63.44919, 66.028137 63.410284, 66.025 63.375, 66.025 62.975, 66.028137 62.939716, 66.039269 62.90081, 66.058006 62.864941, 66.083579 62.833579, 66.114941 62.808006, 66.15081 62.789269, 66.189716 62.778137, 66.225 62.775, 66.775 62.775, 66.810284 62.778137, 66.84919 62.789269, 66.885059 62.808006, 66.916421 62.833579, 66.941994 62.864941, 66.960731 62.90081, 66.971863 62.939716, 66.975 62.975, 66.975 63.375, 66.971863 63.410284, 66.960731 63.44919, 66.941994 63.485059, 66.916421 63.516421, 66.885059 63.541994, 66.84919 63.560731, 66.810284 63.571863, 66.775 63.575, 66.225 63.575))",0.072485,2.2978,66.5,63.17499999999999,90.0,Geometric release screen passes
Wheel,R123,1,1,4.049096,8.718787,0.1,"POLYGON ((3.425 53.575, 3.428078 53.535891, 3.439029 53.49243, 3.457565 53.451623, 3.483089 53.414781, 3.514781 53.383089, 3.551623 53.357565, 3.59243 53.339029, 3.635891 53.328078, 3.675 53.325, 4.4 53.325, 4.439109 53.328078, 4.48257 53.339029, 4.523377 53.357565, 4.560219 53.383089, 4.591911 53.414781, 4.617435 53.451623, 4.635971 53.49243, 4.646922 53.535891, 4.65 53.575, 4.65 56.425, 4.646922 56.464109, 4.635971 56.50757, 4.617435 56.548377, 4.591911 56.585219, 4.560219 56.616911, 4.523377 56.642435, 4.48257 56.660971, 4.439109 56.671922, 4.4 56.675, 3.675 56.675, 3.635891 56.671922, 3.59243 56.660971, 3.551623 56.642435, 3.514781 56.616911, 3.483089 56.585219, 3.457565 56.548377, 3.439029 56.50757, 3.428078 56.464109, 3.425 56.425, 3.425 53.575))",0.40491,4.6441,4.0375,54.99999999999999,0.0,Geometric release screen passes
Wheel,R123,2,1,4.049096,8.718787,0.1,"POLYGON ((9.35 53.575, 9.353078 53.535891, 9.364029 53.49243, 9.382565 53.451623, 9.408089 53.414781, 9.439781 53.383089, 9.476623 53.357565, 9.51743 53.339029, 9.560891 53.328078, 9.6 53.325, 10.325 53.325, 10.364109 53.328078, 10.40757 53.339029, 10.448377 53.357565, 10.485219 53.383089, 10.516911 53.414781, 10.542435 53.451623, 10.560971 53.49243, 10.571922 53.535891, 10.575 53.575, 10.575 56.425, 10.571922 56.464109, 10.560971 56.50757, 10.542435 56.548377, 10.516911 56.585219, 10.485219 56.616911, 10.448377 56.642435, 10.40757 56.660971, 10.364109 56.671922, 10.325 56.675, 9.6 56.675, 9.560891 56.671922, 9.51743 56.660971, 9.476623 56.642435, 9.439781 56.616911, 9.408089 56.585219, 9.382565 56.548377, 9.364029 56.50757, 9.353078 56.464109, 9.35 56.425, 9.35 53.575))",0.40491,4.6441,9.9625,55.00000000000001,0.0,Geometric release screen passes
Wheel,R139,1,1,0.72485,3.154601,0.1,"POLYGON ((45.775 36.725, 45.778137 36.689716, 45.789269 36.65081, 45.808006 36.614941, 45.833579 36.583579, 45.864941 36.558006, 45.90081 36.539269, 45.939716 36.528137, 45.975 36.525, 46.375 36.525, 46.410284 36.528137, 46.44919 36.539269, 46.485059 36.558006, 46.516421 36.583579, 46.541994 36.614941, 46.560731 36.65081, 46.571863 36.689716, 46.575 36.725, 46.575 37.275, 46.571863 37.310284, 46.560731 37.34919, 46.541994 37.385059, 46.516421 37.416421, 46.485059 37.441994, 46.44919 37.460731, 46.410284 37.471863, 46.375 37.475, 45.975 37.475, 45.939716 37.471863, 45.90081 37.460731, 45.864941 37.441994, 45.833579 37.416421, 45.808006 37.385059, 45.789269 37.34919, 45.778137 37.310284, 45.775 37.275, 45.775 36.725))",0.072485,2.2978,46.17500000000001,37.0,0.0,Geometric release screen passes
Wheel,R139,2,1,0.72485,3.154601,0.1,"POLYGON ((47.425 36.725, 47.428137 36.689716, 47.439269 36.65081, 47.458006 36.614941, 47.483579 36.583579, 47.514941 36.558006, 47.55081 36.539269, 47.589716 36.528137, 47.625 36.525, 48.025 36.525, 48.060284 36.528137, 48.09919 36.539269, 48.135059 36.558006, 48.166421 36.583579, 48.191994 36.614941, 48.210731 36.65081, 48.221863 36.689716, 48.225 36.725, 48.225 37.275, 48.221863 37.310284, 48.210731 37.34919, 48.191994 37.385059, 48.166421 37.416421, 48.135059 37.441994, 48.09919 37.460731, 48.060284 37.471863, 48.025 37.475, 47.625 37.475, 47.589716 37.471863, 47.55081 37.460731, 47.514941 37.441994, 47.483579 37.416421, 47.458006 37.385059, 47.439269 37.34919, 47.428137 37.310284, 47.425 37.275, 47.425 36.725))",0.072485,2.2978,47.824999999999996,36.99999999999999,0.0,Geometric release screen passes
Wheel,R102,1,1,0.72485,3.154601,0.1,"POLYGON ((23.425 23.225, 23.389716 23.221863, 23.35081 23.210731, 23.314941 23.191994, 23.283579 23.166421, 23.258006 23.135059, 23.239269 23.09919, 23.228137 23.060284, 23.225 23.025, 23.225 22.625, 23.228137 22.589716, 23.239269 22.55081, 23.258006 22.514941, 23.283579 22.483579, 23.314941 22.458006, 23.35081 22.439269, 23.389716 22.428137, 23.425 22.425, 23.975 22.425, 24.010284 22.428137, 24.04919 22.439269, 24.085059 22.458006, 24.116421 22.483579, 24.141994 22.514941, 24.160731 22.55081, 24.171863 22.589716, 24.175 22.625, 24.175 23.025, 24.171863 23.060284, 24.160731 23.09919, 24.141994 23.135059, 24.116421 23.166421, 24.085059 23.191994, 24.04919 23.210731, 24.010284 23.221863, 23.975 23.225, 23.425 23.225))",0.072485,2.2978,23.699999999999996,22.825,90.0,Geometric release screen passes
Wheel,R102,2,1,0.72485,3.154601,0.1,"POLYGON ((23.425 21.575, 23.389716 21.571863, 23.35081 21.560731, 23.314941 21.541994, 23.283579 21.516421, 23.258006 21.485059, 23.239269 21.44919, 23.228137 21.410284, 23.225 21.375, 23.225 20.975, 23.228137 20.939716, 23.239269 20.90081, 23.258006 20.864941, 23.283579 20.833579, 23.314941 20.808006, 23.35081 20.789269, 23.389716 20.778137, 23.425 20.775, 23.975 20.775, 24.010284 20.778137, 24.04919 20.789269, 24.085059 20.808006, 24.116421 20.833579, 24.141994 20.864941, 24.160731 20.90081, 24.171863 20.939716, 24.175 20.975, 24.175 21.375, 24.171863 21.410284, 24.160731 21.44919, 24.141994 21.485059, 24.116421 21.516421, 24.085059 21.541994, 24.04919 21.560731, 24.010284 21.571863, 23.975 21.575, 23.425 21.575))",0.072485,2.2978,23.7,21.175000000000004,90.0,Geometric release screen passes
Wheel,U22,1,1,0.581041,3.576441,0.1,"POLYGON ((37.95 41.6, 37.928743 41.597715, 37.902075 41.587768, 37.879289 41.570711, 37.862232 41.547925, 37.852285 41.521257, 37.85 41.5, 37.85 40.225, 37.852285 40.203743, 37.862232 40.177075, 37.879289 40.154289, 37.902075 40.137232, 37.928743 40.127285, 37.95 40.125, 38.15 40.125, 38.171257 40.127285, 38.197925 40.137232, 38.220711 40.154289, 38.237768 40.177075, 38.247715 40.203743, 38.25 40.225, 38.25 41.5, 38.247715 41.521257, 38.237768 41.547925, 38.220711 41.570711, 38.197925 41.587768, 38.171257 41.597715, 38.15 41.6, 37.95 41.6))",0.058104,1.6246,38.050000000000026,40.86250000000001,90.0,Geometric release screen passes
Wheel,U22,2,1,0.581041,3.576441,0.1,"POLYGON ((38.6 41.6, 38.578743 41.597715, 38.552075 41.587768, 38.529289 41.570711, 38.512232 41.547925, 38.502285 41.521257, 38.5 41.5, 38.5 40.225, 38.502285 40.203743, 38.512232 40.177075, 38.529289 40.154289, 38.552075 40.137232, 38.578743 40.127285, 38.6 40.125, 38.8 40.125, 38.821257 40.127285, 38.847925 40.137232, 38.870711 40.154289, 38.887768 40.177075, 38.897715 40.203743, 38.9 40.225, 38.9 41.5, 38.897715 41.521257, 38.887768 41.547925, 38.870711 41.570711, 38.847925 41.587768, 38.821257 41.597715, 38.8 41.6, 38.6 41.6))",0.058104,1.6246,38.70000000000001,40.862500000000004,90.0,Geometric release screen passes
Wheel,U22,3,1,0.581041,3.576441,0.1,"POLYGON ((39.25 41.6, 39.228743 41.597715, 39.202075 41.587768, 39.179289 41.570711, 39.162232 41.547925, 39.152285 41.521257, 39.15 41.5, 39.15 40.225, 39.152285 40.203743, 39.162232 40.177075, 39.179289 40.154289, 39.202075 40.137232, 39.228743 40.127285, 39.25 40.125, 39.45 40.125, 39.471257 40.127285, 39.497925 40.137232, 39.520711 40.154289, 39.537768 40.177075, 39.547715 40.203743, 39.55 40.225, 39.55 41.5, 39.547715 41.521257, 39.537768 41.547925, 39.520711 41.570711, 39.497925 41.587768, 39.471257 41.597715, 39.45 41.6, 39.25 41.6))",0.058104,1.6246,39.35,40.86249999999998,90.0,Geometric release screen passes
Wheel,U22,4,1,0.581041,3.576441,0.1,"POLYGON ((39.9 41.6, 39.878743 41.597715, 39.852075 41.587768, 39.829289 41.570711, 39.812232 41.547925, 39.802285 41.521257, 39.8 41.5, 39.8 40.225, 39.802285 40.203743, 39.812232 40.177075, 39.829289 40.154289, 39.852075 40.137232, 39.878743 40.127285, 39.9 40.125, 40.1 40.125, 40.121257 40.127285, 40.147925 40.137232, 40.170711 40.154289, 40.187768 40.177075, 40.197715 40.203743, 40.2 40.225, 40.2 41.5, 40.197715 41.521257, 40.187768 41.547925, 40.170711 41.570711, 40.147925 41.587768, 40.121257 41.597715, 40.1 41.6, 39.9 41.6))",0.058104,1.6246,40.00000000000001,40.86249999999998,90.0,Geometric release screen passes
Wheel,U22,5,1,0.581041,3.576441,0.1,"POLYGON ((40.55 41.6, 40.528743 41.597715, 40.502075 41.587768, 40.479289 41.570711, 40.462232 41.547925, 40.452285 41.521257, 40.45 41.5, 40.45 40.225, 40.452285 40.203743, 40.462232 40.177075, 40.479289 40.154289, 40.502075 40.137232, 40.528743 40.127285, 40.55 40.125, 40.75 40.125, 40.771257 40.127285, 40.797925 40.137232, 40.820711 40.154289, 40.837768 40.177075, 40.847715 40.203743, 40.85 40.225, 40.85 41.5, 40.847715 41.521257, 40.837768 41.547925, 40.820711 41.570711, 40.797925 41.587768, 40.771257 41.597715, 40.75 41.6, 40.55 41.6))",0.058104,1.6246,40.64999999999999,40.86249999999999,90.0,Geometric release screen passes
Wheel,U22,6,1,0.581041,3.576441,0.1,"POLYGON ((41.2 41.6, 41.178743 41.597715, 41.152075 41.587768, 41.129289 41.570711, 41.112232 41.547925, 41.102285 41.521257, 41.1 41.5, 41.1 40.225, 41.102285 40.203743, 41.112232 40.177075, 41.129289 40.154289, 41.152075 40.137232, 41.178743 40.127285, 41.2 40.125, 41.4 40.125, 41.421257 40.127285, 41.447925 40.137232, 41.470711 40.154289, 41.487768 40.177075, 41.497715 40.203743, 41.5 40.225, 41.5 41.5, 41.497715 41.521257, 41.487768 41.547925, 41.470711 41.570711, 41.447925 41.587768, 41.421257 41.597715, 41.4 41.6, 41.2 41.6))",0.058104,1.6246,41.30000000000001,40.86250000000001,90.0,Geometric release screen passes
Wheel,U22,7,1,0.581041,3.576441,0.1,"POLYGON ((41.85 41.6, 41.828743 41.597715, 41.802075 41.587768, 41.779289 41.570711, 41.762232 41.547925, 41.752285 41.521257, 41.75 41.5, 41.75 40.225, 41.752285 40.203743, 41.762232 40.177075, 41.779289 40.154289, 41.802075 40.137232, 41.828743 40.127285, 41.85 40.125, 42.05 40.125, 42.071257 40.127285, 42.097925 40.137232, 42.120711 40.154289, 42.137768 40.177075, 42.147715 40.203743, 42.15 40.225, 42.15 41.5, 42.147715 41.521257, 42.137768 41.547925, 42.120711 41.570711, 42.097925 41.587768, 42.071257 41.597715, 42.05 41.6, 41.85 41.6))",0.058104,1.6246,41.95,40.862500000000004,90.0,Geometric release screen passes
Wheel,U22,8,1,0.581041,3.576441,0.1,"POLYGON ((41.85 35.875, 41.828743 35.872715, 41.802075 35.862768, 41.779289 35.845711, 41.762232 35.822925, 41.752285 35.796257, 41.75 35.775, 41.75 34.5, 41.752285 34.478743, 41.762232 34.452075, 41.779289 34.429289, 41.802075 34.412232, 41.828743 34.402285, 41.85 34.4, 42.05 34.4, 42.071257 34.402285, 42.097925 34.412232, 42.120711 34.429289, 42.137768 34.452075, 42.147715 34.478743, 42.15 34.5, 42.15 35.775, 42.147715 35.796257, 42.137768 35.822925, 42.120711 35.845711, 42.097925 35.862768, 42.071257 35.872715, 42.05 35.875, 41.85 35.875))",0.058104,1.6246,41.95,35.13750000000002,90.0,Geometric release screen passes
Wheel,U22,9,1,0.581041,3.576441,0.1,"POLYGON ((41.2 35.875, 41.178743 35.872715, 41.152075 35.862768, 41.129289 35.845711, 41.112232 35.822925, 41.102285 35.796257, 41.1 35.775, 41.1 34.5, 41.102285 34.478743, 41.112232 34.452075, 41.129289 34.429289, 41.152075 34.412232, 41.178743 34.402285, 41.2 34.4, 41.4 34.4, 41.421257 34.402285, 41.447925 34.412232, 41.470711 34.429289, 41.487768 34.452075, 41.497715 34.478743, 41.5 34.5, 41.5 35.775, 41.497715 35.796257, 41.487768 35.822925, 41.470711 35.845711, 41.447925 35.862768, 41.421257 35.872715, 41.4 35.875, 41.2 35.875))",0.058104,1.6246,41.30000000000001,35.13750000000002,90.0,Geometric release screen passes
Wheel,U22,10,1,0.581041,3.576441,0.1,"POLYGON ((40.55 35.875, 40.528743 35.872715, 40.502075 35.862768, 40.479289 35.845711, 40.462232 35.822925, 40.452285 35.796257, 40.45 35.775, 40.45 34.5, 40.452285 34.478743, 40.462232 34.452075, 40.479289 34.429289, 40.502075 34.412232, 40.528743 34.402285, 40.55 34.4, 40.75 34.4, 40.771257 34.402285, 40.797925 34.412232, 40.820711 34.429289, 40.837768 34.452075, 40.847715 34.478743, 40.85 34.5, 40.85 35.775, 40.847715 35.796257, 40.837768 35.822925, 40.820711 35.845711, 40.797925 35.862768, 40.771257 35.872715, 40.75 35.875, 40.55 35.875))",0.058104,1.6246,40.650000000000006,35.1375,90.0,Geometric release screen passes
Wheel,U22,11,1,0.581041,3.576441,0.1,"POLYGON ((39.9 35.875, 39.878743 35.872715, 39.852075 35.862768, 39.829289 35.845711, 39.812232 35.822925, 39.802285 35.796257, 39.8 35.775, 39.8 34.5, 39.802285 34.478743, 39.812232 34.452075, 39.829289 34.429289, 39.852075 34.412232, 39.878743 34.402285, 39.9 34.4, 40.1 34.4, 40.121257 34.402285, 40.147925 34.412232, 40.170711 34.429289, 40.187768 34.452075, 40.197715 34.478743, 40.2 34.5, 40.2 35.775, 40.197715 35.796257, 40.187768 35.822925, 40.170711 35.845711, 40.147925 35.862768, 40.121257 35.872715, 40.1 35.875, 39.9 35.875))",0.058104,1.6246,40.00000000000001,35.1375,90.0,Geometric release screen passes
Wheel,U22,12,1,0.581041,3.576441,0.1,"POLYGON ((39.25 35.875, 39.228743 35.872715, 39.202075 35.862768, 39.179289 35.845711, 39.162232 35.822925, 39.152285 35.796257, 39.15 35.775, 39.15 34.5, 39.152285 34.478743, 39.162232 34.452075, 39.179289 34.429289, 39.202075 34.412232, 39.228743 34.402285, 39.25 34.4, 39.45 34.4, 39.471257 34.402285, 39.497925 34.412232, 39.520711 34.429289, 39.537768 34.452075, 39.547715 34.478743, 39.55 34.5, 39.55 35.775, 39.547715 35.796257, 39.537768 35.822925, 39.520711 35.845711, 39.497925 35.862768, 39.471257 35.872715, 39.45 35.875, 39.25 35.875))",0.058104,1.6246,39.35000000000001,35.13750000000001,90.0,Geometric release screen passes
Wheel,U22,13,1,0.581041,3.576441,0.1,"POLYGON ((38.6 35.875, 38.578743 35.872715, 38.552075 35.862768, 38.529289 35.845711, 38.512232 35.822925, 38.502285 35.796257, 38.5 35.775, 38.5 34.5, 38.502285 34.478743, 38.512232 34.452075, 38.529289 34.429289, 38.552075 34.412232, 38.578743 34.402285, 38.6 34.4, 38.8 34.4, 38.821257 34.402285, 38.847925 34.412232, 38.870711 34.429289, 38.887768 34.452075, 38.897715 34.478743, 38.9 34.5, 38.9 35.775, 38.897715 35.796257, 38.887768 35.822925, 38.870711 35.845711, 38.847925 35.862768, 38.821257 35.872715, 38.8 35.875, 38.6 35.875))",0.058104,1.6246,38.70000000000002,35.13750000000002,90.0,Geometric release screen passes
Wheel,U22,14,1,0.581041,3.576441,0.1,"POLYGON ((37.95 35.875, 37.928743 35.872715, 37.902075 35.862768, 37.879289 35.845711, 37.862232 35.822925, 37.852285 35.796257, 37.85 35.775, 37.85 34.5, 37.852285 34.478743, 37.862232 34.452075, 37.879289 34.429289, 37.902075 34.412232, 37.928743 34.402285, 37.95 34.4, 38.15 34.4, 38.171257 34.402285, 38.197925 34.412232, 38.220711 34.429289, 38.237768 34.452075, 38.247715 34.478743, 38.25 34.5, 38.25 35.775, 38.247715 35.796257, 38.237768 35.822925, 38.220711 35.845711, 38.197925 35.862768, 38.171257 35.872715, 38.15 35.875, 37.95 35.875))",0.058104,1.6246,38.050000000000026,35.13750000000002,90.0,Geometric release screen passes
Wheel,C45,1,1,1.395346,4.468787,0.1,"POLYGON ((19.525 34.95, 19.485891 34.946922, 19.44243 34.935971, 19.401623 34.917435, 19.364781 34.891911, 19.333089 34.860219, 19.307565 34.823377, 19.289029 34.78257, 19.278078 34.739109, 19.275 34.7, 19.275 34.2, 19.278078 34.160891, 19.289029 34.11743, 19.307565 34.076623, 19.333089 34.039781, 19.364781 34.008089, 19.401623 33.982565, 19.44243 33.964029, 19.485891 33.953078, 19.525 33.95, 20.475 33.95, 20.514109 33.953078, 20.55757 33.964029, 20.598377 33.982565, 20.635219 34.008089, 20.666911 34.039781, 20.692435 34.076623, 20.710971 34.11743, 20.721922 34.160891, 20.725 34.2, 20.725 34.7, 20.721922 34.739109, 20.710971 34.78257, 20.692435 34.823377, 20.666911 34.860219, 20.635219 34.891911, 20.598377 34.917435, 20.55757 34.935971, 20.514109 34.946922, 20.475 34.95, 19.525 34.95))",0.139535,3.1224,19.999999999999996,34.449999999999996,90.0,Geometric release screen passes
Wheel,C45,2,1,1.395346,4.468787,0.1,"POLYGON ((19.525 33.05, 19.485891 33.046922, 19.44243 33.035971, 19.401623 33.017435, 19.364781 32.991911, 19.333089 32.960219, 19.307565 32.923377, 19.289029 32.88257, 19.278078 32.839109, 19.275 32.8, 19.275 32.3, 19.278078 32.260891, 19.289029 32.21743, 19.307565 32.176623, 19.333089 32.139781, 19.364781 32.108089, 19.401623 32.082565, 19.44243 32.064029, 19.485891 32.053078, 19.525 32.05, 20.475 32.05, 20.514109 32.053078, 20.55757 32.064029, 20.598377 32.082565, 20.635219 32.108089, 20.666911 32.139781, 20.692435 32.176623, 20.710971 32.21743, 20.721922 32.260891, 20.725 32.3, 20.725 32.8, 20.721922 32.839109, 20.710971 32.88257, 20.692435 32.923377, 20.666911 32.960219, 20.635219 32.991911, 20.598377 33.017435, 20.55757 33.035971, 20.514109 33.046922, 20.475 33.05, 19.525 33.05))",0.139535,3.1224,19.999999999999996,32.55,90.0,Geometric release screen passes
Wheel,R138,1,1,0.72485,3.154601,0.1,"POLYGON ((45.775 34.725, 45.778137 34.689716, 45.789269 34.65081, 45.808006 34.614941, 45.833579 34.583579, 45.864941 34.558006, 45.90081 34.539269, 45.939716 34.528137, 45.975 34.525, 46.375 34.525, 46.410284 34.528137, 46.44919 34.539269, 46.485059 34.558006, 46.516421 34.583579, 46.541994 34.614941, 46.560731 34.65081, 46.571863 34.689716, 46.575 34.725, 46.575 35.275, 46.571863 35.310284, 46.560731 35.34919, 46.541994 35.385059, 46.516421 35.416421, 46.485059 35.441994, 46.44919 35.460731, 46.410284 35.471863, 46.375 35.475, 45.975 35.475, 45.939716 35.471863, 45.90081 35.460731, 45.864941 35.441994, 45.833579 35.416421, 45.808006 35.385059, 45.789269 35.34919, 45.778137 35.310284, 45.775 35.275, 45.775 34.725))",0.072485,2.2978,46.17500000000001,35.00000000000001,0.0,Geometric release screen passes
Wheel,R138,2,1,0.72485,3.154601,0.1,"POLYGON ((47.425 34.725, 47.428137 34.689716, 47.439269 34.65081, 47.458006 34.614941, 47.483579 34.583579, 47.514941 34.558006, 47.55081 34.539269, 47.589716 34.528137, 47.625 34.525, 48.025 34.525, 48.060284 34.528137, 48.09919 34.539269, 48.135059 34.558006, 48.166421 34.583579, 48.191994 34.614941, 48.210731 34.65081, 48.221863 34.689716, 48.225 34.725, 48.225 35.275, 48.221863 35.310284, 48.210731 35.34919, 48.191994 35.385059, 48.166421 35.416421, 48.135059 35.441994, 48.09919 35.460731, 48.060284 35.471863, 48.025 35.475, 47.625 35.475, 47.589716 35.471863, 47.55081 35.460731, 47.514941 35.441994, 47.483579 35.416421, 47.458006 35.385059, 47.439269 35.34919, 47.428137 35.310284, 47.425 35.275, 47.425 34.725))",0.072485,2.2978,47.824999999999996,35.0,0.0,Geometric release screen passes
Wheel,R97,1,1,0.72485,3.154601,0.1,"POLYGON ((28.775 9.225, 28.778137 9.189716, 28.789269 9.15081, 28.808006 9.114941, 28.833579 9.083579, 28.864941 9.058006, 28.90081 9.039269, 28.939716 9.028137, 28.975 9.025, 29.375 9.025, 29.410284 9.028137, 29.44919 9.039269, 29.485059 9.058006, 29.516421 9.083579, 29.541994 9.114941, 29.560731 9.15081, 29.571863 9.189716, 29.575 9.225, 29.575 9.775, 29.571863 9.810284, 29.560731 9.84919, 29.541994 9.885059, 29.516421 9.916421, 29.485059 9.941994, 29.44919 9.960731, 29.410284 9.971863, 29.375 9.975, 28.975 9.975, 28.939716 9.971863, 28.90081 9.960731, 28.864941 9.941994, 28.833579 9.916421, 28.808006 9.885059, 28.789269 9.84919, 28.778137 9.810284, 28.775 9.775, 28.775 9.225))",0.072485,2.2978,29.174999999999986,9.499999999999998,0.0,Geometric release screen passes
Wheel,R97,2,1,0.72485,3.154601,0.1,"POLYGON ((30.425 9.225, 30.428137 9.189716, 30.439269 9.15081, 30.458006 9.114941, 30.483579 9.083579, 30.514941 9.058006, 30.55081 9.039269, 30.589716 9.028137, 30.625 9.025, 31.025 9.025, 31.060284 9.028137, 31.09919 9.039269, 31.135059 9.058006, 31.166421 9.083579, 31.191994 9.114941, 31.210731 9.15081, 31.221863 9.189716, 31.225 9.225, 31.225 9.775, 31.221863 9.810284, 31.210731 9.84919, 31.191994 9.885059, 31.166421 9.916421, 31.135059 9.941994, 31.09919 9.960731, 31.060284 9.971863, 31.025 9.975, 30.625 9.975, 30.589716 9.971863, 30.55081 9.960731, 30.514941 9.941994, 30.483579 9.916421, 30.458006 9.885059, 30.439269 9.84919, 30.428137 9.810284, 30.425 9.775, 30.425 9.225))",0.072485,2.2978,30.825000000000003,9.5,0.0,Geometric release screen passes
Wheel,R144,1,1,0.72485,3.154601,0.1,"POLYGON ((46.725 24.225, 46.689716 24.221863, 46.65081 24.210731, 46.614941 24.191994, 46.583579 24.166421, 46.558006 24.135059, 46.539269 24.09919, 46.528137 24.060284, 46.525 24.025, 46.525 23.625, 46.528137 23.589716, 46.539269 23.55081, 46.558006 23.514941, 46.583579 23.483579, 46.614941 23.458006, 46.65081 23.439269, 46.689716 23.428137, 46.725 23.425, 47.275 23.425, 47.310284 23.428137, 47.34919 23.439269, 47.385059 23.458006, 47.416421 23.483579, 47.441994 23.514941, 47.460731 23.55081, 47.471863 23.589716, 47.475 23.625, 47.475 24.025, 47.471863 24.060284, 47.460731 24.09919, 47.441994 24.135059, 47.416421 24.166421, 47.385059 24.191994, 47.34919 24.210731, 47.310284 24.221863, 47.275 24.225, 46.725 24.225))",0.072485,2.2978,47.0,23.825000000000006,90.0,Geometric release screen passes
Wheel,R144,2,1,0.72485,3.154601,0.1,"POLYGON ((46.725 22.575, 46.689716 22.571863, 46.65081 22.560731, 46.614941 22.541994, 46.583579 22.516421, 46.558006 22.485059, 46.539269 22.44919, 46.528137 22.410284, 46.525 22.375, 46.525 21.975, 46.528137 21.939716, 46.539269 21.90081, 46.558006 21.864941, 46.583579 21.833579, 46.614941 21.808006, 46.65081 21.789269, 46.689716 21.778137, 46.725 21.775, 47.275 21.775, 47.310284 21.778137, 47.34919 21.789269, 47.385059 21.808006, 47.416421 21.833579, 47.441994 21.864941, 47.460731 21.90081, 47.471863 21.939716, 47.475 21.975, 47.475 22.375, 47.471863 22.410284, 47.460731 22.44919, 47.441994 22.485059, 47.416421 22.516421, 47.385059 22.541994, 47.34919 22.560731, 47.310284 22.571863, 47.275 22.575, 46.725 22.575))",0.072485,2.2978,46.99999999999999,22.175,90.0,Geometric release screen passes
Wheel,R100,1,1,0.72485,3.154601,0.1,"POLYGON ((31.225 19.225, 31.189716 19.221863, 31.15081 19.210731, 31.114941 19.191994, 31.083579 19.166421, 31.058006 19.135059, 31.039269 19.09919, 31.028137 19.060284, 31.025 19.025, 31.025 18.625, 31.028137 18.589716, 31.039269 18.55081, 31.058006 18.514941, 31.083579 18.483579, 31.114941 18.458006, 31.15081 18.439269, 31.189716 18.428137, 31.225 18.425, 31.775 18.425, 31.810284 18.428137, 31.84919 18.439269, 31.885059 18.458006, 31.916421 18.483579, 31.941994 18.514941, 31.960731 18.55081, 31.971863 18.589716, 31.975 18.625, 31.975 19.025, 31.971863 19.060284, 31.960731 19.09919, 31.941994 19.135059, 31.916421 19.166421, 31.885059 19.191994, 31.84919 19.210731, 31.810284 19.221863, 31.775 19.225, 31.225 19.225))",0.072485,2.2978,31.499999999999996,18.824999999999996,90.0,Geometric release screen passes
Wheel,R100,2,1,0.72485,3.154601,0.1,"POLYGON ((31.225 17.575, 31.189716 17.571863, 31.15081 17.560731, 31.114941 17.541994, 31.083579 17.516421, 31.058006 17.485059, 31.039269 17.44919, 31.028137 17.410284, 31.025 17.375, 31.025 16.975, 31.028137 16.939716, 31.039269 16.90081, 31.058006 16.864941, 31.083579 16.833579, 31.114941 16.808006, 31.15081 16.789269, 31.189716 16.778137, 31.225 16.775, 31.775 16.775, 31.810284 16.778137, 31.84919 16.789269, 31.885059 16.808006, 31.916421 16.833579, 31.941994 16.864941, 31.960731 16.90081, 31.971863 16.939716, 31.975 16.975, 31.975 17.375, 31.971863 17.410284, 31.960731 17.44919, 31.941994 17.485059, 31.916421 17.516421, 31.885059 17.541994, 31.84919 17.560731, 31.810284 17.571863, 31.775 17.575, 31.225 17.575))",0.072485,2.2978,31.499999999999993,17.175,90.0,Geometric release screen passes
Wheel,R107,1,1,0.72485,3.154601,0.1,"POLYGON ((18.725 16.225, 18.689716 16.221863, 18.65081 16.210731, 18.614941 16.191994, 18.583579 16.166421, 18.558006 16.135059, 18.539269 16.09919, 18.528137 16.060284, 18.525 16.025, 18.525 15.625, 18.528137 15.589716, 18.539269 15.55081, 18.558006 15.514941, 18.583579 15.483579, 18.614941 15.458006, 18.65081 15.439269, 18.689716 15.428137, 18.725 15.425, 19.275 15.425, 19.310284 15.428137, 19.34919 15.439269, 19.385059 15.458006, 19.416421 15.483579, 19.441994 15.514941, 19.460731 15.55081, 19.471863 15.589716, 19.475 15.625, 19.475 16.025, 19.471863 16.060284, 19.460731 16.09919, 19.441994 16.135059, 19.416421 16.166421, 19.385059 16.191994, 19.34919 16.210731, 19.310284 16.221863, 19.275 16.225, 18.725 16.225))",0.072485,2.2978,19.000000000000004,15.825000000000006,90.0,Geometric release screen passes
Wheel,R107,2,1,0.72485,3.154601,0.1,"POLYGON ((18.725 14.575, 18.689716 14.571863, 18.65081 14.560731, 18.614941 14.541994, 18.583579 14.516421, 18.558006 14.485059, 18.539269 14.44919, 18.528137 14.410284, 18.525 14.375, 18.525 13.975, 18.528137 13.939716, 18.539269 13.90081, 18.558006 13.864941, 18.583579 13.833579, 18.614941 13.808006, 18.65081 13.789269, 18.689716 13.778137, 18.725 13.775, 19.275 13.775, 19.310284 13.778137, 19.34919 13.789269, 19.385059 13.808006, 19.416421 13.833579, 19.441994 13.864941, 19.460731 13.90081, 19.471863 13.939716, 19.475 13.975, 19.475 14.375, 19.471863 14.410284, 19.460731 14.44919, 19.441994 14.485059, 19.416421 14.516421, 19.385059 14.541994, 19.34919 14.560731, 19.310284 14.571863, 19.275 14.575, 18.725 14.575))",0.072485,2.2978,19.0,14.174999999999997,90.0,Geometric release screen passes
Wheel,R96,1,1,0.72485,3.154601,0.1,"POLYGON ((31.775 9.225, 31.778137 9.189716, 31.789269 9.15081, 31.808006 9.114941, 31.833579 9.083579, 31.864941 9.058006, 31.90081 9.039269, 31.939716 9.028137, 31.975 9.025, 32.375 9.025, 32.410284 9.028137, 32.44919 9.039269, 32.485059 9.058006, 32.516421 9.083579, 32.541994 9.114941, 32.560731 9.15081, 32.571863 9.189716, 32.575 9.225, 32.575 9.775, 32.571863 9.810284, 32.560731 9.84919, 32.541994 9.885059, 32.516421 9.916421, 32.485059 9.941994, 32.44919 9.960731, 32.410284 9.971863, 32.375 9.975, 31.975 9.975, 31.939716 9.971863, 31.90081 9.960731, 31.864941 9.941994, 31.833579 9.916421, 31.808006 9.885059, 31.789269 9.84919, 31.778137 9.810284, 31.775 9.775, 31.775 9.225))",0.072485,2.2978,32.175,9.499999999999998,0.0,Geometric release screen passes
Wheel,R96,2,1,0.72485,3.154601,0.1,"POLYGON ((33.425 9.225, 33.428137 9.189716, 33.439269 9.15081, 33.458006 9.114941, 33.483579 9.083579, 33.514941 9.058006, 33.55081 9.039269, 33.589716 9.028137, 33.625 9.025, 34.025 9.025, 34.060284 9.028137, 34.09919 9.039269, 34.135059 9.058006, 34.166421 9.083579, 34.191994 9.114941, 34.210731 9.15081, 34.221863 9.189716, 34.225 9.225, 34.225 9.775, 34.221863 9.810284, 34.210731 9.84919, 34.191994 9.885059, 34.166421 9.916421, 34.135059 9.941994, 34.09919 9.960731, 34.060284 9.971863, 34.025 9.975, 33.625 9.975, 33.589716 9.971863, 33.55081 9.960731, 33.514941 9.941994, 33.483579 9.916421, 33.458006 9.885059, 33.439269 9.84919, 33.428137 9.810284, 33.425 9.775, 33.425 9.225))",0.072485,2.2978,33.824999999999996,9.499999999999996,0.0,Geometric release screen passes
Wheel,C46,1,1,0.810672,3.311779,0.1,"POLYGON ((20.25 27.225, 20.223288 27.223409, 20.181491 27.214316, 20.142169 27.197478, 20.106745 27.173502, 20.076498 27.143255, 20.052522 27.107831, 20.035684 27.068509, 20.026591 27.026712, 20.025 27, 20.025 26.55, 20.026591 26.523288, 20.035684 26.481491, 20.052522 26.442169, 20.076498 26.406745, 20.106745 26.376498, 20.142169 26.352522, 20.181491 26.335684, 20.223288 26.326591, 20.25 26.325, 20.75 26.325, 20.776712 26.326591, 20.818509 26.335684, 20.857831 26.352522, 20.893255 26.376498, 20.923502 26.406745, 20.947478 26.442169, 20.964316 26.481491, 20.973409 26.523288, 20.975 26.55, 20.975 27, 20.973409 27.026712, 20.964316 27.068509, 20.947478 27.107831, 20.923502 27.143255, 20.893255 27.173502, 20.857831 27.197478, 20.818509 27.214316, 20.776712 27.223409, 20.75 27.225, 20.25 27.225))",0.081067,2.4478,20.499999999999993,26.775000000000002,90.0,Geometric release screen passes
Wheel,C46,2,1,0.810672,3.311779,0.1,"POLYGON ((20.25 25.675, 20.223288 25.673409, 20.181491 25.664316, 20.142169 25.647478, 20.106745 25.623502, 20.076498 25.593255, 20.052522 25.557831, 20.035684 25.518509, 20.026591 25.476712, 20.025 25.45, 20.025 25, 20.026591 24.973288, 20.035684 24.931491, 20.052522 24.892169, 20.076498 24.856745, 20.106745 24.826498, 20.142169 24.802522, 20.181491 24.785684, 20.223288 24.776591, 20.25 24.775, 20.75 24.775, 20.776712 24.776591, 20.818509 24.785684, 20.857831 24.802522, 20.893255 24.826498, 20.923502 24.856745, 20.947478 24.892169, 20.964316 24.931491, 20.973409 24.973288, 20.975 25, 20.975 25.45, 20.973409 25.476712, 20.964316 25.518509, 20.947478 25.557831, 20.923502 25.593255, 20.893255 25.623502, 20.857831 25.647478, 20.818509 25.664316, 20.776712 25.673409, 20.75 25.675, 20.25 25.675))",0.081067,2.4478,20.499999999999993,25.224999999999998,90.0,Geometric release screen passes
Wheel,R87,1,1,0.72485,3.154601,0.1,"POLYGON ((43.225 31.225, 43.189716 31.221863, 43.15081 31.210731, 43.114941 31.191994, 43.083579 31.166421, 43.058006 31.135059, 43.039269 31.09919, 43.028137 31.060284, 43.025 31.025, 43.025 30.625, 43.028137 30.589716, 43.039269 30.55081, 43.058006 30.514941, 43.083579 30.483579, 43.114941 30.458006, 43.15081 30.439269, 43.189716 30.428137, 43.225 30.425, 43.775 30.425, 43.810284 30.428137, 43.84919 30.439269, 43.885059 30.458006, 43.916421 30.483579, 43.941994 30.514941, 43.960731 30.55081, 43.971863 30.589716, 43.975 30.625, 43.975 31.025, 43.971863 31.060284, 43.960731 31.09919, 43.941994 31.135059, 43.916421 31.166421, 43.885059 31.191994, 43.84919 31.210731, 43.810284 31.221863, 43.775 31.225, 43.225 31.225))",0.072485,2.2978,43.5,30.825000000000006,90.0,Geometric release screen passes
Wheel,R87,2,1,0.72485,3.154601,0.1,"POLYGON ((43.225 29.575, 43.189716 29.571863, 43.15081 29.560731, 43.114941 29.541994, 43.083579 29.516421, 43.058006 29.485059, 43.039269 29.44919, 43.028137 29.410284, 43.025 29.375, 43.025 28.975, 43.028137 28.939716, 43.039269 28.90081, 43.058006 28.864941, 43.083579 28.833579, 43.114941 28.808006, 43.15081 28.789269, 43.189716 28.778137, 43.225 28.775, 43.775 28.775, 43.810284 28.778137, 43.84919 28.789269, 43.885059 28.808006, 43.916421 28.833579, 43.941994 28.864941, 43.960731 28.90081, 43.971863 28.939716, 43.975 28.975, 43.975 29.375, 43.971863 29.410284, 43.960731 29.44919, 43.941994 29.485059, 43.916421 29.516421, 43.885059 29.541994, 43.84919 29.560731, 43.810284 29.571863, 43.775 29.575, 43.225 29.575))",0.072485,2.2978,43.5,29.174999999999997,90.0,Geometric release screen passes
Wheel,C60,1,1,0.810672,3.311779,0.1,"POLYGON ((24.775 19.25, 24.776591 19.223288, 24.785684 19.181491, 24.802522 19.142169, 24.826498 19.106745, 24.856745 19.076498, 24.892169 19.052522, 24.931491 19.035684, 24.973288 19.026591, 25 19.025, 25.45 19.025, 25.476712 19.026591, 25.518509 19.035684, 25.557831 19.052522, 25.593255 19.076498, 25.623502 19.106745, 25.647478 19.142169, 25.664316 19.181491, 25.673409 19.223288, 25.675 19.25, 25.675 19.75, 25.673409 19.776712, 25.664316 19.818509, 25.647478 19.857831, 25.623502 19.893255, 25.593255 19.923502, 25.557831 19.947478, 25.518509 19.964316, 25.476712 19.973409, 25.45 19.975, 25 19.975, 24.973288 19.973409, 24.931491 19.964316, 24.892169 19.947478, 24.856745 19.923502, 24.826498 19.893255, 24.802522 19.857831, 24.785684 19.818509, 24.776591 19.776712, 24.775 19.75, 24.775 19.25))",0.081067,2.4478,25.224999999999994,19.5,0.0,Geometric release screen passes
Wheel,C60,2,1,0.810672,3.311779,0.1,"POLYGON ((26.325 19.25, 26.326591 19.223288, 26.335684 19.181491, 26.352522 19.142169, 26.376498 19.106745, 26.406745 19.076498, 26.442169 19.052522, 26.481491 19.035684, 26.523288 19.026591, 26.55 19.025, 27 19.025, 27.026712 19.026591, 27.068509 19.035684, 27.107831 19.052522, 27.143255 19.076498, 27.173502 19.106745, 27.197478 19.142169, 27.214316 19.181491, 27.223409 19.223288, 27.225 19.25, 27.225 19.75, 27.223409 19.776712, 27.214316 19.818509, 27.197478 19.857831, 27.173502 19.893255, 27.143255 19.923502, 27.107831 19.947478, 27.068509 19.964316, 27.026712 19.973409, 27 19.975, 26.55 19.975, 26.523288 19.973409, 26.481491 19.964316, 26.442169 19.947478, 26.406745 19.923502, 26.376498 19.893255, 26.352522 19.857831, 26.335684 19.818509, 26.326591 19.776712, 26.325 19.75, 26.325 19.25))",0.081067,2.4478,26.774999999999995,19.500000000000004,0.0,Geometric release screen passes
Wheel,D6,1,1,5.695346,9.168787,0.1,"POLYGON ((13.1 9.4, 13.060891 9.396922, 13.01743 9.385971, 12.976623 9.367435, 12.939781 9.341911, 12.908089 9.310219, 12.882565 9.273377, 12.864029 9.23257, 12.853078 9.189109, 12.85 9.15, 12.85 7.15, 12.853078 7.110891, 12.864029 7.06743, 12.882565 7.026623, 12.908089 6.989781, 12.939781 6.958089, 12.976623 6.932565, 13.01743 6.914029, 13.060891 6.903078, 13.1 6.9, 14.9 6.9, 14.939109 6.903078, 14.98257 6.914029, 15.023377 6.932565, 15.060219 6.958089, 15.091911 6.989781, 15.117435 7.026623, 15.135971 7.06743, 15.146922 7.110891, 15.15 7.15, 15.15 9.15, 15.146922 9.189109, 15.135971 9.23257, 15.117435 9.273377, 15.091911 9.310219, 15.060219 9.341911, 15.023377 9.367435, 14.98257 9.385971, 14.939109 9.396922, 14.9 9.4, 13.1 9.4))",0.569535,6.2117,13.999999999999998,8.149999999999999,90.0,Geometric release screen passes
Wheel,D6,2,1,5.695346,9.168787,0.1,"POLYGON ((13.1 5.1, 13.060891 5.096922, 13.01743 5.085971, 12.976623 5.067435, 12.939781 5.041911, 12.908089 5.010219, 12.882565 4.973377, 12.864029 4.93257, 12.853078 4.889109, 12.85 4.85, 12.85 2.85, 12.853078 2.810891, 12.864029 2.76743, 12.882565 2.726623, 12.908089 2.689781, 12.939781 2.658089, 12.976623 2.632565, 13.01743 2.614029, 13.060891 2.603078, 13.1 2.6, 14.9 2.6, 14.939109 2.603078, 14.98257 2.614029, 15.023377 2.632565, 15.060219 2.658089, 15.091911 2.689781, 15.117435 2.726623, 15.135971 2.76743, 15.146922 2.810891, 15.15 2.85, 15.15 4.85, 15.146922 4.889109, 15.135971 4.93257, 15.117435 4.973377, 15.091911 5.010219, 15.060219 5.041911, 15.023377 5.067435, 14.98257 5.085971, 14.939109 5.096922, 14.9 5.1, 13.1 5.1))",0.569535,6.2117,14.0,3.849999999999998,90.0,Geometric release screen passes
Wheel,R113,1,1,0.72485,3.154601,0.1,"POLYGON ((8.775 31.225, 8.778137 31.189716, 8.789269 31.15081, 8.808006 31.114941, 8.833579 31.083579, 8.864941 31.058006, 8.90081 31.039269, 8.939716 31.028137, 8.975 31.025, 9.375 31.025, 9.410284 31.028137, 9.44919 31.039269, 9.485059 31.058006, 9.516421 31.083579, 9.541994 31.114941, 9.560731 31.15081, 9.571863 31.189716, 9.575 31.225, 9.575 31.775, 9.571863 31.810284, 9.560731 31.84919, 9.541994 31.885059, 9.516421 31.916421, 9.485059 31.941994, 9.44919 31.960731, 9.410284 31.971863, 9.375 31.975, 8.975 31.975, 8.939716 31.971863, 8.90081 31.960731, 8.864941 31.941994, 8.833579 31.916421, 8.808006 31.885059, 8.789269 31.84919, 8.778137 31.810284, 8.775 31.775, 8.775 31.225))",0.072485,2.2978,9.174999999999997,31.499999999999993,0.0,Geometric release screen passes
Wheel,R113,2,1,0.72485,3.154601,0.1,"POLYGON ((10.425 31.225, 10.428137 31.189716, 10.439269 31.15081, 10.458006 31.114941, 10.483579 31.083579, 10.514941 31.058006, 10.55081 31.039269, 10.589716 31.028137, 10.625 31.025, 11.025 31.025, 11.060284 31.028137, 11.09919 31.039269, 11.135059 31.058006, 11.166421 31.083579, 11.191994 31.114941, 11.210731 31.15081, 11.221863 31.189716, 11.225 31.225, 11.225 31.775, 11.221863 31.810284, 11.210731 31.84919, 11.191994 31.885059, 11.166421 31.916421, 11.135059 31.941994, 11.09919 31.960731, 11.060284 31.971863, 11.025 31.975, 10.625 31.975, 10.589716 31.971863, 10.55081 31.960731, 10.514941 31.941994, 10.483579 31.916421, 10.458006 31.885059, 10.439269 31.84919, 10.428137 31.810284, 10.425 31.775, 10.425 31.225))",0.072485,2.2978,10.825000000000003,31.499999999999993,0.0,Geometric release screen passes
Wheel,C48,1,1,0.810672,3.311779,0.1,"POLYGON ((32.75 30.725, 32.723288 30.723409, 32.681491 30.714316, 32.642169 30.697478, 32.606745 30.673502, 32.576498 30.643255, 32.552522 30.607831, 32.535684 30.568509, 32.526591 30.526712, 32.525 30.5, 32.525 30.05, 32.526591 30.023288, 32.535684 29.981491, 32.552522 29.942169, 32.576498 29.906745, 32.606745 29.876498, 32.642169 29.852522, 32.681491 29.835684, 32.723288 29.826591, 32.75 29.825, 33.25 29.825, 33.276712 29.826591, 33.318509 29.835684, 33.357831 29.852522, 33.393255 29.876498, 33.423502 29.906745, 33.447478 29.942169, 33.464316 29.981491, 33.473409 30.023288, 33.475 30.05, 33.475 30.5, 33.473409 30.526712, 33.464316 30.568509, 33.447478 30.607831, 33.423502 30.643255, 33.393255 30.673502, 33.357831 30.697478, 33.318509 30.714316, 33.276712 30.723409, 33.25 30.725, 32.75 30.725))",0.081067,2.4478,33.00000000000001,30.275,90.0,Geometric release screen passes
Wheel,C48,2,1,0.810672,3.311779,0.1,"POLYGON ((32.75 29.175, 32.723288 29.173409, 32.681491 29.164316, 32.642169 29.147478, 32.606745 29.123502, 32.576498 29.093255, 32.552522 29.057831, 32.535684 29.018509, 32.526591 28.976712, 32.525 28.95, 32.525 28.5, 32.526591 28.473288, 32.535684 28.431491, 32.552522 28.392169, 32.576498 28.356745, 32.606745 28.326498, 32.642169 28.302522, 32.681491 28.285684, 32.723288 28.276591, 32.75 28.275, 33.25 28.275, 33.276712 28.276591, 33.318509 28.285684, 33.357831 28.302522, 33.393255 28.326498, 33.423502 28.356745, 33.447478 28.392169, 33.464316 28.431491, 33.473409 28.473288, 33.475 28.5, 33.475 28.95, 33.473409 28.976712, 33.464316 29.018509, 33.447478 29.057831, 33.423502 29.093255, 33.393255 29.123502, 33.357831 29.147478, 33.318509 29.164316, 33.276712 29.173409, 33.25 29.175, 32.75 29.175))",0.081067,2.4478,33.0,28.724999999999998,90.0,Geometric release screen passes
Wheel,R89,1,1,0.72485,3.154601,0.1,"POLYGON ((47.275 25.725, 47.278137 25.689716, 47.289269 25.65081, 47.308006 25.614941, 47.333579 25.583579, 47.364941 25.558006, 47.40081 25.539269, 47.439716 25.528137, 47.475 25.525, 47.875 25.525, 47.910284 25.528137, 47.94919 25.539269, 47.985059 25.558006, 48.016421 25.583579, 48.041994 25.614941, 48.060731 25.65081, 48.071863 25.689716, 48.075 25.725, 48.075 26.275, 48.071863 26.310284, 48.060731 26.34919, 48.041994 26.385059, 48.016421 26.416421, 47.985059 26.441994, 47.94919 26.460731, 47.910284 26.471863, 47.875 26.475, 47.475 26.475, 47.439716 26.471863, 47.40081 26.460731, 47.364941 26.441994, 47.333579 26.416421, 47.308006 26.385059, 47.289269 26.34919, 47.278137 26.310284, 47.275 26.275, 47.275 25.725))",0.072485,2.2978,47.67499999999998,25.999999999999996,0.0,Geometric release screen passes
Wheel,R89,2,1,0.72485,3.154601,0.1,"POLYGON ((48.925 25.725, 48.928137 25.689716, 48.939269 25.65081, 48.958006 25.614941, 48.983579 25.583579, 49.014941 25.558006, 49.05081 25.539269, 49.089716 25.528137, 49.125 25.525, 49.525 25.525, 49.560284 25.528137, 49.59919 25.539269, 49.635059 25.558006, 49.666421 25.583579, 49.691994 25.614941, 49.710731 25.65081, 49.721863 25.689716, 49.725 25.725, 49.725 26.275, 49.721863 26.310284, 49.710731 26.34919, 49.691994 26.385059, 49.666421 26.416421, 49.635059 26.441994, 49.59919 26.460731, 49.560284 26.471863, 49.525 26.475, 49.125 26.475, 49.089716 26.471863, 49.05081 26.460731, 49.014941 26.441994, 48.983579 26.416421, 48.958006 26.385059, 48.939269 26.34919, 48.928137 26.310284, 48.925 26.275, 48.925 25.725))",0.072485,2.2978,49.32499999999998,26.0,0.0,Geometric release screen passes
Wheel,C43,1,1,0.810672,3.311779,0.1,"POLYGON ((24.225 33.25, 24.223409 33.276712, 24.214316 33.318509, 24.197478 33.357831, 24.173502 33.393255, 24.143255 33.423502, 24.107831 33.447478, 24.068509 33.464316, 24.026712 33.473409, 24 33.475, 23.55 33.475, 23.523288 33.473409, 23.481491 33.464316, 23.442169 33.447478, 23.406745 33.423502, 23.376498 33.393255, 23.352522 33.357831, 23.335684 33.318509, 23.326591 33.276712, 23.325 33.25, 23.325 32.75, 23.326591 32.723288, 23.335684 32.681491, 23.352522 32.642169, 23.376498 32.606745, 23.406745 32.576498, 23.442169 32.552522, 23.481491 32.535684, 23.523288 32.526591, 23.55 32.525, 24 32.525, 24.026712 32.526591, 24.068509 32.535684, 24.107831 32.552522, 24.143255 32.576498, 24.173502 32.606745, 24.197478 32.642169, 24.214316 32.681491, 24.223409 32.723288, 24.225 32.75, 24.225 33.25))",0.081067,2.4478,23.774999999999995,32.99999999999999,180.0,Geometric release screen passes
Wheel,C43,2,1,0.810672,3.311779,0.1,"POLYGON ((22.675 33.25, 22.673409 33.276712, 22.664316 33.318509, 22.647478 33.357831, 22.623502 33.393255, 22.593255 33.423502, 22.557831 33.447478, 22.518509 33.464316, 22.476712 33.473409, 22.45 33.475, 22 33.475, 21.973288 33.473409, 21.931491 33.464316, 21.892169 33.447478, 21.856745 33.423502, 21.826498 33.393255, 21.802522 33.357831, 21.785684 33.318509, 21.776591 33.276712, 21.775 33.25, 21.775 32.75, 21.776591 32.723288, 21.785684 32.681491, 21.802522 32.642169, 21.826498 32.606745, 21.856745 32.576498, 21.892169 32.552522, 21.931491 32.535684, 21.973288 32.526591, 22 32.525, 22.45 32.525, 22.476712 32.526591, 22.518509 32.535684, 22.557831 32.552522, 22.593255 32.576498, 22.623502 32.606745, 22.647478 32.642169, 22.664316 32.681491, 22.673409 32.723288, 22.675 32.75, 22.675 33.25))",0.081067,2.4478,22.224999999999994,32.99999999999999,180.0,Geometric release screen passes
Wheel,R115,1,1,0.72485,3.154601,0.1,"POLYGON ((15.775 37.525, 15.778137 37.489716, 15.789269 37.45081, 15.808006 37.414941, 15.833579 37.383579, 15.864941 37.358006, 15.90081 37.339269, 15.939716 37.328137, 15.975 37.325, 16.375 37.325, 16.410284 37.328137, 16.44919 37.339269, 16.485059 37.358006, 16.516421 37.383579, 16.541994 37.414941, 16.560731 37.45081, 16.571863 37.489716, 16.575 37.525, 16.575 38.075, 16.571863 38.110284, 16.560731 38.14919, 16.541994 38.185059, 16.516421 38.216421, 16.485059 38.241994, 16.44919 38.260731, 16.410284 38.271863, 16.375 38.275, 15.975 38.275, 15.939716 38.271863, 15.90081 38.260731, 15.864941 38.241994, 15.833579 38.216421, 15.808006 38.185059, 15.789269 38.14919, 15.778137 38.110284, 15.775 38.075, 15.775 37.525))",0.072485,2.2978,16.174999999999994,37.80000000000001,0.0,Geometric release screen passes
Wheel,R115,2,1,0.72485,3.154601,0.1,"POLYGON ((17.425 37.525, 17.428137 37.489716, 17.439269 37.45081, 17.458006 37.414941, 17.483579 37.383579, 17.514941 37.358006, 17.55081 37.339269, 17.589716 37.328137, 17.625 37.325, 18.025 37.325, 18.060284 37.328137, 18.09919 37.339269, 18.135059 37.358006, 18.166421 37.383579, 18.191994 37.414941, 18.210731 37.45081, 18.221863 37.489716, 18.225 37.525, 18.225 38.075, 18.221863 38.110284, 18.210731 38.14919, 18.191994 38.185059, 18.166421 38.216421, 18.135059 38.241994, 18.09919 38.260731, 18.060284 38.271863, 18.025 38.275, 17.625 38.275, 17.589716 38.271863, 17.55081 38.260731, 17.514941 38.241994, 17.483579 38.216421, 17.458006 38.185059, 17.439269 38.14919, 17.428137 38.110284, 17.425 38.075, 17.425 37.525))",0.072485,2.2978,17.825,37.8,0.0,Geometric release screen passes
Wheel,R111,1,1,0.72485,3.154601,0.1,"POLYGON ((4.725 30.225, 4.689716 30.221863, 4.65081 30.210731, 4.614941 30.191994, 4.583579 30.166421, 4.558006 30.135059, 4.539269 30.09919, 4.528137 30.060284, 4.525 30.025, 4.525 29.625, 4.528137 29.589716, 4.539269 29.55081, 4.558006 29.514941, 4.583579 29.483579, 4.614941 29.458006, 4.65081 29.439269, 4.689716 29.428137, 4.725 29.425, 5.275 29.425, 5.310284 29.428137, 5.34919 29.439269, 5.385059 29.458006, 5.416421 29.483579, 5.441994 29.514941, 5.460731 29.55081, 5.471863 29.589716, 5.475 29.625, 5.475 30.025, 5.471863 30.060284, 5.460731 30.09919, 5.441994 30.135059, 5.416421 30.166421, 5.385059 30.191994, 5.34919 30.210731, 5.310284 30.221863, 5.275 30.225, 4.725 30.225))",0.072485,2.2978,4.999999999999998,29.825,90.0,Geometric release screen passes
Wheel,R111,2,1,0.72485,3.154601,0.1,"POLYGON ((4.725 28.575, 4.689716 28.571863, 4.65081 28.560731, 4.614941 28.541994, 4.583579 28.516421, 4.558006 28.485059, 4.539269 28.44919, 4.528137 28.410284, 4.525 28.375, 4.525 27.975, 4.528137 27.939716, 4.539269 27.90081, 4.558006 27.864941, 4.583579 27.833579, 4.614941 27.808006, 4.65081 27.789269, 4.689716 27.778137, 4.725 27.775, 5.275 27.775, 5.310284 27.778137, 5.34919 27.789269, 5.385059 27.808006, 5.416421 27.833579, 5.441994 27.864941, 5.460731 27.90081, 5.471863 27.939716, 5.475 27.975, 5.475 28.375, 5.471863 28.410284, 5.460731 28.44919, 5.441994 28.485059, 5.416421 28.516421, 5.385059 28.541994, 5.34919 28.560731, 5.310284 28.571863, 5.275 28.575, 4.725 28.575))",0.072485,2.2978,4.999999999999999,28.175000000000004,90.0,Geometric release screen passes
Wheel,U30,1,1,0.775088,3.590481,0.1,"POLYGON ((13.8 37.1, 13.796901 37.130333, 13.785946 37.163393, 13.767662 37.193035, 13.743035 37.217662, 13.713393 37.235946, 13.680333 37.246901, 13.65 37.25, 12.625 37.25, 12.594667 37.246901, 12.561607 37.235946, 12.531965 37.217662, 12.507338 37.193035, 12.489054 37.163393, 12.478099 37.130333, 12.475 37.1, 12.475 36.8, 12.478099 36.769667, 12.489054 36.736607, 12.507338 36.706965, 12.531965 36.682338, 12.561607 36.664054, 12.594667 36.653099, 12.625 36.65, 13.65 36.65, 13.680333 36.653099, 13.713393 36.664054, 13.743035 36.682338, 13.767662 36.706965, 13.785946 36.736607, 13.796901 36.769667, 13.8 36.8, 13.8 37.1))",0.077509,2.1587,13.137499999999998,36.95,180.0,Geometric release screen passes
Wheel,U30,2,1,0.775088,3.590481,0.1,"POLYGON ((13.8 36.15, 13.796901 36.180333, 13.785946 36.213393, 13.767662 36.243035, 13.743035 36.267662, 13.713393 36.285946, 13.680333 36.296901, 13.65 36.3, 12.625 36.3, 12.594667 36.296901, 12.561607 36.285946, 12.531965 36.267662, 12.507338 36.243035, 12.489054 36.213393, 12.478099 36.180333, 12.475 36.15, 12.475 35.85, 12.478099 35.819667, 12.489054 35.786607, 12.507338 35.756965, 12.531965 35.732338, 12.561607 35.714054, 12.594667 35.703099, 12.625 35.7, 13.65 35.7, 13.680333 35.703099, 13.713393 35.714054, 13.743035 35.732338, 13.767662 35.756965, 13.785946 35.786607, 13.796901 35.819667, 13.8 35.85, 13.8 36.15))",0.077509,2.1587,13.1375,36.00000000000001,180.0,Geometric release screen passes
Wheel,U30,3,1,0.775088,3.590481,0.1,"POLYGON ((13.8 35.2, 13.796901 35.230333, 13.785946 35.263393, 13.767662 35.293035, 13.743035 35.317662, 13.713393 35.335946, 13.680333 35.346901, 13.65 35.35, 12.625 35.35, 12.594667 35.346901, 12.561607 35.335946, 12.531965 35.317662, 12.507338 35.293035, 12.489054 35.263393, 12.478099 35.230333, 12.475 35.2, 12.475 34.9, 12.478099 34.869667, 12.489054 34.836607, 12.507338 34.806965, 12.531965 34.782338, 12.561607 34.764054, 12.594667 34.753099, 12.625 34.75, 13.65 34.75, 13.680333 34.753099, 13.713393 34.764054, 13.743035 34.782338, 13.767662 34.806965, 13.785946 34.836607, 13.796901 34.869667, 13.8 34.9, 13.8 35.2))",0.077509,2.1587,13.137499999999998,35.05000000000001,180.0,Geometric release screen passes
Wheel,U30,4,1,0.775088,3.590481,0.1,"POLYGON ((11.525 35.2, 11.521901 35.230333, 11.510946 35.263393, 11.492662 35.293035, 11.468035 35.317662, 11.438393 35.335946, 11.405333 35.346901, 11.375 35.35, 10.35 35.35, 10.319667 35.346901, 10.286607 35.335946, 10.256965 35.317662, 10.232338 35.293035, 10.214054 35.263393, 10.203099 35.230333, 10.2 35.2, 10.2 34.9, 10.203099 34.869667, 10.214054 34.836607, 10.232338 34.806965, 10.256965 34.782338, 10.286607 34.764054, 10.319667 34.753099, 10.35 34.75, 11.375 34.75, 11.405333 34.753099, 11.438393 34.764054, 11.468035 34.782338, 11.492662 34.806965, 11.510946 34.836607, 11.521901 34.869667, 11.525 34.9, 11.525 35.2))",0.077509,2.1587,10.862500000000002,35.050000000000026,180.0,Geometric release screen passes
Wheel,U30,5,1,0.775088,3.590481,0.1,"POLYGON ((11.525 37.1, 11.521901 37.130333, 11.510946 37.163393, 11.492662 37.193035, 11.468035 37.217662, 11.438393 37.235946, 11.405333 37.246901, 11.375 37.25, 10.35 37.25, 10.319667 37.246901, 10.286607 37.235946, 10.256965 37.217662, 10.232338 37.193035, 10.214054 37.163393, 10.203099 37.130333, 10.2 37.1, 10.2 36.8, 10.203099 36.769667, 10.214054 36.736607, 10.232338 36.706965, 10.256965 36.682338, 10.286607 36.664054, 10.319667 36.653099, 10.35 36.65, 11.375 36.65, 11.405333 36.653099, 11.438393 36.664054, 11.468035 36.682338, 11.492662 36.706965, 11.510946 36.736607, 11.521901 36.769667, 11.525 36.8, 11.525 37.1))",0.077509,2.1587,10.862500000000002,36.95000000000001,180.0,Geometric release screen passes
Wheel,R103,1,1,0.72485,3.154601,0.1,"POLYGON ((25.225 23.225, 25.189716 23.221863, 25.15081 23.210731, 25.114941 23.191994, 25.083579 23.166421, 25.058006 23.135059, 25.039269 23.09919, 25.028137 23.060284, 25.025 23.025, 25.025 22.625, 25.028137 22.589716, 25.039269 22.55081, 25.058006 22.514941, 25.083579 22.483579, 25.114941 22.458006, 25.15081 22.439269, 25.189716 22.428137, 25.225 22.425, 25.775 22.425, 25.810284 22.428137, 25.84919 22.439269, 25.885059 22.458006, 25.916421 22.483579, 25.941994 22.514941, 25.960731 22.55081, 25.971863 22.589716, 25.975 22.625, 25.975 23.025, 25.971863 23.060284, 25.960731 23.09919, 25.941994 23.135059, 25.916421 23.166421, 25.885059 23.191994, 25.84919 23.210731, 25.810284 23.221863, 25.775 23.225, 25.225 23.225))",0.072485,2.2978,25.5,22.825,90.0,Geometric release screen passes
Wheel,R103,2,1,0.72485,3.154601,0.1,"POLYGON ((25.225 21.575, 25.189716 21.571863, 25.15081 21.560731, 25.114941 21.541994, 25.083579 21.516421, 25.058006 21.485059, 25.039269 21.44919, 25.028137 21.410284, 25.025 21.375, 25.025 20.975, 25.028137 20.939716, 25.039269 20.90081, 25.058006 20.864941, 25.083579 20.833579, 25.114941 20.808006, 25.15081 20.789269, 25.189716 20.778137, 25.225 20.775, 25.775 20.775, 25.810284 20.778137, 25.84919 20.789269, 25.885059 20.808006, 25.916421 20.833579, 25.941994 20.864941, 25.960731 20.90081, 25.971863 20.939716, 25.975 20.975, 25.975 21.375, 25.971863 21.410284, 25.960731 21.44919, 25.941994 21.485059, 25.916421 21.516421, 25.885059 21.541994, 25.84919 21.560731, 25.810284 21.571863, 25.775 21.575, 25.225 21.575))",0.072485,2.2978,25.5,21.175000000000004,90.0,Geometric release screen passes
Wheel,C61,1,1,0.810672,3.311779,0.1,"POLYGON ((27.775 19.25, 27.776591 19.223288, 27.785684 19.181491, 27.802522 19.142169, 27.826498 19.106745, 27.856745 19.076498, 27.892169 19.052522, 27.931491 19.035684, 27.973288 19.026591, 28 19.025, 28.45 19.025, 28.476712 19.026591, 28.518509 19.035684, 28.557831 19.052522, 28.593255 19.076498, 28.623502 19.106745, 28.647478 19.142169, 28.664316 19.181491, 28.673409 19.223288, 28.675 19.25, 28.675 19.75, 28.673409 19.776712, 28.664316 19.818509, 28.647478 19.857831, 28.623502 19.893255, 28.593255 19.923502, 28.557831 19.947478, 28.518509 19.964316, 28.476712 19.973409, 28.45 19.975, 28 19.975, 27.973288 19.973409, 27.931491 19.964316, 27.892169 19.947478, 27.856745 19.923502, 27.826498 19.893255, 27.802522 19.857831, 27.785684 19.818509, 27.776591 19.776712, 27.775 19.75, 27.775 19.25))",0.081067,2.4478,28.224999999999994,19.5,0.0,Geometric release screen passes
Wheel,C61,2,1,0.810672,3.311779,0.1,"POLYGON ((29.325 19.25, 29.326591 19.223288, 29.335684 19.181491, 29.352522 19.142169, 29.376498 19.106745, 29.406745 19.076498, 29.442169 19.052522, 29.481491 19.035684, 29.523288 19.026591, 29.55 19.025, 30 19.025, 30.026712 19.026591, 30.068509 19.035684, 30.107831 19.052522, 30.143255 19.076498, 30.173502 19.106745, 30.197478 19.142169, 30.214316 19.181491, 30.223409 19.223288, 30.225 19.25, 30.225 19.75, 30.223409 19.776712, 30.214316 19.818509, 30.197478 19.857831, 30.173502 19.893255, 30.143255 19.923502, 30.107831 19.947478, 30.068509 19.964316, 30.026712 19.973409, 30 19.975, 29.55 19.975, 29.523288 19.973409, 29.481491 19.964316, 29.442169 19.947478, 29.406745 19.923502, 29.376498 19.893255, 29.352522 19.857831, 29.335684 19.818509, 29.326591 19.776712, 29.325 19.75, 29.325 19.25))",0.081067,2.4478,29.77500000000001,19.500000000000004,0.0,Geometric release screen passes
Wheel,C90,1,1,5.545346,9.768787,0.1,"POLYGON ((3.45 20.45, 3.453078 20.410891, 3.464029 20.36743, 3.482565 20.326623, 3.508089 20.289781, 3.539781 20.258089, 3.576623 20.232565, 3.61743 20.214029, 3.660891 20.203078, 3.7 20.2, 6.7 20.2, 6.739109 20.203078, 6.78257 20.214029, 6.823377 20.232565, 6.860219 20.258089, 6.891911 20.289781, 6.917435 20.326623, 6.935971 20.36743, 6.946922 20.410891, 6.95 20.45, 6.95 21.55, 6.946922 21.589109, 6.935971 21.63257, 6.917435 21.673377, 6.891911 21.710219, 6.860219 21.741911, 6.823377 21.767435, 6.78257 21.785971, 6.739109 21.796922, 6.7 21.8, 3.7 21.8, 3.660891 21.796922, 3.61743 21.785971, 3.576623 21.767435, 3.539781 21.741911, 3.508089 21.710219, 3.482565 21.673377, 3.464029 21.63257, 3.453078 21.589109, 3.45 21.55, 3.45 20.45))",0.554535,5.6766,5.2,20.999999999999996,0.0,Geometric release screen passes
Wheel,C90,2,1,5.545346,9.768787,0.1,"POLYGON ((9.05 20.45, 9.053078 20.410891, 9.064029 20.36743, 9.082565 20.326623, 9.108089 20.289781, 9.139781 20.258089, 9.176623 20.232565, 9.21743 20.214029, 9.260891 20.203078, 9.3 20.2, 12.3 20.2, 12.339109 20.203078, 12.38257 20.214029, 12.423377 20.232565, 12.460219 20.258089, 12.491911 20.289781, 12.517435 20.326623, 12.535971 20.36743, 12.546922 20.410891, 12.55 20.45, 12.55 21.55, 12.546922 21.589109, 12.535971 21.63257, 12.517435 21.673377, 12.491911 21.710219, 12.460219 21.741911, 12.423377 21.767435, 12.38257 21.785971, 12.339109 21.796922, 12.3 21.8, 9.3 21.8, 9.260891 21.796922, 9.21743 21.785971, 9.176623 21.767435, 9.139781 21.741911, 9.108089 21.710219, 9.082565 21.673377, 9.064029 21.63257, 9.053078 21.589109, 9.05 21.55, 9.05 20.45))",0.554535,5.6766,10.8,21.0,0.0,Geometric release screen passes
Wheel,R105,1,1,0.72485,3.154601,0.1,"POLYGON ((29.275 14.225, 29.278137 14.189716, 29.289269 14.15081, 29.308006 14.114941, 29.333579 14.083579, 29.364941 14.058006, 29.40081 14.039269, 29.439716 14.028137, 29.475 14.025, 29.875 14.025, 29.910284 14.028137, 29.94919 14.039269, 29.985059 14.058006, 30.016421 14.083579, 30.041994 14.114941, 30.060731 14.15081, 30.071863 14.189716, 30.075 14.225, 30.075 14.775, 30.071863 14.810284, 30.060731 14.84919, 30.041994 14.885059, 30.016421 14.916421, 29.985059 14.941994, 29.94919 14.960731, 29.910284 14.971863, 29.875 14.975, 29.475 14.975, 29.439716 14.971863, 29.40081 14.960731, 29.364941 14.941994, 29.333579 14.916421, 29.308006 14.885059, 29.289269 14.84919, 29.278137 14.810284, 29.275 14.775, 29.275 14.225))",0.072485,2.2978,29.674999999999994,14.499999999999996,0.0,Geometric release screen passes
Wheel,R105,2,1,0.72485,3.154601,0.1,"POLYGON ((30.925 14.225, 30.928137 14.189716, 30.939269 14.15081, 30.958006 14.114941, 30.983579 14.083579, 31.014941 14.058006, 31.05081 14.039269, 31.089716 14.028137, 31.125 14.025, 31.525 14.025, 31.560284 14.028137, 31.59919 14.039269, 31.635059 14.058006, 31.666421 14.083579, 31.691994 14.114941, 31.710731 14.15081, 31.721863 14.189716, 31.725 14.225, 31.725 14.775, 31.721863 14.810284, 31.710731 14.84919, 31.691994 14.885059, 31.666421 14.916421, 31.635059 14.941994, 31.59919 14.960731, 31.560284 14.971863, 31.525 14.975, 31.125 14.975, 31.089716 14.971863, 31.05081 14.960731, 31.014941 14.941994, 30.983579 14.916421, 30.958006 14.885059, 30.939269 14.84919, 30.928137 14.810284, 30.925 14.775, 30.925 14.225))",0.072485,2.2978,31.325000000000003,14.499999999999998,0.0,Geometric release screen passes
Wheel,C47,1,1,0.810672,3.311779,0.1,"POLYGON ((22.75 28.475, 22.723288 28.473409, 22.681491 28.464316, 22.642169 28.447478, 22.606745 28.423502, 22.576498 28.393255, 22.552522 28.357831, 22.535684 28.318509, 22.526591 28.276712, 22.525 28.25, 22.525 27.8, 22.526591 27.773288, 22.535684 27.731491, 22.552522 27.692169, 22.576498 27.656745, 22.606745 27.626498, 22.642169 27.602522, 22.681491 27.585684, 22.723288 27.576591, 22.75 27.575, 23.25 27.575, 23.276712 27.576591, 23.318509 27.585684, 23.357831 27.602522, 23.393255 27.626498, 23.423502 27.656745, 23.447478 27.692169, 23.464316 27.731491, 23.473409 27.773288, 23.475 27.8, 23.475 28.25, 23.473409 28.276712, 23.464316 28.318509, 23.447478 28.357831, 23.423502 28.393255, 23.393255 28.423502, 23.357831 28.447478, 23.318509 28.464316, 23.276712 28.473409, 23.25 28.475, 22.75 28.475))",0.081067,2.4478,22.999999999999993,28.025000000000002,90.0,Geometric release screen passes
Wheel,C47,2,1,0.810672,3.311779,0.1,"POLYGON ((22.75 26.925, 22.723288 26.923409, 22.681491 26.914316, 22.642169 26.897478, 22.606745 26.873502, 22.576498 26.843255, 22.552522 26.807831, 22.535684 26.768509, 22.526591 26.726712, 22.525 26.7, 22.525 26.25, 22.526591 26.223288, 22.535684 26.181491, 22.552522 26.142169, 22.576498 26.106745, 22.606745 26.076498, 22.642169 26.052522, 22.681491 26.035684, 22.723288 26.026591, 22.75 26.025, 23.25 26.025, 23.276712 26.026591, 23.318509 26.035684, 23.357831 26.052522, 23.393255 26.076498, 23.423502 26.106745, 23.447478 26.142169, 23.464316 26.181491, 23.473409 26.223288, 23.475 26.25, 23.475 26.7, 23.473409 26.726712, 23.464316 26.768509, 23.447478 26.807831, 23.423502 26.843255, 23.393255 26.873502, 23.357831 26.897478, 23.318509 26.914316, 23.276712 26.923409, 23.25 26.925, 22.75 26.925))",0.081067,2.4478,22.999999999999993,26.47499999999999,90.0,Geometric release screen passes
Wheel,C49,1,1,0.810672,3.311779,0.1,"POLYGON ((31.15 30.725, 31.123288 30.723409, 31.081491 30.714316, 31.042169 30.697478, 31.006745 30.673502, 30.976498 30.643255, 30.952522 30.607831, 30.935684 30.568509, 30.926591 30.526712, 30.925 30.5, 30.925 30.05, 30.926591 30.023288, 30.935684 29.981491, 30.952522 29.942169, 30.976498 29.906745, 31.006745 29.876498, 31.042169 29.852522, 31.081491 29.835684, 31.123288 29.826591, 31.15 29.825, 31.65 29.825, 31.676712 29.826591, 31.718509 29.835684, 31.757831 29.852522, 31.793255 29.876498, 31.823502 29.906745, 31.847478 29.942169, 31.864316 29.981491, 31.873409 30.023288, 31.875 30.05, 31.875 30.5, 31.873409 30.526712, 31.864316 30.568509, 31.847478 30.607831, 31.823502 30.643255, 31.793255 30.673502, 31.757831 30.697478, 31.718509 30.714316, 31.676712 30.723409, 31.65 30.725, 31.15 30.725))",0.081067,2.4478,31.39999999999999,30.274999999999995,90.0,Geometric release screen passes
Wheel,C49,2,1,0.810672,3.311779,0.1,"POLYGON ((31.15 29.175, 31.123288 29.173409, 31.081491 29.164316, 31.042169 29.147478, 31.006745 29.123502, 30.976498 29.093255, 30.952522 29.057831, 30.935684 29.018509, 30.926591 28.976712, 30.925 28.95, 30.925 28.5, 30.926591 28.473288, 30.935684 28.431491, 30.952522 28.392169, 30.976498 28.356745, 31.006745 28.326498, 31.042169 28.302522, 31.081491 28.285684, 31.123288 28.276591, 31.15 28.275, 31.65 28.275, 31.676712 28.276591, 31.718509 28.285684, 31.757831 28.302522, 31.793255 28.326498, 31.823502 28.356745, 31.847478 28.392169, 31.864316 28.431491, 31.873409 28.473288, 31.875 28.5, 31.875 28.95, 31.873409 28.976712, 31.864316 29.018509, 31.847478 29.057831, 31.823502 29.093255, 31.793255 29.123502, 31.757831 29.147478, 31.718509 29.164316, 31.676712 29.173409, 31.65 29.175, 31.15 29.175))",0.081067,2.4478,31.39999999999999,28.724999999999984,90.0,Geometric release screen passes
Wheel,R82,1,1,0.72485,3.154601,0.1,"POLYGON ((30.775 36.525, 30.778137 36.489716, 30.789269 36.45081, 30.808006 36.414941, 30.833579 36.383579, 30.864941 36.358006, 30.90081 36.339269, 30.939716 36.328137, 30.975 36.325, 31.375 36.325, 31.410284 36.328137, 31.44919 36.339269, 31.485059 36.358006, 31.516421 36.383579, 31.541994 36.414941, 31.560731 36.45081, 31.571863 36.489716, 31.575 36.525, 31.575 37.075, 31.571863 37.110284, 31.560731 37.14919, 31.541994 37.185059, 31.516421 37.216421, 31.485059 37.241994, 31.44919 37.260731, 31.410284 37.271863, 31.375 37.275, 30.975 37.275, 30.939716 37.271863, 30.90081 37.260731, 30.864941 37.241994, 30.833579 37.216421, 30.808006 37.185059, 30.789269 37.14919, 30.778137 37.110284, 30.775 37.075, 30.775 36.525))",0.072485,2.2978,31.175000000000004,36.80000000000001,0.0,Geometric release screen passes
Wheel,R82,2,1,0.72485,3.154601,0.1,"POLYGON ((32.425 36.525, 32.428137 36.489716, 32.439269 36.45081, 32.458006 36.414941, 32.483579 36.383579, 32.514941 36.358006, 32.55081 36.339269, 32.589716 36.328137, 32.625 36.325, 33.025 36.325, 33.060284 36.328137, 33.09919 36.339269, 33.135059 36.358006, 33.166421 36.383579, 33.191994 36.414941, 33.210731 36.45081, 33.221863 36.489716, 33.225 36.525, 33.225 37.075, 33.221863 37.110284, 33.210731 37.14919, 33.191994 37.185059, 33.166421 37.216421, 33.135059 37.241994, 33.09919 37.260731, 33.060284 37.271863, 33.025 37.275, 32.625 37.275, 32.589716 37.271863, 32.55081 37.260731, 32.514941 37.241994, 32.483579 37.216421, 32.458006 37.185059, 32.439269 37.14919, 32.428137 37.110284, 32.425 37.075, 32.425 36.525))",0.072485,2.2978,32.82499999999999,36.800000000000004,0.0,Geometric release screen passes
Wheel,R90,1,1,0.72485,3.154601,0.1,"POLYGON ((36.725 31.225, 36.689716 31.221863, 36.65081 31.210731, 36.614941 31.191994, 36.583579 31.166421, 36.558006 31.135059, 36.539269 31.09919, 36.528137 31.060284, 36.525 31.025, 36.525 30.625, 36.528137 30.589716, 36.539269 30.55081, 36.558006 30.514941, 36.583579 30.483579, 36.614941 30.458006, 36.65081 30.439269, 36.689716 30.428137, 36.725 30.425, 37.275 30.425, 37.310284 30.428137, 37.34919 30.439269, 37.385059 30.458006, 37.416421 30.483579, 37.441994 30.514941, 37.460731 30.55081, 37.471863 30.589716, 37.475 30.625, 37.475 31.025, 37.471863 31.060284, 37.460731 31.09919, 37.441994 31.135059, 37.416421 31.166421, 37.385059 31.191994, 37.34919 31.210731, 37.310284 31.221863, 37.275 31.225, 36.725 31.225))",0.072485,2.2978,37.00000000000001,30.825000000000006,90.0,Geometric release screen passes
Wheel,R90,2,1,0.72485,3.154601,0.1,"POLYGON ((36.725 29.575, 36.689716 29.571863, 36.65081 29.560731, 36.614941 29.541994, 36.583579 29.516421, 36.558006 29.485059, 36.539269 29.44919, 36.528137 29.410284, 36.525 29.375, 36.525 28.975, 36.528137 28.939716, 36.539269 28.90081, 36.558006 28.864941, 36.583579 28.833579, 36.614941 28.808006, 36.65081 28.789269, 36.689716 28.778137, 36.725 28.775, 37.275 28.775, 37.310284 28.778137, 37.34919 28.789269, 37.385059 28.808006, 37.416421 28.833579, 37.441994 28.864941, 37.460731 28.90081, 37.471863 28.939716, 37.475 28.975, 37.475 29.375, 37.471863 29.410284, 37.460731 29.44919, 37.441994 29.485059, 37.416421 29.516421, 37.385059 29.541994, 37.34919 29.560731, 37.310284 29.571863, 37.275 29.575, 36.725 29.575))",0.072485,2.2978,36.99999999999999,29.174999999999997,90.0,Geometric release screen passes
Wheel,R121,1,1,4.049096,8.718787,0.1,"POLYGON ((3.425 47.575, 3.428078 47.535891, 3.439029 47.49243, 3.457565 47.451623, 3.483089 47.414781, 3.514781 47.383089, 3.551623 47.357565, 3.59243 47.339029, 3.635891 47.328078, 3.675 47.325, 4.4 47.325, 4.439109 47.328078, 4.48257 47.339029, 4.523377 47.357565, 4.560219 47.383089, 4.591911 47.414781, 4.617435 47.451623, 4.635971 47.49243, 4.646922 47.535891, 4.65 47.575, 4.65 50.425, 4.646922 50.464109, 4.635971 50.50757, 4.617435 50.548377, 4.591911 50.585219, 4.560219 50.616911, 4.523377 50.642435, 4.48257 50.660971, 4.439109 50.671922, 4.4 50.675, 3.675 50.675, 3.635891 50.671922, 3.59243 50.660971, 3.551623 50.642435, 3.514781 50.616911, 3.483089 50.585219, 3.457565 50.548377, 3.439029 50.50757, 3.428078 50.464109, 3.425 50.425, 3.425 47.575))",0.40491,4.6441,4.0375,48.999999999999986,0.0,Geometric release screen passes
Wheel,R121,2,1,4.049096,8.718787,0.1,"POLYGON ((9.35 47.575, 9.353078 47.535891, 9.364029 47.49243, 9.382565 47.451623, 9.408089 47.414781, 9.439781 47.383089, 9.476623 47.357565, 9.51743 47.339029, 9.560891 47.328078, 9.6 47.325, 10.325 47.325, 10.364109 47.328078, 10.40757 47.339029, 10.448377 47.357565, 10.485219 47.383089, 10.516911 47.414781, 10.542435 47.451623, 10.560971 47.49243, 10.571922 47.535891, 10.575 47.575, 10.575 50.425, 10.571922 50.464109, 10.560971 50.50757, 10.542435 50.548377, 10.516911 50.585219, 10.485219 50.616911, 10.448377 50.642435, 10.40757 50.660971, 10.364109 50.671922, 10.325 50.675, 9.6 50.675, 9.560891 50.671922, 9.51743 50.660971, 9.476623 50.642435, 9.439781 50.616911, 9.408089 50.585219, 9.382565 50.548377, 9.364029 50.50757, 9.353078 50.464109, 9.35 50.425, 9.35 47.575))",0.40491,4.6441,9.9625,49.00000000000002,0.0,Geometric release screen passes
Wheel,R114,1,1,0.72485,3.154601,0.1,"POLYGON ((13.225 33.225, 13.189716 33.221863, 13.15081 33.210731, 13.114941 33.191994, 13.083579 33.166421, 13.058006 33.135059, 13.039269 33.09919, 13.028137 33.060284, 13.025 33.025, 13.025 32.625, 13.028137 32.589716, 13.039269 32.55081, 13.058006 32.514941, 13.083579 32.483579, 13.114941 32.458006, 13.15081 32.439269, 13.189716 32.428137, 13.225 32.425, 13.775 32.425, 13.810284 32.428137, 13.84919 32.439269, 13.885059 32.458006, 13.916421 32.483579, 13.941994 32.514941, 13.960731 32.55081, 13.971863 32.589716, 13.975 32.625, 13.975 33.025, 13.971863 33.060284, 13.960731 33.09919, 13.941994 33.135059, 13.916421 33.166421, 13.885059 33.191994, 13.84919 33.210731, 13.810284 33.221863, 13.775 33.225, 13.225 33.225))",0.072485,2.2978,13.5,32.825,90.0,Geometric release screen passes
Wheel,R114,2,1,0.72485,3.154601,0.1,"POLYGON ((13.225 31.575, 13.189716 31.571863, 13.15081 31.560731, 13.114941 31.541994, 13.083579 31.516421, 13.058006 31.485059, 13.039269 31.44919, 13.028137 31.410284, 13.025 31.375, 13.025 30.975, 13.028137 30.939716, 13.039269 30.90081, 13.058006 30.864941, 13.083579 30.833579, 13.114941 30.808006, 13.15081 30.789269, 13.189716 30.778137, 13.225 30.775, 13.775 30.775, 13.810284 30.778137, 13.84919 30.789269, 13.885059 30.808006, 13.916421 30.833579, 13.941994 30.864941, 13.960731 30.90081, 13.971863 30.939716, 13.975 30.975, 13.975 31.375, 13.971863 31.410284, 13.960731 31.44919, 13.941994 31.485059, 13.916421 31.516421, 13.885059 31.541994, 13.84919 31.560731, 13.810284 31.571863, 13.775 31.575, 13.225 31.575))",0.072485,2.2978,13.499999999999995,31.174999999999994,90.0,Geometric release screen passes
Wheel,R106,1,1,0.72485,3.154601,0.1,"POLYGON ((29.275 12.225, 29.278137 12.189716, 29.289269 12.15081, 29.308006 12.114941, 29.333579 12.083579, 29.364941 12.058006, 29.40081 12.039269, 29.439716 12.028137, 29.475 12.025, 29.875 12.025, 29.910284 12.028137, 29.94919 12.039269, 29.985059 12.058006, 30.016421 12.083579, 30.041994 12.114941, 30.060731 12.15081, 30.071863 12.189716, 30.075 12.225, 30.075 12.775, 30.071863 12.810284, 30.060731 12.84919, 30.041994 12.885059, 30.016421 12.916421, 29.985059 12.941994, 29.94919 12.960731, 29.910284 12.971863, 29.875 12.975, 29.475 12.975, 29.439716 12.971863, 29.40081 12.960731, 29.364941 12.941994, 29.333579 12.916421, 29.308006 12.885059, 29.289269 12.84919, 29.278137 12.810284, 29.275 12.775, 29.275 12.225))",0.072485,2.2978,29.674999999999994,12.499999999999998,0.0,Geometric release screen passes
Wheel,R106,2,1,0.72485,3.154601,0.1,"POLYGON ((30.925 12.225, 30.928137 12.189716, 30.939269 12.15081, 30.958006 12.114941, 30.983579 12.083579, 31.014941 12.058006, 31.05081 12.039269, 31.089716 12.028137, 31.125 12.025, 31.525 12.025, 31.560284 12.028137, 31.59919 12.039269, 31.635059 12.058006, 31.666421 12.083579, 31.691994 12.114941, 31.710731 12.15081, 31.721863 12.189716, 31.725 12.225, 31.725 12.775, 31.721863 12.810284, 31.710731 12.84919, 31.691994 12.885059, 31.666421 12.916421, 31.635059 12.941994, 31.59919 12.960731, 31.560284 12.971863, 31.525 12.975, 31.125 12.975, 31.089716 12.971863, 31.05081 12.960731, 31.014941 12.941994, 30.983579 12.916421, 30.958006 12.885059, 30.939269 12.84919, 30.928137 12.810284, 30.925 12.775, 30.925 12.225))",0.072485,2.2978,31.325000000000003,12.500000000000002,0.0,Geometric release screen passes
Wheel,R98,1,1,0.72485,3.154601,0.1,"POLYGON ((33.725 19.725, 33.689716 19.721863, 33.65081 19.710731, 33.614941 19.691994, 33.583579 19.666421, 33.558006 19.635059, 33.539269 19.59919, 33.528137 19.560284, 33.525 19.525, 33.525 19.125, 33.528137 19.089716, 33.539269 19.05081, 33.558006 19.014941, 33.583579 18.983579, 33.614941 18.958006, 33.65081 18.939269, 33.689716 18.928137, 33.725 18.925, 34.275 18.925, 34.310284 18.928137, 34.34919 18.939269, 34.385059 18.958006, 34.416421 18.983579, 34.441994 19.014941, 34.460731 19.05081, 34.471863 19.089716, 34.475 19.125, 34.475 19.525, 34.471863 19.560284, 34.460731 19.59919, 34.441994 19.635059, 34.416421 19.666421, 34.385059 19.691994, 34.34919 19.710731, 34.310284 19.721863, 34.275 19.725, 33.725 19.725))",0.072485,2.2978,34.0,19.325000000000006,90.0,Geometric release screen passes
Wheel,R98,2,1,0.72485,3.154601,0.1,"POLYGON ((33.725 18.075, 33.689716 18.071863, 33.65081 18.060731, 33.614941 18.041994, 33.583579 18.016421, 33.558006 17.985059, 33.539269 17.94919, 33.528137 17.910284, 33.525 17.875, 33.525 17.475, 33.528137 17.439716, 33.539269 17.40081, 33.558006 17.364941, 33.583579 17.333579, 33.614941 17.308006, 33.65081 17.289269, 33.689716 17.278137, 33.725 17.275, 34.275 17.275, 34.310284 17.278137, 34.34919 17.289269, 34.385059 17.308006, 34.416421 17.333579, 34.441994 17.364941, 34.460731 17.40081, 34.471863 17.439716, 34.475 17.475, 34.475 17.875, 34.471863 17.910284, 34.460731 17.94919, 34.441994 17.985059, 34.416421 18.016421, 34.385059 18.041994, 34.34919 18.060731, 34.310284 18.071863, 34.275 18.075, 33.725 18.075))",0.072485,2.2978,33.99999999999999,17.674999999999997,90.0,Geometric release screen passes
Wheel,C59,1,1,0.810672,3.311779,0.1,"POLYGON ((24.225 19.75, 24.223409 19.776712, 24.214316 19.818509, 24.197478 19.857831, 24.173502 19.893255, 24.143255 19.923502, 24.107831 19.947478, 24.068509 19.964316, 24.026712 19.973409, 24 19.975, 23.55 19.975, 23.523288 19.973409, 23.481491 19.964316, 23.442169 19.947478, 23.406745 19.923502, 23.376498 19.893255, 23.352522 19.857831, 23.335684 19.818509, 23.326591 19.776712, 23.325 19.75, 23.325 19.25, 23.326591 19.223288, 23.335684 19.181491, 23.352522 19.142169, 23.376498 19.106745, 23.406745 19.076498, 23.442169 19.052522, 23.481491 19.035684, 23.523288 19.026591, 23.55 19.025, 24 19.025, 24.026712 19.026591, 24.068509 19.035684, 24.107831 19.052522, 24.143255 19.076498, 24.173502 19.106745, 24.197478 19.142169, 24.214316 19.181491, 24.223409 19.223288, 24.225 19.25, 24.225 19.75))",0.081067,2.4478,23.775000000000002,19.499999999999996,180.0,Geometric release screen passes
Wheel,C59,2,1,0.810672,3.311779,0.1,"POLYGON ((22.675 19.75, 22.673409 19.776712, 22.664316 19.818509, 22.647478 19.857831, 22.623502 19.893255, 22.593255 19.923502, 22.557831 19.947478, 22.518509 19.964316, 22.476712 19.973409, 22.45 19.975, 22 19.975, 21.973288 19.973409, 21.931491 19.964316, 21.892169 19.947478, 21.856745 19.923502, 21.826498 19.893255, 21.802522 19.857831, 21.785684 19.818509, 21.776591 19.776712, 21.775 19.75, 21.775 19.25, 21.776591 19.223288, 21.785684 19.181491, 21.802522 19.142169, 21.826498 19.106745, 21.856745 19.076498, 21.892169 19.052522, 21.931491 19.035684, 21.973288 19.026591, 22 19.025, 22.45 19.025, 22.476712 19.026591, 22.518509 19.035684, 22.557831 19.052522, 22.593255 19.076498, 22.623502 19.106745, 22.647478 19.142169, 22.664316 19.181491, 22.673409 19.223288, 22.675 19.25, 22.675 19.75))",0.081067,2.4478,22.224999999999998,19.499999999999996,180.0,Geometric release screen passes
Wheel,R95,1,1,0.72485,3.154601,0.1,"POLYGON ((33.725 26.725, 33.689716 26.721863, 33.65081 26.710731, 33.614941 26.691994, 33.583579 26.666421, 33.558006 26.635059, 33.539269 26.59919, 33.528137 26.560284, 33.525 26.525, 33.525 26.125, 33.528137 26.089716, 33.539269 26.05081, 33.558006 26.014941, 33.583579 25.983579, 33.614941 25.958006, 33.65081 25.939269, 33.689716 25.928137, 33.725 25.925, 34.275 25.925, 34.310284 25.928137, 34.34919 25.939269, 34.385059 25.958006, 34.416421 25.983579, 34.441994 26.014941, 34.460731 26.05081, 34.471863 26.089716, 34.475 26.125, 34.475 26.525, 34.471863 26.560284, 34.460731 26.59919, 34.441994 26.635059, 34.416421 26.666421, 34.385059 26.691994, 34.34919 26.710731, 34.310284 26.721863, 34.275 26.725, 33.725 26.725))",0.072485,2.2978,34.0,26.325,90.0,Geometric release screen passes
Wheel,R95,2,1,0.72485,3.154601,0.1,"POLYGON ((33.725 25.075, 33.689716 25.071863, 33.65081 25.060731, 33.614941 25.041994, 33.583579 25.016421, 33.558006 24.985059, 33.539269 24.94919, 33.528137 24.910284, 33.525 24.875, 33.525 24.475, 33.528137 24.439716, 33.539269 24.40081, 33.558006 24.364941, 33.583579 24.333579, 33.614941 24.308006, 33.65081 24.289269, 33.689716 24.278137, 33.725 24.275, 34.275 24.275, 34.310284 24.278137, 34.34919 24.289269, 34.385059 24.308006, 34.416421 24.333579, 34.441994 24.364941, 34.460731 24.40081, 34.471863 24.439716, 34.475 24.475, 34.475 24.875, 34.471863 24.910284, 34.460731 24.94919, 34.441994 24.985059, 34.416421 25.016421, 34.385059 25.041994, 34.34919 25.060731, 34.310284 25.071863, 34.275 25.075, 33.725 25.075))",0.072485,2.2978,33.99999999999999,24.674999999999997,90.0,Geometric release screen passes
Wheel,R112,1,1,0.72485,3.154601,0.1,"POLYGON ((8.775 28.725, 8.778137 28.689716, 8.789269 28.65081, 8.808006 28.614941, 8.833579 28.583579, 8.864941 28.558006, 8.90081 28.539269, 8.939716 28.528137, 8.975 28.525, 9.375 28.525, 9.410284 28.528137, 9.44919 28.539269, 9.485059 28.558006, 9.516421 28.583579, 9.541994 28.614941, 9.560731 28.65081, 9.571863 28.689716, 9.575 28.725, 9.575 29.275, 9.571863 29.310284, 9.560731 29.34919, 9.541994 29.385059, 9.516421 29.416421, 9.485059 29.441994, 9.44919 29.460731, 9.410284 29.471863, 9.375 29.475, 8.975 29.475, 8.939716 29.471863, 8.90081 29.460731, 8.864941 29.441994, 8.833579 29.416421, 8.808006 29.385059, 8.789269 29.34919, 8.778137 29.310284, 8.775 29.275, 8.775 28.725))",0.072485,2.2978,9.174999999999997,28.999999999999993,0.0,Geometric release screen passes
Wheel,R112,2,1,0.72485,3.154601,0.1,"POLYGON ((10.425 28.725, 10.428137 28.689716, 10.439269 28.65081, 10.458006 28.614941, 10.483579 28.583579, 10.514941 28.558006, 10.55081 28.539269, 10.589716 28.528137, 10.625 28.525, 11.025 28.525, 11.060284 28.528137, 11.09919 28.539269, 11.135059 28.558006, 11.166421 28.583579, 11.191994 28.614941, 11.210731 28.65081, 11.221863 28.689716, 11.225 28.725, 11.225 29.275, 11.221863 29.310284, 11.210731 29.34919, 11.191994 29.385059, 11.166421 29.416421, 11.135059 29.441994, 11.09919 29.460731, 11.060284 29.471863, 11.025 29.475, 10.625 29.475, 10.589716 29.471863, 10.55081 29.460731, 10.514941 29.441994, 10.483579 29.416421, 10.458006 29.385059, 10.439269 29.34919, 10.428137 29.310284, 10.425 29.275, 10.425 28.725))",0.072485,2.2978,10.825000000000003,28.999999999999986,0.0,Geometric release screen passes
Wheel,U21,,1,1.205154,4.312144,0.1,"POLYGON ((25.725 25.45, 25.728806 25.430866, 25.739645 25.414645, 25.755866 25.403806, 25.775 25.4, 26.725 25.4, 26.744134 25.403806, 26.760355 25.414645, 26.771194 25.430866, 26.775 25.45, 26.775 26.5, 26.771194 26.519134, 26.760355 26.535355, 26.744134 26.546194, 26.725 26.55, 25.775 26.55, 25.755866 26.546194, 25.739645 26.535355, 25.728806 26.519134, 25.725 26.5, 25.725 25.45))",0.120515,2.7948,26.25,25.974999999999998,0.0,Geometric release screen passes
Wheel,U21,,1,1.205154,4.312144,0.1,"POLYGON ((25.725 26.8, 25.728806 26.780866, 25.739645 26.764645, 25.755866 26.753806, 25.775 26.75, 26.725 26.75, 26.744134 26.753806, 26.760355 26.764645, 26.771194 26.780866, 26.775 26.8, 26.775 27.85, 26.771194 27.869134, 26.760355 27.885355, 26.744134 27.896194, 26.725 27.9, 25.775 27.9, 25.755866 27.896194, 25.739645 27.885355, 25.728806 27.869134, 25.725 27.85, 25.725 26.8))",0.120515,2.7948,26.249999999999996,27.325,0.0,Geometric release screen passes
Wheel,U21,,1,1.205154,4.312144,0.1,"POLYGON ((25.725 28.15, 25.728806 28.130866, 25.739645 28.114645, 25.755866 28.103806, 25.775 28.1, 26.725 28.1, 26.744134 28.103806, 26.760355 28.114645, 26.771194 28.130866, 26.775 28.15, 26.775 29.2, 26.771194 29.219134, 26.760355 29.235355, 26.744134 29.246194, 26.725 29.25, 25.775 29.25, 25.755866 29.246194, 25.739645 29.235355, 25.728806 29.219134, 25.725 29.2, 25.725 28.15))",0.120515,2.7948,26.25,28.675000000000004,0.0,Geometric release screen passes
Wheel,U21,,1,1.205154,4.312144,0.1,"POLYGON ((25.725 29.5, 25.728806 29.480866, 25.739645 29.464645, 25.755866 29.453806, 25.775 29.45, 26.725 29.45, 26.744134 29.453806, 26.760355 29.464645, 26.771194 29.480866, 26.775 29.5, 26.775 30.55, 26.771194 30.569134, 26.760355 30.585355, 26.744134 30.596194, 26.725 30.6, 25.775 30.6, 25.755866 30.596194, 25.739645 30.585355, 25.728806 30.569134, 25.725 30.55, 25.725 29.5))",0.120515,2.7948,26.249999999999996,30.025000000000006,0.0,Geometric release screen passes
Wheel,U21,,1,1.205154,4.312144,0.1,"POLYGON ((26.975 25.45, 26.978806 25.430866, 26.989645 25.414645, 27.005866 25.403806, 27.025 25.4, 27.975 25.4, 27.994134 25.403806, 28.010355 25.414645, 28.021194 25.430866, 28.025 25.45, 28.025 26.5, 28.021194 26.519134, 28.010355 26.535355, 27.994134 26.546194, 27.975 26.55, 27.025 26.55, 27.005866 26.546194, 26.989645 26.535355, 26.978806 26.519134, 26.975 26.5, 26.975 25.45))",0.120515,2.7948,27.5,25.974999999999998,0.0,Geometric release screen passes
Wheel,U21,,1,1.205154,4.312144,0.1,"POLYGON ((26.975 26.8, 26.978806 26.780866, 26.989645 26.764645, 27.005866 26.753806, 27.025 26.75, 27.975 26.75, 27.994134 26.753806, 28.010355 26.764645, 28.021194 26.780866, 28.025 26.8, 28.025 27.85, 28.021194 27.869134, 28.010355 27.885355, 27.994134 27.896194, 27.975 27.9, 27.025 27.9, 27.005866 27.896194, 26.989645 27.885355, 26.978806 27.869134, 26.975 27.85, 26.975 26.8))",0.120515,2.7948,27.5,27.325,0.0,Geometric release screen passes
Wheel,U21,,1,1.205154,4.312144,0.1,"POLYGON ((26.975 28.15, 26.978806 28.130866, 26.989645 28.114645, 27.005866 28.103806, 27.025 28.1, 27.975 28.1, 27.994134 28.103806, 28.010355 28.114645, 28.021194 28.130866, 28.025 28.15, 28.025 29.2, 28.021194 29.219134, 28.010355 29.235355, 27.994134 29.246194, 27.975 29.25, 27.025 29.25, 27.005866 29.246194, 26.989645 29.235355, 26.978806 29.219134, 26.975 29.2, 26.975 28.15))",0.120515,2.7948,27.500000000000004,28.675000000000004,0.0,Geometric release screen passes
Wheel,U21,,1,1.205154,4.312144,0.1,"POLYGON ((26.975 29.5, 26.978806 29.480866, 26.989645 29.464645, 27.005866 29.453806, 27.025 29.45, 27.975 29.45, 27.994134 29.453806, 28.010355 29.464645, 28.021194 29.480866, 28.025 29.5, 28.025 30.55, 28.021194 30.569134, 28.010355 30.585355, 27.994134 30.596194, 27.975 30.6, 27.025 30.6, 27.005866 30.596194, 26.989645 30.585355, 26.978806 30.569134, 26.975 30.55, 26.975 29.5))",0.120515,2.7948,27.5,30.025000000000006,0.0,Geometric release screen passes
Wheel,U21,,1,1.205154,4.312144,0.1,"POLYGON ((28.225 25.45, 28.228806 25.430866, 28.239645 25.414645, 28.255866 25.403806, 28.275 25.4, 29.225 25.4, 29.244134 25.403806, 29.260355 25.414645, 29.271194 25.430866, 29.275 25.45, 29.275 26.5, 29.271194 26.519134, 29.260355 26.535355, 29.244134 26.546194, 29.225 26.55, 28.275 26.55, 28.255866 26.546194, 28.239645 26.535355, 28.228806 26.519134, 28.225 26.5, 28.225 25.45))",0.120515,2.7948,28.75,25.974999999999998,0.0,Geometric release screen passes
Wheel,U21,,1,1.205154,4.312144,0.1,"POLYGON ((28.225 26.8, 28.228806 26.780866, 28.239645 26.764645, 28.255866 26.753806, 28.275 26.75, 29.225 26.75, 29.244134 26.753806, 29.260355 26.764645, 29.271194 26.780866, 29.275 26.8, 29.275 27.85, 29.271194 27.869134, 29.260355 27.885355, 29.244134 27.896194, 29.225 27.9, 28.275 27.9, 28.255866 27.896194, 28.239645 27.885355, 28.228806 27.869134, 28.225 27.85, 28.225 26.8))",0.120515,2.7948,28.749999999999996,27.325,0.0,Geometric release screen passes
Wheel,U21,,1,1.205154,4.312144,0.1,"POLYGON ((28.225 28.15, 28.228806 28.130866, 28.239645 28.114645, 28.255866 28.103806, 28.275 28.1, 29.225 28.1, 29.244134 28.103806, 29.260355 28.114645, 29.271194 28.130866, 29.275 28.15, 29.275 29.2, 29.271194 29.219134, 29.260355 29.235355, 29.244134 29.246194, 29.225 29.25, 28.275 29.25, 28.255866 29.246194, 28.239645 29.235355, 28.228806 29.219134, 28.225 29.2, 28.225 28.15))",0.120515,2.7948,28.750000000000004,28.675000000000004,0.0,Geometric release screen passes
Wheel,U21,,1,1.205154,4.312144,0.1,"POLYGON ((28.225 29.5, 28.228806 29.480866, 28.239645 29.464645, 28.255866 29.453806, 28.275 29.45, 29.225 29.45, 29.244134 29.453806, 29.260355 29.464645, 29.271194 29.480866, 29.275 29.5, 29.275 30.55, 29.271194 30.569134, 29.260355 30.585355, 29.244134 30.596194, 29.225 30.6, 28.275 30.6, 28.255866 30.596194, 28.239645 30.585355, 28.228806 30.569134, 28.225 30.55, 28.225 29.5))",0.120515,2.7948,28.75,30.025000000000006,0.0,Geometric release screen passes
Wheel,U21,1,1,0.147654,1.612144,0.1,"POLYGON ((24.8 25.175, 24.803806 25.155866, 24.814645 25.139645, 24.830866 25.128806, 24.85 25.125, 25.35 25.125, 25.369134 25.128806, 25.385355 25.139645, 25.396194 25.155866, 25.4 25.175, 25.4 25.325, 25.396194 25.344134, 25.385355 25.360355, 25.369134 25.371194, 25.35 25.375, 24.85 25.375, 24.830866 25.371194, 24.814645 25.360355, 24.803806 25.344134, 24.8 25.325, 24.8 25.175))",0.014765,0.9159,25.099999999999994,25.249999999999993,0.0,Geometric release screen passes
Wheel,U21,2,1,0.147654,1.612144,0.1,"POLYGON ((24.8 25.675, 24.803806 25.655866, 24.814645 25.639645, 24.830866 25.628806, 24.85 25.625, 25.35 25.625, 25.369134 25.628806, 25.385355 25.639645, 25.396194 25.655866, 25.4 25.675, 25.4 25.825, 25.396194 25.844134, 25.385355 25.860355, 25.369134 25.871194, 25.35 25.875, 24.85 25.875, 24.830866 25.871194, 24.814645 25.860355, 24.803806 25.844134, 24.8 25.825, 24.8 25.675))",0.014765,0.9159,25.099999999999994,25.749999999999996,0.0,Geometric release screen passes
Wheel,U21,3,1,0.147654,1.612144,0.1,"POLYGON ((24.8 26.175, 24.803806 26.155866, 24.814645 26.139645, 24.830866 26.128806, 24.85 26.125, 25.35 26.125, 25.369134 26.128806, 25.385355 26.139645, 25.396194 26.155866, 25.4 26.175, 25.4 26.325, 25.396194 26.344134, 25.385355 26.360355, 25.369134 26.371194, 25.35 26.375, 24.85 26.375, 24.830866 26.371194, 24.814645 26.360355, 24.803806 26.344134, 24.8 26.325, 24.8 26.175))",0.014765,0.9159,25.099999999999994,26.249999999999993,0.0,Geometric release screen passes
Wheel,U21,4,1,0.147654,1.612144,0.1,"POLYGON ((24.8 26.675, 24.803806 26.655866, 24.814645 26.639645, 24.830866 26.628806, 24.85 26.625, 25.35 26.625, 25.369134 26.628806, 25.385355 26.639645, 25.396194 26.655866, 25.4 26.675, 25.4 26.825, 25.396194 26.844134, 25.385355 26.860355, 25.369134 26.871194, 25.35 26.875, 24.85 26.875, 24.830866 26.871194, 24.814645 26.860355, 24.803806 26.844134, 24.8 26.825, 24.8 26.675))",0.014765,0.9159,25.099999999999994,26.75,0.0,Geometric release screen passes
Wheel,U21,5,1,0.147654,1.612144,0.1,"POLYGON ((24.8 27.175, 24.803806 27.155866, 24.814645 27.139645, 24.830866 27.128806, 24.85 27.125, 25.35 27.125, 25.369134 27.128806, 25.385355 27.139645, 25.396194 27.155866, 25.4 27.175, 25.4 27.325, 25.396194 27.344134, 25.385355 27.360355, 25.369134 27.371194, 25.35 27.375, 24.85 27.375, 24.830866 27.371194, 24.814645 27.360355, 24.803806 27.344134, 24.8 27.325, 24.8 27.175))",0.014765,0.9159,25.099999999999994,27.249999999999996,0.0,Geometric release screen passes
Wheel,U21,6,1,0.147654,1.612144,0.1,"POLYGON ((24.8 27.675, 24.803806 27.655866, 24.814645 27.639645, 24.830866 27.628806, 24.85 27.625, 25.35 27.625, 25.369134 27.628806, 25.385355 27.639645, 25.396194 27.655866, 25.4 27.675, 25.4 27.825, 25.396194 27.844134, 25.385355 27.860355, 25.369134 27.871194, 25.35 27.875, 24.85 27.875, 24.830866 27.871194, 24.814645 27.860355, 24.803806 27.844134, 24.8 27.825, 24.8 27.675))",0.014765,0.9159,25.099999999999994,27.749999999999996,0.0,Geometric release screen passes
Wheel,U21,7,1,0.147654,1.612144,0.1,"POLYGON ((24.8 28.175, 24.803806 28.155866, 24.814645 28.139645, 24.830866 28.128806, 24.85 28.125, 25.35 28.125, 25.369134 28.128806, 25.385355 28.139645, 25.396194 28.155866, 25.4 28.175, 25.4 28.325, 25.396194 28.344134, 25.385355 28.360355, 25.369134 28.371194, 25.35 28.375, 24.85 28.375, 24.830866 28.371194, 24.814645 28.360355, 24.803806 28.344134, 24.8 28.325, 24.8 28.175))",0.014765,0.9159,25.099999999999994,28.25,0.0,Geometric release screen passes
Wheel,U21,8,1,0.147654,1.612144,0.1,"POLYGON ((24.8 28.675, 24.803806 28.655866, 24.814645 28.639645, 24.830866 28.628806, 24.85 28.625, 25.35 28.625, 25.369134 28.628806, 25.385355 28.639645, 25.396194 28.655866, 25.4 28.675, 25.4 28.825, 25.396194 28.844134, 25.385355 28.860355, 25.369134 28.871194, 25.35 28.875, 24.85 28.875, 24.830866 28.871194, 24.814645 28.860355, 24.803806 28.844134, 24.8 28.825, 24.8 28.675))",0.014765,0.9159,25.099999999999994,28.750000000000004,0.0,Geometric release screen passes
Wheel,U21,9,1,0.147654,1.612144,0.1,"POLYGON ((24.8 29.175, 24.803806 29.155866, 24.814645 29.139645, 24.830866 29.128806, 24.85 29.125, 25.35 29.125, 25.369134 29.128806, 25.385355 29.139645, 25.396194 29.155866, 25.4 29.175, 25.4 29.325, 25.396194 29.344134, 25.385355 29.360355, 25.369134 29.371194, 25.35 29.375, 24.85 29.375, 24.830866 29.371194, 24.814645 29.360355, 24.803806 29.344134, 24.8 29.325, 24.8 29.175))",0.014765,0.9159,25.099999999999994,29.25,0.0,Geometric release screen passes
Wheel,U21,10,1,0.147654,1.612144,0.1,"POLYGON ((24.8 29.675, 24.803806 29.655866, 24.814645 29.639645, 24.830866 29.628806, 24.85 29.625, 25.35 29.625, 25.369134 29.628806, 25.385355 29.639645, 25.396194 29.655866, 25.4 29.675, 25.4 29.825, 25.396194 29.844134, 25.385355 29.860355, 25.369134 29.871194, 25.35 29.875, 24.85 29.875, 24.830866 29.871194, 24.814645 29.860355, 24.803806 29.844134, 24.8 29.825, 24.8 29.675))",0.014765,0.9159,25.099999999999994,29.749999999999996,0.0,Geometric release screen passes
Wheel,U21,11,1,0.147654,1.612144,0.1,"POLYGON ((24.8 30.175, 24.803806 30.155866, 24.814645 30.139645, 24.830866 30.128806, 24.85 30.125, 25.35 30.125, 25.369134 30.128806, 25.385355 30.139645, 25.396194 30.155866, 25.4 30.175, 25.4 30.325, 25.396194 30.344134, 25.385355 30.360355, 25.369134 30.371194, 25.35 30.375, 24.85 30.375, 24.830866 30.371194, 24.814645 30.360355, 24.803806 30.344134, 24.8 30.325, 24.8 30.175))",0.014765,0.9159,25.099999999999994,30.249999999999996,0.0,Geometric release screen passes
Wheel,U21,12,1,0.147654,1.612144,0.1,"POLYGON ((24.8 30.675, 24.803806 30.655866, 24.814645 30.639645, 24.830866 30.628806, 24.85 30.625, 25.35 30.625, 25.369134 30.628806, 25.385355 30.639645, 25.396194 30.655866, 25.4 30.675, 25.4 30.825, 25.396194 30.844134, 25.385355 30.860355, 25.369134 30.871194, 25.35 30.875, 24.85 30.875, 24.830866 30.871194, 24.814645 30.860355, 24.803806 30.844134, 24.8 30.825, 24.8 30.675))",0.014765,0.9159,25.099999999999994,30.75,0.0,Geometric release screen passes
Wheel,U21,13,1,0.147654,1.612144,0.1,"POLYGON ((25.625 31.15, 25.628806 31.130866, 25.639645 31.114645, 25.655866 31.103806, 25.675 31.1, 25.825 31.1, 25.844134 31.103806, 25.860355 31.114645, 25.871194 31.130866, 25.875 31.15, 25.875 31.65, 25.871194 31.669134, 25.860355 31.685355, 25.844134 31.696194, 25.825 31.7, 25.675 31.7, 25.655866 31.696194, 25.639645 31.685355, 25.628806 31.669134, 25.625 31.65, 25.625 31.15))",0.014765,0.9159,25.750000000000004,31.400000000000002,0.0,Geometric release screen passes
Wheel,U21,14,1,0.147654,1.612144,0.1,"POLYGON ((26.125 31.15, 26.128806 31.130866, 26.139645 31.114645, 26.155866 31.103806, 26.175 31.1, 26.325 31.1, 26.344134 31.103806, 26.360355 31.114645, 26.371194 31.130866, 26.375 31.15, 26.375 31.65, 26.371194 31.669134, 26.360355 31.685355, 26.344134 31.696194, 26.325 31.7, 26.175 31.7, 26.155866 31.696194, 26.139645 31.685355, 26.128806 31.669134, 26.125 31.65, 26.125 31.15))",0.014765,0.9159,26.25,31.400000000000002,0.0,Geometric release screen passes
Wheel,U21,15,1,0.147654,1.612144,0.1,"POLYGON ((26.625 31.15, 26.628806 31.130866, 26.639645 31.114645, 26.655866 31.103806, 26.675 31.1, 26.825 31.1, 26.844134 31.103806, 26.860355 31.114645, 26.871194 31.130866, 26.875 31.15, 26.875 31.65, 26.871194 31.669134, 26.860355 31.685355, 26.844134 31.696194, 26.825 31.7, 26.675 31.7, 26.655866 31.696194, 26.639645 31.685355, 26.628806 31.669134, 26.625 31.65, 26.625 31.15))",0.014765,0.9159,26.75,31.400000000000002,0.0,Geometric release screen passes
Wheel,U21,16,1,0.147654,1.612144,0.1,"POLYGON ((27.125 31.15, 27.128806 31.130866, 27.139645 31.114645, 27.155866 31.103806, 27.175 31.1, 27.325 31.1, 27.344134 31.103806, 27.360355 31.114645, 27.371194 31.130866, 27.375 31.15, 27.375 31.65, 27.371194 31.669134, 27.360355 31.685355, 27.344134 31.696194, 27.325 31.7, 27.175 31.7, 27.155866 31.696194, 27.139645 31.685355, 27.128806 31.669134, 27.125 31.65, 27.125 31.15))",0.014765,0.9159,27.25,31.400000000000002,0.0,Geometric release screen passes
Wheel,U21,17,1,0.147654,1.612144,0.1,"POLYGON ((27.625 31.15, 27.628806 31.130866, 27.639645 31.114645, 27.655866 31.103806, 27.675 31.1, 27.825 31.1, 27.844134 31.103806, 27.860355 31.114645, 27.871194 31.130866, 27.875 31.15, 27.875 31.65, 27.871194 31.669134, 27.860355 31.685355, 27.844134 31.696194, 27.825 31.7, 27.675 31.7, 27.655866 31.696194, 27.639645 31.685355, 27.628806 31.669134, 27.625 31.65, 27.625 31.15))",0.014765,0.9159,27.749999999999996,31.400000000000002,0.0,Geometric release screen passes
Wheel,U21,18,1,0.147654,1.612144,0.1,"POLYGON ((28.125 31.15, 28.128806 31.130866, 28.139645 31.114645, 28.155866 31.103806, 28.175 31.1, 28.325 31.1, 28.344134 31.103806, 28.360355 31.114645, 28.371194 31.130866, 28.375 31.15, 28.375 31.65, 28.371194 31.669134, 28.360355 31.685355, 28.344134 31.696194, 28.325 31.7, 28.175 31.7, 28.155866 31.696194, 28.139645 31.685355, 28.128806 31.669134, 28.125 31.65, 28.125 31.15))",0.014765,0.9159,28.25,31.400000000000002,0.0,Geometric release screen passes
Wheel,U21,19,1,0.147654,1.612144,0.1,"POLYGON ((28.625 31.15, 28.628806 31.130866, 28.639645 31.114645, 28.655866 31.103806, 28.675 31.1, 28.825 31.1, 28.844134 31.103806, 28.860355 31.114645, 28.871194 31.130866, 28.875 31.15, 28.875 31.65, 28.871194 31.669134, 28.860355 31.685355, 28.844134 31.696194, 28.825 31.7, 28.675 31.7, 28.655866 31.696194, 28.639645 31.685355, 28.628806 31.669134, 28.625 31.65, 28.625 31.15))",0.014765,0.9159,28.750000000000004,31.400000000000002,0.0,Geometric release screen passes
Wheel,U21,20,1,0.147654,1.612144,0.1,"POLYGON ((29.125 31.15, 29.128806 31.130866, 29.139645 31.114645, 29.155866 31.103806, 29.175 31.1, 29.325 31.1, 29.344134 31.103806, 29.360355 31.114645, 29.371194 31.130866, 29.375 31.15, 29.375 31.65, 29.371194 31.669134, 29.360355 31.685355, 29.344134 31.696194, 29.325 31.7, 29.175 31.7, 29.155866 31.696194, 29.139645 31.685355, 29.128806 31.669134, 29.125 31.65, 29.125 31.15))",0.014765,0.9159,29.250000000000004,31.400000000000002,0.0,Geometric release screen passes
Wheel,U21,21,1,0.147654,1.612144,0.1,"POLYGON ((29.6 30.675, 29.603806 30.655866, 29.614645 30.639645, 29.630866 30.628806, 29.65 30.625, 30.15 30.625, 30.169134 30.628806, 30.185355 30.639645, 30.196194 30.655866, 30.2 30.675, 30.2 30.825, 30.196194 30.844134, 30.185355 30.860355, 30.169134 30.871194, 30.15 30.875, 29.65 30.875, 29.630866 30.871194, 29.614645 30.860355, 29.603806 30.844134, 29.6 30.825, 29.6 30.675))",0.014765,0.9159,29.899999999999995,30.75,0.0,Geometric release screen passes
Wheel,U21,22,1,0.147654,1.612144,0.1,"POLYGON ((29.6 30.175, 29.603806 30.155866, 29.614645 30.139645, 29.630866 30.128806, 29.65 30.125, 30.15 30.125, 30.169134 30.128806, 30.185355 30.139645, 30.196194 30.155866, 30.2 30.175, 30.2 30.325, 30.196194 30.344134, 30.185355 30.360355, 30.169134 30.371194, 30.15 30.375, 29.65 30.375, 29.630866 30.371194, 29.614645 30.360355, 29.603806 30.344134, 29.6 30.325, 29.6 30.175))",0.014765,0.9159,29.899999999999995,30.250000000000004,0.0,Geometric release screen passes
Wheel,U21,23,1,0.147654,1.612144,0.1,"POLYGON ((29.6 29.675, 29.603806 29.655866, 29.614645 29.639645, 29.630866 29.628806, 29.65 29.625, 30.15 29.625, 30.169134 29.628806, 30.185355 29.639645, 30.196194 29.655866, 30.2 29.675, 30.2 29.825, 30.196194 29.844134, 30.185355 29.860355, 30.169134 29.871194, 30.15 29.875, 29.65 29.875, 29.630866 29.871194, 29.614645 29.860355, 29.603806 29.844134, 29.6 29.825, 29.6 29.675))",0.014765,0.9159,29.899999999999995,29.750000000000007,0.0,Geometric release screen passes
Wheel,U21,24,1,0.147654,1.612144,0.1,"POLYGON ((29.6 29.175, 29.603806 29.155866, 29.614645 29.139645, 29.630866 29.128806, 29.65 29.125, 30.15 29.125, 30.169134 29.128806, 30.185355 29.139645, 30.196194 29.155866, 30.2 29.175, 30.2 29.325, 30.196194 29.344134, 30.185355 29.360355, 30.169134 29.371194, 30.15 29.375, 29.65 29.375, 29.630866 29.371194, 29.614645 29.360355, 29.603806 29.344134, 29.6 29.325, 29.6 29.175))",0.014765,0.9159,29.899999999999995,29.25,0.0,Geometric release screen passes
Wheel,U21,25,1,0.147654,1.612144,0.1,"POLYGON ((29.6 28.675, 29.603806 28.655866, 29.614645 28.639645, 29.630866 28.628806, 29.65 28.625, 30.15 28.625, 30.169134 28.628806, 30.185355 28.639645, 30.196194 28.655866, 30.2 28.675, 30.2 28.825, 30.196194 28.844134, 30.185355 28.860355, 30.169134 28.871194, 30.15 28.875, 29.65 28.875, 29.630866 28.871194, 29.614645 28.860355, 29.603806 28.844134, 29.6 28.825, 29.6 28.675))",0.014765,0.9159,29.899999999999995,28.750000000000004,0.0,Geometric release screen passes
Wheel,U21,26,1,0.147654,1.612144,0.1,"POLYGON ((29.6 28.175, 29.603806 28.155866, 29.614645 28.139645, 29.630866 28.128806, 29.65 28.125, 30.15 28.125, 30.169134 28.128806, 30.185355 28.139645, 30.196194 28.155866, 30.2 28.175, 30.2 28.325, 30.196194 28.344134, 30.185355 28.360355, 30.169134 28.371194, 30.15 28.375, 29.65 28.375, 29.630866 28.371194, 29.614645 28.360355, 29.603806 28.344134, 29.6 28.325, 29.6 28.175))",0.014765,0.9159,29.899999999999995,28.25,0.0,Geometric release screen passes
Wheel,U21,27,1,0.147654,1.612144,0.1,"POLYGON ((29.6 27.675, 29.603806 27.655866, 29.614645 27.639645, 29.630866 27.628806, 29.65 27.625, 30.15 27.625, 30.169134 27.628806, 30.185355 27.639645, 30.196194 27.655866, 30.2 27.675, 30.2 27.825, 30.196194 27.844134, 30.185355 27.860355, 30.169134 27.871194, 30.15 27.875, 29.65 27.875, 29.630866 27.871194, 29.614645 27.860355, 29.603806 27.844134, 29.6 27.825, 29.6 27.675))",0.014765,0.9159,29.899999999999995,27.749999999999996,0.0,Geometric release screen passes
Wheel,U21,28,1,0.147654,1.612144,0.1,"POLYGON ((29.6 27.175, 29.603806 27.155866, 29.614645 27.139645, 29.630866 27.128806, 29.65 27.125, 30.15 27.125, 30.169134 27.128806, 30.185355 27.139645, 30.196194 27.155866, 30.2 27.175, 30.2 27.325, 30.196194 27.344134, 30.185355 27.360355, 30.169134 27.371194, 30.15 27.375, 29.65 27.375, 29.630866 27.371194, 29.614645 27.360355, 29.603806 27.344134, 29.6 27.325, 29.6 27.175))",0.014765,0.9159,29.899999999999995,27.25,0.0,Geometric release screen passes
Wheel,U21,29,1,0.147654,1.612144,0.1,"POLYGON ((29.6 26.675, 29.603806 26.655866, 29.614645 26.639645, 29.630866 26.628806, 29.65 26.625, 30.15 26.625, 30.169134 26.628806, 30.185355 26.639645, 30.196194 26.655866, 30.2 26.675, 30.2 26.825, 30.196194 26.844134, 30.185355 26.860355, 30.169134 26.871194, 30.15 26.875, 29.65 26.875, 29.630866 26.871194, 29.614645 26.860355, 29.603806 26.844134, 29.6 26.825, 29.6 26.675))",0.014765,0.9159,29.899999999999995,26.75,0.0,Geometric release screen passes
Wheel,U21,30,1,0.147654,1.612144,0.1,"POLYGON ((29.6 26.175, 29.603806 26.155866, 29.614645 26.139645, 29.630866 26.128806, 29.65 26.125, 30.15 26.125, 30.169134 26.128806, 30.185355 26.139645, 30.196194 26.155866, 30.2 26.175, 30.2 26.325, 30.196194 26.344134, 30.185355 26.360355, 30.169134 26.371194, 30.15 26.375, 29.65 26.375, 29.630866 26.371194, 29.614645 26.360355, 29.603806 26.344134, 29.6 26.325, 29.6 26.175))",0.014765,0.9159,29.899999999999995,26.249999999999996,0.0,Geometric release screen passes
Wheel,U21,31,1,0.147654,1.612144,0.1,"POLYGON ((29.6 25.675, 29.603806 25.655866, 29.614645 25.639645, 29.630866 25.628806, 29.65 25.625, 30.15 25.625, 30.169134 25.628806, 30.185355 25.639645, 30.196194 25.655866, 30.2 25.675, 30.2 25.825, 30.196194 25.844134, 30.185355 25.860355, 30.169134 25.871194, 30.15 25.875, 29.65 25.875, 29.630866 25.871194, 29.614645 25.860355, 29.603806 25.844134, 29.6 25.825, 29.6 25.675))",0.014765,0.9159,29.899999999999995,25.750000000000004,0.0,Geometric release screen passes
Wheel,U21,32,1,0.147654,1.612144,0.1,"POLYGON ((29.6 25.175, 29.603806 25.155866, 29.614645 25.139645, 29.630866 25.128806, 29.65 25.125, 30.15 25.125, 30.169134 25.128806, 30.185355 25.139645, 30.196194 25.155866, 30.2 25.175, 30.2 25.325, 30.196194 25.344134, 30.185355 25.360355, 30.169134 25.371194, 30.15 25.375, 29.65 25.375, 29.630866 25.371194, 29.614645 25.360355, 29.603806 25.344134, 29.6 25.325, 29.6 25.175))",0.014765,0.9159,29.899999999999995,25.25,0.0,Geometric release screen passes
Wheel,U21,33,1,0.147654,1.612144,0.1,"POLYGON ((29.125 24.35, 29.128806 24.330866, 29.139645 24.314645, 29.155866 24.303806, 29.175 24.3, 29.325 24.3, 29.344134 24.303806, 29.360355 24.314645, 29.371194 24.330866, 29.375 24.35, 29.375 24.85, 29.371194 24.869134, 29.360355 24.885355, 29.344134 24.896194, 29.325 24.9, 29.175 24.9, 29.155866 24.896194, 29.139645 24.885355, 29.128806 24.869134, 29.125 24.85, 29.125 24.35))",0.014765,0.9159,29.25,24.600000000000005,0.0,Geometric release screen passes
Wheel,U21,34,1,0.147654,1.612144,0.1,"POLYGON ((28.625 24.35, 28.628806 24.330866, 28.639645 24.314645, 28.655866 24.303806, 28.675 24.3, 28.825 24.3, 28.844134 24.303806, 28.860355 24.314645, 28.871194 24.330866, 28.875 24.35, 28.875 24.85, 28.871194 24.869134, 28.860355 24.885355, 28.844134 24.896194, 28.825 24.9, 28.675 24.9, 28.655866 24.896194, 28.639645 24.885355, 28.628806 24.869134, 28.625 24.85, 28.625 24.35))",0.014765,0.9159,28.750000000000004,24.600000000000005,0.0,Geometric release screen passes
Wheel,U21,35,1,0.147654,1.612144,0.1,"POLYGON ((28.125 24.35, 28.128806 24.330866, 28.139645 24.314645, 28.155866 24.303806, 28.175 24.3, 28.325 24.3, 28.344134 24.303806, 28.360355 24.314645, 28.371194 24.330866, 28.375 24.35, 28.375 24.85, 28.371194 24.869134, 28.360355 24.885355, 28.344134 24.896194, 28.325 24.9, 28.175 24.9, 28.155866 24.896194, 28.139645 24.885355, 28.128806 24.869134, 28.125 24.85, 28.125 24.35))",0.014765,0.9159,28.25,24.600000000000005,0.0,Geometric release screen passes
Wheel,U21,36,1,0.147654,1.612144,0.1,"POLYGON ((27.625 24.35, 27.628806 24.330866, 27.639645 24.314645, 27.655866 24.303806, 27.675 24.3, 27.825 24.3, 27.844134 24.303806, 27.860355 24.314645, 27.871194 24.330866, 27.875 24.35, 27.875 24.85, 27.871194 24.869134, 27.860355 24.885355, 27.844134 24.896194, 27.825 24.9, 27.675 24.9, 27.655866 24.896194, 27.639645 24.885355, 27.628806 24.869134, 27.625 24.85, 27.625 24.35))",0.014765,0.9159,27.75000000000001,24.600000000000005,0.0,Geometric release screen passes
Wheel,U21,37,1,0.147654,1.612144,0.1,"POLYGON ((27.125 24.35, 27.128806 24.330866, 27.139645 24.314645, 27.155866 24.303806, 27.175 24.3, 27.325 24.3, 27.344134 24.303806, 27.360355 24.314645, 27.371194 24.330866, 27.375 24.35, 27.375 24.85, 27.371194 24.869134, 27.360355 24.885355, 27.344134 24.896194, 27.325 24.9, 27.175 24.9, 27.155866 24.896194, 27.139645 24.885355, 27.128806 24.869134, 27.125 24.85, 27.125 24.35))",0.014765,0.9159,27.25,24.600000000000005,0.0,Geometric release screen passes
Wheel,U21,38,1,0.147654,1.612144,0.1,"POLYGON ((26.625 24.35, 26.628806 24.330866, 26.639645 24.314645, 26.655866 24.303806, 26.675 24.3, 26.825 24.3, 26.844134 24.303806, 26.860355 24.314645, 26.871194 24.330866, 26.875 24.35, 26.875 24.85, 26.871194 24.869134, 26.860355 24.885355, 26.844134 24.896194, 26.825 24.9, 26.675 24.9, 26.655866 24.896194, 26.639645 24.885355, 26.628806 24.869134, 26.625 24.85, 26.625 24.35))",0.014765,0.9159,26.75,24.600000000000005,0.0,Geometric release screen passes
Wheel,U21,39,1,0.147654,1.612144,0.1,"POLYGON ((26.125 24.35, 26.128806 24.330866, 26.139645 24.314645, 26.155866 24.303806, 26.175 24.3, 26.325 24.3, 26.344134 24.303806, 26.360355 24.314645, 26.371194 24.330866, 26.375 24.35, 26.375 24.85, 26.371194 24.869134, 26.360355 24.885355, 26.344134 24.896194, 26.325 24.9, 26.175 24.9, 26.155866 24.896194, 26.139645 24.885355, 26.128806 24.869134, 26.125 24.85, 26.125 24.35))",0.014765,0.9159,26.250000000000004,24.600000000000005,0.0,Geometric release screen passes
Wheel,U21,40,1,0.147654,1.612144,0.1,"POLYGON ((25.625 24.35, 25.628806 24.330866, 25.639645 24.314645, 25.655866 24.303806, 25.675 24.3, 25.825 24.3, 25.844134 24.303806, 25.860355 24.314645, 25.871194 24.330866, 25.875 24.35, 25.875 24.85, 25.871194 24.869134, 25.860355 24.885355, 25.844134 24.896194, 25.825 24.9, 25.675 24.9, 25.655866 24.896194, 25.639645 24.885355, 25.628806 24.869134, 25.625 24.85, 25.625 24.35))",0.014765,0.9159,25.750000000000004,24.600000000000005,0.0,Geometric release screen passes
Wheel,C56,1,1,0.810672,3.311779,0.1,"POLYGON ((22.25 17.725, 22.223288 17.723409, 22.181491 17.714316, 22.142169 17.697478, 22.106745 17.673502, 22.076498 17.643255, 22.052522 17.607831, 22.035684 17.568509, 22.026591 17.526712, 22.025 17.5, 22.025 17.05, 22.026591 17.023288, 22.035684 16.981491, 22.052522 16.942169, 22.076498 16.906745, 22.106745 16.876498, 22.142169 16.852522, 22.181491 16.835684, 22.223288 16.826591, 22.25 16.825, 22.75 16.825, 22.776712 16.826591, 22.818509 16.835684, 22.857831 16.852522, 22.893255 16.876498, 22.923502 16.906745, 22.947478 16.942169, 22.964316 16.981491, 22.973409 17.023288, 22.975 17.05, 22.975 17.5, 22.973409 17.526712, 22.964316 17.568509, 22.947478 17.607831, 22.923502 17.643255, 22.893255 17.673502, 22.857831 17.697478, 22.818509 17.714316, 22.776712 17.723409, 22.75 17.725, 22.25 17.725))",0.081067,2.4478,22.499999999999996,17.274999999999995,90.0,Geometric release screen passes
Wheel,C56,2,1,0.810672,3.311779,0.1,"POLYGON ((22.25 16.175, 22.223288 16.173409, 22.181491 16.164316, 22.142169 16.147478, 22.106745 16.123502, 22.076498 16.093255, 22.052522 16.057831, 22.035684 16.018509, 22.026591 15.976712, 22.025 15.95, 22.025 15.5, 22.026591 15.473288, 22.035684 15.431491, 22.052522 15.392169, 22.076498 15.356745, 22.106745 15.326498, 22.142169 15.302522, 22.181491 15.285684, 22.223288 15.276591, 22.25 15.275, 22.75 15.275, 22.776712 15.276591, 22.818509 15.285684, 22.857831 15.302522, 22.893255 15.326498, 22.923502 15.356745, 22.947478 15.392169, 22.964316 15.431491, 22.973409 15.473288, 22.975 15.5, 22.975 15.95, 22.973409 15.976712, 22.964316 16.018509, 22.947478 16.057831, 22.923502 16.093255, 22.893255 16.123502, 22.857831 16.147478, 22.818509 16.164316, 22.776712 16.173409, 22.75 16.175, 22.25 16.175))",0.081067,2.4478,22.499999999999993,15.724999999999996,90.0,Geometric release screen passes
Wheel,R92,1,1,0.72485,3.154601,0.1,"POLYGON ((40.725 31.225, 40.689716 31.221863, 40.65081 31.210731, 40.614941 31.191994, 40.583579 31.166421, 40.558006 31.135059, 40.539269 31.09919, 40.528137 31.060284, 40.525 31.025, 40.525 30.625, 40.528137 30.589716, 40.539269 30.55081, 40.558006 30.514941, 40.583579 30.483579, 40.614941 30.458006, 40.65081 30.439269, 40.689716 30.428137, 40.725 30.425, 41.275 30.425, 41.310284 30.428137, 41.34919 30.439269, 41.385059 30.458006, 41.416421 30.483579, 41.441994 30.514941, 41.460731 30.55081, 41.471863 30.589716, 41.475 30.625, 41.475 31.025, 41.471863 31.060284, 41.460731 31.09919, 41.441994 31.135059, 41.416421 31.166421, 41.385059 31.191994, 41.34919 31.210731, 41.310284 31.221863, 41.275 31.225, 40.725 31.225))",0.072485,2.2978,41.00000000000001,30.825000000000006,90.0,Geometric release screen passes
Wheel,R92,2,1,0.72485,3.154601,0.1,"POLYGON ((40.725 29.575, 40.689716 29.571863, 40.65081 29.560731, 40.614941 29.541994, 40.583579 29.516421, 40.558006 29.485059, 40.539269 29.44919, 40.528137 29.410284, 40.525 29.375, 40.525 28.975, 40.528137 28.939716, 40.539269 28.90081, 40.558006 28.864941, 40.583579 28.833579, 40.614941 28.808006, 40.65081 28.789269, 40.689716 28.778137, 40.725 28.775, 41.275 28.775, 41.310284 28.778137, 41.34919 28.789269, 41.385059 28.808006, 41.416421 28.833579, 41.441994 28.864941, 41.460731 28.90081, 41.471863 28.939716, 41.475 28.975, 41.475 29.375, 41.471863 29.410284, 41.460731 29.44919, 41.441994 29.485059, 41.416421 29.516421, 41.385059 29.541994, 41.34919 29.560731, 41.310284 29.571863, 41.275 29.575, 40.725 29.575))",0.072485,2.2978,41.0,29.174999999999997,90.0,Geometric release screen passes
Wheel,U23,,1,2.400154,6.112144,0.1,"POLYGON ((26.775 16.725, 26.771194 16.744134, 26.760355 16.760355, 26.744134 16.771194, 26.725 16.775, 25.275 16.775, 25.255866 16.771194, 25.239645 16.760355, 25.228806 16.744134, 25.225 16.725, 25.225 15.275, 25.228806 15.255866, 25.239645 15.239645, 25.255866 15.228806, 25.275 15.225, 26.725 15.225, 26.744134 15.228806, 26.760355 15.239645, 26.771194 15.255866, 26.775 15.275, 26.775 16.725))",0.240015,3.9269,26.0,15.999999999999996,180.0,Geometric release screen passes
Wheel,U23,1,1,0.205185,2.060998,0.1,"POLYGON ((27.875 16.8125, 27.87287 16.828676, 27.863697 16.848349, 27.848349 16.863697, 27.828676 16.87287, 27.8125 16.875, 27.1025 16.875, 27.086324 16.87287, 27.066651 16.863697, 27.051303 16.848349, 27.04213 16.828676, 27.04 16.8125, 27.04 16.6875, 27.04213 16.671324, 27.051303 16.651651, 27.066651 16.636303, 27.086324 16.62713, 27.1025 16.625, 27.8125 16.625, 27.828676 16.62713, 27.848349 16.636303, 27.863697 16.651651, 27.87287 16.671324, 27.875 16.6875, 27.875 16.8125))",0.020519,0.9956,27.457499999999992,16.749999999999996,180.0,Geometric release screen passes
Wheel,U23,2,1,0.205185,2.060998,0.1,"POLYGON ((27.875 16.3125, 27.87287 16.328676, 27.863697 16.348349, 27.848349 16.363697, 27.828676 16.37287, 27.8125 16.375, 27.1025 16.375, 27.086324 16.37287, 27.066651 16.363697, 27.051303 16.348349, 27.04213 16.328676, 27.04 16.3125, 27.04 16.1875, 27.04213 16.171324, 27.051303 16.151651, 27.066651 16.136303, 27.086324 16.12713, 27.1025 16.125, 27.8125 16.125, 27.828676 16.12713, 27.848349 16.136303, 27.863697 16.151651, 27.87287 16.171324, 27.875 16.1875, 27.875 16.3125))",0.020519,0.9956,27.457499999999992,16.25,180.0,Geometric release screen passes
Wheel,U23,3,1,0.205185,2.060998,0.1,"POLYGON ((27.875 15.8125, 27.87287 15.828676, 27.863697 15.848349, 27.848349 15.863697, 27.828676 15.87287, 27.8125 15.875, 27.1025 15.875, 27.086324 15.87287, 27.066651 15.863697, 27.051303 15.848349, 27.04213 15.828676, 27.04 15.8125, 27.04 15.6875, 27.04213 15.671324, 27.051303 15.651651, 27.066651 15.636303, 27.086324 15.62713, 27.1025 15.625, 27.8125 15.625, 27.828676 15.62713, 27.848349 15.636303, 27.863697 15.651651, 27.87287 15.671324, 27.875 15.6875, 27.875 15.8125))",0.020519,0.9956,27.457500000000007,15.750000000000005,180.0,Geometric release screen passes
Wheel,U23,4,1,0.205185,2.060998,0.1,"POLYGON ((27.875 15.3125, 27.87287 15.328676, 27.863697 15.348349, 27.848349 15.363697, 27.828676 15.37287, 27.8125 15.375, 27.1025 15.375, 27.086324 15.37287, 27.066651 15.363697, 27.051303 15.348349, 27.04213 15.328676, 27.04 15.3125, 27.04 15.1875, 27.04213 15.171324, 27.051303 15.151651, 27.066651 15.136303, 27.086324 15.12713, 27.1025 15.125, 27.8125 15.125, 27.828676 15.12713, 27.848349 15.136303, 27.863697 15.151651, 27.87287 15.171324, 27.875 15.1875, 27.875 15.3125))",0.020519,0.9956,27.457500000000007,15.250000000000004,180.0,Geometric release screen passes
Wheel,U23,5,1,0.205185,2.060998,0.1,"POLYGON ((26.875 14.8975, 26.87287 14.913676, 26.863697 14.933349, 26.848349 14.948697, 26.828676 14.95787, 26.8125 14.96, 26.6875 14.96, 26.671324 14.95787, 26.651651 14.948697, 26.636303 14.933349, 26.62713 14.913676, 26.625 14.8975, 26.625 14.1875, 26.62713 14.171324, 26.636303 14.151651, 26.651651 14.136303, 26.671324 14.12713, 26.6875 14.125, 26.8125 14.125, 26.828676 14.12713, 26.848349 14.136303, 26.863697 14.151651, 26.87287 14.171324, 26.875 14.1875, 26.875 14.8975))",0.020519,0.9956,26.749999999999993,14.5425,180.0,Geometric release screen passes
Wheel,U23,6,1,0.205185,2.060998,0.1,"POLYGON ((26.375 14.8975, 26.37287 14.913676, 26.363697 14.933349, 26.348349 14.948697, 26.328676 14.95787, 26.3125 14.96, 26.1875 14.96, 26.171324 14.95787, 26.151651 14.948697, 26.136303 14.933349, 26.12713 14.913676, 26.125 14.8975, 26.125 14.1875, 26.12713 14.171324, 26.136303 14.151651, 26.151651 14.136303, 26.171324 14.12713, 26.1875 14.125, 26.3125 14.125, 26.328676 14.12713, 26.348349 14.136303, 26.363697 14.151651, 26.37287 14.171324, 26.375 14.1875, 26.375 14.8975))",0.020519,0.9956,26.250000000000004,14.5425,180.0,Geometric release screen passes
Wheel,U23,7,1,0.205185,2.060998,0.1,"POLYGON ((25.875 14.8975, 25.87287 14.913676, 25.863697 14.933349, 25.848349 14.948697, 25.828676 14.95787, 25.8125 14.96, 25.6875 14.96, 25.671324 14.95787, 25.651651 14.948697, 25.636303 14.933349, 25.62713 14.913676, 25.625 14.8975, 25.625 14.1875, 25.62713 14.171324, 25.636303 14.151651, 25.651651 14.136303, 25.671324 14.12713, 25.6875 14.125, 25.8125 14.125, 25.828676 14.12713, 25.848349 14.136303, 25.863697 14.151651, 25.87287 14.171324, 25.875 14.1875, 25.875 14.8975))",0.020519,0.9956,25.749999999999996,14.5425,180.0,Geometric release screen passes
Wheel,U23,8,1,0.205185,2.060998,0.1,"POLYGON ((25.375 14.8975, 25.37287 14.913676, 25.363697 14.933349, 25.348349 14.948697, 25.328676 14.95787, 25.3125 14.96, 25.1875 14.96, 25.171324 14.95787, 25.151651 14.948697, 25.136303 14.933349, 25.12713 14.913676, 25.125 14.8975, 25.125 14.1875, 25.12713 14.171324, 25.136303 14.151651, 25.151651 14.136303, 25.171324 14.12713, 25.1875 14.125, 25.3125 14.125, 25.328676 14.12713, 25.348349 14.136303, 25.363697 14.151651, 25.37287 14.171324, 25.375 14.1875, 25.375 14.8975))",0.020519,0.9956,25.250000000000004,14.5425,180.0,Geometric release screen passes
Wheel,U23,9,1,0.205185,2.060998,0.1,"POLYGON ((24.96 15.3125, 24.95787 15.328676, 24.948697 15.348349, 24.933349 15.363697, 24.913676 15.37287, 24.8975 15.375, 24.1875 15.375, 24.171324 15.37287, 24.151651 15.363697, 24.136303 15.348349, 24.12713 15.328676, 24.125 15.3125, 24.125 15.1875, 24.12713 15.171324, 24.136303 15.151651, 24.151651 15.136303, 24.171324 15.12713, 24.1875 15.125, 24.8975 15.125, 24.913676 15.12713, 24.933349 15.136303, 24.948697 15.151651, 24.95787 15.171324, 24.96 15.1875, 24.96 15.3125))",0.020519,0.9956,24.54250000000001,15.250000000000005,180.0,Geometric release screen passes
Wheel,U23,10,1,0.205185,2.060998,0.1,"POLYGON ((24.96 15.8125, 24.95787 15.828676, 24.948697 15.848349, 24.933349 15.863697, 24.913676 15.87287, 24.8975 15.875, 24.1875 15.875, 24.171324 15.87287, 24.151651 15.863697, 24.136303 15.848349, 24.12713 15.828676, 24.125 15.8125, 24.125 15.6875, 24.12713 15.671324, 24.136303 15.651651, 24.151651 15.636303, 24.171324 15.62713, 24.1875 15.625, 24.8975 15.625, 24.913676 15.62713, 24.933349 15.636303, 24.948697 15.651651, 24.95787 15.671324, 24.96 15.6875, 24.96 15.8125))",0.020519,0.9956,24.54250000000001,15.750000000000007,180.0,Geometric release screen passes
Wheel,U23,11,1,0.205185,2.060998,0.1,"POLYGON ((24.96 16.3125, 24.95787 16.328676, 24.948697 16.348349, 24.933349 16.363697, 24.913676 16.37287, 24.8975 16.375, 24.1875 16.375, 24.171324 16.37287, 24.151651 16.363697, 24.136303 16.348349, 24.12713 16.328676, 24.125 16.3125, 24.125 16.1875, 24.12713 16.171324, 24.136303 16.151651, 24.151651 16.136303, 24.171324 16.12713, 24.1875 16.125, 24.8975 16.125, 24.913676 16.12713, 24.933349 16.136303, 24.948697 16.151651, 24.95787 16.171324, 24.96 16.1875, 24.96 16.3125))",0.020519,0.9956,24.542499999999997,16.249999999999996,180.0,Geometric release screen passes
Wheel,U23,12,1,0.205185,2.060998,0.1,"POLYGON ((24.96 16.8125, 24.95787 16.828676, 24.948697 16.848349, 24.933349 16.863697, 24.913676 16.87287, 24.8975 16.875, 24.1875 16.875, 24.171324 16.87287, 24.151651 16.863697, 24.136303 16.848349, 24.12713 16.828676, 24.125 16.8125, 24.125 16.6875, 24.12713 16.671324, 24.136303 16.651651, 24.151651 16.636303, 24.171324 16.62713, 24.1875 16.625, 24.8975 16.625, 24.913676 16.62713, 24.933349 16.636303, 24.948697 16.651651, 24.95787 16.671324, 24.96 16.6875, 24.96 16.8125))",0.020519,0.9956,24.542499999999997,16.749999999999996,180.0,Geometric release screen passes
Wheel,U23,13,1,0.205185,2.060998,0.1,"POLYGON ((25.375 17.8125, 25.37287 17.828676, 25.363697 17.848349, 25.348349 17.863697, 25.328676 17.87287, 25.3125 17.875, 25.1875 17.875, 25.171324 17.87287, 25.151651 17.863697, 25.136303 17.848349, 25.12713 17.828676, 25.125 17.8125, 25.125 17.1025, 25.12713 17.086324, 25.136303 17.066651, 25.151651 17.051303, 25.171324 17.04213, 25.1875 17.04, 25.3125 17.04, 25.328676 17.04213, 25.348349 17.051303, 25.363697 17.066651, 25.37287 17.086324, 25.375 17.1025, 25.375 17.8125))",0.020519,0.9956,25.250000000000004,17.457500000000007,180.0,Geometric release screen passes
Wheel,U23,14,1,0.205185,2.060998,0.1,"POLYGON ((25.875 17.8125, 25.87287 17.828676, 25.863697 17.848349, 25.848349 17.863697, 25.828676 17.87287, 25.8125 17.875, 25.6875 17.875, 25.671324 17.87287, 25.651651 17.863697, 25.636303 17.848349, 25.62713 17.828676, 25.625 17.8125, 25.625 17.1025, 25.62713 17.086324, 25.636303 17.066651, 25.651651 17.051303, 25.671324 17.04213, 25.6875 17.04, 25.8125 17.04, 25.828676 17.04213, 25.848349 17.051303, 25.863697 17.066651, 25.87287 17.086324, 25.875 17.1025, 25.875 17.8125))",0.020519,0.9956,25.749999999999996,17.457500000000007,180.0,Geometric release screen passes
Wheel,U23,15,1,0.205185,2.060998,0.1,"POLYGON ((26.375 17.8125, 26.37287 17.828676, 26.363697 17.848349, 26.348349 17.863697, 26.328676 17.87287, 26.3125 17.875, 26.1875 17.875, 26.171324 17.87287, 26.151651 17.863697, 26.136303 17.848349, 26.12713 17.828676, 26.125 17.8125, 26.125 17.1025, 26.12713 17.086324, 26.136303 17.066651, 26.151651 17.051303, 26.171324 17.04213, 26.1875 17.04, 26.3125 17.04, 26.328676 17.04213, 26.348349 17.051303, 26.363697 17.066651, 26.37287 17.086324, 26.375 17.1025, 26.375 17.8125))",0.020519,0.9956,26.25,17.457500000000007,180.0,Geometric release screen passes
Wheel,U23,16,1,0.205185,2.060998,0.1,"POLYGON ((26.875 17.8125, 26.87287 17.828676, 26.863697 17.848349, 26.848349 17.863697, 26.828676 17.87287, 26.8125 17.875, 26.6875 17.875, 26.671324 17.87287, 26.651651 17.863697, 26.636303 17.848349, 26.62713 17.828676, 26.625 17.8125, 26.625 17.1025, 26.62713 17.086324, 26.636303 17.066651, 26.651651 17.051303, 26.671324 17.04213, 26.6875 17.04, 26.8125 17.04, 26.828676 17.04213, 26.848349 17.051303, 26.863697 17.066651, 26.87287 17.086324, 26.875 17.1025, 26.875 17.8125))",0.020519,0.9956,26.75,17.457500000000007,180.0,Geometric release screen passes
Wheel,C67,1,1,0.810672,3.311779,0.1,"POLYGON ((14.75 36.025, 14.723288 36.023409, 14.681491 36.014316, 14.642169 35.997478, 14.606745 35.973502, 14.576498 35.943255, 14.552522 35.907831, 14.535684 35.868509, 14.526591 35.826712, 14.525 35.8, 14.525 35.35, 14.526591 35.323288, 14.535684 35.281491, 14.552522 35.242169, 14.576498 35.206745, 14.606745 35.176498, 14.642169 35.152522, 14.681491 35.135684, 14.723288 35.126591, 14.75 35.125, 15.25 35.125, 15.276712 35.126591, 15.318509 35.135684, 15.357831 35.152522, 15.393255 35.176498, 15.423502 35.206745, 15.447478 35.242169, 15.464316 35.281491, 15.473409 35.323288, 15.475 35.35, 15.475 35.8, 15.473409 35.826712, 15.464316 35.868509, 15.447478 35.907831, 15.423502 35.943255, 15.393255 35.973502, 15.357831 35.997478, 15.318509 36.014316, 15.276712 36.023409, 15.25 36.025, 14.75 36.025))",0.081067,2.4478,14.999999999999993,35.57499999999999,90.0,Geometric release screen passes
Wheel,C67,2,1,0.810672,3.311779,0.1,"POLYGON ((14.75 34.475, 14.723288 34.473409, 14.681491 34.464316, 14.642169 34.447478, 14.606745 34.423502, 14.576498 34.393255, 14.552522 34.357831, 14.535684 34.318509, 14.526591 34.276712, 14.525 34.25, 14.525 33.8, 14.526591 33.773288, 14.535684 33.731491, 14.552522 33.692169, 14.576498 33.656745, 14.606745 33.626498, 14.642169 33.602522, 14.681491 33.585684, 14.723288 33.576591, 14.75 33.575, 15.25 33.575, 15.276712 33.576591, 15.318509 33.585684, 15.357831 33.602522, 15.393255 33.626498, 15.423502 33.656745, 15.447478 33.692169, 15.464316 33.731491, 15.473409 33.773288, 15.475 33.8, 15.475 34.25, 15.473409 34.276712, 15.464316 34.318509, 15.447478 34.357831, 15.423502 34.393255, 15.393255 34.423502, 15.357831 34.447478, 15.318509 34.464316, 15.276712 34.473409, 15.25 34.475, 14.75 34.475))",0.081067,2.4478,14.999999999999998,34.025000000000006,90.0,Geometric release screen passes
Wheel,Q5,1,1,0.865088,3.890481,0.1,"POLYGON ((10.325 42.9, 10.328099 42.869667, 10.339054 42.836607, 10.357338 42.806965, 10.381965 42.782338, 10.411607 42.764054, 10.444667 42.753099, 10.475 42.75, 11.65 42.75, 11.680333 42.753099, 11.713393 42.764054, 11.743035 42.782338, 11.767662 42.806965, 11.785946 42.836607, 11.796901 42.869667, 11.8 42.9, 11.8 43.2, 11.796901 43.230333, 11.785946 43.263393, 11.767662 43.293035, 11.743035 43.317662, 11.713393 43.335946, 11.680333 43.346901, 11.65 43.35, 10.475 43.35, 10.444667 43.346901, 10.411607 43.335946, 10.381965 43.317662, 10.357338 43.293035, 10.339054 43.263393, 10.328099 43.230333, 10.325 43.2, 10.325 42.9))",0.086509,2.2236,11.0625,43.05,0.0,Geometric release screen passes
Wheel,Q5,2,1,0.865088,3.890481,0.1,"POLYGON ((10.325 44.8, 10.328099 44.769667, 10.339054 44.736607, 10.357338 44.706965, 10.381965 44.682338, 10.411607 44.664054, 10.444667 44.653099, 10.475 44.65, 11.65 44.65, 11.680333 44.653099, 11.713393 44.664054, 11.743035 44.682338, 11.767662 44.706965, 11.785946 44.736607, 11.796901 44.769667, 11.8 44.8, 11.8 45.1, 11.796901 45.130333, 11.785946 45.163393, 11.767662 45.193035, 11.743035 45.217662, 11.713393 45.235946, 11.680333 45.246901, 11.65 45.25, 10.475 45.25, 10.444667 45.246901, 10.411607 45.235946, 10.381965 45.217662, 10.357338 45.193035, 10.339054 45.163393, 10.328099 45.130333, 10.325 45.1, 10.325 44.8))",0.086509,2.2236,11.0625,44.94999999999999,0.0,Geometric release screen passes
Wheel,Q5,3,1,0.865088,3.890481,0.1,"POLYGON ((12.2 43.85, 12.203099 43.819667, 12.214054 43.786607, 12.232338 43.756965, 12.256965 43.732338, 12.286607 43.714054, 12.319667 43.703099, 12.35 43.7, 13.525 43.7, 13.555333 43.703099, 13.588393 43.714054, 13.618035 43.732338, 13.642662 43.756965, 13.660946 43.786607, 13.671901 43.819667, 13.675 43.85, 13.675 44.15, 13.671901 44.180333, 13.660946 44.213393, 13.642662 44.243035, 13.618035 44.267662, 13.588393 44.285946, 13.555333 44.296901, 13.525 44.3, 12.35 44.3, 12.319667 44.296901, 12.286607 44.285946, 12.256965 44.267662, 12.232338 44.243035, 12.214054 44.213393, 12.203099 44.180333, 12.2 44.15, 12.2 43.85))",0.086509,2.2236,12.937500000000002,43.99999999999999,0.0,Geometric release screen passes
Wheel,R120,1,1,0.72485,3.154601,0.1,"POLYGON ((13.725 41.225, 13.689716 41.221863, 13.65081 41.210731, 13.614941 41.191994, 13.583579 41.166421, 13.558006 41.135059, 13.539269 41.09919, 13.528137 41.060284, 13.525 41.025, 13.525 40.625, 13.528137 40.589716, 13.539269 40.55081, 13.558006 40.514941, 13.583579 40.483579, 13.614941 40.458006, 13.65081 40.439269, 13.689716 40.428137, 13.725 40.425, 14.275 40.425, 14.310284 40.428137, 14.34919 40.439269, 14.385059 40.458006, 14.416421 40.483579, 14.441994 40.514941, 14.460731 40.55081, 14.471863 40.589716, 14.475 40.625, 14.475 41.025, 14.471863 41.060284, 14.460731 41.09919, 14.441994 41.135059, 14.416421 41.166421, 14.385059 41.191994, 14.34919 41.210731, 14.310284 41.221863, 14.275 41.225, 13.725 41.225))",0.072485,2.2978,14.000000000000002,40.824999999999996,90.0,Geometric release screen passes
Wheel,R120,2,1,0.72485,3.154601,0.1,"POLYGON ((13.725 39.575, 13.689716 39.571863, 13.65081 39.560731, 13.614941 39.541994, 13.583579 39.516421, 13.558006 39.485059, 13.539269 39.44919, 13.528137 39.410284, 13.525 39.375, 13.525 38.975, 13.528137 38.939716, 13.539269 38.90081, 13.558006 38.864941, 13.583579 38.833579, 13.614941 38.808006, 13.65081 38.789269, 13.689716 38.778137, 13.725 38.775, 14.275 38.775, 14.310284 38.778137, 14.34919 38.789269, 14.385059 38.808006, 14.416421 38.833579, 14.441994 38.864941, 14.460731 38.90081, 14.471863 38.939716, 14.475 38.975, 14.475 39.375, 14.471863 39.410284, 14.460731 39.44919, 14.441994 39.485059, 14.416421 39.516421, 14.385059 39.541994, 14.34919 39.560731, 14.310284 39.571863, 14.275 39.575, 13.725 39.575))",0.072485,2.2978,14.000000000000002,39.175,90.0,Geometric release screen passes
Wheel,C41,1,1,0.810672,3.311779,0.1,"POLYGON ((24.225 29.85, 24.223409 29.876712, 24.214316 29.918509, 24.197478 29.957831, 24.173502 29.993255, 24.143255 30.023502, 24.107831 30.047478, 24.068509 30.064316, 24.026712 30.073409, 24 30.075, 23.55 30.075, 23.523288 30.073409, 23.481491 30.064316, 23.442169 30.047478, 23.406745 30.023502, 23.376498 29.993255, 23.352522 29.957831, 23.335684 29.918509, 23.326591 29.876712, 23.325 29.85, 23.325 29.35, 23.326591 29.323288, 23.335684 29.281491, 23.352522 29.242169, 23.376498 29.206745, 23.406745 29.176498, 23.442169 29.152522, 23.481491 29.135684, 23.523288 29.126591, 23.55 29.125, 24 29.125, 24.026712 29.126591, 24.068509 29.135684, 24.107831 29.152522, 24.143255 29.176498, 24.173502 29.206745, 24.197478 29.242169, 24.214316 29.281491, 24.223409 29.323288, 24.225 29.35, 24.225 29.85))",0.081067,2.4478,23.775,29.59999999999999,180.0,Geometric release screen passes
Wheel,C41,2,1,0.810672,3.311779,0.1,"POLYGON ((22.675 29.85, 22.673409 29.876712, 22.664316 29.918509, 22.647478 29.957831, 22.623502 29.993255, 22.593255 30.023502, 22.557831 30.047478, 22.518509 30.064316, 22.476712 30.073409, 22.45 30.075, 22 30.075, 21.973288 30.073409, 21.931491 30.064316, 21.892169 30.047478, 21.856745 30.023502, 21.826498 29.993255, 21.802522 29.957831, 21.785684 29.918509, 21.776591 29.876712, 21.775 29.85, 21.775 29.35, 21.776591 29.323288, 21.785684 29.281491, 21.802522 29.242169, 21.826498 29.206745, 21.856745 29.176498, 21.892169 29.152522, 21.931491 29.135684, 21.973288 29.126591, 22 29.125, 22.45 29.125, 22.476712 29.126591, 22.518509 29.135684, 22.557831 29.152522, 22.593255 29.176498, 22.623502 29.206745, 22.647478 29.242169, 22.664316 29.281491, 22.673409 29.323288, 22.675 29.35, 22.675 29.85))",0.081067,2.4478,22.224999999999998,29.599999999999984,180.0,Geometric release screen passes
Wheel,R81,1,1,0.72485,3.154601,0.1,"POLYGON ((21.725 24.225, 21.689716 24.221863, 21.65081 24.210731, 21.614941 24.191994, 21.583579 24.166421, 21.558006 24.135059, 21.539269 24.09919, 21.528137 24.060284, 21.525 24.025, 21.525 23.625, 21.528137 23.589716, 21.539269 23.55081, 21.558006 23.514941, 21.583579 23.483579, 21.614941 23.458006, 21.65081 23.439269, 21.689716 23.428137, 21.725 23.425, 22.275 23.425, 22.310284 23.428137, 22.34919 23.439269, 22.385059 23.458006, 22.416421 23.483579, 22.441994 23.514941, 22.460731 23.55081, 22.471863 23.589716, 22.475 23.625, 22.475 24.025, 22.471863 24.060284, 22.460731 24.09919, 22.441994 24.135059, 22.416421 24.166421, 22.385059 24.191994, 22.34919 24.210731, 22.310284 24.221863, 22.275 24.225, 21.725 24.225))",0.072485,2.2978,22.0,23.825,90.0,Geometric release screen passes
Wheel,R81,2,1,0.72485,3.154601,0.1,"POLYGON ((21.725 22.575, 21.689716 22.571863, 21.65081 22.560731, 21.614941 22.541994, 21.583579 22.516421, 21.558006 22.485059, 21.539269 22.44919, 21.528137 22.410284, 21.525 22.375, 21.525 21.975, 21.528137 21.939716, 21.539269 21.90081, 21.558006 21.864941, 21.583579 21.833579, 21.614941 21.808006, 21.65081 21.789269, 21.689716 21.778137, 21.725 21.775, 22.275 21.775, 22.310284 21.778137, 22.34919 21.789269, 22.385059 21.808006, 22.416421 21.833579, 22.441994 21.864941, 22.460731 21.90081, 22.471863 21.939716, 22.475 21.975, 22.475 22.375, 22.471863 22.410284, 22.460731 22.44919, 22.441994 22.485059, 22.416421 22.516421, 22.385059 22.541994, 22.34919 22.560731, 22.310284 22.571863, 22.275 22.575, 21.725 22.575))",0.072485,2.2978,22.000000000000004,22.175,90.0,Geometric release screen passes
Wheel,C57,1,1,0.810672,3.311779,0.1,"POLYGON ((21.75 14.725, 21.723288 14.723409, 21.681491 14.714316, 21.642169 14.697478, 21.606745 14.673502, 21.576498 14.643255, 21.552522 14.607831, 21.535684 14.568509, 21.526591 14.526712, 21.525 14.5, 21.525 14.05, 21.526591 14.023288, 21.535684 13.981491, 21.552522 13.942169, 21.576498 13.906745, 21.606745 13.876498, 21.642169 13.852522, 21.681491 13.835684, 21.723288 13.826591, 21.75 13.825, 22.25 13.825, 22.276712 13.826591, 22.318509 13.835684, 22.357831 13.852522, 22.393255 13.876498, 22.423502 13.906745, 22.447478 13.942169, 22.464316 13.981491, 22.473409 14.023288, 22.475 14.05, 22.475 14.5, 22.473409 14.526712, 22.464316 14.568509, 22.447478 14.607831, 22.423502 14.643255, 22.393255 14.673502, 22.357831 14.697478, 22.318509 14.714316, 22.276712 14.723409, 22.25 14.725, 21.75 14.725))",0.081067,2.4478,21.999999999999996,14.274999999999991,90.0,Geometric release screen passes
Wheel,C57,2,1,0.810672,3.311779,0.1,"POLYGON ((21.75 13.175, 21.723288 13.173409, 21.681491 13.164316, 21.642169 13.147478, 21.606745 13.123502, 21.576498 13.093255, 21.552522 13.057831, 21.535684 13.018509, 21.526591 12.976712, 21.525 12.95, 21.525 12.5, 21.526591 12.473288, 21.535684 12.431491, 21.552522 12.392169, 21.576498 12.356745, 21.606745 12.326498, 21.642169 12.302522, 21.681491 12.285684, 21.723288 12.276591, 21.75 12.275, 22.25 12.275, 22.276712 12.276591, 22.318509 12.285684, 22.357831 12.302522, 22.393255 12.326498, 22.423502 12.356745, 22.447478 12.392169, 22.464316 12.431491, 22.473409 12.473288, 22.475 12.5, 22.475 12.95, 22.473409 12.976712, 22.464316 13.018509, 22.447478 13.057831, 22.423502 13.093255, 22.393255 13.123502, 22.357831 13.147478, 22.318509 13.164316, 22.276712 13.173409, 22.25 13.175, 21.75 13.175))",0.081067,2.4478,22.000000000000004,12.724999999999998,90.0,Geometric release screen passes
Wheel,R86,1,1,0.72485,3.154601,0.1,"POLYGON ((44.725 24.725, 44.689716 24.721863, 44.65081 24.710731, 44.614941 24.691994, 44.583579 24.666421, 44.558006 24.635059, 44.539269 24.59919, 44.528137 24.560284, 44.525 24.525, 44.525 24.125, 44.528137 24.089716, 44.539269 24.05081, 44.558006 24.014941, 44.583579 23.983579, 44.614941 23.958006, 44.65081 23.939269, 44.689716 23.928137, 44.725 23.925, 45.275 23.925, 45.310284 23.928137, 45.34919 23.939269, 45.385059 23.958006, 45.416421 23.983579, 45.441994 24.014941, 45.460731 24.05081, 45.471863 24.089716, 45.475 24.125, 45.475 24.525, 45.471863 24.560284, 45.460731 24.59919, 45.441994 24.635059, 45.416421 24.666421, 45.385059 24.691994, 45.34919 24.710731, 45.310284 24.721863, 45.275 24.725, 44.725 24.725))",0.072485,2.2978,45.00000000000001,24.325000000000003,90.0,Geometric release screen passes
Wheel,R86,2,1,0.72485,3.154601,0.1,"POLYGON ((44.725 23.075, 44.689716 23.071863, 44.65081 23.060731, 44.614941 23.041994, 44.583579 23.016421, 44.558006 22.985059, 44.539269 22.94919, 44.528137 22.910284, 44.525 22.875, 44.525 22.475, 44.528137 22.439716, 44.539269 22.40081, 44.558006 22.364941, 44.583579 22.333579, 44.614941 22.308006, 44.65081 22.289269, 44.689716 22.278137, 44.725 22.275, 45.275 22.275, 45.310284 22.278137, 45.34919 22.289269, 45.385059 22.308006, 45.416421 22.333579, 45.441994 22.364941, 45.460731 22.40081, 45.471863 22.439716, 45.475 22.475, 45.475 22.875, 45.471863 22.910284, 45.460731 22.94919, 45.441994 22.985059, 45.416421 23.016421, 45.385059 23.041994, 45.34919 23.060731, 45.310284 23.071863, 45.275 23.075, 44.725 23.075))",0.072485,2.2978,45.00000000000001,22.674999999999997,90.0,Geometric release screen passes
Wheel,R122,1,1,4.049096,8.718787,0.1,"POLYGON ((13.425 47.575, 13.428078 47.535891, 13.439029 47.49243, 13.457565 47.451623, 13.483089 47.414781, 13.514781 47.383089, 13.551623 47.357565, 13.59243 47.339029, 13.635891 47.328078, 13.675 47.325, 14.4 47.325, 14.439109 47.328078, 14.48257 47.339029, 14.523377 47.357565, 14.560219 47.383089, 14.591911 47.414781, 14.617435 47.451623, 14.635971 47.49243, 14.646922 47.535891, 14.65 47.575, 14.65 50.425, 14.646922 50.464109, 14.635971 50.50757, 14.617435 50.548377, 14.591911 50.585219, 14.560219 50.616911, 14.523377 50.642435, 14.48257 50.660971, 14.439109 50.671922, 14.4 50.675, 13.675 50.675, 13.635891 50.671922, 13.59243 50.660971, 13.551623 50.642435, 13.514781 50.616911, 13.483089 50.585219, 13.457565 50.548377, 13.439029 50.50757, 13.428078 50.464109, 13.425 50.425, 13.425 47.575))",0.40491,4.6441,14.037500000000003,48.99999999999999,0.0,Geometric release screen passes
Wheel,R122,2,1,4.049096,8.718787,0.1,"POLYGON ((19.35 47.575, 19.353078 47.535891, 19.364029 47.49243, 19.382565 47.451623, 19.408089 47.414781, 19.439781 47.383089, 19.476623 47.357565, 19.51743 47.339029, 19.560891 47.328078, 19.6 47.325, 20.325 47.325, 20.364109 47.328078, 20.40757 47.339029, 20.448377 47.357565, 20.485219 47.383089, 20.516911 47.414781, 20.542435 47.451623, 20.560971 47.49243, 20.571922 47.535891, 20.575 47.575, 20.575 50.425, 20.571922 50.464109, 20.560971 50.50757, 20.542435 50.548377, 20.516911 50.585219, 20.485219 50.616911, 20.448377 50.642435, 20.40757 50.660971, 20.364109 50.671922, 20.325 50.675, 19.6 50.675, 19.560891 50.671922, 19.51743 50.660971, 19.476623 50.642435, 19.439781 50.616911, 19.408089 50.585219, 19.382565 50.548377, 19.364029 50.50757, 19.353078 50.464109, 19.35 50.425, 19.35 47.575))",0.40491,4.6441,19.96250000000001,49.0,0.0,Geometric release screen passes
Wheel,R83,1,1,0.72485,3.154601,0.1,"POLYGON ((34.725 40.225, 34.689716 40.221863, 34.65081 40.210731, 34.614941 40.191994, 34.583579 40.166421, 34.558006 40.135059, 34.539269 40.09919, 34.528137 40.060284, 34.525 40.025, 34.525 39.625, 34.528137 39.589716, 34.539269 39.55081, 34.558006 39.514941, 34.583579 39.483579, 34.614941 39.458006, 34.65081 39.439269, 34.689716 39.428137, 34.725 39.425, 35.275 39.425, 35.310284 39.428137, 35.34919 39.439269, 35.385059 39.458006, 35.416421 39.483579, 35.441994 39.514941, 35.460731 39.55081, 35.471863 39.589716, 35.475 39.625, 35.475 40.025, 35.471863 40.060284, 35.460731 40.09919, 35.441994 40.135059, 35.416421 40.166421, 35.385059 40.191994, 35.34919 40.210731, 35.310284 40.221863, 35.275 40.225, 34.725 40.225))",0.072485,2.2978,35.00000000000001,39.82500000000001,90.0,Geometric release screen passes
Wheel,R83,2,1,0.72485,3.154601,0.1,"POLYGON ((34.725 38.575, 34.689716 38.571863, 34.65081 38.560731, 34.614941 38.541994, 34.583579 38.516421, 34.558006 38.485059, 34.539269 38.44919, 34.528137 38.410284, 34.525 38.375, 34.525 37.975, 34.528137 37.939716, 34.539269 37.90081, 34.558006 37.864941, 34.583579 37.833579, 34.614941 37.808006, 34.65081 37.789269, 34.689716 37.778137, 34.725 37.775, 35.275 37.775, 35.310284 37.778137, 35.34919 37.789269, 35.385059 37.808006, 35.416421 37.833579, 35.441994 37.864941, 35.460731 37.90081, 35.471863 37.939716, 35.475 37.975, 35.475 38.375, 35.471863 38.410284, 35.460731 38.44919, 35.441994 38.485059, 35.416421 38.516421, 35.385059 38.541994, 35.34919 38.560731, 35.310284 38.571863, 35.275 38.575, 34.725 38.575))",0.072485,2.2978,35.0,38.175000000000004,90.0,Geometric release screen passes
Wheel,C52,1,1,0.810672,3.311779,0.1,"POLYGON ((44.275 19.25, 44.276591 19.223288, 44.285684 19.181491, 44.302522 19.142169, 44.326498 19.106745, 44.356745 19.076498, 44.392169 19.052522, 44.431491 19.035684, 44.473288 19.026591, 44.5 19.025, 44.95 19.025, 44.976712 19.026591, 45.018509 19.035684, 45.057831 19.052522, 45.093255 19.076498, 45.123502 19.106745, 45.147478 19.142169, 45.164316 19.181491, 45.173409 19.223288, 45.175 19.25, 45.175 19.75, 45.173409 19.776712, 45.164316 19.818509, 45.147478 19.857831, 45.123502 19.893255, 45.093255 19.923502, 45.057831 19.947478, 45.018509 19.964316, 44.976712 19.973409, 44.95 19.975, 44.5 19.975, 44.473288 19.973409, 44.431491 19.964316, 44.392169 19.947478, 44.356745 19.923502, 44.326498 19.893255, 44.302522 19.857831, 44.285684 19.818509, 44.276591 19.776712, 44.275 19.75, 44.275 19.25))",0.081067,2.4478,44.72500000000001,19.500000000000004,0.0,Geometric release screen passes
Wheel,C52,2,1,0.810672,3.311779,0.1,"POLYGON ((45.825 19.25, 45.826591 19.223288, 45.835684 19.181491, 45.852522 19.142169, 45.876498 19.106745, 45.906745 19.076498, 45.942169 19.052522, 45.981491 19.035684, 46.023288 19.026591, 46.05 19.025, 46.5 19.025, 46.526712 19.026591, 46.568509 19.035684, 46.607831 19.052522, 46.643255 19.076498, 46.673502 19.106745, 46.697478 19.142169, 46.714316 19.181491, 46.723409 19.223288, 46.725 19.25, 46.725 19.75, 46.723409 19.776712, 46.714316 19.818509, 46.697478 19.857831, 46.673502 19.893255, 46.643255 19.923502, 46.607831 19.947478, 46.568509 19.964316, 46.526712 19.973409, 46.5 19.975, 46.05 19.975, 46.023288 19.973409, 45.981491 19.964316, 45.942169 19.947478, 45.906745 19.923502, 45.876498 19.893255, 45.852522 19.857831, 45.835684 19.818509, 45.826591 19.776712, 45.825 19.75, 45.825 19.25))",0.081067,2.4478,46.274999999999984,19.499999999999996,0.0,Geometric release screen passes
Wheel,R104,1,1,0.72485,3.154601,0.1,"POLYGON ((27.025 23.225, 26.989716 23.221863, 26.95081 23.210731, 26.914941 23.191994, 26.883579 23.166421, 26.858006 23.135059, 26.839269 23.09919, 26.828137 23.060284, 26.825 23.025, 26.825 22.625, 26.828137 22.589716, 26.839269 22.55081, 26.858006 22.514941, 26.883579 22.483579, 26.914941 22.458006, 26.95081 22.439269, 26.989716 22.428137, 27.025 22.425, 27.575 22.425, 27.610284 22.428137, 27.64919 22.439269, 27.685059 22.458006, 27.716421 22.483579, 27.741994 22.514941, 27.760731 22.55081, 27.771863 22.589716, 27.775 22.625, 27.775 23.025, 27.771863 23.060284, 27.760731 23.09919, 27.741994 23.135059, 27.716421 23.166421, 27.685059 23.191994, 27.64919 23.210731, 27.610284 23.221863, 27.575 23.225, 27.025 23.225))",0.072485,2.2978,27.300000000000008,22.825000000000006,90.0,Geometric release screen passes
Wheel,R104,2,1,0.72485,3.154601,0.1,"POLYGON ((27.025 21.575, 26.989716 21.571863, 26.95081 21.560731, 26.914941 21.541994, 26.883579 21.516421, 26.858006 21.485059, 26.839269 21.44919, 26.828137 21.410284, 26.825 21.375, 26.825 20.975, 26.828137 20.939716, 26.839269 20.90081, 26.858006 20.864941, 26.883579 20.833579, 26.914941 20.808006, 26.95081 20.789269, 26.989716 20.778137, 27.025 20.775, 27.575 20.775, 27.610284 20.778137, 27.64919 20.789269, 27.685059 20.808006, 27.716421 20.833579, 27.741994 20.864941, 27.760731 20.90081, 27.771863 20.939716, 27.775 20.975, 27.775 21.375, 27.771863 21.410284, 27.760731 21.44919, 27.741994 21.485059, 27.716421 21.516421, 27.685059 21.541994, 27.64919 21.560731, 27.610284 21.571863, 27.575 21.575, 27.025 21.575))",0.072485,2.2978,27.299999999999997,21.174999999999997,90.0,Geometric release screen passes
Wheel,C66,1,1,0.810672,3.311779,0.1,"POLYGON ((4.275 36.25, 4.276591 36.223288, 4.285684 36.181491, 4.302522 36.142169, 4.326498 36.106745, 4.356745 36.076498, 4.392169 36.052522, 4.431491 36.035684, 4.473288 36.026591, 4.5 36.025, 4.95 36.025, 4.976712 36.026591, 5.018509 36.035684, 5.057831 36.052522, 5.093255 36.076498, 5.123502 36.106745, 5.147478 36.142169, 5.164316 36.181491, 5.173409 36.223288, 5.175 36.25, 5.175 36.75, 5.173409 36.776712, 5.164316 36.818509, 5.147478 36.857831, 5.123502 36.893255, 5.093255 36.923502, 5.057831 36.947478, 5.018509 36.964316, 4.976712 36.973409, 4.95 36.975, 4.5 36.975, 4.473288 36.973409, 4.431491 36.964316, 4.392169 36.947478, 4.356745 36.923502, 4.326498 36.893255, 4.302522 36.857831, 4.285684 36.818509, 4.276591 36.776712, 4.275 36.75, 4.275 36.25))",0.081067,2.4478,4.725,36.49999999999999,0.0,Geometric release screen passes
Wheel,C66,2,1,0.810672,3.311779,0.1,"POLYGON ((5.825 36.25, 5.826591 36.223288, 5.835684 36.181491, 5.852522 36.142169, 5.876498 36.106745, 5.906745 36.076498, 5.942169 36.052522, 5.981491 36.035684, 6.023288 36.026591, 6.05 36.025, 6.5 36.025, 6.526712 36.026591, 6.568509 36.035684, 6.607831 36.052522, 6.643255 36.076498, 6.673502 36.106745, 6.697478 36.142169, 6.714316 36.181491, 6.723409 36.223288, 6.725 36.25, 6.725 36.75, 6.723409 36.776712, 6.714316 36.818509, 6.697478 36.857831, 6.673502 36.893255, 6.643255 36.923502, 6.607831 36.947478, 6.568509 36.964316, 6.526712 36.973409, 6.5 36.975, 6.05 36.975, 6.023288 36.973409, 5.981491 36.964316, 5.942169 36.947478, 5.906745 36.923502, 5.876498 36.893255, 5.852522 36.857831, 5.835684 36.818509, 5.826591 36.776712, 5.825 36.75, 5.825 36.25))",0.081067,2.4478,6.2749999999999995,36.49999999999999,0.0,Geometric release screen passes
Wheel,Q4,1,1,0.865088,3.890481,0.1,"POLYGON ((30.325 38.9, 30.328099 38.869667, 30.339054 38.836607, 30.357338 38.806965, 30.381965 38.782338, 30.411607 38.764054, 30.444667 38.753099, 30.475 38.75, 31.65 38.75, 31.680333 38.753099, 31.713393 38.764054, 31.743035 38.782338, 31.767662 38.806965, 31.785946 38.836607, 31.796901 38.869667, 31.8 38.9, 31.8 39.2, 31.796901 39.230333, 31.785946 39.263393, 31.767662 39.293035, 31.743035 39.317662, 31.713393 39.335946, 31.680333 39.346901, 31.65 39.35, 30.475 39.35, 30.444667 39.346901, 30.411607 39.335946, 30.381965 39.317662, 30.357338 39.293035, 30.339054 39.263393, 30.328099 39.230333, 30.325 39.2, 30.325 38.9))",0.086509,2.2236,31.062499999999986,39.04999999999999,0.0,Geometric release screen passes
Wheel,Q4,2,1,0.865088,3.890481,0.1,"POLYGON ((30.325 40.8, 30.328099 40.769667, 30.339054 40.736607, 30.357338 40.706965, 30.381965 40.682338, 30.411607 40.664054, 30.444667 40.653099, 30.475 40.65, 31.65 40.65, 31.680333 40.653099, 31.713393 40.664054, 31.743035 40.682338, 31.767662 40.706965, 31.785946 40.736607, 31.796901 40.769667, 31.8 40.8, 31.8 41.1, 31.796901 41.130333, 31.785946 41.163393, 31.767662 41.193035, 31.743035 41.217662, 31.713393 41.235946, 31.680333 41.246901, 31.65 41.25, 30.475 41.25, 30.444667 41.246901, 30.411607 41.235946, 30.381965 41.217662, 30.357338 41.193035, 30.339054 41.163393, 30.328099 41.130333, 30.325 41.1, 30.325 40.8))",0.086509,2.2236,31.062499999999986,40.94999999999999,0.0,Geometric release screen passes
Wheel,Q4,3,1,0.865088,3.890481,0.1,"POLYGON ((32.2 39.85, 32.203099 39.819667, 32.214054 39.786607, 32.232338 39.756965, 32.256965 39.732338, 32.286607 39.714054, 32.319667 39.703099, 32.35 39.7, 33.525 39.7, 33.555333 39.703099, 33.588393 39.714054, 33.618035 39.732338, 33.642662 39.756965, 33.660946 39.786607, 33.671901 39.819667, 33.675 39.85, 33.675 40.15, 33.671901 40.180333, 33.660946 40.213393, 33.642662 40.243035, 33.618035 40.267662, 33.588393 40.285946, 33.555333 40.296901, 33.525 40.3, 32.35 40.3, 32.319667 40.296901, 32.286607 40.285946, 32.256965 40.267662, 32.232338 40.243035, 32.214054 40.213393, 32.203099 40.180333, 32.2 40.15, 32.2 39.85))",0.086509,2.2236,32.93750000000001,40.0,0.0,Geometric release screen passes
Wheel,R140,1,1,0.72485,3.154601,0.1,"POLYGON ((45.775 38.725, 45.778137 38.689716, 45.789269 38.65081, 45.808006 38.614941, 45.833579 38.583579, 45.864941 38.558006, 45.90081 38.539269, 45.939716 38.528137, 45.975 38.525, 46.375 38.525, 46.410284 38.528137, 46.44919 38.539269, 46.485059 38.558006, 46.516421 38.583579, 46.541994 38.614941, 46.560731 38.65081, 46.571863 38.689716, 46.575 38.725, 46.575 39.275, 46.571863 39.310284, 46.560731 39.34919, 46.541994 39.385059, 46.516421 39.416421, 46.485059 39.441994, 46.44919 39.460731, 46.410284 39.471863, 46.375 39.475, 45.975 39.475, 45.939716 39.471863, 45.90081 39.460731, 45.864941 39.441994, 45.833579 39.416421, 45.808006 39.385059, 45.789269 39.34919, 45.778137 39.310284, 45.775 39.275, 45.775 38.725))",0.072485,2.2978,46.17500000000001,38.99999999999999,0.0,Geometric release screen passes
Wheel,R140,2,1,0.72485,3.154601,0.1,"POLYGON ((47.425 38.725, 47.428137 38.689716, 47.439269 38.65081, 47.458006 38.614941, 47.483579 38.583579, 47.514941 38.558006, 47.55081 38.539269, 47.589716 38.528137, 47.625 38.525, 48.025 38.525, 48.060284 38.528137, 48.09919 38.539269, 48.135059 38.558006, 48.166421 38.583579, 48.191994 38.614941, 48.210731 38.65081, 48.221863 38.689716, 48.225 38.725, 48.225 39.275, 48.221863 39.310284, 48.210731 39.34919, 48.191994 39.385059, 48.166421 39.416421, 48.135059 39.441994, 48.09919 39.460731, 48.060284 39.471863, 48.025 39.475, 47.625 39.475, 47.589716 39.471863, 47.55081 39.460731, 47.514941 39.441994, 47.483579 39.416421, 47.458006 39.385059, 47.439269 39.34919, 47.428137 39.310284, 47.425 39.275, 47.425 38.725))",0.072485,2.2978,47.824999999999996,38.99999999999999,0.0,Geometric release screen passes
Wheel,R117,1,1,0.72485,3.154601,0.1,"POLYGON ((16.725 33.225, 16.689716 33.221863, 16.65081 33.210731, 16.614941 33.191994, 16.583579 33.166421, 16.558006 33.135059, 16.539269 33.09919, 16.528137 33.060284, 16.525 33.025, 16.525 32.625, 16.528137 32.589716, 16.539269 32.55081, 16.558006 32.514941, 16.583579 32.483579, 16.614941 32.458006, 16.65081 32.439269, 16.689716 32.428137, 16.725 32.425, 17.275 32.425, 17.310284 32.428137, 17.34919 32.439269, 17.385059 32.458006, 17.416421 32.483579, 17.441994 32.514941, 17.460731 32.55081, 17.471863 32.589716, 17.475 32.625, 17.475 33.025, 17.471863 33.060284, 17.460731 33.09919, 17.441994 33.135059, 17.416421 33.166421, 17.385059 33.191994, 17.34919 33.210731, 17.310284 33.221863, 17.275 33.225, 16.725 33.225))",0.072485,2.2978,16.999999999999993,32.82499999999999,90.0,Geometric release screen passes
Wheel,R117,2,1,0.72485,3.154601,0.1,"POLYGON ((16.725 31.575, 16.689716 31.571863, 16.65081 31.560731, 16.614941 31.541994, 16.583579 31.516421, 16.558006 31.485059, 16.539269 31.44919, 16.528137 31.410284, 16.525 31.375, 16.525 30.975, 16.528137 30.939716, 16.539269 30.90081, 16.558006 30.864941, 16.583579 30.833579, 16.614941 30.808006, 16.65081 30.789269, 16.689716 30.778137, 16.725 30.775, 17.275 30.775, 17.310284 30.778137, 17.34919 30.789269, 17.385059 30.808006, 17.416421 30.833579, 17.441994 30.864941, 17.460731 30.90081, 17.471863 30.939716, 17.475 30.975, 17.475 31.375, 17.471863 31.410284, 17.460731 31.44919, 17.441994 31.485059, 17.416421 31.516421, 17.385059 31.541994, 17.34919 31.560731, 17.310284 31.571863, 17.275 31.575, 16.725 31.575))",0.072485,2.2978,17.0,31.175000000000008,90.0,Geometric release screen passes
Wheel,R88,1,1,0.72485,3.154601,0.1,"POLYGON ((45.775 27.725, 45.778137 27.689716, 45.789269 27.65081, 45.808006 27.614941, 45.833579 27.583579, 45.864941 27.558006, 45.90081 27.539269, 45.939716 27.528137, 45.975 27.525, 46.375 27.525, 46.410284 27.528137, 46.44919 27.539269, 46.485059 27.558006, 46.516421 27.583579, 46.541994 27.614941, 46.560731 27.65081, 46.571863 27.689716, 46.575 27.725, 46.575 28.275, 46.571863 28.310284, 46.560731 28.34919, 46.541994 28.385059, 46.516421 28.416421, 46.485059 28.441994, 46.44919 28.460731, 46.410284 28.471863, 46.375 28.475, 45.975 28.475, 45.939716 28.471863, 45.90081 28.460731, 45.864941 28.441994, 45.833579 28.416421, 45.808006 28.385059, 45.789269 28.34919, 45.778137 28.310284, 45.775 28.275, 45.775 27.725))",0.072485,2.2978,46.17500000000001,27.999999999999993,0.0,Geometric release screen passes
Wheel,R88,2,1,0.72485,3.154601,0.1,"POLYGON ((47.425 27.725, 47.428137 27.689716, 47.439269 27.65081, 47.458006 27.614941, 47.483579 27.583579, 47.514941 27.558006, 47.55081 27.539269, 47.589716 27.528137, 47.625 27.525, 48.025 27.525, 48.060284 27.528137, 48.09919 27.539269, 48.135059 27.558006, 48.166421 27.583579, 48.191994 27.614941, 48.210731 27.65081, 48.221863 27.689716, 48.225 27.725, 48.225 28.275, 48.221863 28.310284, 48.210731 28.34919, 48.191994 28.385059, 48.166421 28.416421, 48.135059 28.441994, 48.09919 28.460731, 48.060284 28.471863, 48.025 28.475, 47.625 28.475, 47.589716 28.471863, 47.55081 28.460731, 47.514941 28.441994, 47.483579 28.416421, 47.458006 28.385059, 47.439269 28.34919, 47.428137 28.310284, 47.425 28.275, 47.425 27.725))",0.072485,2.2978,47.824999999999996,28.0,0.0,Geometric release screen passes
Wheel,R109,1,1,0.72485,3.154601,0.1,"POLYGON ((20.775 9.725, 20.778137 9.689716, 20.789269 9.65081, 20.808006 9.614941, 20.833579 9.583579, 20.864941 9.558006, 20.90081 9.539269, 20.939716 9.528137, 20.975 9.525, 21.375 9.525, 21.410284 9.528137, 21.44919 9.539269, 21.485059 9.558006, 21.516421 9.583579, 21.541994 9.614941, 21.560731 9.65081, 21.571863 9.689716, 21.575 9.725, 21.575 10.275, 21.571863 10.310284, 21.560731 10.34919, 21.541994 10.385059, 21.516421 10.416421, 21.485059 10.441994, 21.44919 10.460731, 21.410284 10.471863, 21.375 10.475, 20.975 10.475, 20.939716 10.471863, 20.90081 10.460731, 20.864941 10.441994, 20.833579 10.416421, 20.808006 10.385059, 20.789269 10.34919, 20.778137 10.310284, 20.775 10.275, 20.775 9.725))",0.072485,2.2978,21.174999999999994,9.999999999999998,0.0,Geometric release screen passes
Wheel,R109,2,1,0.72485,3.154601,0.1,"POLYGON ((22.425 9.725, 22.428137 9.689716, 22.439269 9.65081, 22.458006 9.614941, 22.483579 9.583579, 22.514941 9.558006, 22.55081 9.539269, 22.589716 9.528137, 22.625 9.525, 23.025 9.525, 23.060284 9.528137, 23.09919 9.539269, 23.135059 9.558006, 23.166421 9.583579, 23.191994 9.614941, 23.210731 9.65081, 23.221863 9.689716, 23.225 9.725, 23.225 10.275, 23.221863 10.310284, 23.210731 10.34919, 23.191994 10.385059, 23.166421 10.416421, 23.135059 10.441994, 23.09919 10.460731, 23.060284 10.471863, 23.025 10.475, 22.625 10.475, 22.589716 10.471863, 22.55081 10.460731, 22.514941 10.441994, 22.483579 10.416421, 22.458006 10.385059, 22.439269 10.34919, 22.428137 10.310284, 22.425 10.275, 22.425 9.725))",0.072485,2.2978,22.824999999999992,9.999999999999998,0.0,Geometric release screen passes
Wheel,C54,1,1,0.810672,3.311779,0.1,"POLYGON ((41.275 9.25, 41.276591 9.223288, 41.285684 9.181491, 41.302522 9.142169, 41.326498 9.106745, 41.356745 9.076498, 41.392169 9.052522, 41.431491 9.035684, 41.473288 9.026591, 41.5 9.025, 41.95 9.025, 41.976712 9.026591, 42.018509 9.035684, 42.057831 9.052522, 42.093255 9.076498, 42.123502 9.106745, 42.147478 9.142169, 42.164316 9.181491, 42.173409 9.223288, 42.175 9.25, 42.175 9.75, 42.173409 9.776712, 42.164316 9.818509, 42.147478 9.857831, 42.123502 9.893255, 42.093255 9.923502, 42.057831 9.947478, 42.018509 9.964316, 41.976712 9.973409, 41.95 9.975, 41.5 9.975, 41.473288 9.973409, 41.431491 9.964316, 41.392169 9.947478, 41.356745 9.923502, 41.326498 9.893255, 41.302522 9.857831, 41.285684 9.818509, 41.276591 9.776712, 41.275 9.75, 41.275 9.25))",0.081067,2.4478,41.72499999999999,9.499999999999996,0.0,Geometric release screen passes
Wheel,C54,2,1,0.810672,3.311779,0.1,"POLYGON ((42.825 9.25, 42.826591 9.223288, 42.835684 9.181491, 42.852522 9.142169, 42.876498 9.106745, 42.906745 9.076498, 42.942169 9.052522, 42.981491 9.035684, 43.023288 9.026591, 43.05 9.025, 43.5 9.025, 43.526712 9.026591, 43.568509 9.035684, 43.607831 9.052522, 43.643255 9.076498, 43.673502 9.106745, 43.697478 9.142169, 43.714316 9.181491, 43.723409 9.223288, 43.725 9.25, 43.725 9.75, 43.723409 9.776712, 43.714316 9.818509, 43.697478 9.857831, 43.673502 9.893255, 43.643255 9.923502, 43.607831 9.947478, 43.568509 9.964316, 43.526712 9.973409, 43.5 9.975, 43.05 9.975, 43.023288 9.973409, 42.981491 9.964316, 42.942169 9.947478, 42.906745 9.923502, 42.876498 9.893255, 42.852522 9.857831, 42.835684 9.818509, 42.826591 9.776712, 42.825 9.75, 42.825 9.25))",0.081067,2.4478,43.27499999999998,9.499999999999998,0.0,Geometric release screen passes
Wheel,R137,1,1,0.72485,3.154601,0.1,"POLYGON ((43.725 45.225, 43.689716 45.221863, 43.65081 45.210731, 43.614941 45.191994, 43.583579 45.166421, 43.558006 45.135059, 43.539269 45.09919, 43.528137 45.060284, 43.525 45.025, 43.525 44.625, 43.528137 44.589716, 43.539269 44.55081, 43.558006 44.514941, 43.583579 44.483579, 43.614941 44.458006, 43.65081 44.439269, 43.689716 44.428137, 43.725 44.425, 44.275 44.425, 44.310284 44.428137, 44.34919 44.439269, 44.385059 44.458006, 44.416421 44.483579, 44.441994 44.514941, 44.460731 44.55081, 44.471863 44.589716, 44.475 44.625, 44.475 45.025, 44.471863 45.060284, 44.460731 45.09919, 44.441994 45.135059, 44.416421 45.166421, 44.385059 45.191994, 44.34919 45.210731, 44.310284 45.221863, 44.275 45.225, 43.725 45.225))",0.072485,2.2978,44.00000000000001,44.825,90.0,Geometric release screen passes
Wheel,R137,2,1,0.72485,3.154601,0.1,"POLYGON ((43.725 43.575, 43.689716 43.571863, 43.65081 43.560731, 43.614941 43.541994, 43.583579 43.516421, 43.558006 43.485059, 43.539269 43.44919, 43.528137 43.410284, 43.525 43.375, 43.525 42.975, 43.528137 42.939716, 43.539269 42.90081, 43.558006 42.864941, 43.583579 42.833579, 43.614941 42.808006, 43.65081 42.789269, 43.689716 42.778137, 43.725 42.775, 44.275 42.775, 44.310284 42.778137, 44.34919 42.789269, 44.385059 42.808006, 44.416421 42.833579, 44.441994 42.864941, 44.460731 42.90081, 44.471863 42.939716, 44.475 42.975, 44.475 43.375, 44.471863 43.410284, 44.460731 43.44919, 44.441994 43.485059, 44.416421 43.516421, 44.385059 43.541994, 44.34919 43.560731, 44.310284 43.571863, 44.275 43.575, 43.725 43.575))",0.072485,2.2978,44.000000000000014,43.175,90.0,Geometric release screen passes
Wheel,R145,1,1,0.72485,3.154601,0.1,"POLYGON ((44.725 15.225, 44.689716 15.221863, 44.65081 15.210731, 44.614941 15.191994, 44.583579 15.166421, 44.558006 15.135059, 44.539269 15.09919, 44.528137 15.060284, 44.525 15.025, 44.525 14.625, 44.528137 14.589716, 44.539269 14.55081, 44.558006 14.514941, 44.583579 14.483579, 44.614941 14.458006, 44.65081 14.439269, 44.689716 14.428137, 44.725 14.425, 45.275 14.425, 45.310284 14.428137, 45.34919 14.439269, 45.385059 14.458006, 45.416421 14.483579, 45.441994 14.514941, 45.460731 14.55081, 45.471863 14.589716, 45.475 14.625, 45.475 15.025, 45.471863 15.060284, 45.460731 15.09919, 45.441994 15.135059, 45.416421 15.166421, 45.385059 15.191994, 45.34919 15.210731, 45.310284 15.221863, 45.275 15.225, 44.725 15.225))",0.072485,2.2978,45.00000000000001,14.825000000000001,90.0,Geometric release screen passes
Wheel,R145,2,1,0.72485,3.154601,0.1,"POLYGON ((44.725 13.575, 44.689716 13.571863, 44.65081 13.560731, 44.614941 13.541994, 44.583579 13.516421, 44.558006 13.485059, 44.539269 13.44919, 44.528137 13.410284, 44.525 13.375, 44.525 12.975, 44.528137 12.939716, 44.539269 12.90081, 44.558006 12.864941, 44.583579 12.833579, 44.614941 12.808006, 44.65081 12.789269, 44.689716 12.778137, 44.725 12.775, 45.275 12.775, 45.310284 12.778137, 45.34919 12.789269, 45.385059 12.808006, 45.416421 12.833579, 45.441994 12.864941, 45.460731 12.90081, 45.471863 12.939716, 45.475 12.975, 45.475 13.375, 45.471863 13.410284, 45.460731 13.44919, 45.441994 13.485059, 45.416421 13.516421, 45.385059 13.541994, 45.34919 13.560731, 45.310284 13.571863, 45.275 13.575, 44.725 13.575))",0.072485,2.2978,44.99999999999999,13.174999999999997,90.0,Geometric release screen passes
Wheel,R84,1,1,0.72485,3.154601,0.1,"POLYGON ((31.725 35.225, 31.689716 35.221863, 31.65081 35.210731, 31.614941 35.191994, 31.583579 35.166421, 31.558006 35.135059, 31.539269 35.09919, 31.528137 35.060284, 31.525 35.025, 31.525 34.625, 31.528137 34.589716, 31.539269 34.55081, 31.558006 34.514941, 31.583579 34.483579, 31.614941 34.458006, 31.65081 34.439269, 31.689716 34.428137, 31.725 34.425, 32.275 34.425, 32.310284 34.428137, 32.34919 34.439269, 32.385059 34.458006, 32.416421 34.483579, 32.441994 34.514941, 32.460731 34.55081, 32.471863 34.589716, 32.475 34.625, 32.475 35.025, 32.471863 35.060284, 32.460731 35.09919, 32.441994 35.135059, 32.416421 35.166421, 32.385059 35.191994, 32.34919 35.210731, 32.310284 35.221863, 32.275 35.225, 31.725 35.225))",0.072485,2.2978,31.999999999999996,34.824999999999996,90.0,Geometric release screen passes
Wheel,R84,2,1,0.72485,3.154601,0.1,"POLYGON ((31.725 33.575, 31.689716 33.571863, 31.65081 33.560731, 31.614941 33.541994, 31.583579 33.516421, 31.558006 33.485059, 31.539269 33.44919, 31.528137 33.410284, 31.525 33.375, 31.525 32.975, 31.528137 32.939716, 31.539269 32.90081, 31.558006 32.864941, 31.583579 32.833579, 31.614941 32.808006, 31.65081 32.789269, 31.689716 32.778137, 31.725 32.775, 32.275 32.775, 32.310284 32.778137, 32.34919 32.789269, 32.385059 32.808006, 32.416421 32.833579, 32.441994 32.864941, 32.460731 32.90081, 32.471863 32.939716, 32.475 32.975, 32.475 33.375, 32.471863 33.410284, 32.460731 33.44919, 32.441994 33.485059, 32.416421 33.516421, 32.385059 33.541994, 32.34919 33.560731, 32.310284 33.571863, 32.275 33.575, 31.725 33.575))",0.072485,2.2978,31.999999999999996,33.17500000000001,90.0,Geometric release screen passes
Wheel,C69,1,1,1.395346,4.468787,0.1,"POLYGON ((16.525 43.45, 16.485891 43.446922, 16.44243 43.435971, 16.401623 43.417435, 16.364781 43.391911, 16.333089 43.360219, 16.307565 43.323377, 16.289029 43.28257, 16.278078 43.239109, 16.275 43.2, 16.275 42.7, 16.278078 42.660891, 16.289029 42.61743, 16.307565 42.576623, 16.333089 42.539781, 16.364781 42.508089, 16.401623 42.482565, 16.44243 42.464029, 16.485891 42.453078, 16.525 42.45, 17.475 42.45, 17.514109 42.453078, 17.55757 42.464029, 17.598377 42.482565, 17.635219 42.508089, 17.666911 42.539781, 17.692435 42.576623, 17.710971 42.61743, 17.721922 42.660891, 17.725 42.7, 17.725 43.2, 17.721922 43.239109, 17.710971 43.28257, 17.692435 43.323377, 17.666911 43.360219, 17.635219 43.391911, 17.598377 43.417435, 17.55757 43.435971, 17.514109 43.446922, 17.475 43.45, 16.525 43.45))",0.139535,3.1224,16.999999999999996,42.949999999999996,90.0,Geometric release screen passes
Wheel,C69,2,1,1.395346,4.468787,0.1,"POLYGON ((16.525 41.55, 16.485891 41.546922, 16.44243 41.535971, 16.401623 41.517435, 16.364781 41.491911, 16.333089 41.460219, 16.307565 41.423377, 16.289029 41.38257, 16.278078 41.339109, 16.275 41.3, 16.275 40.8, 16.278078 40.760891, 16.289029 40.71743, 16.307565 40.676623, 16.333089 40.639781, 16.364781 40.608089, 16.401623 40.582565, 16.44243 40.564029, 16.485891 40.553078, 16.525 40.55, 17.475 40.55, 17.514109 40.553078, 17.55757 40.564029, 17.598377 40.582565, 17.635219 40.608089, 17.666911 40.639781, 17.692435 40.676623, 17.710971 40.71743, 17.721922 40.760891, 17.725 40.8, 17.725 41.3, 17.721922 41.339109, 17.710971 41.38257, 17.692435 41.423377, 17.666911 41.460219, 17.635219 41.491911, 17.598377 41.517435, 17.55757 41.535971, 17.514109 41.546922, 17.475 41.55, 16.525 41.55))",0.139535,3.1224,16.999999999999993,41.04999999999999,90.0,Geometric release screen passes
Wheel,C50,1,1,1.395346,4.468787,0.1,"POLYGON ((19.025 23.95, 18.985891 23.946922, 18.94243 23.935971, 18.901623 23.917435, 18.864781 23.891911, 18.833089 23.860219, 18.807565 23.823377, 18.789029 23.78257, 18.778078 23.739109, 18.775 23.7, 18.775 23.2, 18.778078 23.160891, 18.789029 23.11743, 18.807565 23.076623, 18.833089 23.039781, 18.864781 23.008089, 18.901623 22.982565, 18.94243 22.964029, 18.985891 22.953078, 19.025 22.95, 19.975 22.95, 20.014109 22.953078, 20.05757 22.964029, 20.098377 22.982565, 20.135219 23.008089, 20.166911 23.039781, 20.192435 23.076623, 20.210971 23.11743, 20.221922 23.160891, 20.225 23.2, 20.225 23.7, 20.221922 23.739109, 20.210971 23.78257, 20.192435 23.823377, 20.166911 23.860219, 20.135219 23.891911, 20.098377 23.917435, 20.05757 23.935971, 20.014109 23.946922, 19.975 23.95, 19.025 23.95))",0.139535,3.1224,19.499999999999996,23.450000000000003,90.0,Geometric release screen passes
Wheel,C50,2,1,1.395346,4.468787,0.1,"POLYGON ((19.025 22.05, 18.985891 22.046922, 18.94243 22.035971, 18.901623 22.017435, 18.864781 21.991911, 18.833089 21.960219, 18.807565 21.923377, 18.789029 21.88257, 18.778078 21.839109, 18.775 21.8, 18.775 21.3, 18.778078 21.260891, 18.789029 21.21743, 18.807565 21.176623, 18.833089 21.139781, 18.864781 21.108089, 18.901623 21.082565, 18.94243 21.064029, 18.985891 21.053078, 19.025 21.05, 19.975 21.05, 20.014109 21.053078, 20.05757 21.064029, 20.098377 21.082565, 20.135219 21.108089, 20.166911 21.139781, 20.192435 21.176623, 20.210971 21.21743, 20.221922 21.260891, 20.225 21.3, 20.225 21.8, 20.221922 21.839109, 20.210971 21.88257, 20.192435 21.923377, 20.166911 21.960219, 20.135219 21.991911, 20.098377 22.017435, 20.05757 22.035971, 20.014109 22.046922, 19.975 22.05, 19.025 22.05))",0.139535,3.1224,19.499999999999993,21.550000000000004,90.0,Geometric release screen passes
Wheel,C58,1,1,0.810672,3.311779,0.1,"POLYGON ((25.75 13.225, 25.723288 13.223409, 25.681491 13.214316, 25.642169 13.197478, 25.606745 13.173502, 25.576498 13.143255, 25.552522 13.107831, 25.535684 13.068509, 25.526591 13.026712, 25.525 13, 25.525 12.55, 25.526591 12.523288, 25.535684 12.481491, 25.552522 12.442169, 25.576498 12.406745, 25.606745 12.376498, 25.642169 12.352522, 25.681491 12.335684, 25.723288 12.326591, 25.75 12.325, 26.25 12.325, 26.276712 12.326591, 26.318509 12.335684, 26.357831 12.352522, 26.393255 12.376498, 26.423502 12.406745, 26.447478 12.442169, 26.464316 12.481491, 26.473409 12.523288, 26.475 12.55, 26.475 13, 26.473409 13.026712, 26.464316 13.068509, 26.447478 13.107831, 26.423502 13.143255, 26.393255 13.173502, 26.357831 13.197478, 26.318509 13.214316, 26.276712 13.223409, 26.25 13.225, 25.75 13.225))",0.081067,2.4478,25.999999999999993,12.774999999999997,90.0,Geometric release screen passes
Wheel,C58,2,1,0.810672,3.311779,0.1,"POLYGON ((25.75 11.675, 25.723288 11.673409, 25.681491 11.664316, 25.642169 11.647478, 25.606745 11.623502, 25.576498 11.593255, 25.552522 11.557831, 25.535684 11.518509, 25.526591 11.476712, 25.525 11.45, 25.525 11, 25.526591 10.973288, 25.535684 10.931491, 25.552522 10.892169, 25.576498 10.856745, 25.606745 10.826498, 25.642169 10.802522, 25.681491 10.785684, 25.723288 10.776591, 25.75 10.775, 26.25 10.775, 26.276712 10.776591, 26.318509 10.785684, 26.357831 10.802522, 26.393255 10.826498, 26.423502 10.856745, 26.447478 10.892169, 26.464316 10.931491, 26.473409 10.973288, 26.475 11, 26.475 11.45, 26.473409 11.476712, 26.464316 11.518509, 26.447478 11.557831, 26.423502 11.593255, 26.393255 11.623502, 26.357831 11.647478, 26.318509 11.664316, 26.276712 11.673409, 26.25 11.675, 25.75 11.675))",0.081067,2.4478,26.000000000000004,11.224999999999998,90.0,Geometric release screen passes
Wheel,R124,1,1,4.049096,8.718787,0.1,"POLYGON ((13.425 53.575, 13.428078 53.535891, 13.439029 53.49243, 13.457565 53.451623, 13.483089 53.414781, 13.514781 53.383089, 13.551623 53.357565, 13.59243 53.339029, 13.635891 53.328078, 13.675 53.325, 14.4 53.325, 14.439109 53.328078, 14.48257 53.339029, 14.523377 53.357565, 14.560219 53.383089, 14.591911 53.414781, 14.617435 53.451623, 14.635971 53.49243, 14.646922 53.535891, 14.65 53.575, 14.65 56.425, 14.646922 56.464109, 14.635971 56.50757, 14.617435 56.548377, 14.591911 56.585219, 14.560219 56.616911, 14.523377 56.642435, 14.48257 56.660971, 14.439109 56.671922, 14.4 56.675, 13.675 56.675, 13.635891 56.671922, 13.59243 56.660971, 13.551623 56.642435, 13.514781 56.616911, 13.483089 56.585219, 13.457565 56.548377, 13.439029 56.50757, 13.428078 56.464109, 13.425 56.425, 13.425 53.575))",0.40491,4.6441,14.037500000000003,55.000000000000014,0.0,Geometric release screen passes
Wheel,R124,2,1,4.049096,8.718787,0.1,"POLYGON ((19.35 53.575, 19.353078 53.535891, 19.364029 53.49243, 19.382565 53.451623, 19.408089 53.414781, 19.439781 53.383089, 19.476623 53.357565, 19.51743 53.339029, 19.560891 53.328078, 19.6 53.325, 20.325 53.325, 20.364109 53.328078, 20.40757 53.339029, 20.448377 53.357565, 20.485219 53.383089, 20.516911 53.414781, 20.542435 53.451623, 20.560971 53.49243, 20.571922 53.535891, 20.575 53.575, 20.575 56.425, 20.571922 56.464109, 20.560971 56.50757, 20.542435 56.548377, 20.516911 56.585219, 20.485219 56.616911, 20.448377 56.642435, 20.40757 56.660971, 20.364109 56.671922, 20.325 56.675, 19.6 56.675, 19.560891 56.671922, 19.51743 56.660971, 19.476623 56.642435, 19.439781 56.616911, 19.408089 56.585219, 19.382565 56.548377, 19.364029 56.50757, 19.353078 56.464109, 19.35 56.425, 19.35 53.575))",0.40491,4.6441,19.96250000000001,55.00000000000003,0.0,Geometric release screen passes
Wheel,U26,1,1,0.581041,3.576441,0.1,"POLYGON ((34.4 11.95, 34.402285 11.928743, 34.412232 11.902075, 34.429289 11.879289, 34.452075 11.862232, 34.478743 11.852285, 34.5 11.85, 35.775 11.85, 35.796257 11.852285, 35.822925 11.862232, 35.845711 11.879289, 35.862768 11.902075, 35.872715 11.928743, 35.875 11.95, 35.875 12.15, 35.872715 12.171257, 35.862768 12.197925, 35.845711 12.220711, 35.822925 12.237768, 35.796257 12.247715, 35.775 12.25, 34.5 12.25, 34.478743 12.247715, 34.452075 12.237768, 34.429289 12.220711, 34.412232 12.197925, 34.402285 12.171257, 34.4 12.15, 34.4 11.95))",0.058104,1.6246,35.13749999999999,12.049999999999999,0.0,Geometric release screen passes
Wheel,U26,2,1,0.581041,3.576441,0.1,"POLYGON ((34.4 12.6, 34.402285 12.578743, 34.412232 12.552075, 34.429289 12.529289, 34.452075 12.512232, 34.478743 12.502285, 34.5 12.5, 35.775 12.5, 35.796257 12.502285, 35.822925 12.512232, 35.845711 12.529289, 35.862768 12.552075, 35.872715 12.578743, 35.875 12.6, 35.875 12.8, 35.872715 12.821257, 35.862768 12.847925, 35.845711 12.870711, 35.822925 12.887768, 35.796257 12.897715, 35.775 12.9, 34.5 12.9, 34.478743 12.897715, 34.452075 12.887768, 34.429289 12.870711, 34.412232 12.847925, 34.402285 12.821257, 34.4 12.8, 34.4 12.6))",0.058104,1.6246,35.13749999999999,12.7,0.0,Geometric release screen passes
Wheel,U26,3,1,0.581041,3.576441,0.1,"POLYGON ((34.4 13.25, 34.402285 13.228743, 34.412232 13.202075, 34.429289 13.179289, 34.452075 13.162232, 34.478743 13.152285, 34.5 13.15, 35.775 13.15, 35.796257 13.152285, 35.822925 13.162232, 35.845711 13.179289, 35.862768 13.202075, 35.872715 13.228743, 35.875 13.25, 35.875 13.45, 35.872715 13.471257, 35.862768 13.497925, 35.845711 13.520711, 35.822925 13.537768, 35.796257 13.547715, 35.775 13.55, 34.5 13.55, 34.478743 13.547715, 34.452075 13.537768, 34.429289 13.520711, 34.412232 13.497925, 34.402285 13.471257, 34.4 13.45, 34.4 13.25))",0.058104,1.6246,35.137499999999996,13.349999999999998,0.0,Geometric release screen passes
Wheel,U26,4,1,0.581041,3.576441,0.1,"POLYGON ((34.4 13.9, 34.402285 13.878743, 34.412232 13.852075, 34.429289 13.829289, 34.452075 13.812232, 34.478743 13.802285, 34.5 13.8, 35.775 13.8, 35.796257 13.802285, 35.822925 13.812232, 35.845711 13.829289, 35.862768 13.852075, 35.872715 13.878743, 35.875 13.9, 35.875 14.1, 35.872715 14.121257, 35.862768 14.147925, 35.845711 14.170711, 35.822925 14.187768, 35.796257 14.197715, 35.775 14.2, 34.5 14.2, 34.478743 14.197715, 34.452075 14.187768, 34.429289 14.170711, 34.412232 14.147925, 34.402285 14.121257, 34.4 14.1, 34.4 13.9))",0.058104,1.6246,35.13749999999999,13.999999999999998,0.0,Geometric release screen passes
Wheel,U26,5,1,0.581041,3.576441,0.1,"POLYGON ((34.4 14.55, 34.402285 14.528743, 34.412232 14.502075, 34.429289 14.479289, 34.452075 14.462232, 34.478743 14.452285, 34.5 14.45, 35.775 14.45, 35.796257 14.452285, 35.822925 14.462232, 35.845711 14.479289, 35.862768 14.502075, 35.872715 14.528743, 35.875 14.55, 35.875 14.75, 35.872715 14.771257, 35.862768 14.797925, 35.845711 14.820711, 35.822925 14.837768, 35.796257 14.847715, 35.775 14.85, 34.5 14.85, 34.478743 14.847715, 34.452075 14.837768, 34.429289 14.820711, 34.412232 14.797925, 34.402285 14.771257, 34.4 14.75, 34.4 14.55))",0.058104,1.6246,35.13749999999999,14.650000000000002,0.0,Geometric release screen passes
Wheel,U26,6,1,0.581041,3.576441,0.1,"POLYGON ((34.4 15.2, 34.402285 15.178743, 34.412232 15.152075, 34.429289 15.129289, 34.452075 15.112232, 34.478743 15.102285, 34.5 15.1, 35.775 15.1, 35.796257 15.102285, 35.822925 15.112232, 35.845711 15.129289, 35.862768 15.152075, 35.872715 15.178743, 35.875 15.2, 35.875 15.4, 35.872715 15.421257, 35.862768 15.447925, 35.845711 15.470711, 35.822925 15.487768, 35.796257 15.497715, 35.775 15.5, 34.5 15.5, 34.478743 15.497715, 34.452075 15.487768, 34.429289 15.470711, 34.412232 15.447925, 34.402285 15.421257, 34.4 15.4, 34.4 15.2))",0.058104,1.6246,35.13749999999999,15.299999999999995,0.0,Geometric release screen passes
Wheel,U26,7,1,0.581041,3.576441,0.1,"POLYGON ((34.4 15.85, 34.402285 15.828743, 34.412232 15.802075, 34.429289 15.779289, 34.452075 15.762232, 34.478743 15.752285, 34.5 15.75, 35.775 15.75, 35.796257 15.752285, 35.822925 15.762232, 35.845711 15.779289, 35.862768 15.802075, 35.872715 15.828743, 35.875 15.85, 35.875 16.05, 35.872715 16.071257, 35.862768 16.097925, 35.845711 16.120711, 35.822925 16.137768, 35.796257 16.147715, 35.775 16.15, 34.5 16.15, 34.478743 16.147715, 34.452075 16.137768, 34.429289 16.120711, 34.412232 16.097925, 34.402285 16.071257, 34.4 16.05, 34.4 15.85))",0.058104,1.6246,35.137499999999996,15.949999999999994,0.0,Geometric release screen passes
Wheel,U26,8,1,0.581041,3.576441,0.1,"POLYGON ((40.125 15.85, 40.127285 15.828743, 40.137232 15.802075, 40.154289 15.779289, 40.177075 15.762232, 40.203743 15.752285, 40.225 15.75, 41.5 15.75, 41.521257 15.752285, 41.547925 15.762232, 41.570711 15.779289, 41.587768 15.802075, 41.597715 15.828743, 41.6 15.85, 41.6 16.05, 41.597715 16.071257, 41.587768 16.097925, 41.570711 16.120711, 41.547925 16.137768, 41.521257 16.147715, 41.5 16.15, 40.225 16.15, 40.203743 16.147715, 40.177075 16.137768, 40.154289 16.120711, 40.137232 16.097925, 40.127285 16.071257, 40.125 16.05, 40.125 15.85))",0.058104,1.6246,40.8625,15.949999999999998,0.0,Geometric release screen passes
Wheel,U26,9,1,0.581041,3.576441,0.1,"POLYGON ((40.125 15.2, 40.127285 15.178743, 40.137232 15.152075, 40.154289 15.129289, 40.177075 15.112232, 40.203743 15.102285, 40.225 15.1, 41.5 15.1, 41.521257 15.102285, 41.547925 15.112232, 41.570711 15.129289, 41.587768 15.152075, 41.597715 15.178743, 41.6 15.2, 41.6 15.4, 41.597715 15.421257, 41.587768 15.447925, 41.570711 15.470711, 41.547925 15.487768, 41.521257 15.497715, 41.5 15.5, 40.225 15.5, 40.203743 15.497715, 40.177075 15.487768, 40.154289 15.470711, 40.137232 15.447925, 40.127285 15.421257, 40.125 15.4, 40.125 15.2))",0.058104,1.6246,40.862500000000004,15.299999999999999,0.0,Geometric release screen passes
Wheel,U26,10,1,0.581041,3.576441,0.1,"POLYGON ((40.125 14.55, 40.127285 14.528743, 40.137232 14.502075, 40.154289 14.479289, 40.177075 14.462232, 40.203743 14.452285, 40.225 14.45, 41.5 14.45, 41.521257 14.452285, 41.547925 14.462232, 41.570711 14.479289, 41.587768 14.502075, 41.597715 14.528743, 41.6 14.55, 41.6 14.75, 41.597715 14.771257, 41.587768 14.797925, 41.570711 14.820711, 41.547925 14.837768, 41.521257 14.847715, 41.5 14.85, 40.225 14.85, 40.203743 14.847715, 40.177075 14.837768, 40.154289 14.820711, 40.137232 14.797925, 40.127285 14.771257, 40.125 14.75, 40.125 14.55))",0.058104,1.6246,40.862500000000004,14.650000000000002,0.0,Geometric release screen passes
Wheel,U26,11,1,0.581041,3.576441,0.1,"POLYGON ((40.125 13.9, 40.127285 13.878743, 40.137232 13.852075, 40.154289 13.829289, 40.177075 13.812232, 40.203743 13.802285, 40.225 13.8, 41.5 13.8, 41.521257 13.802285, 41.547925 13.812232, 41.570711 13.829289, 41.587768 13.852075, 41.597715 13.878743, 41.6 13.9, 41.6 14.1, 41.597715 14.121257, 41.587768 14.147925, 41.570711 14.170711, 41.547925 14.187768, 41.521257 14.197715, 41.5 14.2, 40.225 14.2, 40.203743 14.197715, 40.177075 14.187768, 40.154289 14.170711, 40.137232 14.147925, 40.127285 14.121257, 40.125 14.1, 40.125 13.9))",0.058104,1.6246,40.862500000000004,13.999999999999998,0.0,Geometric release screen passes
Wheel,U26,12,1,0.581041,3.576441,0.1,"POLYGON ((40.125 13.25, 40.127285 13.228743, 40.137232 13.202075, 40.154289 13.179289, 40.177075 13.162232, 40.203743 13.152285, 40.225 13.15, 41.5 13.15, 41.521257 13.152285, 41.547925 13.162232, 41.570711 13.179289, 41.587768 13.202075, 41.597715 13.228743, 41.6 13.25, 41.6 13.45, 41.597715 13.471257, 41.587768 13.497925, 41.570711 13.520711, 41.547925 13.537768, 41.521257 13.547715, 41.5 13.55, 40.225 13.55, 40.203743 13.547715, 40.177075 13.537768, 40.154289 13.520711, 40.137232 13.497925, 40.127285 13.471257, 40.125 13.45, 40.125 13.25))",0.058104,1.6246,40.862500000000004,13.349999999999998,0.0,Geometric release screen passes
Wheel,U26,13,1,0.581041,3.576441,0.1,"POLYGON ((40.125 12.6, 40.127285 12.578743, 40.137232 12.552075, 40.154289 12.529289, 40.177075 12.512232, 40.203743 12.502285, 40.225 12.5, 41.5 12.5, 41.521257 12.502285, 41.547925 12.512232, 41.570711 12.529289, 41.587768 12.552075, 41.597715 12.578743, 41.6 12.6, 41.6 12.8, 41.597715 12.821257, 41.587768 12.847925, 41.570711 12.870711, 41.547925 12.887768, 41.521257 12.897715, 41.5 12.9, 40.225 12.9, 40.203743 12.897715, 40.177075 12.887768, 40.154289 12.870711, 40.137232 12.847925, 40.127285 12.821257, 40.125 12.8, 40.125 12.6))",0.058104,1.6246,40.862500000000004,12.699999999999998,0.0,Geometric release screen passes
Wheel,U26,14,1,0.581041,3.576441,0.1,"POLYGON ((40.125 11.95, 40.127285 11.928743, 40.137232 11.902075, 40.154289 11.879289, 40.177075 11.862232, 40.203743 11.852285, 40.225 11.85, 41.5 11.85, 41.521257 11.852285, 41.547925 11.862232, 41.570711 11.879289, 41.587768 11.902075, 41.597715 11.928743, 41.6 11.95, 41.6 12.15, 41.597715 12.171257, 41.587768 12.197925, 41.570711 12.220711, 41.547925 12.237768, 41.521257 12.247715, 41.5 12.25, 40.225 12.25, 40.203743 12.247715, 40.177075 12.237768, 40.154289 12.220711, 40.137232 12.197925, 40.127285 12.171257, 40.125 12.15, 40.125 11.95))",0.058104,1.6246,40.862500000000004,12.05,0.0,Geometric release screen passes
Wheel,R119,1,1,0.72485,3.154601,0.1,"POLYGON ((9.775 40.225, 9.778137 40.189716, 9.789269 40.15081, 9.808006 40.114941, 9.833579 40.083579, 9.864941 40.058006, 9.90081 40.039269, 9.939716 40.028137, 9.975 40.025, 10.375 40.025, 10.410284 40.028137, 10.44919 40.039269, 10.485059 40.058006, 10.516421 40.083579, 10.541994 40.114941, 10.560731 40.15081, 10.571863 40.189716, 10.575 40.225, 10.575 40.775, 10.571863 40.810284, 10.560731 40.84919, 10.541994 40.885059, 10.516421 40.916421, 10.485059 40.941994, 10.44919 40.960731, 10.410284 40.971863, 10.375 40.975, 9.975 40.975, 9.939716 40.971863, 9.90081 40.960731, 9.864941 40.941994, 9.833579 40.916421, 9.808006 40.885059, 9.789269 40.84919, 9.778137 40.810284, 9.775 40.775, 9.775 40.225))",0.072485,2.2978,10.175,40.499999999999986,0.0,Geometric release screen passes
Wheel,R119,2,1,0.72485,3.154601,0.1,"POLYGON ((11.425 40.225, 11.428137 40.189716, 11.439269 40.15081, 11.458006 40.114941, 11.483579 40.083579, 11.514941 40.058006, 11.55081 40.039269, 11.589716 40.028137, 11.625 40.025, 12.025 40.025, 12.060284 40.028137, 12.09919 40.039269, 12.135059 40.058006, 12.166421 40.083579, 12.191994 40.114941, 12.210731 40.15081, 12.221863 40.189716, 12.225 40.225, 12.225 40.775, 12.221863 40.810284, 12.210731 40.84919, 12.191994 40.885059, 12.166421 40.916421, 12.135059 40.941994, 12.09919 40.960731, 12.060284 40.971863, 12.025 40.975, 11.625 40.975, 11.589716 40.971863, 11.55081 40.960731, 11.514941 40.941994, 11.483579 40.916421, 11.458006 40.885059, 11.439269 40.84919, 11.428137 40.810284, 11.425 40.775, 11.425 40.225))",0.072485,2.2978,11.824999999999996,40.49999999999999,0.0,Geometric release screen passes
Wheel,C51,1,1,0.810672,3.311779,0.1,"POLYGON ((34.75 35.225, 34.723288 35.223409, 34.681491 35.214316, 34.642169 35.197478, 34.606745 35.173502, 34.576498 35.143255, 34.552522 35.107831, 34.535684 35.068509, 34.526591 35.026712, 34.525 35, 34.525 34.55, 34.526591 34.523288, 34.535684 34.481491, 34.552522 34.442169, 34.576498 34.406745, 34.606745 34.376498, 34.642169 34.352522, 34.681491 34.335684, 34.723288 34.326591, 34.75 34.325, 35.25 34.325, 35.276712 34.326591, 35.318509 34.335684, 35.357831 34.352522, 35.393255 34.376498, 35.423502 34.406745, 35.447478 34.442169, 35.464316 34.481491, 35.473409 34.523288, 35.475 34.55, 35.475 35, 35.473409 35.026712, 35.464316 35.068509, 35.447478 35.107831, 35.423502 35.143255, 35.393255 35.173502, 35.357831 35.197478, 35.318509 35.214316, 35.276712 35.223409, 35.25 35.225, 34.75 35.225))",0.081067,2.4478,35.00000000000001,34.775000000000006,90.0,Geometric release screen passes
Wheel,C51,2,1,0.810672,3.311779,0.1,"POLYGON ((34.75 33.675, 34.723288 33.673409, 34.681491 33.664316, 34.642169 33.647478, 34.606745 33.623502, 34.576498 33.593255, 34.552522 33.557831, 34.535684 33.518509, 34.526591 33.476712, 34.525 33.45, 34.525 33, 34.526591 32.973288, 34.535684 32.931491, 34.552522 32.892169, 34.576498 32.856745, 34.606745 32.826498, 34.642169 32.802522, 34.681491 32.785684, 34.723288 32.776591, 34.75 32.775, 35.25 32.775, 35.276712 32.776591, 35.318509 32.785684, 35.357831 32.802522, 35.393255 32.826498, 35.423502 32.856745, 35.447478 32.892169, 35.464316 32.931491, 35.473409 32.973288, 35.475 33, 35.475 33.45, 35.473409 33.476712, 35.464316 33.518509, 35.447478 33.557831, 35.423502 33.593255, 35.393255 33.623502, 35.357831 33.647478, 35.318509 33.664316, 35.276712 33.673409, 35.25 33.675, 34.75 33.675))",0.081067,2.4478,34.999999999999986,33.225,90.0,Geometric release screen passes
Wheel,C65,1,1,0.810672,3.311779,0.1,"POLYGON ((16.75 36.225, 16.723288 36.223409, 16.681491 36.214316, 16.642169 36.197478, 16.606745 36.173502, 16.576498 36.143255, 16.552522 36.107831, 16.535684 36.068509, 16.526591 36.026712, 16.525 36, 16.525 35.55, 16.526591 35.523288, 16.535684 35.481491, 16.552522 35.442169, 16.576498 35.406745, 16.606745 35.376498, 16.642169 35.352522, 16.681491 35.335684, 16.723288 35.326591, 16.75 35.325, 17.25 35.325, 17.276712 35.326591, 17.318509 35.335684, 17.357831 35.352522, 17.393255 35.376498, 17.423502 35.406745, 17.447478 35.442169, 17.464316 35.481491, 17.473409 35.523288, 17.475 35.55, 17.475 36, 17.473409 36.026712, 17.464316 36.068509, 17.447478 36.107831, 17.423502 36.143255, 17.393255 36.173502, 17.357831 36.197478, 17.318509 36.214316, 17.276712 36.223409, 17.25 36.225, 16.75 36.225))",0.081067,2.4478,17.000000000000004,35.77500000000001,90.0,Geometric release screen passes
Wheel,C65,2,1,0.810672,3.311779,0.1,"POLYGON ((16.75 34.675, 16.723288 34.673409, 16.681491 34.664316, 16.642169 34.647478, 16.606745 34.623502, 16.576498 34.593255, 16.552522 34.557831, 16.535684 34.518509, 16.526591 34.476712, 16.525 34.45, 16.525 34, 16.526591 33.973288, 16.535684 33.931491, 16.552522 33.892169, 16.576498 33.856745, 16.606745 33.826498, 16.642169 33.802522, 16.681491 33.785684, 16.723288 33.776591, 16.75 33.775, 17.25 33.775, 17.276712 33.776591, 17.318509 33.785684, 17.357831 33.802522, 17.393255 33.826498, 17.423502 33.856745, 17.447478 33.892169, 17.464316 33.931491, 17.473409 33.973288, 17.475 34, 17.475 34.45, 17.473409 34.476712, 17.464316 34.518509, 17.447478 34.557831, 17.423502 34.593255, 17.393255 34.623502, 17.357831 34.647478, 17.318509 34.664316, 17.276712 34.673409, 17.25 34.675, 16.75 34.675))",0.081067,2.4478,16.999999999999993,34.224999999999994,90.0,Geometric release screen passes
Wheel,C44,1,1,1.395346,4.468787,0.1,"POLYGON ((16.525 28.95, 16.485891 28.946922, 16.44243 28.935971, 16.401623 28.917435, 16.364781 28.891911, 16.333089 28.860219, 16.307565 28.823377, 16.289029 28.78257, 16.278078 28.739109, 16.275 28.7, 16.275 28.2, 16.278078 28.160891, 16.289029 28.11743, 16.307565 28.076623, 16.333089 28.039781, 16.364781 28.008089, 16.401623 27.982565, 16.44243 27.964029, 16.485891 27.953078, 16.525 27.95, 17.475 27.95, 17.514109 27.953078, 17.55757 27.964029, 17.598377 27.982565, 17.635219 28.008089, 17.666911 28.039781, 17.692435 28.076623, 17.710971 28.11743, 17.721922 28.160891, 17.725 28.2, 17.725 28.7, 17.721922 28.739109, 17.710971 28.78257, 17.692435 28.823377, 17.666911 28.860219, 17.635219 28.891911, 17.598377 28.917435, 17.55757 28.935971, 17.514109 28.946922, 17.475 28.95, 16.525 28.95))",0.139535,3.1224,16.999999999999993,28.45,90.0,Geometric release screen passes
Wheel,C44,2,1,1.395346,4.468787,0.1,"POLYGON ((16.525 27.05, 16.485891 27.046922, 16.44243 27.035971, 16.401623 27.017435, 16.364781 26.991911, 16.333089 26.960219, 16.307565 26.923377, 16.289029 26.88257, 16.278078 26.839109, 16.275 26.8, 16.275 26.3, 16.278078 26.260891, 16.289029 26.21743, 16.307565 26.176623, 16.333089 26.139781, 16.364781 26.108089, 16.401623 26.082565, 16.44243 26.064029, 16.485891 26.053078, 16.525 26.05, 17.475 26.05, 17.514109 26.053078, 17.55757 26.064029, 17.598377 26.082565, 17.635219 26.108089, 17.666911 26.139781, 17.692435 26.176623, 17.710971 26.21743, 17.721922 26.260891, 17.725 26.3, 17.725 26.8, 17.721922 26.839109, 17.710971 26.88257, 17.692435 26.923377, 17.666911 26.960219, 17.635219 26.991911, 17.598377 27.017435, 17.55757 27.035971, 17.514109 27.046922, 17.475 27.05, 16.525 27.05))",0.139535,3.1224,16.999999999999993,26.550000000000004,90.0,Geometric release screen passes
Wheel,C68,1,1,1.395346,4.468787,0.1,"POLYGON ((5.525 42.45, 5.485891 42.446922, 5.44243 42.435971, 5.401623 42.417435, 5.364781 42.391911, 5.333089 42.360219, 5.307565 42.323377, 5.289029 42.28257, 5.278078 42.239109, 5.275 42.2, 5.275 41.7, 5.278078 41.660891, 5.289029 41.61743, 5.307565 41.576623, 5.333089 41.539781, 5.364781 41.508089, 5.401623 41.482565, 5.44243 41.464029, 5.485891 41.453078, 5.525 41.45, 6.475 41.45, 6.514109 41.453078, 6.55757 41.464029, 6.598377 41.482565, 6.635219 41.508089, 6.666911 41.539781, 6.692435 41.576623, 6.710971 41.61743, 6.721922 41.660891, 6.725 41.7, 6.725 42.2, 6.721922 42.239109, 6.710971 42.28257, 6.692435 42.323377, 6.666911 42.360219, 6.635219 42.391911, 6.598377 42.417435, 6.55757 42.435971, 6.514109 42.446922, 6.475 42.45, 5.525 42.45))",0.139535,3.1224,6.000000000000001,41.95000000000001,90.0,Geometric release screen passes
Wheel,C68,2,1,1.395346,4.468787,0.1,"POLYGON ((5.525 40.55, 5.485891 40.546922, 5.44243 40.535971, 5.401623 40.517435, 5.364781 40.491911, 5.333089 40.460219, 5.307565 40.423377, 5.289029 40.38257, 5.278078 40.339109, 5.275 40.3, 5.275 39.8, 5.278078 39.760891, 5.289029 39.71743, 5.307565 39.676623, 5.333089 39.639781, 5.364781 39.608089, 5.401623 39.582565, 5.44243 39.564029, 5.485891 39.553078, 5.525 39.55, 6.475 39.55, 6.514109 39.553078, 6.55757 39.564029, 6.598377 39.582565, 6.635219 39.608089, 6.666911 39.639781, 6.692435 39.676623, 6.710971 39.71743, 6.721922 39.760891, 6.725 39.8, 6.725 40.3, 6.721922 40.339109, 6.710971 40.38257, 6.692435 40.423377, 6.666911 40.460219, 6.635219 40.491911, 6.598377 40.517435, 6.55757 40.535971, 6.514109 40.546922, 6.475 40.55, 5.525 40.55))",0.139535,3.1224,6.000000000000001,40.05000000000001,90.0,Geometric release screen passes
Wheel,R146,1,1,0.72485,3.154601,0.1,"POLYGON ((13.725 22.225, 13.689716 22.221863, 13.65081 22.210731, 13.614941 22.191994, 13.583579 22.166421, 13.558006 22.135059, 13.539269 22.09919, 13.528137 22.060284, 13.525 22.025, 13.525 21.625, 13.528137 21.589716, 13.539269 21.55081, 13.558006 21.514941, 13.583579 21.483579, 13.614941 21.458006, 13.65081 21.439269, 13.689716 21.428137, 13.725 21.425, 14.275 21.425, 14.310284 21.428137, 14.34919 21.439269, 14.385059 21.458006, 14.416421 21.483579, 14.441994 21.514941, 14.460731 21.55081, 14.471863 21.589716, 14.475 21.625, 14.475 22.025, 14.471863 22.060284, 14.460731 22.09919, 14.441994 22.135059, 14.416421 22.166421, 14.385059 22.191994, 14.34919 22.210731, 14.310284 22.221863, 14.275 22.225, 13.725 22.225))",0.072485,2.2978,13.999999999999998,21.824999999999992,90.0,Geometric release screen passes
Wheel,R146,2,1,0.72485,3.154601,0.1,"POLYGON ((13.725 20.575, 13.689716 20.571863, 13.65081 20.560731, 13.614941 20.541994, 13.583579 20.516421, 13.558006 20.485059, 13.539269 20.44919, 13.528137 20.410284, 13.525 20.375, 13.525 19.975, 13.528137 19.939716, 13.539269 19.90081, 13.558006 19.864941, 13.583579 19.833579, 13.614941 19.808006, 13.65081 19.789269, 13.689716 19.778137, 13.725 19.775, 14.275 19.775, 14.310284 19.778137, 14.34919 19.789269, 14.385059 19.808006, 14.416421 19.833579, 14.441994 19.864941, 14.460731 19.90081, 14.471863 19.939716, 14.475 19.975, 14.475 20.375, 14.471863 20.410284, 14.460731 20.44919, 14.441994 20.485059, 14.416421 20.516421, 14.385059 20.541994, 14.34919 20.560731, 14.310284 20.571863, 14.275 20.575, 13.725 20.575))",0.072485,2.2978,14.000000000000002,20.175,90.0,Geometric release screen passes
Wheel,R94,1,1,0.72485,3.154601,0.1,"POLYGON ((33.225 23.725, 33.189716 23.721863, 33.15081 23.710731, 33.114941 23.691994, 33.083579 23.666421, 33.058006 23.635059, 33.039269 23.59919, 33.028137 23.560284, 33.025 23.525, 33.025 23.125, 33.028137 23.089716, 33.039269 23.05081, 33.058006 23.014941, 33.083579 22.983579, 33.114941 22.958006, 33.15081 22.939269, 33.189716 22.928137, 33.225 22.925, 33.775 22.925, 33.810284 22.928137, 33.84919 22.939269, 33.885059 22.958006, 33.916421 22.983579, 33.941994 23.014941, 33.960731 23.05081, 33.971863 23.089716, 33.975 23.125, 33.975 23.525, 33.971863 23.560284, 33.960731 23.59919, 33.941994 23.635059, 33.916421 23.666421, 33.885059 23.691994, 33.84919 23.710731, 33.810284 23.721863, 33.775 23.725, 33.225 23.725))",0.072485,2.2978,33.50000000000001,23.325000000000006,90.0,Geometric release screen passes
Wheel,R94,2,1,0.72485,3.154601,0.1,"POLYGON ((33.225 22.075, 33.189716 22.071863, 33.15081 22.060731, 33.114941 22.041994, 33.083579 22.016421, 33.058006 21.985059, 33.039269 21.94919, 33.028137 21.910284, 33.025 21.875, 33.025 21.475, 33.028137 21.439716, 33.039269 21.40081, 33.058006 21.364941, 33.083579 21.333579, 33.114941 21.308006, 33.15081 21.289269, 33.189716 21.278137, 33.225 21.275, 33.775 21.275, 33.810284 21.278137, 33.84919 21.289269, 33.885059 21.308006, 33.916421 21.333579, 33.941994 21.364941, 33.960731 21.40081, 33.971863 21.439716, 33.975 21.475, 33.975 21.875, 33.971863 21.910284, 33.960731 21.94919, 33.941994 21.985059, 33.916421 22.016421, 33.885059 22.041994, 33.84919 22.060731, 33.810284 22.071863, 33.775 22.075, 33.225 22.075))",0.072485,2.2978,33.49999999999999,21.674999999999997,90.0,Geometric release screen passes
Wheel,U24,1,1,0.581041,3.576441,0.1,"POLYGON ((36.4 21.95, 36.402285 21.928743, 36.412232 21.902075, 36.429289 21.879289, 36.452075 21.862232, 36.478743 21.852285, 36.5 21.85, 37.775 21.85, 37.796257 21.852285, 37.822925 21.862232, 37.845711 21.879289, 37.862768 21.902075, 37.872715 21.928743, 37.875 21.95, 37.875 22.15, 37.872715 22.171257, 37.862768 22.197925, 37.845711 22.220711, 37.822925 22.237768, 37.796257 22.247715, 37.775 22.25, 36.5 22.25, 36.478743 22.247715, 36.452075 22.237768, 36.429289 22.220711, 36.412232 22.197925, 36.402285 22.171257, 36.4 22.15, 36.4 21.95))",0.058104,1.6246,37.13750000000001,22.050000000000008,0.0,Geometric release screen passes
Wheel,U24,2,1,0.581041,3.576441,0.1,"POLYGON ((36.4 22.6, 36.402285 22.578743, 36.412232 22.552075, 36.429289 22.529289, 36.452075 22.512232, 36.478743 22.502285, 36.5 22.5, 37.775 22.5, 37.796257 22.502285, 37.822925 22.512232, 37.845711 22.529289, 37.862768 22.552075, 37.872715 22.578743, 37.875 22.6, 37.875 22.8, 37.872715 22.821257, 37.862768 22.847925, 37.845711 22.870711, 37.822925 22.887768, 37.796257 22.897715, 37.775 22.9, 36.5 22.9, 36.478743 22.897715, 36.452075 22.887768, 36.429289 22.870711, 36.412232 22.847925, 36.402285 22.821257, 36.4 22.8, 36.4 22.6))",0.058104,1.6246,37.137499999999996,22.699999999999992,0.0,Geometric release screen passes
Wheel,U24,3,1,0.581041,3.576441,0.1,"POLYGON ((36.4 23.25, 36.402285 23.228743, 36.412232 23.202075, 36.429289 23.179289, 36.452075 23.162232, 36.478743 23.152285, 36.5 23.15, 37.775 23.15, 37.796257 23.152285, 37.822925 23.162232, 37.845711 23.179289, 37.862768 23.202075, 37.872715 23.228743, 37.875 23.25, 37.875 23.45, 37.872715 23.471257, 37.862768 23.497925, 37.845711 23.520711, 37.822925 23.537768, 37.796257 23.547715, 37.775 23.55, 36.5 23.55, 36.478743 23.547715, 36.452075 23.537768, 36.429289 23.520711, 36.412232 23.497925, 36.402285 23.471257, 36.4 23.45, 36.4 23.25))",0.058104,1.6246,37.137499999999996,23.349999999999998,0.0,Geometric release screen passes
Wheel,U24,4,1,0.581041,3.576441,0.1,"POLYGON ((36.4 23.9, 36.402285 23.878743, 36.412232 23.852075, 36.429289 23.829289, 36.452075 23.812232, 36.478743 23.802285, 36.5 23.8, 37.775 23.8, 37.796257 23.802285, 37.822925 23.812232, 37.845711 23.829289, 37.862768 23.852075, 37.872715 23.878743, 37.875 23.9, 37.875 24.1, 37.872715 24.121257, 37.862768 24.147925, 37.845711 24.170711, 37.822925 24.187768, 37.796257 24.197715, 37.775 24.2, 36.5 24.2, 36.478743 24.197715, 36.452075 24.187768, 36.429289 24.170711, 36.412232 24.147925, 36.402285 24.121257, 36.4 24.1, 36.4 23.9))",0.058104,1.6246,37.1375,24.000000000000004,0.0,Geometric release screen passes
Wheel,U24,5,1,0.581041,3.576441,0.1,"POLYGON ((36.4 24.55, 36.402285 24.528743, 36.412232 24.502075, 36.429289 24.479289, 36.452075 24.462232, 36.478743 24.452285, 36.5 24.45, 37.775 24.45, 37.796257 24.452285, 37.822925 24.462232, 37.845711 24.479289, 37.862768 24.502075, 37.872715 24.528743, 37.875 24.55, 37.875 24.75, 37.872715 24.771257, 37.862768 24.797925, 37.845711 24.820711, 37.822925 24.837768, 37.796257 24.847715, 37.775 24.85, 36.5 24.85, 36.478743 24.847715, 36.452075 24.837768, 36.429289 24.820711, 36.412232 24.797925, 36.402285 24.771257, 36.4 24.75, 36.4 24.55))",0.058104,1.6246,37.1375,24.649999999999995,0.0,Geometric release screen passes
Wheel,U24,6,1,0.581041,3.576441,0.1,"POLYGON ((36.4 25.2, 36.402285 25.178743, 36.412232 25.152075, 36.429289 25.129289, 36.452075 25.112232, 36.478743 25.102285, 36.5 25.1, 37.775 25.1, 37.796257 25.102285, 37.822925 25.112232, 37.845711 25.129289, 37.862768 25.152075, 37.872715 25.178743, 37.875 25.2, 37.875 25.4, 37.872715 25.421257, 37.862768 25.447925, 37.845711 25.470711, 37.822925 25.487768, 37.796257 25.497715, 37.775 25.5, 36.5 25.5, 36.478743 25.497715, 36.452075 25.487768, 36.429289 25.470711, 36.412232 25.447925, 36.402285 25.421257, 36.4 25.4, 36.4 25.2))",0.058104,1.6246,37.13750000000001,25.300000000000008,0.0,Geometric release screen passes
Wheel,U24,7,1,0.581041,3.576441,0.1,"POLYGON ((36.4 25.85, 36.402285 25.828743, 36.412232 25.802075, 36.429289 25.779289, 36.452075 25.762232, 36.478743 25.752285, 36.5 25.75, 37.775 25.75, 37.796257 25.752285, 37.822925 25.762232, 37.845711 25.779289, 37.862768 25.802075, 37.872715 25.828743, 37.875 25.85, 37.875 26.05, 37.872715 26.071257, 37.862768 26.097925, 37.845711 26.120711, 37.822925 26.137768, 37.796257 26.147715, 37.775 26.15, 36.5 26.15, 36.478743 26.147715, 36.452075 26.137768, 36.429289 26.120711, 36.412232 26.097925, 36.402285 26.071257, 36.4 26.05, 36.4 25.85))",0.058104,1.6246,37.137499999999996,25.95,0.0,Geometric release screen passes
Wheel,U24,8,1,0.581041,3.576441,0.1,"POLYGON ((42.125 25.85, 42.127285 25.828743, 42.137232 25.802075, 42.154289 25.779289, 42.177075 25.762232, 42.203743 25.752285, 42.225 25.75, 43.5 25.75, 43.521257 25.752285, 43.547925 25.762232, 43.570711 25.779289, 43.587768 25.802075, 43.597715 25.828743, 43.6 25.85, 43.6 26.05, 43.597715 26.071257, 43.587768 26.097925, 43.570711 26.120711, 43.547925 26.137768, 43.521257 26.147715, 43.5 26.15, 42.225 26.15, 42.203743 26.147715, 42.177075 26.137768, 42.154289 26.120711, 42.137232 26.097925, 42.127285 26.071257, 42.125 26.05, 42.125 25.85))",0.058104,1.6246,42.8625,25.950000000000003,0.0,Geometric release screen passes
Wheel,U24,9,1,0.581041,3.576441,0.1,"POLYGON ((42.125 25.2, 42.127285 25.178743, 42.137232 25.152075, 42.154289 25.129289, 42.177075 25.112232, 42.203743 25.102285, 42.225 25.1, 43.5 25.1, 43.521257 25.102285, 43.547925 25.112232, 43.570711 25.129289, 43.587768 25.152075, 43.597715 25.178743, 43.6 25.2, 43.6 25.4, 43.597715 25.421257, 43.587768 25.447925, 43.570711 25.470711, 43.547925 25.487768, 43.521257 25.497715, 43.5 25.5, 42.225 25.5, 42.203743 25.497715, 42.177075 25.487768, 42.154289 25.470711, 42.137232 25.447925, 42.127285 25.421257, 42.125 25.4, 42.125 25.2))",0.058104,1.6246,42.862500000000004,25.3,0.0,Geometric release screen passes
Wheel,U24,10,1,0.581041,3.576441,0.1,"POLYGON ((42.125 24.55, 42.127285 24.528743, 42.137232 24.502075, 42.154289 24.479289, 42.177075 24.462232, 42.203743 24.452285, 42.225 24.45, 43.5 24.45, 43.521257 24.452285, 43.547925 24.462232, 43.570711 24.479289, 43.587768 24.502075, 43.597715 24.528743, 43.6 24.55, 43.6 24.75, 43.597715 24.771257, 43.587768 24.797925, 43.570711 24.820711, 43.547925 24.837768, 43.521257 24.847715, 43.5 24.85, 42.225 24.85, 42.203743 24.847715, 42.177075 24.837768, 42.154289 24.820711, 42.137232 24.797925, 42.127285 24.771257, 42.125 24.75, 42.125 24.55))",0.058104,1.6246,42.862500000000004,24.64999999999999,0.0,Geometric release screen passes
Wheel,U24,11,1,0.581041,3.576441,0.1,"POLYGON ((42.125 23.9, 42.127285 23.878743, 42.137232 23.852075, 42.154289 23.829289, 42.177075 23.812232, 42.203743 23.802285, 42.225 23.8, 43.5 23.8, 43.521257 23.802285, 43.547925 23.812232, 43.570711 23.829289, 43.587768 23.852075, 43.597715 23.878743, 43.6 23.9, 43.6 24.1, 43.597715 24.121257, 43.587768 24.147925, 43.570711 24.170711, 43.547925 24.187768, 43.521257 24.197715, 43.5 24.2, 42.225 24.2, 42.203743 24.197715, 42.177075 24.187768, 42.154289 24.170711, 42.137232 24.147925, 42.127285 24.121257, 42.125 24.1, 42.125 23.9))",0.058104,1.6246,42.8625,24.0,0.0,Geometric release screen passes
Wheel,U24,12,1,0.581041,3.576441,0.1,"POLYGON ((42.125 23.25, 42.127285 23.228743, 42.137232 23.202075, 42.154289 23.179289, 42.177075 23.162232, 42.203743 23.152285, 42.225 23.15, 43.5 23.15, 43.521257 23.152285, 43.547925 23.162232, 43.570711 23.179289, 43.587768 23.202075, 43.597715 23.228743, 43.6 23.25, 43.6 23.45, 43.597715 23.471257, 43.587768 23.497925, 43.570711 23.520711, 43.547925 23.537768, 43.521257 23.547715, 43.5 23.55, 42.225 23.55, 42.203743 23.547715, 42.177075 23.537768, 42.154289 23.520711, 42.137232 23.497925, 42.127285 23.471257, 42.125 23.45, 42.125 23.25))",0.058104,1.6246,42.862500000000004,23.35,0.0,Geometric release screen passes
Wheel,U24,13,1,0.581041,3.576441,0.1,"POLYGON ((42.125 22.6, 42.127285 22.578743, 42.137232 22.552075, 42.154289 22.529289, 42.177075 22.512232, 42.203743 22.502285, 42.225 22.5, 43.5 22.5, 43.521257 22.502285, 43.547925 22.512232, 43.570711 22.529289, 43.587768 22.552075, 43.597715 22.578743, 43.6 22.6, 43.6 22.8, 43.597715 22.821257, 43.587768 22.847925, 43.570711 22.870711, 43.547925 22.887768, 43.521257 22.897715, 43.5 22.9, 42.225 22.9, 42.203743 22.897715, 42.177075 22.887768, 42.154289 22.870711, 42.137232 22.847925, 42.127285 22.821257, 42.125 22.8, 42.125 22.6))",0.058104,1.6246,42.8625,22.700000000000003,0.0,Geometric release screen passes
Wheel,U24,14,1,0.581041,3.576441,0.1,"POLYGON ((42.125 21.95, 42.127285 21.928743, 42.137232 21.902075, 42.154289 21.879289, 42.177075 21.862232, 42.203743 21.852285, 42.225 21.85, 43.5 21.85, 43.521257 21.852285, 43.547925 21.862232, 43.570711 21.879289, 43.587768 21.902075, 43.597715 21.928743, 43.6 21.95, 43.6 22.15, 43.597715 22.171257, 43.587768 22.197925, 43.570711 22.220711, 43.547925 22.237768, 43.521257 22.247715, 43.5 22.25, 42.225 22.25, 42.203743 22.247715, 42.177075 22.237768, 42.154289 22.220711, 42.137232 22.197925, 42.127285 22.171257, 42.125 22.15, 42.125 21.95))",0.058104,1.6246,42.862500000000004,22.050000000000004,0.0,Geometric release screen passes
Wheel,U31,1,1,0.865088,3.890481,0.1,"POLYGON ((5.325 31.9, 5.328099 31.869667, 5.339054 31.836607, 5.357338 31.806965, 5.381965 31.782338, 5.411607 31.764054, 5.444667 31.753099, 5.475 31.75, 6.65 31.75, 6.680333 31.753099, 6.713393 31.764054, 6.743035 31.782338, 6.767662 31.806965, 6.785946 31.836607, 6.796901 31.869667, 6.8 31.9, 6.8 32.2, 6.796901 32.230333, 6.785946 32.263393, 6.767662 32.293035, 6.743035 32.317662, 6.713393 32.335946, 6.680333 32.346901, 6.65 32.35, 5.475 32.35, 5.444667 32.346901, 5.411607 32.335946, 5.381965 32.317662, 5.357338 32.293035, 5.339054 32.263393, 5.328099 32.230333, 5.325 32.2, 5.325 31.9))",0.086509,2.2236,6.062499999999999,32.050000000000004,0.0,Geometric release screen passes
Wheel,U31,2,1,0.865088,3.890481,0.1,"POLYGON ((5.325 33.8, 5.328099 33.769667, 5.339054 33.736607, 5.357338 33.706965, 5.381965 33.682338, 5.411607 33.664054, 5.444667 33.653099, 5.475 33.65, 6.65 33.65, 6.680333 33.653099, 6.713393 33.664054, 6.743035 33.682338, 6.767662 33.706965, 6.785946 33.736607, 6.796901 33.769667, 6.8 33.8, 6.8 34.1, 6.796901 34.130333, 6.785946 34.163393, 6.767662 34.193035, 6.743035 34.217662, 6.713393 34.235946, 6.680333 34.246901, 6.65 34.25, 5.475 34.25, 5.444667 34.246901, 5.411607 34.235946, 5.381965 34.217662, 5.357338 34.193035, 5.339054 34.163393, 5.328099 34.130333, 5.325 34.1, 5.325 33.8))",0.086509,2.2236,6.062499999999999,33.949999999999996,0.0,Geometric release screen passes
Wheel,U31,3,1,0.865088,3.890481,0.1,"POLYGON ((7.2 32.85, 7.203099 32.819667, 7.214054 32.786607, 7.232338 32.756965, 7.256965 32.732338, 7.286607 32.714054, 7.319667 32.703099, 7.35 32.7, 8.525 32.7, 8.555333 32.703099, 8.588393 32.714054, 8.618035 32.732338, 8.642662 32.756965, 8.660946 32.786607, 8.671901 32.819667, 8.675 32.85, 8.675 33.15, 8.671901 33.180333, 8.660946 33.213393, 8.642662 33.243035, 8.618035 33.267662, 8.588393 33.285946, 8.555333 33.296901, 8.525 33.3, 7.35 33.3, 7.319667 33.296901, 7.286607 33.285946, 7.256965 33.267662, 7.232338 33.243035, 7.214054 33.213393, 7.203099 33.180333, 7.2 33.15, 7.2 32.85))",0.086509,2.2236,7.9375,33.0,0.0,Geometric release screen passes
Wheel,R116,1,1,0.72485,3.154601,0.1,"POLYGON ((19.275 37.525, 19.278137 37.489716, 19.289269 37.45081, 19.308006 37.414941, 19.333579 37.383579, 19.364941 37.358006, 19.40081 37.339269, 19.439716 37.328137, 19.475 37.325, 19.875 37.325, 19.910284 37.328137, 19.94919 37.339269, 19.985059 37.358006, 20.016421 37.383579, 20.041994 37.414941, 20.060731 37.45081, 20.071863 37.489716, 20.075 37.525, 20.075 38.075, 20.071863 38.110284, 20.060731 38.14919, 20.041994 38.185059, 20.016421 38.216421, 19.985059 38.241994, 19.94919 38.260731, 19.910284 38.271863, 19.875 38.275, 19.475 38.275, 19.439716 38.271863, 19.40081 38.260731, 19.364941 38.241994, 19.333579 38.216421, 19.308006 38.185059, 19.289269 38.14919, 19.278137 38.110284, 19.275 38.075, 19.275 37.525))",0.072485,2.2978,19.675000000000004,37.800000000000004,0.0,Geometric release screen passes
Wheel,R116,2,1,0.72485,3.154601,0.1,"POLYGON ((20.925 37.525, 20.928137 37.489716, 20.939269 37.45081, 20.958006 37.414941, 20.983579 37.383579, 21.014941 37.358006, 21.05081 37.339269, 21.089716 37.328137, 21.125 37.325, 21.525 37.325, 21.560284 37.328137, 21.59919 37.339269, 21.635059 37.358006, 21.666421 37.383579, 21.691994 37.414941, 21.710731 37.45081, 21.721863 37.489716, 21.725 37.525, 21.725 38.075, 21.721863 38.110284, 21.710731 38.14919, 21.691994 38.185059, 21.666421 38.216421, 21.635059 38.241994, 21.59919 38.260731, 21.560284 38.271863, 21.525 38.275, 21.125 38.275, 21.089716 38.271863, 21.05081 38.260731, 21.014941 38.241994, 20.983579 38.216421, 20.958006 38.185059, 20.939269 38.14919, 20.928137 38.110284, 20.925 38.075, 20.925 37.525))",0.072485,2.2978,21.325000000000003,37.8,0.0,Geometric release screen passes
Wheel,C42,1,1,0.810672,3.311779,0.1,"POLYGON ((24.225 31.55, 24.223409 31.576712, 24.214316 31.618509, 24.197478 31.657831, 24.173502 31.693255, 24.143255 31.723502, 24.107831 31.747478, 24.068509 31.764316, 24.026712 31.773409, 24 31.775, 23.55 31.775, 23.523288 31.773409, 23.481491 31.764316, 23.442169 31.747478, 23.406745 31.723502, 23.376498 31.693255, 23.352522 31.657831, 23.335684 31.618509, 23.326591 31.576712, 23.325 31.55, 23.325 31.05, 23.326591 31.023288, 23.335684 30.981491, 23.352522 30.942169, 23.376498 30.906745, 23.406745 30.876498, 23.442169 30.852522, 23.481491 30.835684, 23.523288 30.826591, 23.55 30.825, 24 30.825, 24.026712 30.826591, 24.068509 30.835684, 24.107831 30.852522, 24.143255 30.876498, 24.173502 30.906745, 24.197478 30.942169, 24.214316 30.981491, 24.223409 31.023288, 24.225 31.05, 24.225 31.55))",0.081067,2.4478,23.775000000000002,31.299999999999994,180.0,Geometric release screen passes
Wheel,C42,2,1,0.810672,3.311779,0.1,"POLYGON ((22.675 31.55, 22.673409 31.576712, 22.664316 31.618509, 22.647478 31.657831, 22.623502 31.693255, 22.593255 31.723502, 22.557831 31.747478, 22.518509 31.764316, 22.476712 31.773409, 22.45 31.775, 22 31.775, 21.973288 31.773409, 21.931491 31.764316, 21.892169 31.747478, 21.856745 31.723502, 21.826498 31.693255, 21.802522 31.657831, 21.785684 31.618509, 21.776591 31.576712, 21.775 31.55, 21.775 31.05, 21.776591 31.023288, 21.785684 30.981491, 21.802522 30.942169, 21.826498 30.906745, 21.856745 30.876498, 21.892169 30.852522, 21.931491 30.835684, 21.973288 30.826591, 22 30.825, 22.45 30.825, 22.476712 30.826591, 22.518509 30.835684, 22.557831 30.852522, 22.593255 30.876498, 22.623502 30.906745, 22.647478 30.942169, 22.664316 30.981491, 22.673409 31.023288, 22.675 31.05, 22.675 31.55))",0.081067,2.4478,22.224999999999994,31.299999999999994,180.0,Geometric release screen passes
Wheel,R108,1,1,0.72485,3.154601,0.1,"POLYGON ((18.725 19.225, 18.689716 19.221863, 18.65081 19.210731, 18.614941 19.191994, 18.583579 19.166421, 18.558006 19.135059, 18.539269 19.09919, 18.528137 19.060284, 18.525 19.025, 18.525 18.625, 18.528137 18.589716, 18.539269 18.55081, 18.558006 18.514941, 18.583579 18.483579, 18.614941 18.458006, 18.65081 18.439269, 18.689716 18.428137, 18.725 18.425, 19.275 18.425, 19.310284 18.428137, 19.34919 18.439269, 19.385059 18.458006, 19.416421 18.483579, 19.441994 18.514941, 19.460731 18.55081, 19.471863 18.589716, 19.475 18.625, 19.475 19.025, 19.471863 19.060284, 19.460731 19.09919, 19.441994 19.135059, 19.416421 19.166421, 19.385059 19.191994, 19.34919 19.210731, 19.310284 19.221863, 19.275 19.225, 18.725 19.225))",0.072485,2.2978,18.999999999999996,18.824999999999996,90.0,Geometric release screen passes
Wheel,R108,2,1,0.72485,3.154601,0.1,"POLYGON ((18.725 17.575, 18.689716 17.571863, 18.65081 17.560731, 18.614941 17.541994, 18.583579 17.516421, 18.558006 17.485059, 18.539269 17.44919, 18.528137 17.410284, 18.525 17.375, 18.525 16.975, 18.528137 16.939716, 18.539269 16.90081, 18.558006 16.864941, 18.583579 16.833579, 18.614941 16.808006, 18.65081 16.789269, 18.689716 16.778137, 18.725 16.775, 19.275 16.775, 19.310284 16.778137, 19.34919 16.789269, 19.385059 16.808006, 19.416421 16.833579, 19.441994 16.864941, 19.460731 16.90081, 19.471863 16.939716, 19.475 16.975, 19.475 17.375, 19.471863 17.410284, 19.460731 17.44919, 19.441994 17.485059, 19.416421 17.516421, 19.385059 17.541994, 19.34919 17.560731, 19.310284 17.571863, 19.275 17.575, 18.725 17.575))",0.072485,2.2978,19.000000000000004,17.175,90.0,Geometric release screen passes
Wheel,R91,1,1,0.72485,3.154601,0.1,"POLYGON ((38.725 31.225, 38.689716 31.221863, 38.65081 31.210731, 38.614941 31.191994, 38.583579 31.166421, 38.558006 31.135059, 38.539269 31.09919, 38.528137 31.060284, 38.525 31.025, 38.525 30.625, 38.528137 30.589716, 38.539269 30.55081, 38.558006 30.514941, 38.583579 30.483579, 38.614941 30.458006, 38.65081 30.439269, 38.689716 30.428137, 38.725 30.425, 39.275 30.425, 39.310284 30.428137, 39.34919 30.439269, 39.385059 30.458006, 39.416421 30.483579, 39.441994 30.514941, 39.460731 30.55081, 39.471863 30.589716, 39.475 30.625, 39.475 31.025, 39.471863 31.060284, 39.460731 31.09919, 39.441994 31.135059, 39.416421 31.166421, 39.385059 31.191994, 39.34919 31.210731, 39.310284 31.221863, 39.275 31.225, 38.725 31.225))",0.072485,2.2978,39.0,30.825000000000006,90.0,Geometric release screen passes
Wheel,R91,2,1,0.72485,3.154601,0.1,"POLYGON ((38.725 29.575, 38.689716 29.571863, 38.65081 29.560731, 38.614941 29.541994, 38.583579 29.516421, 38.558006 29.485059, 38.539269 29.44919, 38.528137 29.410284, 38.525 29.375, 38.525 28.975, 38.528137 28.939716, 38.539269 28.90081, 38.558006 28.864941, 38.583579 28.833579, 38.614941 28.808006, 38.65081 28.789269, 38.689716 28.778137, 38.725 28.775, 39.275 28.775, 39.310284 28.778137, 39.34919 28.789269, 39.385059 28.808006, 39.416421 28.833579, 39.441994 28.864941, 39.460731 28.90081, 39.471863 28.939716, 39.475 28.975, 39.475 29.375, 39.471863 29.410284, 39.460731 29.44919, 39.441994 29.485059, 39.416421 29.516421, 39.385059 29.541994, 39.34919 29.560731, 39.310284 29.571863, 39.275 29.575, 38.725 29.575))",0.072485,2.2978,39.000000000000014,29.174999999999997,90.0,Geometric release screen passes
Encoder,U27,1,1,0.145,1.841421,0.1,"POLYGON ((55.65 55, 56.3 55, 56.4 55.1, 56.4 55.2, 55.65 55.2, 55.65 55))",0.0145,0.7874,56.013218390804596,55.10229885057472,0.0,Geometric release screen passes
Encoder,U27,2,1,0.14,1.8,0.1,"POLYGON ((55.65 55.4, 56.35 55.4, 56.35 55.6, 55.65 55.6, 55.65 55.4))",0.014,0.7778,55.99999999999999,55.5,0.0,Geometric release screen passes
Encoder,U27,3,1,0.135,1.741421,0.1,"POLYGON ((55.65 55.8, 56.35 55.8, 56.35 55.9, 56.25 56, 55.65 56, 55.65 55.8))",0.0135,0.7752,55.98827160493827,55.89753086419753,0.0,Geometric release screen passes
Encoder,U27,4,1,0.135,1.741421,0.1,"POLYGON ((56.3 56.25, 56.4 56.15, 56.5 56.15, 56.5 56.85, 56.3 56.85, 56.3 56.25))",0.0135,0.7752,56.40246913580246,56.511728395061716,0.0,Geometric release screen passes
Encoder,U27,5,1,0.14,1.8,0.1,"POLYGON ((56.7 56.15, 56.9 56.15, 56.9 56.85, 56.7 56.85, 56.7 56.15))",0.014,0.7778,56.800000000000004,56.5,0.0,Geometric release screen passes
Encoder,U27,6,1,0.14,1.8,0.1,"POLYGON ((57.1 56.15, 57.3 56.15, 57.3 56.85, 57.1 56.85, 57.1 56.15))",0.014,0.7778,57.199999999999996,56.5,0.0,Geometric release screen passes
Encoder,U27,7,1,0.135,1.741421,0.1,"POLYGON ((57.5 56.15, 57.6 56.15, 57.7 56.25, 57.7 56.85, 57.5 56.85, 57.5 56.15))",0.0135,0.7752,57.59753086419752,56.51172839506172,0.0,Geometric release screen passes
Encoder,U27,8,1,0.135,1.741421,0.1,"POLYGON ((57.65 55.8, 58.35 55.8, 58.35 56, 57.75 56, 57.65 55.9, 57.65 55.8))",0.0135,0.7752,58.01172839506173,55.89753086419753,0.0,Geometric release screen passes
Encoder,U27,9,1,0.14,1.8,0.1,"POLYGON ((57.65 55.4, 58.35 55.4, 58.35 55.6, 57.65 55.6, 57.65 55.4))",0.014,0.7778,58.0,55.5,0.0,Geometric release screen passes
Encoder,U27,10,1,0.135,1.741421,0.1,"POLYGON ((57.65 55.1, 57.75 55, 58.35 55, 58.35 55.2, 57.65 55.2, 57.65 55.1))",0.0135,0.7752,58.01172839506173,55.10246913580247,0.0,Geometric release screen passes
Encoder,U27,11,1,0.135,1.741421,0.1,"POLYGON ((57.5 54.15, 57.7 54.15, 57.7 54.75, 57.6 54.85, 57.5 54.85, 57.5 54.15))",0.0135,0.7752,57.59753086419752,54.48827160493826,0.0,Geometric release screen passes
Encoder,U27,12,1,0.14,1.8,0.1,"POLYGON ((57.1 54.15, 57.3 54.15, 57.3 54.85, 57.1 54.85, 57.1 54.15))",0.014,0.7778,57.199999999999996,54.5,0.0,Geometric release screen passes
Encoder,U27,13,1,0.14,1.8,0.1,"POLYGON ((56.7 54.15, 56.9 54.15, 56.9 54.85, 56.7 54.85, 56.7 54.15))",0.014,0.7778,56.800000000000004,54.5,0.0,Geometric release screen passes
Encoder,U27,14,1,0.135,1.741421,0.1,"POLYGON ((56.3 54.15, 56.5 54.15, 56.5 54.85, 56.4 54.85, 56.3 54.75, 56.3 54.15))",0.0135,0.7752,56.40246913580247,54.48827160493826,0.0,Geometric release screen passes
Encoder,C62,1,1,0.810672,3.311779,0.1,"POLYGON ((56.55 53.425, 56.523288 53.423409, 56.481491 53.414316, 56.442169 53.397478, 56.406745 53.373502, 56.376498 53.343255, 56.352522 53.307831, 56.335684 53.268509, 56.326591 53.226712, 56.325 53.2, 56.325 52.75, 56.326591 52.723288, 56.335684 52.681491, 56.352522 52.642169, 56.376498 52.606745, 56.406745 52.576498, 56.442169 52.552522, 56.481491 52.535684, 56.523288 52.526591, 56.55 52.525, 57.05 52.525, 57.076712 52.526591, 57.118509 52.535684, 57.157831 52.552522, 57.193255 52.576498, 57.223502 52.606745, 57.247478 52.642169, 57.264316 52.681491, 57.273409 52.723288, 57.275 52.75, 57.275 53.2, 57.273409 53.226712, 57.264316 53.268509, 57.247478 53.307831, 57.223502 53.343255, 57.193255 53.373502, 57.157831 53.397478, 57.118509 53.414316, 57.076712 53.423409, 57.05 53.425, 56.55 53.425))",0.081067,2.4478,56.800000000000004,52.97499999999999,90.0,Geometric release screen passes
Encoder,C62,2,1,0.810672,3.311779,0.1,"POLYGON ((56.55 51.875, 56.523288 51.873409, 56.481491 51.864316, 56.442169 51.847478, 56.406745 51.823502, 56.376498 51.793255, 56.352522 51.757831, 56.335684 51.718509, 56.326591 51.676712, 56.325 51.65, 56.325 51.2, 56.326591 51.173288, 56.335684 51.131491, 56.352522 51.092169, 56.376498 51.056745, 56.406745 51.026498, 56.442169 51.002522, 56.481491 50.985684, 56.523288 50.976591, 56.55 50.975, 57.05 50.975, 57.076712 50.976591, 57.118509 50.985684, 57.157831 51.002522, 57.193255 51.026498, 57.223502 51.056745, 57.247478 51.092169, 57.264316 51.131491, 57.273409 51.173288, 57.275 51.2, 57.275 51.65, 57.273409 51.676712, 57.264316 51.718509, 57.247478 51.757831, 57.223502 51.793255, 57.193255 51.823502, 57.157831 51.847478, 57.118509 51.864316, 57.076712 51.873409, 57.05 51.875, 56.55 51.875))",0.081067,2.4478,56.800000000000004,51.42499999999999,90.0,Geometric release screen passes
